date,SH,SZ,HS300,CSI500
2005-09-27,-1.905418878707384,-1.7730472927643268,-1.5669382980176914,-2.064976943159864
2005-09-28,-0.12980076965584422,0.09591753935707126,-0.05420563981988578,-0.5382270265034139
2005-09-29,2.0741717507544473,1.2941088210608562,1.3474952473367563,2.196589927048058
2005-09-30,0.010384665320203473,0.6379000717818144,0.15381513584211895,-0.20450374774314803
2005-10-10,-1.4521557740612574,-1.5450581667769292,-1.103748237487063,-1.2451991054208844
2005-10-11,1.588786718872379,0.9875514724161192,1.3574076535621387,2.2874651233402052
2005-10-12,0.40189097835456566,0.14675904042507992,0.4090695316536842,1.0292618307889154
2005-10-13,-0.7984626297906015,-0.7251577807389105,-0.7597903930577421,-0.48104160151913183
2005-10-14,-1.1395488384375383,-1.3878294975433998,-1.2814986528839718,-0.8411530129562672
2005-10-17,-0.7195321078599634,-1.1290161739753437,-0.8000264590791413,0.3088655927882213
2005-10-18,0.8642213800604353,-0.1526720583158207,0.5277819350198132,1.6858325526367748
2005-10-19,-0.5791360806888943,-0.8653613353036499,-0.4030853101644151,-0.8303371845311441
2005-10-20,0.1180325695485348,-0.30798507555714744,0.13120880758878792,0.02707489609627107
2005-10-21,0.47161820543528843,0.4951318636751074,0.49769269125162713,0.951971176316275
2005-10-24,-0.01314354062588306,0.4801446780469099,0.2473690702947961,0.3045534736501509
2005-10-25,-1.7012548583220588,-1.5973856863715334,-1.3748745100575106,-2.2734652727030698
2005-10-26,-2.2316480328479487,-3.0399343668488075,-2.084715262891769,-2.7201797298442814
2005-10-27,0.0564935730807644,0.18159924846914743,0.003425302711467632,-0.7569293670574527
2005-10-28,-1.5523686307057174,-1.3628811765833542,-0.9314237034308229,-2.6940917343705526
2005-10-31,1.0995238871508706,1.1625028674627602,0.980506820395072,0.4353827354983971
2005-11-01,-0.26296876481705855,-0.025545183181416492,-0.38990416145554785,-0.6452845955170502
2005-11-02,1.352344803067347,1.128634190875012,1.0949492708383113,2.0425679311654976
2005-11-03,-0.8654363443734353,-0.6055103001460771,-0.899235454038908,-1.3671186968222557
2005-11-04,0.43547251005263254,0.427033108998381,0.4312761257053479,0.746384239388882
2005-11-07,0.05452810604506113,-0.027543595357716725,-0.12303207220524494,0.8204587142283858
2005-11-08,0.8594226952244856,0.2609870653353287,0.48214785237831925,0.8243835755654483
2005-11-09,-0.1803183105902315,0.36357544390783747,-0.25784188254296503,-0.4557053598371881
2005-11-10,-1.8075112503666997,-1.5952786740603102,-1.8689343331438968,-2.8614873777078027
2005-11-11,0.1744319928164579,0.13973460216208294,0.21067748682368684,0.3270062419337017
2005-11-14,-0.14227691318525199,-1.1473007526646462,-0.30574334447490487,0.4371710776651008
2005-11-15,-0.10477171754675055,-0.44256868204836963,-0.6411509114152953,-0.8591973053076953
2005-11-16,0.7676139184696857,0.6640678357883524,0.7535970911096925,0.7528053133586783
2005-11-17,-0.05293903007902027,0.1344048058007151,-0.05330922955346763,-0.10771624470394701
2005-11-18,1.9609091862433627,2.938559074850115,2.2443488887881955,2.149177681266422
2005-11-21,0.2628592356367832,0.3992943414607702,0.18458651644731347,0.38090777704703654
2005-11-22,-1.918385704389116,-1.6797442914935943,-1.6253658377343332,-1.809750773882627
2005-11-23,0.6432582366758666,0.6986448655880755,0.7572278929377911,0.7605328024609234
2005-11-24,0.686761414362008,0.39536238912964117,0.5985043922148713,0.42623678966231476
2005-11-25,0.139120154916536,0.30357290865397324,0.2967831811379005,-0.06774303070403088
2005-11-28,-0.3684172129254327,-0.4254816984216315,-0.4466418652238041,-0.33224797900971065
2005-11-29,-1.2528415848568457,-1.1631831050254822,-1.0117244358670432,-1.360695927138008
2005-11-30,0.20671606678092364,-0.19630680912629486,0.2888022452687342,0.30063227814861787
2005-12-01,-0.046405613182128276,0.2876111065846079,-0.08701128260912919,-0.15805129700976442
2005-12-02,-0.40674188786462334,-0.14612691782352324,-0.35914921479973466,-1.255142384959488
2005-12-05,-1.388572522719437,-1.3789125382159264,-1.1945445734646276,-2.59243272379162
2005-12-06,0.7928089186723839,0.5691187256118011,0.7498485030156679,0.2443901179408586
2005-12-07,1.0816550477570293,0.6686831965617817,0.8920009486619824,0.9840269729471733
2005-12-08,-0.11829259684908036,0.5435616021764109,0.025173064953573864,-0.15133287431104886
2005-12-09,1.3708506563738905,1.2091054377281039,1.51017392425899,1.6790566546582897
2005-12-12,0.2592104059160669,0.4662064326497065,0.1306394762008381,0.6473144545741435
2005-12-13,0.13248473440191075,0.7951727674276053,0.06525579376716567,0.04122761338392462
2005-12-14,0.6722444673913994,1.1253083374757535,1.0127377087751288,0.9231558829643034
2005-12-15,-0.16274264913839198,-0.43391651983228346,-0.19168836459451424,-0.5987789342930518
2005-12-16,0.3509445778305303,0.8506113604072129,0.6814961422766539,0.8423230395557144
2005-12-19,0.375344579896471,-0.2816601211528995,0.038771068407050094,0.020368429005589397
2005-12-20,0.40474639596309453,0.39438763931527565,0.48723186824424947,0.16877843164322998
2005-12-21,-0.49225982690337505,-0.5767455519282793,-0.4617619198770028,-0.641916187731036
2005-12-22,0.39541093001393424,0.5974222504322825,0.6192448688320206,0.5677366459176878
2005-12-23,0.8447011117805076,0.7744283338688521,0.7826241279095039,1.2004260528230783
2005-12-26,1.0383767903742058,0.7439039572258767,0.7061016025738829,0.8924215671305217
2005-12-27,-0.21894250041294164,-0.4955558032065735,-0.3279510361638294,0.15927859548199577
2005-12-28,0.23709406603530395,0.013406670191303132,0.16953945852447894,0.3131319230512475
2005-12-29,1.1027706527964394,1.587904367626606,1.1991832632573804,1.1067655144815998
2005-12-30,-0.7550702563428721,-0.5696810785302185,-0.9248346686822869,-0.7667043950825166
2006-01-04,1.699428607263135,2.9315241291789937,1.9283339568850606,1.3396202320945727
2006-01-05,1.3716298010291514,2.979122127369296,1.8626627678313108,1.2539635145325967
2006-01-06,1.0096940796189726,0.5036718860217445,1.1300375285140254,1.0379487663076103
2006-01-09,0.5154459288297457,0.37723804821499,0.5366849532541443,1.4613423031361579
2006-01-10,0.4063561243872027,0.49049940726962327,0.29691841205549707,0.6739148758665228
2006-01-11,-0.7871174468057327,-1.1741038124655085,-0.4785752333430255,-0.516040733877662
2006-01-12,1.2839885146370922,1.3126477606754283,1.0464023539991714,2.281550719737634
2006-01-13,-0.42807725000980734,-1.2600986342448937,-0.5003755605809774,0.5462614125688403
2006-01-16,-1.5336496578569963,-1.9984481713255804,-1.7905387522454603,-1.313685013861668
2006-01-17,0.46199036266115917,1.3058726037738144,0.29599186602122546,-0.11415464299756958
2006-01-18,2.0403772799763065,3.204776833302587,1.9847564358375047,2.1373807927044983
2006-01-19,1.4672708734459023,1.2135287197957239,0.7696864069713797,1.1402680388239947
2006-01-20,0.2975800894774336,-0.2479995823322449,0.21364945442962072,0.30062881346324305
2006-01-23,0.03663762246886878,0.02378140147079284,0.2834885035028381,0.8673715709078372
2006-01-24,-0.29587354058929743,1.3869323818306996,0.293697742753191,-0.07494457575128052
2006-01-25,0.477270826408852,1.3725857910032966,1.0464627106173459,-0.26692540898810696
2006-02-06,2.3240416215932003,3.5493777841048146,2.313560501784577,2.3852164976459735
2006-02-07,-0.4303960755807215,-0.02411363786748649,-0.3189269705036026,0.06726183450357709
2006-02-08,0.6189370343337679,-0.6874460365213626,0.3034403518790334,0.13947500619407963
2006-02-09,-1.610499311776782,-2.2176653735958096,-1.3124558116588367,-1.3685092604813092
2006-02-10,1.035231081455822,1.8040015812699342,1.2417676644728255,1.1505577142343806
2006-02-13,-0.23572582433185052,-0.4286834900203494,-0.07073815067616127,-0.34725803458925014
2006-02-14,0.5214414165779226,0.812363892919224,0.668556307796456,0.882121984215526
2006-02-15,0.9932396486560753,0.8203927551058884,0.3009342764020475,0.010140856505437838
2006-02-16,-2.221275856161232,-2.561261093086947,-2.0895327064644387,-2.835515845197025
2006-02-17,-0.2537392419052877,0.5702130161707754,0.024503918299124298,-0.9011996567898766
2006-02-20,0.010256612565453628,0.3833812460332887,0.12438726193772151,-0.656896583172878
2006-02-21,1.6338647313230636,1.5344725831820512,1.6676274367833273,1.707162518653809
2006-02-22,-0.3257344531716431,0.09936455109858976,-0.0895647502221463,-0.007291780603959629
2006-02-23,0.35910309549393876,-0.12079739642060923,0.33473478539220874,-0.12821383234194567
2006-02-24,0.6203321100697123,0.9452146274076251,0.7719534606255093,0.8764880503664948
2006-02-27,0.024671750200339477,-1.3488301093839696,-0.1516242679473573,-0.3916007780787301
2006-02-28,0.14174456001956892,0.18515537432023452,0.4912283899093908,0.14003352719560555
2006-03-01,0.5802857833512393,0.7887324649811565,0.34224044250561353,0.7579548884704732
2006-03-02,-1.6140706700280159,-1.0564222482735686,-1.7134085630103424,-1.9424742383659483
2006-03-03,0.5917108195823324,0.23128306614945962,0.28937458604746513,0.11426595856008306
2006-03-06,-0.3361399771110449,-0.6098392218105515,-0.27012104574328677,-0.22131212456563765
2006-03-07,-2.278746478376284,-2.943145490544731,-2.327452857420513,-2.5276076729525974
2006-03-08,-0.7600721768615727,-1.0423804359298565,-0.5631758156566933,-0.40466007167102924
2006-03-09,-0.4175438335744289,-0.47017488692690745,-0.48966878896844884,-0.5094972429939312
2006-03-10,0.038541524954969604,0.8933486935524648,0.4530019071749897,0.16831273214049036
2006-03-13,1.1192299869062123,1.979341370122117,1.080473454170642,0.739382894944795
2006-03-14,-0.050025609390410036,-0.2520143378180616,-0.15602540785494629,0.3440419683907615
2006-03-15,1.2447622093485238,1.2933284281756885,1.0443474509062587,1.1705150154110175
2006-03-16,-0.04864652900954861,-0.07974048520535684,-0.13031345142206574,0.29975501867212917
2006-03-17,-0.3719069409632617,-0.2744423994430289,-0.35093912136117333,-0.18949324182854976
2006-03-20,1.4825048285594011,1.3626493198996912,1.3232120423403877,1.3064237558541225
2006-03-21,0.15355863449749316,0.7512888032981275,0.2983037402239991,0.3956019292424896
2006-03-22,0.48780395981161884,0.8578114738430712,0.6617435313592022,1.2639461873838471
2006-03-23,0.4424496574094803,0.15694022741765423,0.08300695540557261,0.8909520374094969
2006-03-24,-0.5975775918608647,-0.37512566552123816,-0.5681127018006956,-0.6720874764737216
2006-03-27,0.09418595472809418,1.5530987457565055,0.774853277998073,1.0089851839133988
2006-03-28,0.22121941723232497,1.2456952398452892,0.5003119578928605,1.0481884241160901
2006-03-29,0.5206665220463347,0.9016833428930269,0.8777816853050087,0.3192421219304394
2006-03-30,-0.8345271465343183,-0.9220363676090846,-0.9109317464626213,-1.0823118156252305
2006-03-31,0.27612608268816474,0.8089164342189623,0.5158936571345761,1.3375735974135192
2006-04-03,1.6174424433901977,2.5333306669781117,1.7034531535974544,2.5213078681322667
2006-04-04,0.7798414168244828,0.5756119657722971,0.9268334287370741,1.193870471747076
2006-04-05,0.7760454833708083,1.1192995959284742,0.9683359211251746,1.0120942448466332
2006-04-06,-0.03134445340786686,1.3067585294293984,0.29683982925848534,0.4775594608567051
2006-04-07,0.24080139566119477,-0.3487827149999583,-0.00815812254858283,1.3592442277900618
2006-04-10,1.1924421007798536,0.851750851647842,1.3291146825838625,2.094729714340344
2006-04-11,0.23150625300848685,1.1925100036100964,0.481881336899448,0.3377376638965569
2006-04-12,-0.15427793653516475,-1.3441538679193656,-0.5570497983221188,0.09954747820806614
2006-04-13,-2.0650994233450892,-1.7407171793694256,-2.093246940598879,-3.0407450694558995
2006-04-14,2.021711805784442,2.553311858771617,2.2310126533635803,2.3703146567514137
2006-04-17,1.392933793939576,0.015956046444668963,0.517161053134871,0.4886130113947849
2006-04-18,0.4703813689402888,1.1393038686453145,0.6091281374532775,0.38517051689419596
2006-04-19,0.8332752461405737,0.8302018452358337,0.6133474760569448,0.2665588667063301
2006-04-20,-0.7762563236968787,0.32174038130461696,-0.3396963603090056,-0.8036494626053122
2006-04-21,2.204400120972596,0.2465906859859907,1.2944994520225608,0.9752173534200353
2006-04-24,-0.49529921745743455,-2.141349968942294,-0.5637357524557842,-0.7437685919079198
2006-04-25,-0.7132819717220321,0.7985364424210639,-0.06740697873663175,0.790014302535744
2006-04-26,1.2572709762238499,0.4179553570892944,1.2012365572858155,1.2388271249892204
2006-04-27,-0.05292480214990671,0.5305412182680451,-0.039809606756827334,0.7591032513566015
2006-04-28,1.6444480545060296,0.15604238155633499,1.467619849615317,1.4442181139254504
2006-05-08,3.873402377730294,4.265197151209478,3.856927779832786,3.362327047058347
2006-05-09,2.2495714599694328,2.856376244584188,2.685116337082671,3.1151166919454503
2006-05-10,0.9444794521143199,0.3674134607075687,1.1376307380465034,1.909264960029913
2006-05-11,-0.5390743722407801,-1.299346774660275,-0.8639585348437722,-0.30653343030697094
2006-05-12,4.1691147977424885,1.9341184626218848,3.231575050728766,3.641957954251021
2006-05-15,3.7507610625345653,4.334037797812084,4.2220118720957815,4.660357870771152
2006-05-16,-3.102764964104222,-2.456133025513301,-1.5675108246437433,-3.556384402497512
2006-05-17,0.7349341380103707,1.031602574404041,0.3292523552691687,1.6080441267160615
2006-05-18,-0.48543934362780305,-0.021412628412116167,-0.3239938035482375,0.6981042109626172
2006-05-19,2.5800755503464035,1.692504860885322,2.5879173826497284,2.779833468767713
2006-05-22,-0.11214143052195077,0.024485490181125363,0.5526025369808651,1.5332374182797741
2006-05-23,-3.258172353776974,-4.805104322535764,-4.163614333596896,-4.467533181873332
2006-05-24,-0.8530878187667512,-0.5804933988231578,-0.7167124503146045,-1.3260911254996894
2006-05-25,0.032051785904516975,-0.1411173634533484,-0.0412853511678547,1.2325443377432184
2006-05-26,1.4014430760186962,1.9527684837703743,1.767569666577934,2.2818309699674146
2006-05-29,2.124263384845709,2.594903652345578,2.6153471702607134,2.334759099239708
2006-05-30,0.5293690500445509,0.4806022645313862,0.9085507207076186,1.6454628846868307
2006-05-31,-0.9695127462826789,-1.3110024311755881,-0.9700499868511764,-0.5837470849129367
2006-06-01,2.5802062858002017,1.5801432724620221,2.704322182007913,3.737922345342758
2006-06-02,-0.8826393179255536,-2.3068988142256543,-0.9137192105798321,0.13866485832642464
2006-06-05,0.9075738648693494,0.9992108663027564,0.9336761606538941,1.8035532459965717
2006-06-06,-0.3264216945202729,-0.21678712420068694,-0.28690738019344464,-0.9368067049669226
2006-06-07,-5.482484483117242,-4.748794733155804,-5.805179831208215,-7.01666703917866
2006-06-08,0.12197270329936609,-0.49054023413573977,0.434584484958867,0.38370713540770024
2006-06-09,-2.5525826930071274,-1.6013560394900233,-2.4266791863508477,-2.174509752022454
2006-06-12,0.09148954629235412,0.2069896459630543,0.26853318398307924,0.45200998761855865
2006-06-13,-0.2773032441542971,-0.34921623935846946,0.04699628353605885,0.6595187697710705
2006-06-14,-1.115008158697835,-1.6637676697204031,-1.1153568548966708,-1.0076079653651961
2006-06-15,0.17290262062814446,0.1481602024594407,0.11754312889312388,0.3303437539078844
2006-06-16,2.605304265916436,2.8416611727185033,2.5060849059636996,2.1991927542689917
2006-06-19,0.7479248725004541,1.1707070784787796,1.2725868148701256,1.1214290973831758
2006-06-20,0.3800395938895528,0.14966547091652513,0.2491481250360254,1.202328102046436
2006-06-21,0.36295860185257783,-0.7554777294992595,-0.35108111292826855,-0.31216733721689804
2006-06-22,-0.12835806770802077,-0.272589039262464,-0.14858843744245515,0.055284254609933775
2006-06-23,0.6021668652590332,1.014691168511706,0.5915404744586662,1.3533930040320932
2006-06-26,1.712831610147691,2.1812136035955545,1.7729832579426965,1.8444586402341825
2006-06-27,0.3727471471312986,0.09704120255393421,0.03593284263777807,0.5168005533486087
2006-06-28,-0.015859267335092728,-0.31882915135727347,-0.07407978217531709,-0.198190382251229
2006-06-29,1.9529994837913975,2.5521457605582802,2.337298795012842,1.787874535236991
2006-06-30,0.035288875697807934,0.005114435495298803,-0.08318155570189191,-0.14525112164524454
2006-07-03,1.4880864833341492,2.22352965961045,1.874062145792995,1.8713442789583818
2006-07-04,-0.931098258375875,-1.2079355926720834,-0.6583478962197301,-0.3460245404832743
2006-07-05,2.1770743756162036,-1.2576539273364016,-1.2838886494982442,-0.743725363910865
2006-07-06,1.3242853279086164,1.323906365341966,1.8259988300509682,2.734591704068153
2006-07-07,-0.6498355077901417,-0.5904552806601845,-0.5832239386457571,0.13439684145253722
2006-07-10,0.23899426013298652,0.3092706201865465,0.11974988588016268,0.5686961553370445
2006-07-11,0.6597459665586134,-0.2944666684296564,0.4564249983932954,0.758387634262239
2006-07-12,-0.333351810926298,0.6299088188023595,0.04369612935923171,0.014084957928468513
2006-07-13,-4.961895579821353,-4.748023210064537,-5.288923880144527,-6.771972353707116
2006-07-14,0.5685084177078021,0.9219706526484895,0.8168082050362926,0.7296338145108222
2006-07-17,1.0561311990218885,0.9887695374220576,1.1079552625765778,1.6403651168908167
2006-07-18,0.0807807263111025,0.14177361132742294,0.08522510504302158,0.7863090176954954
2006-07-19,-2.3482716933485692,-3.006664055071723,-2.714497717161821,-2.2989055142999626
2006-07-20,0.6035869828204236,0.635982322016596,0.6376264690838527,0.8157623127663587
2006-07-21,0.6149788238586662,1.0367074374819114,0.8026046149767395,0.5796922982478505
2006-07-24,0.03662266984170909,0.10284302040352662,0.1540077308251163,0.23882405611683344
2006-07-25,1.1648994889702236,0.9175424152192807,1.1748522017587624,1.4303111708997147
2006-07-26,0.07057895794614837,-0.5357969954285814,-0.20907174694470396,0.37409273647805297
2006-07-27,-0.6829660495193896,-1.665746705439402,-1.1551918989733871,-1.141768331801737
2006-07-28,-0.7874905852460519,-1.2004226707436108,-1.0500886276093309,-0.9637680604209272
2006-07-31,-3.0111351636656774,-3.3320927598749437,-3.5713203008094134,-4.599134210336369
2006-08-01,-0.75435885867861,-0.6951058057275431,-0.9525027474370279,-1.1390625424998448
2006-08-02,0.01624248788508181,-0.695346863878503,-0.5451394920928421,-0.5009331797420125
2006-08-03,0.011867842221600908,-0.23792540369675252,-0.26307228452854803,-0.04994613057000588
2006-08-04,-1.9494753691785847,-1.6270610753843044,-2.373552439162037,-3.3661385448001013
2006-08-07,-1.4569203585996395,-1.0551535495572382,-1.4444637018215805,-2.318557029964179
2006-08-08,2.1189915674226447,2.309399961685625,2.2847845669471614,3.069359337643067
2006-08-09,-0.12724943552683804,-0.4136545373562267,-0.08707148799291925,0.17640238947949205
2006-08-10,1.7270827194476333,1.3588465077909486,1.5990700532715796,1.7212428395713062
2006-08-11,-0.008717310092682225,0.10799606940804693,0.32821412045,0.49262419685882414
2006-08-14,-2.2156182129043653,-1.4403713476374649,-2.3742176615070827,-2.9883960070258833
2006-08-15,1.5740597856330614,1.5058287591908583,1.6038057077881058,1.9349485705530738
2006-08-16,1.292019703902324,1.5343493657503597,1.3893525124636938,1.7164758303452095
2006-08-17,-0.8124924345203175,-0.8371824486210822,-0.9345716112688625,-0.8269669643771169
2006-08-18,-0.33173535350013666,-0.3896310305974598,-0.2961215001028043,-0.7782476290275677
2006-08-21,0.19567581583381263,0.2011089669778427,0.211942106494519,0.5810223446533261
2006-08-22,0.759683978079249,1.1562605510148454,1.1511064842508032,1.1335610455176306
2006-08-23,-0.05952085885755022,-0.05481780760436288,0.03189482514058324,-0.374765321665075
2006-08-24,0.6564859054557912,0.04073903685892359,0.5213193709528602,0.944527103645031
2006-08-25,0.0006161334544985627,0.5068419317213827,0.23494508148721435,0.29598330276344403
2006-08-28,1.6747146379943467,2.880648102553474,2.323352628010482,2.516791285781757
2006-08-29,0.03513597050801095,0.6243864574251202,0.3215303686803711,-0.060403054936287816
2006-08-30,0.25285687141961316,0.4196344665736631,0.3384834534256373,0.8355318512966737
2006-08-31,0.20761420199154118,0.5105332330713885,0.3007453564054067,0.7624097488565068
2006-09-01,-1.332207981327202,-1.2058998338510234,-1.5500218112014428,-1.9067037377676141
2006-09-04,1.2646599714250428,1.2683378613546727,1.4416482631701641,2.213011620783314
2006-09-05,0.39499087963454604,-0.373533943916242,0.25691595657572014,0.38391892754859724
2006-09-06,0.48198642556352467,0.1276232505082873,0.4235134072549062,0.45929994105919825
2006-09-07,-0.6558069410490868,-1.2576415153403766,-1.3451927305287381,-1.6501357749878214
2006-09-08,0.40791004454158225,-0.19489488652841297,0.28340236894821,0.09570905181067318
2006-09-11,0.4181941211878978,0.5970905417788576,0.4949634015966341,0.5419774079944967
2006-09-12,1.23947321238202,0.42514649773556346,0.661110210163268,0.3912897670759121
2006-09-13,-0.38224697602306323,-0.8555079526074341,-0.688751545341037,-1.469330173900112
2006-09-14,0.017756312415697723,-0.3797979546422911,-0.00821916785125046,0.119979290699363
2006-09-15,1.8389489526989191,1.9667447034433523,1.7803921360050063,1.1441315124890705
2006-09-18,0.691367069276007,1.294716282335621,0.967179219656947,1.5538484742084364
2006-09-19,0.12974919862024772,-0.3415227182139742,0.1997190073672792,0.3323515919631744
2006-09-20,-0.16091407259703078,0.5649485786532386,0.010882300674212315,0.28578519574556
2006-09-21,0.48656292459327044,0.8194201622986594,0.6442934542034102,0.30665585158140135
2006-09-22,-0.8966496520946653,-0.2988553127921291,-0.9065234296632828,-0.8286811691083047
2006-09-25,-0.17344750021573008,0.047764549778973646,-0.17836022564399712,0.3234482773063606
2006-09-26,-0.5665209721868885,-1.446042401837821,-1.0805768043005215,-0.4023191684272862
2006-09-27,0.7214198982710769,0.740841403710191,0.9872660143027105,0.9403992553741105
2006-09-28,0.6886220163984593,1.0883638179347872,1.1515217230514985,0.8385381996635579
2006-09-29,0.8861231027646475,0.8916909050214257,1.166208603373754,1.006466547785067
2006-10-09,1.8639188949761358,1.85362012964022,2.3104988589633186,1.8350076600084853
2006-10-10,-0.029689797851325736,-0.5729070944723239,0.08213495651978543,0.5864304932650627
2006-10-11,0.29315034308563576,-0.15893789012627688,-0.09327709540414085,0.16602419968234491
2006-10-12,-0.6681114901118265,-0.6150620867303156,-0.6574902895804161,-1.5297537086078292
2006-10-13,0.36375515853421936,0.7283540288535679,0.3065747944316396,0.5453141744421007
2006-10-16,-0.7514180621818684,-1.1027236540120038,-0.8675565047585156,-0.5580758689572216
2006-10-17,-0.4186473641119553,0.25725621540377963,-0.2873311612994354,0.09057278333166367
2006-10-18,1.3117287337177586,2.1536035418809734,1.6227337470023535,1.2720706199986782
2006-10-19,0.2827259778372448,-0.0015772177653550741,0.12443648915188048,0.5517956730939987
2006-10-20,-0.10550968011219307,0.23135967829101975,0.05556404593634853,-0.5952398527295273
2006-10-23,-1.7449558885263898,-2.0909740175811304,-2.20866151056747,-3.2371747875709045
2006-10-24,2.5693151740068276,2.1864675183605904,2.199634453694356,2.5540736065053653
2006-10-25,0.08139918441158445,1.3976509982574845,0.4697121089591697,-0.7120638169998894
2006-10-26,0.22115951844659856,1.521576177207312,0.6386672437800907,-0.5898966375540431
2006-10-27,-0.1918277566426437,-0.5724607425417684,-1.177845508149843,-1.7124116586108369
2006-10-30,0.13713630620459277,0.040795289367910506,0.49839114147405306,-0.1988566402253035
2006-10-31,1.553360089355737,1.3439159561766356,1.2526317200769481,0.9397695644023046
2006-11-01,0.95947889334204,0.4574137913807093,1.0149957377145153,0.4452851223226713
2006-11-02,-0.23738755476211004,0.30020559518196477,0.016897200849918328,-0.17386531437211356
2006-11-03,0.8096513254247003,0.7124884113053636,0.5815478240569872,0.24745691017671245
2006-11-06,1.0632529876818821,2.003908419897741,1.3083512733170033,-0.5857110137450968
2006-11-07,0.1705581158408917,0.9343160380563156,0.5429925477281224,-0.9757893135625308
2006-11-08,-1.2091672340962747,-1.0842600724152747,-1.1896884803071404,-0.2756721249600531
2006-11-09,1.5763087792456367,1.8949945206446543,1.7559864739167823,1.0728012124045594
2006-11-10,-0.6947430340448417,-1.9069244105793932,-1.363610969255504,-2.5680348755336375
2006-11-13,-1.0450787916386475,-2.419981181367999,-1.8981454770451656,-3.613169176891493
2006-11-14,1.3043860196268309,1.3190487687450048,1.2123156599529201,1.1034025409959216
2006-11-15,1.821008658333722,4.383472881210258,2.7064196845396347,1.5430508762516264
2006-11-16,0.9631358269694758,0.17323240539357906,-0.0958263465385521,-1.4773963806638772
2006-11-17,1.545513649615879,2.434723631547209,1.860251293719573,0.9573357731599109
2006-11-20,2.2808309729536025,2.1563514868088522,1.9701198811459621,-0.6862838650031957
2006-11-21,0.9998036341870288,1.1736640286251883,1.1911253601666,0.7492401733751796
2006-11-22,0.18681466902020977,0.7145489080494657,0.7279995566918321,1.5531672071703826
2006-11-23,1.0234705735665544,0.29822807392839684,0.667704248730951,0.5654255910860153
2006-11-24,-0.5616121073536741,0.08782276609346457,0.10209416168511995,1.4927907791981831
2006-11-27,-0.17227541967365056,1.6279581709010265,0.9256903815050899,2.2607744906016345
2006-11-28,-0.4189922918691559,-0.40964022579960246,-0.4727223053930209,0.6443571271470196
2006-11-29,0.7510767542997152,1.765373699331476,1.397120410507527,1.2488426991915669
2006-11-30,2.1766264835217912,3.766723540638364,2.7930249681534036,1.665452892526438
2006-12-01,0.13138667173029894,1.4202529388177774,0.8630606659395322,0.3313836596975025
2006-12-04,2.7958759928838894,2.194407394417158,2.9358568462604997,2.0648222806551524
2006-12-05,0.5370329451024257,0.8885468189893769,0.7546952298075547,0.73442968779804
2006-12-06,-0.7709240955532709,-1.5218034176092674,-0.8294111862628921,-1.5833814526623236
2006-12-07,0.006955150871616916,-0.4631759985635764,-0.20815057358994096,-0.9890240731914369
2006-12-08,-2.969828107687743,-2.969571211434718,-3.6783422429575774,-3.8536769768296684
2006-12-11,4.065003040301041,5.346156034739693,4.475400559735317,3.137669529686686
2006-12-12,1.7479902723533332,0.5337510985372831,0.7164538775486007,0.328217422901852
2006-12-13,0.2030430126633075,-0.1784936583392024,0.059334841550588,0.5059141294765551
2006-12-14,1.1470041257187797,1.1951793090210736,1.7736728707043934,1.6639197879075387
2006-12-15,1.0966234300671083,2.0341705115169137,1.701005973326386,1.6349105483313402
2006-12-18,2.5409825862208093,3.5801184022205854,2.5621487426407925,1.61792839203017
2006-12-19,1.3520596206248905,-0.37908067902142967,0.2777815756045132,0.4242022074057337
2006-12-20,0.3812230336178887,1.0977127193187068,0.7833134487058863,1.8083945622713833
2006-12-21,-1.2836918110204467,-1.6482792777228676,-1.4333733032087637,-1.066026388939568
2006-12-22,0.031152581755425242,-1.4630908698009613,-0.7017793998338157,-0.5182106247888101
2006-12-25,3.8540746005840285,2.224765951417019,2.266743551956607,0.9455273395765829
2006-12-26,1.7890860455739437,-0.41023460339987566,-0.044360309598995146,-1.039299595650585
2006-12-27,2.259212695788733,2.0741571963129646,2.276998852398187,0.6781526057382956
2006-12-28,1.222590552009335,-0.8262476623755878,-0.1488842788287707,-1.9639054196756969
2006-12-29,4.115735008869208,3.2234399813042063,3.0402890776700704,1.2492620650956532
2007-01-04,1.493204574957036,0.8717536903626033,1.2677439793189575,-0.14261533386778755
2007-01-05,-2.77745334200142,0.013421237488060617,0.2797123541973106,2.6783354574213645
2007-01-08,2.4632312251263064,2.419844754025103,2.791516135965485,4.499384145658402
2007-01-09,3.6486368125946753,2.9837851540062585,3.164416260076751,2.1321220191010255
2007-01-10,0.6312394704044506,3.70839346341209,2.5081767056629114,2.554995872184947
2007-01-11,-1.98266226576438,-0.7711366951529003,-1.0847775506775021,0.5861714621277254
2007-01-12,-3.751667401333752,-1.4169290331330302,-2.6278473481923768,-3.6775236320236075
2007-01-15,4.635440973158382,6.065482282378392,5.093578367970205,5.419223705473011
2007-01-16,0.9373755358875684,4.686989093996468,2.8671211798379375,3.3891148273701726
2007-01-17,-1.5043355733282073,-2.8805670587686323,-1.9276568405802108,-0.9470402047583737
2007-01-18,-0.7919288192485927,0.19554794327799946,0.3532190017930966,2.414550516000325
2007-01-19,2.6921447871213786,3.4619613242342617,3.3521838375520705,3.498085776561883
2007-01-22,3.5033242361138814,3.385910561982796,3.8970434397791487,4.497626959959906
2007-01-23,0.5423034440381657,-0.38200322297760925,0.6728779008235533,0.1238724449336592
2007-01-24,0.8774133095674905,0.6633976927988002,1.1220125003093284,0.9640399467498978
2007-01-25,-4.038611418315762,-4.314877723986,-3.351512058082625,-4.9117756465358795
2007-01-26,0.8777166870249655,2.5875166748276013,2.4202963613543402,0.5517717203400907
2007-01-29,2.1518310226870896,1.6485642564988963,2.51494637449964,3.3433369381042493
2007-01-30,-0.5003567389301805,-1.1749390532429875,-0.9764544905516837,-0.20635272370350413
2007-01-31,-5.046462436979436,-7.923474821104415,-6.748867060148382,-5.141135227478285
2007-02-01,-0.03266466519944949,0.883035010856642,0.4112537722767791,1.0454334705740407
2007-02-02,-4.112226254201464,-4.687119220058985,-4.141503012812371,-1.785017028094836
2007-02-05,-2.2957069304233673,-0.7524121998763105,-1.1466710611379716,1.1754256868459314
2007-02-06,2.3888100179632508,0.6639139681494224,1.928636190358729,2.114323363757393
2007-02-07,1.5015453074548744,2.6905656856631,2.2942512907446653,1.7898759685372916
2007-02-08,0.7902628445439698,1.965769782657768,1.7074335545887978,1.793958734057174
2007-02-09,-0.2684653741507073,-0.8292800504585847,-0.5553432120452604,0.3911670555677987
2007-02-12,2.7732402287790916,4.1552829108500084,3.610734183278545,2.3201032037989977
2007-02-13,0.8760412398645899,1.9020432213937475,1.487241920767508,1.8238771231899327
2007-02-14,2.5527100068044692,2.5779464154439964,2.571859896972754,2.149406830657405
2007-02-15,2.9815199103185206,3.160246941061548,3.0544625050811525,3.0897542246501652
2007-02-16,0.18225885795935956,-0.1240441821573362,0.30344040628831664,1.1480573521531825
2007-02-26,1.3952705790722892,0.19136464406297604,1.1492543502102048,3.885879523870065
2007-02-27,-9.256154348244934,-9.750010395527783,-9.695167582272509,-9.379095864513175
2007-02-28,3.8668432044128007,3.144565156110155,3.4821173129803755,4.390125791411587
2007-03-01,-2.9546411088667734,-2.9710498511198513,-2.8311354012826535,-2.1725996515267356
2007-03-02,1.2201859768927004,1.5130301454867936,1.4126326027084675,1.779950643211326
2007-03-05,-1.645802382939372,-1.2288494426731729,-1.328981869927837,0.3285751420912235
2007-03-06,1.9508252669216914,1.2475267133724801,1.7887143967592283,0.16229378731305688
2007-03-07,1.9666752608886542,2.68336034713777,2.7067661849845015,2.5351591197414556
2007-03-08,1.0792243621583466,1.328549000186681,1.4640663116771615,2.081571012373973
2007-03-09,0.33720175219229476,-1.2536416178160512,-0.6199652612996663,0.12023677089978242
2007-03-12,0.5769749342697533,-0.19278517802483083,0.18287695721083413,2.1914627926798866
2007-03-13,0.33380100930231427,0.8555371519919298,0.9131892831400488,1.1416137377859252
2007-03-14,-1.991508677808133,-1.3521715949096433,-1.6347764464546635,-0.690564998829079
2007-03-15,1.5490158701300263,2.2374436179922275,1.8383438642474899,1.9069858066027745
2007-03-16,-0.721504342056369,-1.5372223159047798,-1.5741937103662527,-1.8269053528394086
2007-03-19,2.8247842813803294,1.5767381448042592,2.0967247581387025,1.4873021006418867
2007-03-20,0.5874353714412232,0.21506915965959672,0.5011094132971242,2.1298171740588865
2007-03-21,0.8269911392202169,1.2660307633532784,1.1098884808806442,1.703829059118098
2007-03-22,0.45197927679902095,0.4102142177853315,0.3221328553280466,0.07482308536263117
2007-03-23,0.09958474638065667,0.6502948523977788,0.1824014478764601,1.2797201984328763
2007-03-26,1.5659257223915453,1.6533047975187312,1.7430144027649042,3.093476726607532
2007-03-27,0.5116881505034111,-0.025028069806015924,0.7206166672872311,1.6747287037781042
2007-03-28,1.0833696746008326,-0.4865087329195202,0.48838527150139205,-1.165830244261204
2007-03-29,0.7697948401573473,-0.09355338671590066,-0.5138912143446959,-3.7135480713934577
2007-03-30,-0.4249777610501242,-0.3516944960327747,-0.05498563504088021,1.0747693151870465
2007-04-02,2.132268995683723,2.7302485082614214,2.4266579451388637,2.2829889668745382
2007-04-03,1.1827946997207457,2.001723239812224,1.3248181386926243,1.6179700843714284
2007-04-04,0.007291685658665354,1.406808316924545,0.8172543823224618,1.190599162751072
2007-04-05,0.8350172862157439,0.778222571758173,1.1347479651006722,1.7463306238892904
2007-04-06,0.13398107903469228,1.1584685148276166,0.9112696699283114,1.5725615944708486
2007-04-09,2.242103637838892,2.2139259362656003,2.2016868887613223,1.7904605589158396
2007-04-10,1.3251227037066746,1.8503914803015755,1.4183846896773844,0.6530492322986341
2007-04-11,1.4678533337964428,1.0419305183173555,1.281678190087139,1.4676247402241802
2007-04-12,1.019329231494864,2.140197396640103,1.7505083559402304,2.319295975156468
2007-04-13,-0.36202215641406704,0.5518235442305132,-0.22724166565956483,-0.8532464855098778
2007-04-16,2.1975075777236817,2.2614785258384456,2.701079196482585,2.9177477239098404
2007-04-17,0.42811764664264296,0.38854665423788015,0.8440933351680163,2.8549789851063143
2007-04-18,0.014672762810657963,1.088619985365627,0.634479443639633,2.5387292560867127
2007-04-19,-4.628223867436,-5.375636716475088,-4.778748953045007,-6.040373825045541
2007-04-20,3.8445164407004504,3.9915081267801398,4.317100944449983,5.067912588417188
2007-04-23,3.473644290595205,4.072622675358444,4.227633095378895,4.539861455135011
2007-04-24,0.2594391221900719,-0.15004147218014413,0.4036931136672394,1.0300366725342127
2007-04-25,0.6277743542586037,-0.007217404633805295,0.08935980680158356,-0.42929494617525804
2007-04-26,1.03893311557583,1.6778715932210042,1.305144241809466,1.2593006623110197
2007-04-27,-0.6148823617341157,-1.4879556216905747,-0.6622559779718171,-0.19378944846990934
2007-04-30,2.141865875145969,1.6454529394912507,2.50936810060173,1.4938015690147644
2007-05-08,2.791506946792857,4.808399174265884,3.5151878473180598,4.689895585366299
2007-05-09,1.5843407589786682,1.0177727503074347,0.4128707652151404,0.19535405577390744
2007-05-10,0.9081286155571834,0.4885703452794471,0.6256593784117265,0.7037651764695372
2007-05-11,-0.6943078522312635,-0.7304027556596925,-0.5897323180608707,-0.45353753866586194
2007-05-14,0.6125399819526147,2.0855970460682856,0.8554542334308836,0.592730556463717
2007-05-15,-3.7058850979600892,-2.7438988732577876,-3.537061426174511,-3.321502341648355
2007-05-16,2.2031982244815236,2.3191174476410765,2.6189290510436973,2.9412290515743154
2007-05-17,1.5496312872143423,2.7750401318836055,2.0945022179270403,2.4886027173829834
2007-05-18,-0.4463679728777103,0.7384159920030707,-0.05241395495918113,0.3140559036826867
2007-05-21,1.0359870947141512,1.3878339891872435,1.4408634055579754,2.9997539585765494
2007-05-22,0.9324720701454575,1.1235668018983995,1.0140402371378596,2.1680433317571577
2007-05-23,1.5289846866962375,1.7282336953658355,1.7533076317385063,2.7097073560464144
2007-05-24,-0.5424742186837374,-0.8670151466699971,-0.4886314072731903,-0.23159234386115812
2007-05-25,0.6878027237358347,1.3200385354371365,1.6572169273196107,1.6949797269622229
2007-05-28,2.1849236817435274,2.6857730952073435,2.1676659722849814,2.376763572099934
2007-05-29,1.4595305231557636,3.2471665274961605,2.322917451130346,1.9124191577272593
2007-05-30,-6.722360244849199,-6.3620434318342935,-7.000716216713501,-8.541460164179409
2007-05-31,1.38583135580022,2.4800871316471045,1.061894368832998,-4.322055155642699
2007-06-01,-2.6858522721629523,-4.03208349930859,-3.2077660749092636,-7.473865551407539
2007-06-04,-8.617869605658635,-8.072863518401595,-8.00166386205568,-9.024304831428536
2007-06-05,2.6004826727976185,4.67807363180288,3.4483955716833568,1.133467194544538
2007-06-06,0.2444515774356008,2.6317124605800344,1.1747609531596779,2.0817664888740066
2007-06-07,2.986480155790147,2.858925111801958,3.3351219626619493,5.209617141322059
2007-06-08,0.5725328750416634,1.2109735524226688,0.9311378411244511,1.6651013701585167
2007-06-11,2.087365673608132,2.588782888243509,2.4195071157496018,2.5084510643899036
2007-06-12,1.8954882297046796,2.929216808117067,2.616876046648309,2.7369276973602243
2007-06-13,2.5300126706993766,1.692262703608036,2.015181543730813,3.587639749322279
2007-06-14,-1.4778920869978722,-1.0568645444338074,-1.0361218821643847,-1.3944593573532407
2007-06-15,0.42822152516667367,0.22570271215168045,0.5763789319988586,0.10546433675656956
2007-06-18,2.873482685077975,3.5669576044619165,3.079161713982466,2.802008862429941
2007-06-19,0.3794501007670161,0.9943669509879633,0.5997256368428063,2.0035861162061153
2007-06-20,-2.087442258447705,-1.6114325707012502,-2.2686631559401325,-2.976270774589524
2007-06-21,1.1768841539586838,1.0463081529860845,0.9498711733809562,-0.49551391990171384
2007-06-22,-3.349639724535088,-3.7879068415828163,-3.536679122804462,-5.9155530080355145
2007-06-25,-3.7444633030355794,-4.5952594315037985,-4.385607858694898,-6.805749401509472
2007-06-26,0.8159803691206032,0.8367353357126875,1.297002475404162,1.973166486383458
2007-06-27,2.6139191161675606,2.718434044131437,2.817964541172156,2.3547782107389192
2007-06-28,-4.114282598737804,-5.302558350682594,-4.607980653317733,-6.7974785464467935
2007-06-29,-2.417731438446034,-2.6407203975590035,-2.4780214781104313,-4.698643367202764
2007-07-02,0.407210184231488,-0.5698289830411929,-0.1707052240307371,1.640360530688707
2007-07-03,1.63990019398445,2.2658879360024384,1.9650455942174743,1.6306232447806739
2007-07-04,-2.165745382643225,-1.993876945488459,-2.3404506348683203,-2.243506683354289
2007-07-05,-5.391481130376644,-5.975254013448423,-5.663907114080445,-6.924095373162882
2007-07-06,4.4748598172077685,5.061436530361566,4.770404377483935,6.060756723638363
2007-07-09,2.6583617640056736,3.5742992595269065,2.948333339127648,3.295615712082384
2007-07-10,-0.7807449977371345,-1.2877575526667355,-1.2026071234955364,-2.884087351780331
2007-07-11,0.3290695491841295,0.8138193182837153,0.37671100885599096,1.2981792615815784
2007-07-12,1.2920219156017911,0.507638469942075,0.711209696073887,0.48795303036171633
2007-07-13,-0.04061100460774686,-0.26742359071588023,0.08380210624206885,-0.41845119698425287
2007-07-16,-2.390914684326415,-3.8595336234429305,-3.2497815298864983,-3.444735416392855
2007-07-17,1.9246238408803198,3.4181885427116803,2.4489646106222183,2.1931759823011037
2007-07-18,0.8655540381884448,0.6369182076140264,0.47175238400803726,0.3859172801647753
2007-07-19,-0.43656833331897654,-0.3945784785399815,-0.014971298472917996,0.4388399002589528
2007-07-20,3.661067265189682,4.785700025801193,4.239805684582729,3.9972908226308808
2007-07-23,3.736074688558961,5.236192447844915,4.548676748923929,5.045110324409701
2007-07-24,-0.07193997240348733,0.3649814289742331,0.11132391235379029,0.20632235963297685
2007-07-25,2.6632932312080104,1.4836225765636406,2.236332343122028,2.810360453974309
2007-07-26,0.5187758955237509,1.4930597705892028,1.1153743831993326,2.02592943748475
2007-07-27,-0.025311154760978463,-0.03858542066300554,0.09175026455657041,1.8649225872718431
2007-07-30,2.1719175691283383,3.0112509555863998,2.366860358814909,1.93259761315174
2007-07-31,0.6791022306176725,0.9167154409823852,1.1331604332131575,1.153190871251382
2007-08-01,-3.887356035949713,-2.696367622358932,-3.887570389521914,-5.662877127219005
2007-08-02,2.461457092788094,5.053823758600765,3.33972851576987,4.134997961593288
2007-08-03,3.413165121421778,3.8912620264596285,3.590816760370543,1.6293359990023404
2007-08-06,1.4657108495200213,2.2198509138788225,2.2704891332397,2.160896164400019
2007-08-07,0.4983123334642096,-0.11824804370881761,0.43633594284258137,-0.7621648397452244
2007-08-08,0.2561629161687668,-2.0146177633550635,-1.202232387092837,-1.6854363241475563
2007-08-09,1.9314073722973866,2.9609665685690114,2.312344567813548,1.0552868006038898
2007-08-10,-0.09954259634785201,-2.163106680788613,-1.0650386815875523,-2.1215988353138098
2007-08-13,1.477439844655498,-1.2782718816970942,-0.11621668413969782,-0.4387821636269974
2007-08-14,1.0880292212044205,1.4524705721888493,1.56316886324037,2.428598549282865
2007-08-15,-0.0597372196027717,-0.17983491623144326,0.06628922354994247,-0.5290999696672312
2007-08-16,-2.1677324871807873,-1.6640657378933978,-1.6135735230582333,0.5910706155930677
2007-08-17,-2.3112845645516207,-2.294526215064494,-2.040179785565794,-1.0890452193366122
2007-08-20,5.194742468971126,5.582821882377358,5.443937193917606,4.010826102602677
2007-08-21,1.0212998010564427,1.6154124538103782,1.7707656945952808,1.189898606698735
2007-08-22,0.500640684778099,2.7611753697341745,1.5757877636874629,1.2841812766263878
2007-08-23,1.0468936281319987,1.757147192223329,1.6538096242657643,1.0357990025324917
2007-08-24,1.4828440095553663,1.2700180364010518,1.5772755854273284,0.19225925247165984
2007-08-27,0.8276683833620535,0.11278474305125531,0.4888769890255687,-0.38891032796349867
2007-08-28,0.8616934633373966,-0.37481729475753345,0.16426998849722416,0.1110602346148115
2007-08-29,-1.6549098002790787,-2.1255939080863024,-1.534050512103553,-0.6011959286186926
2007-08-30,1.1374694390836824,1.2310977094763116,1.3331546092181816,2.981211125185001
2007-08-31,0.9810692444377507,1.198110549392567,1.05485489471146,1.1072500420352656
2007-09-03,1.9399292785730597,1.6202418204350713,2.2837914634540026,2.244889844832112
2007-09-04,-0.5088983211948643,-0.6254918249773769,-1.0917126841884037,-0.5666043813020435
2007-09-05,0.3143870867621966,-0.2706034306727632,0.054459426276837315,0.6045301988583707
2007-09-06,1.5496770448989219,0.39782998137614983,0.9055966649751097,1.0875184716221449
2007-09-07,-2.183232559952038,-2.236087154010621,-2.1900894406750417,-2.5247349175938028
2007-09-10,1.4692993296989059,1.373229141212336,1.5446305141435264,1.9986293897714498
2007-09-11,-4.610884682643744,-4.503688085956018,-4.821856371586806,-6.574505786864421
2007-09-12,1.1405252633908873,1.558312107368291,1.5255526109771207,1.105703281456659
2007-09-13,1.933008181711281,3.1741513724204786,2.7882479022740636,2.1132271763869728
2007-09-14,0.7290952088900545,1.40542707414922,0.8804169549641087,1.305507692361862
2007-09-17,2.034994299431129,1.529229494836305,1.8654767814432978,2.2217816660066676
2007-09-18,0.07043682182316834,-0.9668976846001284,-0.4021598477607811,0.9590130125654491
2007-09-19,-0.553396455771755,-1.336000103293517,-1.0567172268353129,-1.3261971261222478
2007-09-20,1.376876962993742,0.8178011248124524,1.3862909026217034,0.9889101166122082
2007-09-21,-0.28192909305753083,0.03742079674244653,-0.4892822143027547,-0.9940801613740224
2007-09-24,0.5546794383201237,1.0364364935727841,0.8340969865594289,0.5135097369597743
2007-09-25,-1.0838818626438957,-0.3918413126973418,-1.080922078544603,-0.827793149238071
2007-09-26,-1.6231637253243336,-1.949109511284479,-1.730870051129954,-1.6196493445260411
2007-09-27,1.318971997785965,1.5921645062216951,1.2353846352622089,0.8116960460254369
2007-09-28,2.607407534905511,3.141785419085307,2.782582531033048,2.206253342137647
2007-10-08,2.4982935718536385,1.9309257588028133,1.28772158490095,0.09732360865523969
2007-10-09,0.40548236103595986,0.4452346778733063,0.40232835954661084,1.0417972547005672
2007-10-10,0.9675065785802134,-0.28059582649928694,0.1730376810624411,-0.6397452701455547
2007-10-11,2.4267131985525525,0.41504196006088107,1.29865600964775,-2.048595558172118
2007-10-12,-0.168747273781812,-1.0860994262565324,-0.39765910473385724,-2.3060791204282705
2007-10-15,2.125719531162019,-0.2435129419056765,1.4574599153478354,-0.016152132678881423
2007-10-16,1.0224347965840197,1.4034058634209785,0.9531086413275363,1.0770724084858876
2007-10-17,-0.9198355800342818,-0.3630324068488926,-0.9072542941932595,-0.28400420179249847
2007-10-18,-3.5580861200312905,-3.1972476024282237,-3.643276501457908,-2.3621787985114255
2007-10-19,-0.12419129113860361,0.8180522561653439,-0.030098461376599113,-0.010593649428658133
2007-10-22,-2.6247046693858316,-2.4475206254786164,-2.550572384403244,-2.6450042504147104
2007-10-23,1.8541322299718148,1.2530384487615673,1.224230450925651,0.009171366998676055
2007-10-24,1.2003759680165442,0.8066816976249005,0.8612484827547302,-1.9834022284723054
2007-10-25,-4.9235317324743635,-3.1763587900307506,-4.656117603608735,-7.8053739971269405
2007-10-26,0.4885223336122565,1.8058472559925085,1.13753253896226,-0.5318126549286871
2007-10-29,2.7938872864729727,1.7522592039614122,2.082955791201186,1.4050906579507312
2007-10-30,2.5623998055308674,1.0611105146847264,1.5797627452257208,2.2944102816122522
2007-10-31,0.9716612783411575,2.5754339312606995,1.6389059043644116,3.621804792987302
2007-11-01,-0.6821122642124622,-1.9989402718203784,-1.475353423101141,-2.6518932388219207
2007-11-02,-2.3346738260640016,-3.0779199978327765,-2.3885968452893227,-2.316577221481744
2007-11-05,-2.5125179683694983,-2.4398435870769877,-2.0792312788512004,0.7418776475701686
2007-11-06,-1.7524363026191834,0.020365671495943087,-0.8009138268227877,0.7568941954816338
2007-11-07,1.170922893523413,0.6183188156560578,0.6201640021496935,-0.20840767057989296
2007-11-08,-4.972941386215219,-4.300572892726289,-4.921571862221816,-4.195687037915513
2007-11-09,-0.27203846354587424,-1.763712926065552,-1.0487357077586132,-1.254010683386554
2007-11-12,-2.433645633360757,-0.5513384107730683,-1.2432811627996758,-1.325306002253894
2007-11-13,-0.5725977527001722,-1.8802422747711538,-0.7866950446196005,0.3884057983599096
2007-11-14,4.817402461871579,3.564005977996601,4.098686459475067,3.5687936373895592
2007-11-15,-0.8799495633977807,-1.5015179442368267,-1.2668596146312194,-1.2578782206860186
2007-11-16,-0.9174771375651705,-2.17976557164827,-1.456100153961807,0.15496097634180214
2007-11-19,-0.8775723256714965,-0.4048652791545081,-0.2647450876869208,2.2520121147666385
2007-11-20,0.4521227901035786,1.9425750123806393,1.4897232914464218,1.3448739021122198
2007-11-21,-1.5126007728726747,-1.4186409409579697,-1.4256723046729332,-1.45761270106732
2007-11-22,-4.512654284593895,-4.8871489696753665,-4.606637875399947,-4.634319039457411
2007-11-23,0.957847002401554,1.667281968877534,1.73525817874149,1.9422106567500195
2007-11-26,-1.466949470697995,-0.9934798379706298,-1.16154177019283,-1.0088920039322335
2007-11-27,-1.9907052119688806,-2.37062982299054,-1.8700544857020798,-1.039372229538899
2007-11-28,-1.1944888259274173,-2.073838738901241,-1.333367332746099,-0.7551040582503731
2007-11-29,4.078177211784557,3.581891453874121,4.074394899024305,2.595473715546746
2007-11-30,-2.6644317359919234,-1.7848845707618268,-2.185174238077084,-1.5007142337451373
2007-12-03,-0.06508979849717213,1.241299877877791,0.7415323860591924,1.1414308334982606
2007-12-04,0.9664340128435879,1.4558468188403513,1.1776996483098243,0.568131719864682
2007-12-05,2.545892201495797,3.092879034458268,2.7921725359416456,1.8668156788617163
2007-12-06,-0.1504308797907961,-0.1852671786488276,0.10284784760071188,0.4208261115841451
2007-12-07,1.119611807199498,1.2693639503068468,1.4040806313086098,1.6444982997583704
2007-12-10,1.3685056480175397,2.04510165278584,1.8125472261974351,2.7496489825542696
2007-12-11,0.25461946618566755,-0.3492769143234432,0.12537038462846065,1.1334261136429788
2007-12-12,-1.5489150649561299,-1.2125290317168698,-1.2255729434168476,0.2145465060458097
2007-12-13,-2.7355145969865085,-4.847060749597754,-3.8771370609463727,-3.1752957113862936
2007-12-14,1.0008161040589882,2.7574198417895808,1.8931912688950454,2.1768585880945617
2007-12-17,-2.653759745354575,-2.2363041317529335,-2.447722289275433,0.1445772146341638
2007-12-18,-0.8357979783043102,-0.27869361388024166,-0.56528352691356,-0.852036334022977
2007-12-19,2.160250503169164,1.92790446871054,2.3809966668842137,2.165596513277218
2007-12-20,2.038262629619129,1.4443300088234663,1.821257153020988,1.2141204827461731
2007-12-21,1.148128196334774,1.0963171757654009,1.2752846902668142,1.5063229627370822
2007-12-24,2.563597962984561,2.0331882229399407,2.042562120828069,1.7140855646890991
2007-12-25,-0.6339955153635847,0.2626266429249401,0.18572637184288449,0.8880047088467693
2007-12-26,0.616608547329948,1.3211342705845146,0.9200739596471275,2.0072527990120164
2007-12-27,1.4331165459556043,2.097735431132003,1.9280996374000752,1.0248877463758144
2007-12-28,-0.8955213128172346,-0.5442598110531349,-0.5464336240079871,-0.319845294136459
2008-01-02,0.21358665542989871,0.8748319486354433,0.873237682874105,3.5019112220269286
2008-01-03,0.8883559937672895,0.30838118851575214,0.6834403536749412,2.0632948498236403
2008-01-04,0.7809855422768758,1.1717495391921324,1.1300653560823837,0.23449042517361854
2008-01-07,0.5908016414833491,1.394841209875319,1.3213673123219742,1.978755581970238
2008-01-08,-0.1263466239560841,-0.5939694510765053,-0.514947947187592,-2.7922742083681964
2008-01-09,0.9107150691488024,1.7875066273040692,1.5385595471700448,2.9542653707137747
2008-01-10,0.38063457432925324,1.8204994412466675,1.0347507819628512,0.4814322988975989
2008-01-11,0.5143861844852008,0.40736838287523935,0.47488063352641313,-0.10279642474748779
2008-01-14,0.24074500499984397,0.652766686400448,0.5705597973395818,1.2622720015572533
2008-01-15,-0.9890691677800285,-0.5611518543695132,-0.6179465088865624,0.7681938658815077
2008-01-16,-2.854195833612136,-3.6489888913758732,-3.405562198501804,-1.361121931096119
2008-01-17,-2.6620381678645146,-2.4357024107202743,-2.5775618567710334,-2.657433188561735
2008-01-18,0.5590337570494447,1.2263147423347565,0.9063066147760414,0.878135598171586
2008-01-21,-5.272569684336021,-5.20994916900471,-5.090775484633712,-4.229661021023461
2008-01-22,-7.491001271808287,-7.321533351695734,-7.920822137604381,-8.92891800106746
2008-01-23,3.094343695622783,5.346362605411129,4.5488457748128015,5.2285330841717705
2008-01-24,0.3116517290891575,1.250159093210264,1.04176773371684,3.3800909947153657
2008-01-25,0.9274895538543427,1.2065668190814929,0.9940069809155625,0.309699371693247
2008-01-28,-7.462359754512874,-6.671841233016316,-7.048264152674867,-7.244869404216193
2008-01-29,0.8707726220398645,0.17360552560763454,0.6361961049104404,2.0904328015820677
2008-01-30,-0.9033623515845977,-0.48389311227089155,-1.0858644834664186,0.22265634601678677
2008-01-31,-0.7830754778301467,-1.6883093193294822,-1.9344621320512752,-3.952442231191916
2008-02-01,-1.4388770514989002,-0.5110873984646802,-1.0541471692607294,-4.528889633045286
2008-02-04,7.819000473647071,7.652960871134982,7.947200897121768,7.839464944281713
2008-02-05,-1.5632547873238547,-1.0151952077331585,-0.5731406143976397,0.3853250158871095
2008-02-13,-2.3978038731101416,-2.1414351271154675,-2.1720093402787204,-0.5266997790273814
2008-02-14,1.3623947877061564,1.2196235301845675,1.3236128896831247,1.9906168853360318
2008-02-15,-1.2197577591224746,-1.2572614111858882,-1.381145092167479,-0.49691927192213065
2008-02-18,1.5668893410694404,2.1844703679787734,2.0090553670479157,3.165083780742751
2008-02-19,2.08294605071445,2.4665778050874505,2.210377412478002,1.7731511580701524
2008-02-20,-2.107466640469925,-1.8831892242166846,-2.256610957876684,-0.8592610679714969
2008-02-21,-0.8763873950105228,-0.9178033745922213,-0.6681851171700316,1.2527694731336716
2008-02-22,-3.526986063303613,-3.788618075832533,-3.629237325916916,-2.443457385790839
2008-02-25,-4.152499813704422,-4.376659102261284,-3.9575670831793754,-3.2238859808223226
2008-02-26,1.0829561484031656,-1.0271032224863652,-0.09407536240468792,-0.01725118760220159
2008-02-27,2.2368507925564307,2.7284747750741625,2.714222957489153,2.2046057735990963
2008-02-28,-0.8001377016331233,-0.6237509027436,-0.38243028827972203,0.24220545113638262
2008-02-29,1.1339093861644605,1.0764331022521167,1.1292408261918745,1.3578350616194794
2008-03-03,2.0424504295648216,2.271976578617506,2.455198658526052,3.3081132523610335
2008-03-04,-2.3439249801860313,-2.7638985680299446,-2.527959396619529,-0.6744540130501009
2008-03-05,-0.9921153223504817,-0.9252496189768039,-0.9124922049003553,0.4160735062110507
2008-03-06,1.5794837956067758,0.6065709803526492,1.209194709179018,0.1835590653799486
2008-03-07,-1.3963150185344209,-0.8656040646053359,-1.3611880014415394,-2.087168864745445
2008-03-10,-3.6519575324650235,-4.5879877288089554,-4.200200293013491,-3.3303058698396955
2008-03-11,0.4711167519228544,-0.3189487982375577,0.21616707599458046,1.3564660210978792
2008-03-12,-2.325505476583996,-3.2046159863553725,-3.006341257872344,-2.7262584722718475
2008-03-13,-2.4589058352088333,-2.865355393426563,-2.6019818742665226,-4.020517021727828
2008-03-14,-0.21653842059263326,-0.9042304974141636,-0.983395166325052,-0.5637914623759798
2008-03-17,-3.6654528953268337,-4.5140710557833,-4.742645341562696,-8.029136301875798
2008-03-18,-4.037162191928698,-5.5956191618424045,-5.210753260596579,-7.635331575612639
2008-03-19,2.49551676245778,4.34937322406463,3.26471176599716,4.660268130992248
2008-03-20,1.1219231412296813,3.794036850832879,2.8635700944500035,4.018498900129722
2008-03-21,-0.19656271664709918,1.2494858637488944,0.8955662456210406,1.3279303159927087
2008-03-24,-4.591815119120039,-4.6300947639225996,-4.579440580346876,-2.0935488103132953
2008-03-25,0.09454493035233678,2.4811333093325922,1.2541933800793443,1.2154143205202885
2008-03-26,-0.6290371851710447,0.45920074390094195,0.21994500013892515,-0.35071296666839497
2008-03-27,-5.56884417426518,-2.839836708870343,-4.318659845124297,-5.4844807269642555
2008-03-28,4.825555296905583,4.339095530801907,4.415435734799693,2.9103000725133263
2008-03-31,-3.0469429996392763,-2.8948874247827576,-3.311630484430012,-4.764616306914254
2008-04-01,-4.221524906065059,-6.535165318907535,-5.634448684879733,-8.777282054883157
2008-04-02,0.5607289771822401,-0.9383713834838661,-0.978293670438885,-5.657467940745096
2008-04-03,2.8956471955936065,2.4697670728132812,2.85405025758613,2.489521004650177
2008-04-07,4.354450268822121,5.711446163193032,5.206791417054446,6.3063910151645
2008-04-08,0.3582841706479914,1.4526779906461984,1.1694769884717735,2.235977243489446
2008-04-09,-5.655286405550906,-3.8535106485601487,-5.3562059553188455,-5.616597348202164
2008-04-10,1.6797647215370952,1.5768666331351309,1.789416066134724,2.8846730731181083
2008-04-11,0.6073564572816976,0.31133090634206134,0.7696580386193917,1.5367216841772386
2008-04-14,-5.781660568594214,-7.673681842682406,-6.7620829365670225,-6.834100303628171
2008-04-15,1.5554819098850459,0.3814934441133023,1.3194697324042544,3.1664921844534804
2008-04-16,-1.7093918437775457,-2.728482781656517,-2.5231227742777187,-2.435640556101478
2008-04-17,-2.114183935319348,-3.375490614614546,-3.121760914197403,-3.4085859838691475
2008-04-18,-4.055065253079625,-3.181566802752495,-3.428110785004474,-5.070734029379369
2008-04-21,0.7183307473132878,-1.7663885716632526,-0.1513750183933981,-0.7142908985954233
2008-04-22,0.9836034969846132,0.7224391633156316,0.8754091277381464,-1.4627461685398144
2008-04-23,4.06335270871682,5.309684957120444,4.666024653626337,4.296250228463747
2008-04-24,8.887466476408127,9.161543512861284,8.881311716591373,8.790375641487921
2008-04-25,-0.708048857802733,1.4619178098270191,0.754071170034976,0.8893820156335249
2008-04-28,-2.3614422350828392,-2.491297345841666,-1.9628309648758322,-0.7152152680406068
2008-04-29,1.3915370443750241,0.7666993351648133,1.2733832331497423,0.800900515729764
2008-04-30,4.703965083405183,4.730780075630901,4.710762036851917,3.749233611712784
2008-05-05,1.8218616843381108,2.6011427154565894,2.412124583749177,3.4492689643695758
2008-05-06,-0.7341406858367857,-1.1480592542993087,-1.1129862357185545,-0.37618687538479756
2008-05-07,-4.222078943961274,-5.423537106079177,-4.841724916131387,-4.4389539620335725
2008-05-08,2.1474044447052614,2.5733906850776203,2.6780629597102648,3.4454612413509307
2008-05-09,-1.1925322164017431,-1.7968579390787893,-1.1819777892222427,0.026093152702665334
2008-05-12,0.3726281749457687,0.6532711247379009,0.6680532153075944,2.058570171887018
2008-05-13,-1.8572387764561615,-0.7002227134664373,-1.3725283502657353,0.23883084929748866
2008-05-14,2.6932756651075107,3.4439259027501077,3.170894224806295,2.1731418993753158
2008-05-15,-0.5513568235884627,-0.9070493317604957,-0.6989037607518902,-0.897383530332967
2008-05-16,-0.36052947865986984,-0.7167228757131936,-0.3036451133844529,-1.4467847774994351
2008-05-19,-0.538665763227438,-0.8810416990455582,-0.5617713199064832,-0.045689245153645835
2008-05-20,-4.586553994083262,-5.832887541567792,-5.33248768752355,-6.499250885231206
2008-05-21,2.8919988666503,1.6727836855385636,1.927768613123348,2.455997096310307
2008-05-22,-1.6660840420300422,-2.346706287744564,-1.9110621112912376,-0.9567802850005445
2008-05-23,-0.3604115002234856,-1.2187642977489173,-0.9825993315795076,-1.0881528447324724
2008-05-26,-3.1753435206474356,-2.706648442087656,-3.205252842418127,-2.6700358357968064
2008-05-27,0.32255460127808455,0.9058798898821253,0.47593644247796707,0.3958630972354072
2008-05-28,2.447140451661065,2.593840802990787,2.7586986385883976,2.732951879848196
2008-05-29,-1.6789331573692692,-3.0217296068930604,-2.62819828962537,-2.581338827033783
2008-05-30,0.9337589554015022,0.8426671988394434,0.8470337898453821,0.17082290941787293
2008-06-02,0.7454632999387149,0.07475475851838655,0.4007102068226305,0.8621725831165284
2008-06-03,-0.6566682142252845,-0.5461401924974288,-0.32375987197304235,-0.4511037183100507
2008-06-04,-1.953837400556584,-0.17611178215507073,-1.8766007629627286,-1.7931821266730918
2008-06-05,-0.5433275882479186,-0.9249460107416748,-0.9854082961829081,-1.2657795022424534
2008-06-06,-0.6579561911106113,-1.0706105081614514,-0.6467078829020029,-0.7566510333993818
2008-06-10,-8.043696859150398,-8.610339337441243,-8.455974805208811,-9.141987481629146
2008-06-11,-1.5776411143698927,-2.9009775070186765,-2.088037466533425,-2.626261271498879
2008-06-12,-2.2305359726001046,-1.1341476742424033,-1.7886621763271673,-0.9143230369957092
2008-06-13,-3.046063665267785,-3.979541593880128,-3.4803760100710313,-4.884786626105507
2008-06-16,0.1845757893983574,-1.1280354407896942,-0.9063750647162848,-2.2345536119574407
2008-06-17,-2.7996924594417014,-4.111456532347928,-3.7816935070603503,-6.468763461790767
2008-06-18,5.1047804019309435,4.900880559911706,5.095077721018501,5.592485016067915
2008-06-19,-6.760054304631121,-7.783540870687057,-7.573943054723635,-8.814043203143573
2008-06-20,2.9701445565968196,2.289035889700031,2.7244582263909076,2.249193053899595
2008-06-23,-2.550852164243791,-1.4488327340834901,-2.1183107877070033,-1.689492509443426
2008-06-24,1.5314565304641596,3.057070853211879,2.1972361442057355,3.21490778700865
2008-06-25,3.5739425269273184,4.681329517712586,4.041460699650291,5.548328065196553
2008-06-26,-0.10883680033375359,0.1748587288093337,0.38215643649211234,1.2194047448914664
2008-06-27,-5.431862507848157,-5.79966759253688,-5.690408248586531,-7.269923354526975
2008-06-30,-0.44962907569403066,-0.6958079307943613,-0.8630827635490416,0.7495000687793049
2008-07-01,-3.1366546114104374,-2.9654946138713396,-3.4053237813143946,-1.7445116695905576
2008-07-02,0.004525450000192027,0.7138384810237516,0.046313879244656075,1.6559775435042952
2008-07-03,1.934606931894027,2.543521361787332,2.2348055914592964,4.530434455826948
2008-07-04,-1.2521053443216212,0.027129261521709788,-0.6818794753121735,-0.014619361159953702
2008-07-07,4.486416805250537,5.20494398597683,5.01152935243813,5.095917875577984
2008-07-08,0.8043058330455414,0.47639645336244985,0.6596849978996997,1.522194090994903
2008-07-09,3.682745526321401,3.9905539259125553,3.829792844225177,2.632809522675216
2008-07-10,-1.5562770967584039,-1.7216766179902254,-1.3825889896724124,-2.3096859065962603
2008-07-11,-0.6566575353570139,-1.4570279812077558,-0.6826149332338936,-0.6287787890646831
2008-07-14,0.7543336512339069,0.22792401450129857,0.7545525455872557,2.0730222949783212
2008-07-15,-3.4932878496292714,-4.114106410313437,-4.217237117897265,-2.9193086767073932
2008-07-16,-2.6829579197603928,-3.4331131893631253,-3.8364431730546737,-5.213522398657846
2008-07-17,-0.7824699286521117,-0.37621439460005524,-1.0077560683136335,-1.0281499831967706
2008-07-18,3.4265636889545195,3.1790954566997756,3.520358891522869,3.2839893709781727
2008-07-21,2.945358030309612,2.9046117849535125,3.3388182300478313,4.02016018379727
2008-07-22,-0.5361341891100453,-0.19977412907474665,-0.21699554062285792,0.33420652362038133
2008-07-23,-0.2909940001685697,-1.1903534863636296,-0.7401477450318644,-0.8713992178401662
2008-07-24,2.520600935702354,2.7485037452884935,3.2094593842843113,2.4687223226187855
2008-07-25,-1.5649479003891047,-0.8312494707041275,-1.2899566351648661,-0.8966136787987125
2008-07-28,1.314487617739284,0.512432456219396,0.733895379624499,1.3675812154379012
2008-07-29,-1.832036945378012,-1.8443293982256006,-1.882615501356542,-2.068925560037131
2008-07-30,-0.47969312905320194,-0.7800052464559835,-0.7340262076036417,-0.5484855627397887
2008-07-31,-2.1720656000541587,-2.558864359774286,-2.7831569702889563,-3.758171957243866
2008-08-01,0.9359033018582721,0.9100699582828995,1.260378002289434,1.5323361874048353
2008-08-04,-2.1676450676678654,-1.914428391044943,-2.4098324294678006,-2.432899753811928
2008-08-05,-1.8772790183706134,-3.2021747753555005,-2.55919946100005,-3.1402570117386945
2008-08-06,1.0580270671066772,-0.3649735727691807,0.6861147295075259,0.222684996329475
2008-08-07,0.30145333507019395,-0.13106647387952963,-0.045937896447982386,0.6712517096709432
2008-08-08,-4.570574061311576,-4.2564185876074765,-4.857220847899766,-7.5195418209410905
2008-08-11,-5.346253825163844,-5.808656649551792,-5.335766298070408,-7.795077839352095
2008-08-12,-0.5224000011649843,0.2768451222598065,-0.5162254856627811,-1.411903398477521
2008-08-13,-0.4445811340233997,0.6913843251768564,0.02086388775434462,-0.045291687323408554
2008-08-14,-0.3776077616519664,0.35103485950151664,-0.0474614282524265,0.46004923754220906
2008-08-15,0.5536371807316117,-0.5479644962516068,0.16805936327004384,-0.40262933066700557
2008-08-18,-5.482582353272807,-4.984319849363285,-5.639781996351497,-7.747699654250249
2008-08-19,1.0548213934855561,1.652032360619379,1.5045748413024185,1.6342385058857773
2008-08-20,7.350027893414461,6.884677892889352,7.56166311195208,7.9964030169609055
2008-08-21,-3.696081659764574,-3.435617592868925,-3.5752825441899283,-3.6208679386822484
2008-08-22,-1.0953292816114117,-1.729654719626594,-1.6107060864780052,-2.0185078768671714
2008-08-25,0.3378577903552982,-0.44819409070601113,-0.18229193391325124,-0.35571813869391017
2008-08-26,-2.657474085443839,-2.232676071625258,-2.9173173329599478,-5.590050282628123
2008-08-27,-0.3380059182898999,-0.7663009283242722,-0.26799419924696316,-0.31765462169225495
2008-08-28,0.3405589902738913,-0.12924911398433298,0.4539650288664234,-0.04693062622311048
2008-08-29,1.9897402306549923,2.3664155745982676,2.3594910357139107,3.0962116564145847
2008-09-01,-3.0592050875984955,-4.066979510833384,-3.5091170481592298,-3.0412379909907057
2008-09-02,-0.8747299313098043,-1.4004788764828016,-1.0342713285490504,0.6999418578342305
2008-09-03,-1.2319103924770805,-2.1987410500392284,-1.741239260388971,-0.7343527284336233
2008-09-04,0.03249833145278518,0.806740385981889,0.23081500359866267,0.7751648910243822
2008-09-05,-3.34684552619693,-2.8418636806094,-3.0544161946534922,-4.813086738508303
2008-09-08,-2.7167692872204974,-3.647675953600708,-2.6410194014993813,-5.198573900188678
2008-09-09,0.11004384212238265,0.2592296716682968,0.5921713075631966,0.8624929914107065
2008-09-10,0.23181454054312756,0.6145827907354487,0.18821534957323946,0.7384359898467683
2008-09-11,-3.394387922938602,-2.7146093840112013,-3.371364362265687,-1.8777974051622761
2008-09-12,0.03318384602366782,0.8517702235792143,0.2756641536693607,0.21655286875460808
2008-09-16,-4.576445777995001,-0.8901706150368893,-3.7861577519632457,-2.2420906856150817
2008-09-17,-2.941711574671062,-2.8562471748809743,-3.639782000434798,-1.8949801124745047
2008-09-18,-1.7365641667266576,-1.7668488255408263,-1.733317819721951,-2.9426093925333294
2008-09-19,9.0342514149742,8.621315954808997,8.930876568196288,9.415024076502512
2008-09-22,7.486737539632994,4.309885256541376,6.286058713979329,4.495770690671306
2008-09-23,-1.5728413071526077,-5.603086772458175,-3.885423006523615,-6.6576216908384165
2008-09-24,0.6925737002475214,0.30214514772547946,0.7212049100262822,2.2442387156464663
2008-09-25,3.5752349684391267,4.0584285478559545,3.882772170545485,2.343350765044385
2008-09-26,-0.16204634934177337,2.442926204910982,0.9012437909798882,-0.09686318482607421
2008-10-06,-5.3751925423539255,-4.629093182206369,-5.2596996272859435,-3.9126335584512306
2008-10-07,-0.7341464968257988,-0.5006052708623788,-1.2408133387148477,-0.38290581704851484
2008-10-08,-3.088201816510383,-3.641323699989406,-3.858109278789607,-2.502975932650765
2008-10-09,-0.8466979640874567,-2.430486137971054,-1.3727823605102456,-1.3007599999465749
2008-10-10,-3.6326583601351854,-5.675323781518688,-4.528406393201095,-6.959063916174863
2008-10-13,3.5839619523409403,2.8749508392349825,4.035538401741687,1.916319910891645
2008-10-14,-2.7501861627738906,-1.5097594413192328,-2.595481029450368,-3.0702251854714206
2008-10-15,-1.1291274725165772,-1.0368531963312442,-1.0527561648480983,-0.5260685973325041
2008-10-16,-4.340679517310956,-3.8148540003675984,-5.005247876310881,-5.823891062173611
2008-10-17,1.0784905828804285,0.6940841871004034,0.676491841463355,1.2725436007362916
2008-10-20,2.221027307322872,3.4315400997876533,3.4035548057979543,3.425366761812528
2008-10-21,-0.7872815002866382,-0.5789889046889,-0.8109855095869891,-0.21853522910457746
2008-10-22,-3.254272923452697,-1.754966993592209,-2.5892964915807464,-1.915391984317339
2008-10-23,-1.0744181120164227,0.7501215414907757,0.0796052494261309,1.00984237162686
2008-10-24,-1.9348252943817617,-2.665273679930295,-2.941274634983703,-1.4488090423136573
2008-10-27,-6.528895756786637,-7.1351688342517745,-7.391024378436681,-8.158883160820276
2008-10-28,2.773719590249126,2.689151225967202,3.0444340361435582,2.2977338475966844
2008-10-29,-2.9793447280475336,-1.5817551476192153,-2.8301195639586734,-4.04716322494441
2008-10-30,2.5149025098212094,1.895971924037719,2.350609436957411,0.8398740941705581
2008-10-31,-1.9941102870857728,-1.197223592108185,-2.023083766972654,-1.7898804425963084
2008-11-03,-0.5231180881028208,-0.2457064779440072,-0.6101550341472864,-1.4327317571021467
2008-11-04,-0.7628879511114047,-2.7179780282477055,-1.5713607691366946,-1.7227688382175792
2008-11-05,3.1098658467822267,3.415624642082171,3.8363576254628127,3.241889819318004
2008-11-06,-2.4662509840596556,-2.50705109747333,-2.4926467130661782,-1.7271564221418887
2008-11-07,1.7308529509810846,0.567388535006691,1.6859346138598446,1.5895383449337572
2008-11-10,7.019562748680307,6.298597902777116,7.121272073203549,7.110948564458787
2008-11-11,-1.6776381046806659,-0.4473753442829196,-1.1336895046045972,-0.8044054839216225
2008-11-12,0.8372272566762743,0.2766765241064725,1.142014767063306,2.458039811832736
2008-11-13,3.6183014982512343,3.964399368932228,3.93206071547295,4.602486812364412
2008-11-14,3.00631983713238,4.551921973825282,3.6449776337202673,4.545701931007784
2008-11-17,2.1933051296535817,1.824286055689792,2.2174060584797037,4.787458758244681
2008-11-18,-6.514512685245258,-7.493832935087363,-7.707396851277331,-7.567391178089617
2008-11-19,5.871223477864348,5.962343004723905,5.978083303341411,6.812148565853575
2008-11-20,-1.6850217359374986,0.25252746329112774,-1.0670295468381399,0.2234775564617192
2008-11-21,-0.7270183673521069,0.21658428923178571,-0.606774986125473,-1.4285514224937599
2008-11-24,-3.7418530789625177,-3.721305965336434,-4.422838877373363,-4.183020328185096
2008-11-25,-0.44059683825911206,0.3521372294879191,-0.18246540263278818,-0.8010985681329521
2008-11-26,0.4838122784379819,0.6890981412933597,0.5008453039691718,0.3893615956547742
2008-11-27,1.0472507354219125,2.2603482847708936,1.4523797493001827,1.4474225245265582
2008-11-28,-2.46514216937623,-0.37071641009853945,-2.191748613429451,-1.0840053540629506
2008-12-01,1.2459731318878384,1.571425998239278,1.8565120811068345,4.150101126846117
2008-12-02,-0.26319559833543105,0.46962500156521203,0.2368171186388653,1.952187460741597
2008-12-03,3.9314540217858456,3.5453901460478603,4.399212475500688,4.133930291010322
2008-12-04,1.8196024494451328,1.2681513445724748,1.5377882060935295,-0.10839577778325256
2008-12-05,0.8537025501185874,2.0572436447125453,1.514001257380828,2.9467510057797646
2008-12-08,3.509849422730247,3.3698989197826066,3.9857084832612273,4.284447785947266
2008-12-09,-2.5691068571919504,-2.251865178331399,-2.620625852924829,-2.587361766440614
2008-12-10,2.0103376660797383,1.7413080506074985,2.6850430111110684,2.8249213535248487
2008-12-11,-2.30816902679094,-1.734515716704623,-2.416398622092278,-3.172196068055079
2008-12-12,-3.88719001572087,-3.719486189943524,-4.291449962990621,-4.5781550427351405
2008-12-15,0.5180446384867823,0.12272680457683097,0.7445256109515155,1.9995696684672963
2008-12-16,0.540187840379859,2.0750841773632045,0.9784734998371329,1.7790379966481196
2008-12-17,0.09160313710692884,0.502849271642109,0.3488605519676299,1.2278356558156076
2008-12-18,1.9472075541582927,1.7089618558126927,2.1589759425526656,1.8114126431965965
2008-12-19,0.13732758748810012,0.3549861316022414,0.342184405486476,0.8983322622541248
2008-12-22,-1.532646781840379,-1.9507946951653576,-1.6984628107247508,-0.0688166973724789
2008-12-23,-4.661344892754289,-4.804535448230586,-5.010053138369179,-6.543734512528719
2008-12-24,-1.7777513303574533,-1.5554166858470895,-1.6752711794368422,-2.1867506531875485
2008-12-25,-0.6124521999097203,-0.8885921494847158,-0.8680550003713686,-0.32938122608933385
2008-12-26,-0.048596900474223576,-1.197853497292638,-0.4645227714975891,-0.9896626012761839
2008-12-29,-0.0561858469670059,-0.7643711719691866,-0.3949575470410643,0.05039662247716257
2008-12-30,-0.9540197080110702,-1.438786612718473,-1.1561323939167918,-0.6718542648531696
2008-12-31,-0.6623410789616074,-1.1139618108491938,-0.8611015203844025,-1.6385341909467963
2009-01-05,3.2373225221447894,2.2770124013989377,3.526203825940647,4.082220076639904
2009-01-06,2.956313851814273,2.389650143051157,3.128522473788917,3.4851647321554076
2009-01-07,-0.6806271030567093,-1.0283232002897067,-0.5999016437127201,0.620949810326904
2009-01-08,-2.410832689676289,-1.63147786325729,-2.261844395321316,-2.5316346208627065
2009-01-09,1.4105292225991393,1.543122472516317,1.5963096038031976,2.6669401114069826
2009-01-12,-0.2370435330398896,0.00044643554698587095,0.12086293428175791,1.416545693988001
2009-01-13,-1.9651403432323837,-2.8543783113552292,-2.3441371706635494,-2.662551731770075
2009-01-14,3.4547662919597584,4.213570017419705,4.126982327768439,3.6965542898881862
2009-01-15,-0.4499784162627518,-0.19602663069034207,-0.01892529883325713,0.9674998069402837
2009-01-16,1.7669152332651725,1.734512911486731,1.7916465744264254,0.6658024133809344
2009-01-19,1.635616286875734,0.9368366663561745,1.1122662560232908,-0.1285194915804152
2009-01-20,0.37379652544858877,0.5415956851116401,0.6300699950328312,0.9996339749599187
2009-01-21,-0.4568845859429833,-0.7104434612621144,-0.1719835359298103,0.12588919354075565
2009-01-22,0.9990133136577501,1.1421001370612562,1.1234028422492668,1.7318269219847335
2009-01-23,-0.7152880750319001,-0.5067506358319265,-0.5822596976544328,-0.8138971827498938
2009-02-02,1.050395182132931,1.0263263844429962,1.1922659533538633,3.022992219312398
2009-02-03,2.412891553786223,2.491417018659242,2.4893447395172763,2.6893987270536766
2009-02-04,2.252191842005177,2.865353745843153,2.6900193345032903,2.263142272295174
2009-02-05,-0.46269850035150695,-0.862402556722405,-0.7152516490959989,-1.62751972933753
2009-02-06,3.8899479613737595,4.722279343802011,3.9341939123465677,4.468510127687711
2009-02-09,1.9733047614066124,3.9828487864444844,2.6199405424810585,3.3707313153240688
2009-02-10,1.8018826571761262,2.1754331977683137,1.3016494179568323,2.8279322919606753
2009-02-11,-0.19178172816573916,0.28571844959369413,0.18806763953645242,0.18225435545382446
2009-02-12,-0.5646612517809918,0.35633445921247875,-0.5506005977941048,1.8588041265844326
2009-02-13,3.182667813952921,3.658163737391953,3.4229749924168447,3.5226291514530224
2009-02-16,2.913045828438476,1.635573440670857,2.5994403811300417,1.7468572727586915
2009-02-17,-2.971232600994527,-3.596910538439899,-3.17548558278306,-4.143613887048498
2009-02-18,-4.839661212442309,-4.5661332998333934,-4.697149521660541,-3.9349839499792774
2009-02-19,0.7784595959565997,1.6002894064236328,0.9868364503006287,2.051797412862318
2009-02-20,1.5305705142495056,2.5229630391212385,1.9777801642013069,3.2749131671168303
2009-02-23,1.9399547791095977,3.544440428940638,2.7830516627051107,3.3578724547643493
2009-02-24,-4.666624272830757,-3.7910710758785804,-4.611275034847078,-4.179398625646524
2009-02-25,0.26865024031166806,-1.9389385103130925,0.10420964447984149,0.6102810805564542
2009-02-26,-3.943373610844337,-5.791540106707649,-5.076694583561636,-7.484052389066339
2009-02-27,-1.8268389402261682,-2.2057137120834995,-2.295352326972237,-6.1897414688322945
2009-03-02,0.507627457903951,2.0103546488300057,1.1233150108029974,2.5272191602228955
2009-03-03,-1.0574232716926857,-0.8681452397871426,-1.0457927309412947,0.8444123254270672
2009-03-04,5.935871019895107,6.685395900844868,6.4621670120904025,5.886884440581586
2009-03-05,1.0395663849387438,0.17717098229623343,0.8614300982134377,0.7578483722835044
2009-03-06,-1.2718534685613652,0.09228622479762166,-0.7988717211160867,-0.6801840291298474
2009-03-09,-3.4448737242251606,-3.7430535012595114,-3.7450551856000573,-4.52762376145319
2009-03-10,1.861967326912408,1.2363483700849118,1.721731991934709,2.5465470000988395
2009-03-11,-0.9093510168389736,-1.3029382112382435,-0.914566713289291,-0.5415534002414205
2009-03-12,-0.24105363762645693,-0.10078728313041814,-0.210997174815271,0.38035767030088036
2009-03-13,-0.23599910548277284,-0.7308412118008729,-0.46504137080939895,-1.0683572815433384
2009-03-16,1.1414977268639013,1.848662856096689,1.6276390738870465,1.2925756402299597
2009-03-17,2.975775546333014,4.47512486107078,3.540677603841342,3.641223355445196
2009-03-18,0.24313055924777674,0.9028391583491444,0.44038266250361474,1.2866978888157803
2009-03-19,1.8724277351899525,1.8318169247361578,2.1170579506438614,2.263772821509887
2009-03-20,0.6743155410038152,0.2899831678650291,-0.11422813269595239,-0.4676363545160805
2009-03-23,1.9273070441371376,2.717745174224468,2.4718848894202403,2.124106377210416
2009-03-24,0.554901829095659,0.7745298265364187,0.5062183946276997,0.7514209821723603
2009-03-25,-2.02426792882713,-2.242643713653171,-2.0791540846353853,-2.8198697634672385
2009-03-26,3.014889035426228,2.5663016059078565,3.215112864527684,2.4029941138427056
2009-03-27,0.537992150924312,0.11436188323744866,0.7688761083811575,0.8539141690479735
2009-03-30,-0.6930854710497812,-0.9352987575739814,-0.5795233158593588,0.18503448204165518
2009-03-31,0.6412703613631332,0.7995629542225814,0.9334480110114793,1.0667062200455368
2009-04-01,1.4561363946577968,1.9193486308596237,1.5993189004307025,1.6576948813602048
2009-04-02,0.7146271808358673,1.570282572794928,1.0997999478758131,0.09783119166132742
2009-04-03,-0.2274477923077842,-0.6067232470872896,-0.22926431771763534,-1.0674695726920789
2009-04-07,0.798529030344584,-0.13422152460034079,0.25060965626782844,1.161162811726661
2009-04-08,-3.8357844606213884,-3.699310294696313,-3.861010002676551,-3.473803154127079
2009-04-09,1.3745993601740503,1.4875927516881655,1.5337441590217504,1.6551200268291533
2009-04-10,2.668007865693021,3.430182695054266,3.04568640453725,3.185739663514828
2009-04-13,2.802562640410629,2.0583997078603224,2.322626089877618,1.3528817259556358
2009-04-14,0.5348285272407204,1.4401346202383936,0.7631205952414682,1.5955328879931614
2009-04-15,0.35076390234757115,0.4782833828991054,0.37734064676856294,1.422039740259041
2009-04-16,-0.07613127291949406,-0.13603666237641054,0.004465864052421273,0.489920194025527
2009-04-17,-1.1984891582476165,-1.3612479276290639,-1.3646283180005336,-1.269073585544188
2009-04-20,2.1149087158204285,2.2049340395105474,2.1268503007893265,2.7339536563335303
2009-04-21,-0.8493578819891265,-1.5718730145840194,-1.1974633669270793,-0.024957260820611622
2009-04-22,-2.981101972060608,-4.149037814198391,-3.776735481560573,-5.201149144818727
2009-04-23,0.1055773350459493,1.201094293407493,0.668495131435352,0.5594580620015884
2009-04-24,-0.6249320599913488,-0.48864819696822875,-0.8001668567729483,-0.7528982644405153
2009-04-27,-1.7821009542907649,-2.532989196121322,-2.343712891015038,-4.054062124396225
2009-04-28,-0.1626865688902665,0.24281732677484225,0.20827461611052858,1.492183995839347
2009-04-29,2.741653106733903,3.0175092569712305,3.3899301683407344,2.6698296924895453
2009-04-30,0.3793152618251812,1.2635104629244542,0.6717313860690428,1.507636786907527
2009-05-04,3.2693860512017086,4.094439666330401,3.424207972615817,3.315224253657066
2009-05-05,0.28982418258828985,0.4851003190675406,0.46716776349263217,0.947460397350491
2009-05-06,0.9760032203663982,2.002964923183125,1.382763078498389,1.355722978876028
2009-05-07,0.18998188748008904,-0.396189482501665,0.07592108910136101,-0.6746388468232745
2009-05-08,1.0798289910846268,0.7305374496266482,0.7969374287758041,0.4602929258721829
2009-05-11,-1.7635989424983074,-3.1348303133571678,-2.317613444048824,-3.849565459179017
2009-05-12,1.4783105430766552,3.0964258371430726,2.293948114721385,2.4445378092172105
2009-05-13,1.7266812170157047,1.1255633269283636,0.9085178785574202,0.6828760583448965
2009-05-14,-0.9005162991131984,-0.4109704166298454,-0.7637450820195983,0.38298319686431487
2009-05-15,0.2032109532534541,0.20540430833961293,0.12596803795716624,0.742028476426106
2009-05-18,0.28387875705457244,0.39645910753807,0.5154567844548757,0.7587158086913832
2009-05-19,0.8969073871644858,1.0639301068056877,1.0444911040382456,0.9025642813115834
2009-05-20,-0.9485646630337607,-0.5311287643920279,-0.9626906357039176,-0.5747904848003484
2009-05-21,-1.5503832950577034,-2.5421820238540547,-2.2600766397915986,-1.800184409333656
2009-05-22,-0.49997992107899314,-0.3590422602144471,-0.33984832434107515,0.21685610335299174
2009-05-25,0.4766110938387679,1.0815324933315522,0.4383448967367128,0.5200723333998797
2009-05-26,-0.8244589932570924,-1.5824559127391082,-1.204587263863544,0.10234711839192298
2009-05-27,1.698783170469954,1.048335624207254,1.4581960623966579,0.05800110059422458
2009-06-01,3.3005063334266693,2.8560619998035484,3.511543499789761,1.6822682397594997
2009-06-02,0.11091565304733983,0.6025175026952939,0.23622168288435041,0.6455051084562622
2009-06-03,1.9732090409677328,2.151178597576928,2.5598823258285397,0.7802109933110997
2009-06-04,-0.40931712102734547,0.19966406008675278,0.48734726891616065,-0.1278852049498305
2009-06-05,-0.4835975975082268,-0.6225012310174122,-0.49006895908592735,-0.5968836658328502
2009-06-08,0.5233404976010553,-0.5203298005885757,0.31149233972390944,-0.16522471630903515
2009-06-09,0.7037174731515671,1.2021591171841504,0.4088656305779944,0.49634247330846737
2009-06-10,1.0121175450713904,0.7481194012755823,0.9761159557996693,1.072369407547221
2009-06-11,-0.6744396794022871,-1.1229332729098702,-0.9399806743702289,-0.5956214071854511
2009-06-12,-1.9332573488666651,-1.6564614398182835,-1.8862438745760461,-2.1938575151245288
2009-06-15,1.6551050020383227,2.2997206155187735,2.040094730353155,1.4137012964278597
2009-06-16,-0.48620452724548213,0.26189192828854235,-0.16769554205668802,-0.21950304516025923
2009-06-17,1.220893983061626,2.2282582664553874,1.6534727259087296,1.6173162600767497
2009-06-18,1.5459292838211656,1.0016251640483513,1.5438620953712556,0.7993909646112028
2009-06-19,0.9273938666380084,0.8096884806395057,0.7354903190044403,0.08098652512316627
2009-06-22,0.5473641753733143,-0.45985905493669776,0.08308236016386686,-0.8460116637131216
2009-06-23,-0.1243738284355147,-0.582981768419631,0.04346091667155774,-0.38309713718587596
2009-06-24,1.018065542874045,2.2747378657718462,1.187191905879657,1.152785149972331
2009-06-25,0.09405970919301987,0.0372460421602139,-0.09008359789465893,-0.11576184680491905
2009-06-26,0.10797402838774908,0.2393960540755512,0.3361971935564395,0.6105374895090953
2009-06-29,1.5956920410957147,1.6712033580161867,1.6343678016069496,0.8181699731996426
2009-06-30,-0.5375206507990478,-0.3357486198273826,-0.4254360038705338,-0.7080365267158717
2009-07-01,1.6352243123894468,2.4099877647857952,2.230756877065754,1.4804734456135349
2009-07-02,1.7171340107933277,1.0241291351746027,1.3637704349098023,1.0436961068663846
2009-07-03,0.9146831664213161,2.3779562557635083,1.3550400236540752,1.2448637119619965
2009-07-06,1.168523397459436,1.8679488943698894,1.420817140388744,0.21678866031327892
2009-07-07,-1.1335596072874208,-1.0259876088401347,-1.0203744691722927,-0.09607579865796212
2009-07-08,-0.2813515798727656,1.0151783171624982,0.35202254868840566,1.2250555415957363
2009-07-09,1.362732067547302,1.188877403193253,1.3048875468076049,1.8639380730661614
2009-07-10,-0.29212923835416565,0.537170912043121,0.05916454538618396,0.4899117288091022
2009-07-13,-1.0774195392242958,-0.3584250183559644,-1.1036725180387035,0.9196900385293505
2009-07-14,2.075336462178187,2.5770568894803545,2.7508571657945713,1.573453953061606
2009-07-15,1.3701504742946413,0.6766340920058563,1.109961511170913,0.9070197163976257
2009-07-16,-0.1509661648647821,0.020106149835613124,0.22674806521230098,-0.5058725218099547
2009-07-17,0.18828024164105578,0.382088413740891,0.5289819415163838,0.6157214062557999
2009-07-20,2.3908236249029753,1.8802516269476637,2.0057120680683584,1.7130505405562053
2009-07-21,-1.657720754689172,-1.5363409114520987,-1.438542816744549,-2.4573405932541683
2009-07-22,2.562726367846865,1.3267983085323205,1.8775519185549296,1.8207878467695042
2009-07-23,0.9621046544314683,1.2535299207360442,1.2412525442851636,0.9849753928999326
2009-07-24,1.3165212556155754,0.07444544221349908,0.4259842797286232,-0.6412403940295941
2009-07-27,1.8394098922853814,1.5522149865080053,2.052913812615173,1.6412803508317235
2009-07-28,0.0919462702878171,0.6762882709407033,0.32509079294438575,1.2574660254267354
2009-07-29,-5.129987647540876,-5.695615834619247,-5.396471894890773,-6.635328220242617
2009-07-30,1.6736906683387096,1.5331052546894037,2.1217673263868515,1.0169543334262636
2009-07-31,2.6881662381299245,2.9559833643494615,2.7086481924439996,3.2456254948422267
2009-08-03,1.4700649486477049,1.3533479030087072,1.3935997611772195,2.3071027121607792
2009-08-04,0.255262951140643,0.34263262433122693,-0.010827012085344877,1.2134216985949802
2009-08-05,-1.2446645724558134,-0.8784529188589605,-1.2136883860283814,-0.0002457397934955798
2009-08-06,-2.1274732624690897,-2.1040473153773043,-2.102167345217021,-1.3338874493871493
2009-08-07,-2.89092856933217,-3.934665497351392,-2.9932051038040983,-3.0928488308017403
2009-08-10,-0.33576819632309335,-0.012408999083713746,-0.29748009159637034,1.0201744969890814
2009-08-11,0.45959165952349396,1.2520672353118665,0.33347822458200005,0.513293731659128
2009-08-12,-4.768012203243041,-4.240635970925202,-4.573274038158067,-4.743600757829329
2009-08-13,0.8904185943971904,1.6637798797038836,1.2699381869143198,0.21196889875276692
2009-08-14,-3.025347376263076,-2.396384472864447,-2.840456950163224,-4.560715863795298
2009-08-17,-5.961613632780924,-6.879003086042132,-6.299646208596886,-7.224932855583393
2009-08-18,1.3923923088981298,0.891564255873183,1.0050367697896478,1.966189823180463
2009-08-19,-4.3999330742078255,-4.903426316661213,-5.090195140676836,-5.314252867924442
2009-08-20,4.423977893867289,3.836454643986768,4.216271289969856,3.8308005788328243
2009-08-21,1.6753480478875329,2.070304785751086,1.8661507749111466,2.7386879693588395
2009-08-24,1.0970517469369379,1.5335862994692544,0.8076870132039905,2.104547961540769
2009-08-25,-2.627566242261133,-3.2626230757092283,-3.77902282389148,-1.5903074596675042
2009-08-26,1.760932064464919,2.5915178155701355,1.991718471676181,3.0845372414053176
2009-08-27,-0.7169459184515276,-0.8143931215854845,-0.5084791534226331,0.9520282629463734
2009-08-28,-2.9521231673908654,-3.8351749239372643,-3.5315160269409547,-2.740042831873136
2009-08-31,-6.982743396027273,-7.855030972670598,-7.371318176613226,-7.446374429903425
2009-09-01,0.5968471245388688,0.2753857161549582,0.47339076802955465,-1.0034928696260348
2009-09-02,1.1577011841167046,1.1677054627998409,1.647222852103862,0.6082650383147776
2009-09-03,4.678919382946881,6.009123652908525,5.420575751042178,4.853242482212492
2009-09-04,0.5814306074507379,1.0088321636826798,0.8216586990962391,1.7818732130678878
2009-09-07,0.6794703933988728,0.9999595309575752,0.8758660504284428,1.0886171549800867
2009-09-08,1.6987124698070504,2.444135131668737,2.1278280101843796,1.841609562085445
2009-09-09,0.5370337270414905,1.0336104195468745,0.7521383645139833,0.5717298698490717
2009-09-10,-0.7283115206323949,-1.3386879418512572,-1.0066428499338067,-0.8819960749336997
2009-09-11,2.1949696621132273,1.744926540778669,2.350351276985719,1.6651592609162202
2009-09-14,1.2282981904111017,2.3594593584468426,1.6921426732191258,2.568719787952
2009-09-15,0.230675280945074,0.4284690702610721,0.28047192216291505,1.0285255722997197
2009-09-16,-1.1277268206993716,-1.1592682646784063,-1.353497635121942,0.1548383307842889
2009-09-17,1.9984262346112935,1.443229702844564,1.8807730664932825,2.2906385122573365
2009-09-18,-3.2408990893935083,-4.059367183130271,-3.6940972843717264,-3.3897362416167254
2009-09-21,0.1463822929726838,0.5645529782425823,0.27807748218433503,1.712647540208858
2009-09-22,-2.3689159372549473,-1.9427511176111432,-2.447268103315127,-2.5593308027539483
2009-09-23,-1.9104212032816081,-3.0173552856869166,-2.2924232382051617,-3.0805115485528147
2009-09-24,0.3802492876637292,0.11814349573116688,0.6793707940657141,-0.75484908377743
2009-09-25,-0.5168315151916761,-0.80245259568017,-0.7297091078145707,-0.8967786417801977
2009-09-28,-2.688666999911659,-2.647582181460607,-2.848396150642342,-2.9307251242295798
2009-09-29,-0.325838851409029,-0.15733897330466146,-0.011774739161077262,-1.8391140580718457
2009-09-30,0.8995411191601679,1.2351494533578213,1.0881638550675938,0.8430968821518434
2009-10-09,4.649810115663396,5.167856483894355,5.153105153845989,5.041012430873692
2009-10-12,-0.5938497008402279,-0.4870657984145713,-0.38256102546684095,0.5971332017719206
2009-10-13,1.430734769806727,1.1093823489335701,1.4768423500987116,1.687252542982645
2009-10-14,1.1627565517668805,0.8470203226413108,0.8988656705547637,0.9132607787237637
2009-10-15,0.3112440163000439,0.28574914309594307,0.37853529947152575,0.3176944831441207
2009-10-16,-0.10610401202273353,0.19290002675073528,0.06387558364790213,0.33686852225008235
2009-10-19,2.0496486368564217,3.6705724093511383,2.6619051562840306,2.4261397183064575
2009-10-20,1.5085084969620635,1.5340027215913992,1.4436496106900727,1.502502200094167
2009-10-21,-0.4503633908644406,0.1299225692986071,-0.2454476351035329,-0.671706103895359
2009-10-22,-0.6265946669017498,-0.5374972454366219,-0.6542014008808722,0.4111381984893135
2009-10-23,1.8327389916626167,1.7161638711481204,1.9504890916517896,1.3567589736261276
2009-10-26,0.05532841737820175,-0.21786186826499507,0.02900040884535766,0.08209624647003533
2009-10-27,-2.874429469211884,-3.1936647168576333,-2.9581765155735997,-2.6860415052898894
2009-10-28,0.3261308833849999,0.7454952259813342,0.4397927032032562,1.0043980757913582
2009-10-29,-2.365342759303538,-2.5279814650300887,-2.5024190715637036,-1.8077783157671619
2009-10-30,1.187995813097493,0.8493202633925417,1.0209329080272236,1.319381311540599
2009-11-02,2.661334506796839,3.346517688178427,3.3699318266134566,3.291892495492298
2009-11-03,1.2140587957561555,1.1277313989523754,1.248656061197163,2.433135929034549
2009-11-04,0.4584511383136528,0.5532936944611198,0.5359032293382521,0.7440406269521558
2009-11-05,0.8437901673555946,-0.22846835943998345,0.3015233102823296,1.0305526775378409
2009-11-06,0.2845348322387469,0.6605171394020871,0.5383368357241313,0.46814708298649754
2009-11-09,0.36437498021260123,0.3773516879972767,0.36596537955472114,0.746278397945462
2009-11-10,0.09505524621173596,0.8797286284952753,0.2282998375722467,0.15743588578252132
2009-11-11,-0.10765212409222967,-0.3394725179676814,-0.23173259696760684,0.40036702045263906
2009-11-12,-0.07057185547160641,0.5581438148241337,0.12350516031730441,0.32569446820184805
2009-11-13,0.46222136817103027,0.6361981595407824,0.5337175766205361,1.2679026396033461
2009-11-16,2.70491679454035,3.228872014337946,2.9977666498796403,2.269796864568807
2009-11-17,0.23909958721841545,-0.20898221612309573,0.07030458716825636,0.5159668322732531
2009-11-18,0.6176645632275634,-0.21037277702428137,0.051800766597289244,0.43732792944359805
2009-11-19,0.5247723340254093,0.41840606137080816,0.3357779597311162,1.5616803854372732
2009-11-20,-0.3698925315129308,-0.03212300217074772,-0.31429402577493376,0.715685630104214
2009-11-23,0.9119953206697453,1.1579882578955318,0.9456633327906799,1.8253996276080904
2009-11-24,-3.509249650303848,-2.939869564820277,-3.256086771110437,-5.453415113507484
2009-11-25,2.0462202795376316,2.6499442066625734,2.272410259960347,3.712047520572529
2009-11-26,-3.6898546797170377,-3.8908424565982367,-4.044174798439023,-4.155797549981945
2009-11-27,-2.384252715039891,-3.143719703965303,-3.007092927102744,-2.6470016540391748
2009-11-30,3.148281890779656,4.633244198110148,3.7473670352851998,4.408491895681366
2009-12-01,1.245922447018967,1.4384320415245269,1.3901955952545837,2.686649204447533
2009-12-02,1.057332478184225,0.8611298045190474,1.0198239867576244,1.449896898388397
2009-12-03,-0.15670962043234926,-0.29506188602419,-0.1794605814542863,0.6633897894603762
2009-12-04,1.5926385798942713,0.9049874803843366,1.4544715700670132,-2.5386934416506355
2009-12-07,0.4469892867681259,1.192649564709496,0.6930796637952505,1.6542107881986394
2009-12-08,-1.06328771296505,-0.8665686889340157,-1.228890321938873,-0.2071452723658511
2009-12-09,-1.7469229772473442,-1.1414998805976537,-1.9375127228148321,-1.6232049980593313
2009-12-10,0.4524302317073463,0.6991823633610095,0.6382773656219624,0.8502814459590089
2009-12-11,-0.21348664896359604,0.050964744962062415,-0.06207828214559822,-0.03968551486717397
2009-12-14,1.6970829668486869,0.4642608309831795,1.0498484660386098,-0.46793147100089355
2009-12-15,-0.8647900447301309,-0.8254663623014235,-0.8173928827355045,0.21909740669114336
2009-12-16,-0.5896180287435289,-1.1703681068346417,-0.6332554763203445,-0.386510078017269
2009-12-17,-2.366494295018787,-2.019901846417466,-2.288737530001231,-3.181656651570522
2009-12-18,-2.071909831209645,-3.6249501859030935,-2.5732332257305313,-3.768939886568186
2009-12-21,0.29117236606628516,0.7419578496628733,0.14377554639521162,1.2508629537344818
2009-12-22,-2.3472404216344267,-2.8346324307628525,-2.7180970750385134,-2.849400643643468
2009-12-23,0.7596006675180232,1.3022555680668597,0.9316510276154649,1.757565018355044
2009-12-24,2.5576332430826145,3.7680290135282077,3.0212030245410193,3.1591774286495102
2009-12-25,-0.3831763166766412,-0.11558456274083607,-0.40911532090769076,0.7083681611245245
2009-12-28,1.4988890665797303,1.3010613402463118,1.5543806488093017,1.609845043617478
2009-12-29,0.717753899654432,0.2967225887260486,0.6393332156351189,0.36786820689502625
2009-12-30,1.5705350027960523,1.0349114007238063,1.6465894143028383,-0.3935055421918859
2009-12-31,0.44466672858845524,0.4059331711421666,0.47150989866378923,0.8775904937507631
2010-01-04,-1.0237940027002173,-1.222259429172135,-1.1377006967381387,0.5618198394762532
2010-01-05,1.177468499198806,-0.11947839054922559,0.8116372008927653,1.0355175950474205
2010-01-06,-0.8555220162984963,-0.09029493007994564,-0.6279424554713665,-0.15810696592506532
2010-01-07,-1.9060604969395063,-2.0172213058620545,-2.004005358727541,-2.022836204454337
2010-01-08,0.10080172654726133,0.24118108866617166,0.2494394662342794,1.2322955793988093
2010-01-11,0.5227240301085254,-0.8048164165741966,0.055155139587697945,0.6293217493062271
2010-01-12,1.8876047598610508,1.6589724140910078,1.506946745157382,2.105804090584973
2010-01-13,-3.143296305690455,-2.76320803941259,-3.2716839393308743,-1.0532400072365269
2010-01-14,1.3428063406297943,1.4311810504603166,1.3906952394719558,2.6455796088836028
2010-01-15,0.2670933463551827,0.45472895918285633,0.3938559046485497,0.7091741085981816
2010-01-18,0.40085176522425764,0.7297441033832888,0.513789503278938,1.7002072965120991
2010-01-19,0.30135880931057096,-0.08123632391571263,0.19405955725944182,0.01987766957435596
2010-01-20,-2.9701873331256308,-3.3088104521612474,-3.27619779580408,-3.7753307787187564
2010-01-21,0.22216209850280502,0.007741945477347897,0.41569955497033256,0.3464162085827116
2010-01-22,-0.962877919320606,-2.518134597552305,-1.2508336792956622,-2.8101520100401447
2010-01-25,-1.0985165906705852,-1.0033543666842968,-1.140998394778865,-1.257800115879076
2010-01-26,-2.4542433686137515,-2.497861544737711,-2.5937373630725045,-4.257475036579711
2010-01-27,-1.0915859305289348,-0.9564976386207477,-1.373331920412349,-0.6370408006726888
2010-01-28,0.2518080166803722,0.6099179507300432,0.2497995097682665,1.610311556412955
2010-01-29,-0.1621144080299583,0.13785327078126425,-0.075186448767345,0.8786617935696174
2010-02-01,-1.6163841585823173,-1.2276378764580949,-1.618756510039131,-0.9942627409418944
2010-02-02,-0.2263418522594431,-0.6374372894472918,-0.20702034731736327,-0.6857323289020146
2010-02-03,2.3282829263953526,2.8927168469835602,2.651282564675638,1.4151664069736507
2010-02-04,-0.28437381123657746,-0.7620355269095234,-0.36964033206516955,1.0342655400169407
2010-02-05,-1.88422531636772,-2.0953478104049483,-2.0625694890718553,-2.228372210339192
2010-02-08,-0.1440105652346033,0.25309594947093655,-0.0666235224704459,-0.009278395957555058
2010-02-09,0.4646499443254114,0.1931617999869531,0.5759345559113342,0.023194375931731015
2010-02-10,1.135000230857894,1.779659501780706,1.4080679803615717,1.2528194061681073
2010-02-11,0.10053620149759156,0.32134425140455225,0.19488609065419973,-0.22309436189663318
2010-02-12,1.087019729708008,0.6537489782948473,0.9543189514764936,1.36105530545183
2010-02-22,-0.4892454037946822,-0.7442632380143219,-0.5530013491336069,0.07537543774136837
2010-02-23,-0.6956282498889156,-1.1887590957365317,-1.0796158333110013,0.8922526534570152
2010-02-24,1.3189727514753131,1.7484522242465754,1.4232497648070452,2.1546093628853504
2010-02-25,1.2639084539945964,1.7128035533721502,1.4579680924980871,1.6043887480215098
2010-02-26,-0.2840055830730721,-0.4621576695359971,-0.3182332540562966,0.10146104766498858
2010-03-01,1.169436335954046,1.2116071065035423,1.2942783635351855,1.1071957791466458
2010-03-02,-0.478173920152362,-0.31308243642849926,-0.397248120981554,0.08574573716379917
2010-03-03,0.774705176993736,0.5069640770231315,0.7173925493844218,1.4423367668776377
2010-03-04,-2.4065026637526894,-2.4056768863013693,-2.5666301506929288,-3.6796215322404957
2010-03-05,0.25435892176599834,0.23403322757625855,0.28232074577091587,0.3932065502837503
2010-03-08,0.7284354153279425,0.7734717210349631,0.807222292357327,1.0798049010077169
2010-03-09,0.5197345411637441,0.5619526013430398,0.5970855294503901,0.11916636495990757
2010-03-10,-0.6606682666554738,-0.931839793571524,-0.7947745520362065,-1.3206630574461995
2010-03-11,0.07704653171777857,-0.19354318394032483,-0.09090355088796218,-0.7884902658759789
2010-03-12,-1.2488846822552309,-1.6186653171766363,-1.3389161959647564,-1.546234148994524
2010-03-15,-1.2176400577633921,-2.2082580771518234,-1.557001114067539,-0.8516282603232266
2010-03-16,0.5326842060237974,0.38093143985071887,0.6509968741227665,0.8206854963978112
2010-03-17,1.9076185913230637,2.35726532751468,2.1597377842041525,2.735931865448801
2010-03-18,-0.14401543027487768,0.024192395042486874,-0.19445146982036934,0.3222669599967596
2010-03-19,0.7085592891236914,0.9450387845385896,0.8019636271219732,0.7089977358822752
2010-03-22,0.22239126894768585,-0.003804840810367934,0.26559554762350057,0.562321747719681
2010-03-23,-0.7001012650001964,-0.3850365479813478,-0.8227221013160533,-0.6753811974905426
2010-03-24,0.12045946261299031,-0.12148802349042283,0.03357630399172919,0.5232464275501061
2010-03-25,-1.2386617201246943,-1.6666956759686795,-1.4614911676266673,-1.3396848192145523
2010-03-26,1.3338137170758133,1.2616466924807765,1.4105117979035797,1.422075432199722
2010-03-29,2.0726800931849043,2.517717723215697,2.5188486645546693,0.7795553869482943
2010-03-30,0.1493857708789931,0.322841473796266,0.24296506506364654,0.43958528881294356
2010-03-31,-0.6207555548060807,-0.7867738261024904,-0.6286967695155175,0.24714293181306726
2010-04-01,1.224655801351634,1.522721069826425,1.375299040572143,1.4828041036419866
2010-04-02,0.3343179893043669,0.6427322911329907,0.45328339827332054,0.33028687608217194
2010-04-06,0.02279693011214155,-0.5105485222950632,-0.06458715820851003,0.20049346243033256
2010-04-07,-0.3317005054949419,-0.5594688482421754,-0.5359180094485236,0.2210664366924606
2010-04-08,-0.9417758970806547,-1.6359377205827235,-1.1943073694128827,0.026314274823524136
2010-04-09,0.8505716934587432,1.0257025685055867,0.9643379503434295,1.5149054003719105
2010-04-12,-0.5128616843926763,-1.249659610820938,-0.8228077888612372,0.7503393561770005
2010-04-13,1.0170964127237396,0.9047437803502889,1.19351280318193,-1.1420611689684894
2010-04-14,0.1558294915192884,0.3654631048036415,0.35288458397402284,1.164765860397759
2010-04-15,-0.03822370389999592,-0.35427437408153123,-0.26889170516832167,-1.2688878389300458
2010-04-16,-1.101473027379771,-0.7736053005389045,-1.132898102310601,-0.3277147903828278
2010-04-19,-4.91048800131796,-6.4214390801701065,-5.50933386622777,-4.3778522590644915
2010-04-20,-0.02583966335563833,-0.9109966745757629,-0.0960661765054718,1.294466398475057
2010-04-21,1.7878972324842768,1.9552837389129367,1.9753998400849564,2.987599727957513
2010-04-22,-1.1205601971721795,-0.5356460270723227,-1.09161690490695,0.17210425638007437
2010-04-23,-0.532842534846187,-0.009313520889299516,-0.3611027245285777,-0.7832882079544339
2010-04-26,-0.47169264885783224,-0.86023143158767,-0.5658613024151704,0.0491228296405874
2010-04-27,-2.095210061905141,-2.1541036761145858,-2.0250962335648666,-2.6502151748444667
2010-04-28,-0.2616964232793948,-0.18969366468371193,-0.3564434238497424,-0.5255097404232162
2010-04-29,-1.1059681857984556,-1.2205990814945065,-1.2112383583260158,-3.29984240535047
2010-04-30,0.07597089774075842,-0.3024302706440028,0.2385993301584372,-2.727255900467868
2010-05-04,-1.2383853006525525,-1.8240995096326946,-1.574582132101579,-0.10256052814908916
2010-05-05,0.7683926760722571,0.3911771702610469,0.5594614185556747,2.904546248743704
2010-05-06,-4.197619914103254,-5.42616186966823,-4.704191801617124,-3.228697105598382
2010-05-07,-1.8909643637660136,-2.685076805202706,-2.095426053225914,-1.5739378611401642
2010-05-10,0.3853626542330573,1.1525579216214688,0.7529420894019998,-1.894516788135191
2010-05-11,-1.9150170077526212,-1.6983741769387846,-2.029032067717758,-2.9659413752300434
2010-05-12,0.3069800724228409,0.547787372536757,0.6171958271589952,-2.4877700959736937
2010-05-13,2.0424770161764907,2.637521083849527,2.4102536244244948,2.8127448766560215
2010-05-14,-0.5133963791181947,-0.845100569244885,-0.6564829751811277,0.647276277345284
2010-05-17,-5.2022930908851786,-5.967518235581205,-5.493307890126433,-6.646158945378386
2010-05-18,1.3521820236296227,2.7575366989124186,2.064574878412956,1.4300627843689737
2010-05-19,-0.26897764254047124,-0.1241297450085706,-0.33179634018824383,0.13158012497776753
2010-05-20,-1.239189611715355,-0.45995080322228743,-1.3173932690158934,-1.9323733189535255
2010-05-21,1.0732748089812092,2.615132590877698,1.5567731654968053,2.058256369885724
2010-05-24,3.420574148627514,3.9474715935041322,3.7109957021926028,4.446912145200073
2010-05-25,-1.9180920557717127,-2.429432108922739,-2.0934722178213834,-0.7263046838608118
2010-05-26,0.12041720677236557,-0.034061967055694774,0.0,0.273254249208366
2010-05-27,1.1409307531173394,1.737711646014807,1.6228995297056399,1.7692042539794168
2010-05-28,-0.005647919966711126,-0.4532546884692854,-0.3390379901640532,0.3946084827583282
2010-05-31,-2.4246984292988363,-2.816442533508888,-2.740072839096524,-3.1409062732676287
2010-06-01,-0.9251233034149507,-1.0414513550399578,-1.0548506306077623,-1.932865841623169
2010-06-02,0.12218613501385694,0.8842351955977987,0.48603343044705494,1.426268503669824
2010-06-03,-0.7322322766329677,-0.6904329467251544,-0.7809112407192145,-0.7282268612857737
2010-06-04,0.03642594899519121,0.6812061068229527,0.3032588945342882,0.8608642350319702
2010-06-07,-1.6528453472892821,-1.928020606242798,-1.789349795453064,-0.40359738720087923
2010-06-08,0.08834625938751904,0.4603768717746706,0.13419685947017684,0.8983314892586741
2010-06-09,2.7433053710694835,3.0170475347193992,3.020952269702335,2.465153913928297
2010-06-10,-0.8273711567859029,-1.2062285961643813,-1.16086370021429,0.2771638142251088
2010-06-11,0.28679888416945004,0.16724054617533704,0.32129912245266845,-0.6072520581200195
2010-06-17,-0.3777642357687382,-0.7544505119058571,-0.5867400866464978,-1.2647533401740818
2010-06-18,-1.8540110476563891,-1.9458200046517462,-1.7121527295455643,-4.261793340141049
2010-06-21,2.8628684052270352,3.384298734364058,3.085606215526385,2.8473343539838973
2010-06-22,0.09623356511178958,0.34800056035155563,0.10998531043772906,0.7969101751793081
2010-06-23,-0.7300505230089893,-0.866724967999469,-0.9101108971205542,-0.6123494200422307
2010-06-24,-0.12148067732074351,-0.05237192769887188,-0.036258158482791625,0.017826900840512895
2010-06-25,-0.5441876711101501,-1.435197924854804,-0.7721483850152889,-1.6463252805372364
2010-06-28,-0.6894545893329029,-0.9223160999094691,-0.7155632789457615,-1.6784272481399964
2010-06-29,-4.362755649453253,-5.156111256532003,-4.700986099626751,-5.8314650805646915
2010-06-30,-1.188718814890044,-1.29098922789258,-1.1231735756617234,-1.9596813819294119
2010-07-01,-1.0301505972494205,-1.969096774787972,-1.4541023411382492,-1.5918257190505432
2010-07-02,0.3830399348479664,0.26020262296461205,0.31777552441790274,-0.5842481410740477
2010-07-05,-0.798428459710083,-0.61808172453678,-0.8504517490153362,-0.6070407173900917
2010-07-06,1.9052105909986934,2.071828526961722,1.9801456747877415,2.806853320482365
2010-07-07,0.48441883845276523,1.2989049076480452,0.683599829710245,1.444501612539691
2010-07-08,-0.2468846045552433,-0.20716340860676064,-0.17686762814063145,-0.5479318009652232
2010-07-09,2.282915394899837,3.6416012620454032,2.7257949289431096,2.9114999066400298
2010-07-12,0.7981274379483552,1.4397439644014247,1.0940649995166905,1.094939580739018
2010-07-13,-1.6365440406689329,-1.593679388827426,-1.5677778980055703,-1.5912315812527384
2010-07-14,0.8189887528367563,0.019994409792866364,0.7193404945301942,0.9273921027605398
2010-07-15,-1.8853449501705553,-0.8706953986929635,-1.7137966416458847,-2.3455162520111643
2010-07-16,-0.0012374782668133346,0.9004755763294872,0.2913115857212528,0.5880305166242387
2010-07-19,2.0879630450742095,2.9188546642129984,2.504188531294969,2.233853516983401
2010-07-20,2.1307121829121636,2.37164879304645,2.1767203999177114,2.7986075218101956
2010-07-21,0.263027094131645,-0.1480868039779935,0.2127954979092165,0.20402520606329133
2010-07-22,1.060075053263003,1.4199191239928408,1.228167801040668,1.4649347067948222
2010-07-23,0.3747248485481568,0.5350560295947786,0.4230080737532671,-0.05950210113403771
2010-07-26,0.645262290281168,0.5983233027388305,0.6416706824784528,1.3756375297956482
2010-07-27,-0.515488017104377,-0.23556847433507533,-0.5471960118385939,-0.05479149271897382
2010-07-28,2.238130063036769,2.4212804537631842,2.403180266052985,2.2709749188747375
2010-07-29,0.5475440524377458,0.1268459296890736,0.4967180214777113,0.759185874037439
2010-07-30,-0.40184554663264077,-0.495370565527631,-0.31774065637248844,-0.06940825569009053
2010-08-02,1.3190348716436526,2.0137357279773282,1.6740422701779236,1.815151567517009
2010-08-03,-1.7179336815218522,-1.5941394878097863,-1.774481350815573,-1.7552811101287962
2010-08-04,0.4375643195884674,0.3656964927214765,0.36430800950076264,1.2881546100172607
2010-08-05,-0.6753801854410031,-0.9455456828457061,-0.893976194353755,0.468532333852991
2010-08-06,1.4256324345145344,1.6107383337235548,1.6293334772385193,2.0420539427831863
2010-08-09,0.5304912908376258,0.6783163245797155,0.7077180109093616,1.312738502841391
2010-08-10,-2.933503185020735,-2.779572304165205,-2.97715558331121,-3.8598191109002977
2010-08-11,0.470135044459876,0.8478808829700188,0.618353677609908,1.2040836642398143
2010-08-12,-1.2355983381869722,-1.1785128476888536,-1.1936752752012378,-1.3188332365062112
2010-08-13,1.204912902021205,1.9155213282180692,1.380854601324542,1.902297271176949
2010-08-16,2.088371986119302,2.523515686615237,2.303122242382403,2.292937369274383
2010-08-17,0.38173137699910886,1.0440799873448467,0.6892498259439608,0.775585236021808
2010-08-18,-0.20943436045823147,0.0031908811709668375,-0.16769709609784145,-0.014133657309267873
2010-08-19,0.8098238599297494,0.3436639301578178,0.6122786727340896,0.09777298163460464
2010-08-20,-1.7136447588146513,-2.058914501274883,-1.9499296436177742,-2.149811671004508
2010-08-23,-0.11132822524849134,-0.1046491372639126,-0.07386289450355085,0.8692018989310163
2010-08-24,0.41363619720465256,1.2145611352466879,0.5385669403249862,1.168701135244571
2010-08-25,-2.048141975413021,-2.2568132927381064,-2.3914882042943986,-1.9989787185803483
2010-08-26,0.26538170904096636,0.4141361771589411,0.24837052628338716,0.7066973767857001
2010-08-27,0.27846944284996944,0.22899436704539056,0.2970927060755764,0.7283696500367525
2010-08-30,1.5929204085972621,2.404980076485201,1.9551750538224923,2.7066161380045566
2010-08-31,-0.5238641772620362,0.3125162643941095,-0.40631178925746053,0.7934578960672857
2010-09-01,-0.6051317670569717,-0.1762776055663433,-0.6618043483688969,-1.2952617178786638
2010-09-02,1.246544616217357,1.285224036186137,1.2867441460312146,2.079014287814653
2010-09-03,-0.01468602965829445,0.016919411314628374,-0.040399890990459174,0.8087585909695734
2010-09-06,1.5270382159629492,1.634673865291346,1.8618759138399814,-0.23618034536576263
2010-09-07,0.07822623350339714,0.22811827819407493,0.26920898404361876,0.5996653167378746
2010-09-08,-0.11383758054506535,0.3424842316984967,-0.07176295729904632,0.8604015496855636
2010-09-09,-1.4552805210031665,-2.220451384937247,-1.8455249456905471,-1.3300986527423095
2010-09-10,0.25791621121936187,0.5708750024243467,0.20788502471308828,1.0103339916761547
2010-09-13,0.9384301041370956,1.3725521594411842,1.0100393423126899,1.7774032944928433
2010-09-14,0.0074393138011268,-0.21356624215517614,0.09076600036370668,0.3278756385653765
2010-09-15,-1.3488264826355376,-2.1953856715204476,-1.7631704420931409,-1.5789647176839272
2010-09-16,-1.9041597442976663,-2.197808887372335,-1.920010185292628,-2.5527397116087878
2010-09-17,-0.14535221625593336,0.39540071369547425,0.12519322654333356,-0.1612691775233225
2010-09-20,-0.3847789764901921,-0.5181020401297619,-0.40411877381862327,-1.1001999229214818
2010-09-21,0.10964701712006149,0.5403153513470722,0.2680774158552851,-0.14066183702657498
2010-09-27,1.3955532725328557,1.7601264281550937,1.6503599735701115,2.752355876765278
2010-09-28,-0.6344356041392633,-1.1930860125997431,-0.8337500811559482,-0.4127386473444444
2010-09-29,-0.025660519134379618,-0.45007820989358266,-0.2119631352414138,-1.385252775994363
2010-09-30,1.7082487572397294,2.1565765009692273,2.091505715166299,1.5196602440330693
2010-10-08,3.0804749248344145,3.7885771678406592,3.6346353360115593,2.277429693866345
2010-10-11,2.4596961397602177,2.7023859048117305,2.8711097550744196,0.4434392903110699
2010-10-12,1.2205485823796132,1.1022043708749756,1.263332283701969,0.351634879199176
2010-10-13,0.6996628439856405,1.8395571959581567,1.4037108195408612,0.6369560578268214
2010-10-14,0.6368250053351427,-0.7589626690036605,0.20367238152873868,-3.303898860999208
2010-10-15,3.1287162616935387,2.0400965365406987,3.160911647053958,0.253975165864566
2010-10-18,-0.5375966943142869,-0.9146713532219833,-0.648796940778398,-1.175173712635424
2010-10-19,1.5652283265523455,2.505491241141967,2.0806428058871136,3.0159743242611023
2010-10-20,0.06993240153132238,1.2246031519112701,0.6263540126658353,0.32550588660305746
2010-10-21,-0.682092605571454,-0.1409216845201349,-0.655389501347468,0.8228139720481897
2010-10-22,-0.2849678948262229,0.8616232372048428,0.11757129298232061,0.9088041725523571
2010-10-25,2.534957175861545,3.7781607036452516,2.986340928314934,2.44169178778354
2010-10-26,-0.32430899462710394,-0.030876604517935537,-0.4318318078130223,0.9487708867995839
2010-10-27,-1.4735494552323103,-2.043987512296928,-1.811125277126434,-1.023421129877493
2010-10-28,-0.14925799523022173,-0.05309102930944516,-0.1817230664935212,0.09645440775974053
2010-10-29,-0.460192860274825,-0.5802583538469169,-0.522599663498702,1.1118872431728968
2010-11-01,2.492479257314455,2.7778693034162645,2.7148981444279423,2.8093455383415913
2010-11-02,-0.2816649264793526,-0.7105483189763798,-0.28459693407914666,-0.5101914157508131
2010-11-03,-0.47528074696290695,-1.8770364943986386,-1.2432843083317286,-1.4512098493446721
2010-11-04,1.8291010156118195,1.5045990461649164,1.7438873435037965,2.513195320009068
2010-11-05,1.3692938397452104,1.0072136578372013,1.1509401741878538,1.583893560777061
2010-11-08,0.9543704901507448,0.536952837383487,0.7856468918649485,2.221473740522142
2010-11-09,-0.778777819924246,-0.6759082894419389,-0.6962185882365209,0.6743806828582005
2010-11-10,-0.6284458699710065,-0.06280094604756854,-0.7073869106040712,0.30860333204419865
2010-11-11,1.0340019637083453,-0.15143873314079992,0.31016890108545797,-0.8172247546374398
2010-11-12,-5.2937595355455525,-7.2606381395526345,-6.416669831464632,-6.236518923546996
2010-11-15,0.9656983137368794,0.638742580287485,0.6980799442307196,2.779912883109645
2010-11-16,-4.0577919050245,-4.72264779982567,-4.48379736339432,-3.619238573558553
2010-11-17,-1.9423640617453293,-2.48434555353513,-2.0923859894307553,-4.285483325286439
2010-11-18,0.932284275916106,1.9005178149567117,1.4092016938871146,1.5641521355222459
2010-11-19,0.8036164081414672,1.2249559928852478,0.9764872172050391,2.968831192946343
2010-11-22,-0.1455064747260436,0.06260315496701882,-0.217610808319204,1.3612806357429648
2010-11-23,-1.9637752195627824,-1.9793833125047247,-2.0627825652062763,-1.7120208711176161
2010-11-24,1.1131892556559708,2.8220018325093603,2.2234383271376794,2.7834024475517554
2010-11-25,1.330991132967644,1.5706547243785587,1.4511575610821896,1.0254285358738953
2010-11-26,-0.9206368014924899,-0.5175986346406579,-0.8921382942536353,-0.6133058110645326
2010-11-29,-0.1861256780724721,-0.019620698464102013,-0.15035477154730983,0.4028106702699964
2010-11-30,-1.6242219424524333,-1.6103052759940513,-1.677284921065422,-2.66183522770317
2010-12-01,0.11588287559375732,-0.21025160433240267,-0.030926142560939392,0.11654602735744352
2010-12-02,0.7114830279859035,0.7980818592662496,0.605303322614863,0.4222200975070538
2010-12-03,-0.04150516060174867,0.2734588268891112,0.09820662828636878,-0.7446175869544088
2010-12-06,0.517580428417724,-0.16255268342679263,0.23435546398924884,-1.6574626487561317
2010-12-07,0.6516635539329488,1.8677732851085027,1.0923919993799265,1.3473970588316362
2010-12-08,-0.9541667071126578,-0.3291339254552094,-0.8932582125996532,-0.2877529793267926
2010-12-09,-1.3287588380500486,-2.099827720116805,-1.541192492778986,-2.0941744118427046
2010-12-10,1.0647677820508685,0.863962546129984,1.2285866548824316,1.4848229674541178
2010-12-13,2.8423197947106744,3.505595214038957,3.085388224535988,2.7374463201734045
2010-12-14,0.14119588057293733,0.16723680752957593,0.25755963602080917,1.2476344453756476
2010-12-15,-0.5367839159052532,-0.7552456734749776,-0.6699313544070267,-0.25509048918897753
2010-12-16,-0.45683480057892545,-0.26286803371977563,-0.5239032653661092,-0.26475172750444365
2010-12-17,-0.15193687874897951,-0.28236844967250796,-0.15519655920900804,0.22000566068281763
2010-12-20,-1.4206751943633094,-1.5961851144515569,-1.4677856135085254,-1.24733739522892
2010-12-21,1.7787387243595063,2.4767290362858727,2.2044491406805338,1.141128774310176
2010-12-22,-0.9069556912981378,-0.8229568197533637,-1.053689895340231,-0.9281295556441083
2010-12-23,-0.7911963577355342,-0.9631135622776763,-0.8382231631826595,-2.0504307746732238
2010-12-24,-0.7050524955562781,-0.6962331453848554,-0.8076787137218643,-1.5501659179566907
2010-12-27,-1.9143974914583,-2.040775506051225,-2.0199739293525942,-2.8842066005923064
2010-12-28,-1.7558150105939445,-1.9649345467733004,-1.7830646336207074,-2.487150821710835
2010-12-29,0.6760872645543403,0.41988021168203316,0.5534864033914962,1.719202819834451
2010-12-30,0.2921373634412942,0.20071369752061255,0.07411119956967979,0.3310856025430646
2010-12-31,1.7422481549831033,2.5991962224992653,2.0723051011890465,2.216735367824423
2011-01-04,1.5747411036664118,2.0336726774812197,1.9443658852020214,1.5034128418402561
2011-01-05,-0.4940936809453983,-0.5274015128337656,-0.4405113527802232,0.34401499226623183
2011-01-06,-0.508231136041727,-0.3800016375966163,-0.5057387699243256,-0.548154173375445
2011-01-07,0.5156289015676474,-0.20434112681182764,0.2206675929341662,-0.5240368753560039
2011-01-10,-1.6691296660109596,-1.9497025966254906,-1.8624209789677104,-2.949110794542221
2011-01-11,0.43746696738243107,0.43703968969138407,0.5368119662664581,-0.5342822230281311
2011-01-12,0.6136515409867825,0.20011984827608303,0.5559062448689394,0.5967813196534805
2011-01-13,0.226588071497299,0.10759738358728661,-0.03373851410667349,-0.14119588198851987
2011-01-14,-1.2945429536379547,-1.0451795174810576,-1.5857508605340198,-2.164020452125979
2011-01-17,-3.0806364822610535,-4.658171925800151,-3.8747323832174683,-4.404314845633929
2011-01-18,0.0856777829368304,0.31455543435830846,0.11088710813639123,0.37651021029826204
2011-01-19,1.7969856594259797,2.474816025027268,2.23172400525986,2.3768821418498955
2011-01-20,-2.960249269235065,-4.230342328634537,-3.344129859630139,-3.6992418647419942
2011-01-21,1.3959217498472962,0.6310267549027683,1.30733605494454,0.6447268895513572
2011-01-24,-0.7233431588282381,-1.3060913206459916,-0.98456592115814,-2.4217282200461394
2011-01-25,-0.6807950882562173,-0.37104434970616823,-0.5287749386298144,-1.294923024453425
2011-01-26,1.1652044854346295,1.3304000264048343,1.3446023827788283,1.8931075927788759
2011-01-27,1.4782348929439966,1.6727040993226965,1.6000607812561833,1.7456226942565058
2011-01-28,0.13086390206150295,0.8349718153494161,0.33876477383023174,1.0032102628364978
2011-01-31,1.3688465073138802,0.840980957487217,1.30112660413955,1.368064162144948
2011-02-01,0.295904252834999,-0.026431876162543284,0.02502522848580708,0.426773964468964
2011-02-09,-0.8932363720119154,-1.542755973550175,-1.1876123324744443,-0.45150125940718866
2011-02-10,1.5768633828389635,3.0244472792160915,2.057318078407988,2.6597056299253965
2011-02-11,0.3248613695046755,0.9972694351033297,0.5397499417257827,1.1100044857243097
2011-02-14,2.507788856705669,3.558544397448349,3.097359633704812,1.7742933606237958
2011-02-15,0.003794169741258771,-0.20605617329240647,-0.04567479933555846,-0.05768723619487496
2011-02-16,0.8469707895467136,1.3540365761347914,0.9545091182153324,1.689654506174227
2011-02-17,0.10460001705731736,-0.7519936532497207,-0.08068440518765667,0.700394708350673
2011-02-18,-0.9326021169559421,-1.3797069042133028,-1.053930678923925,-0.9276009188260391
2011-02-21,1.1131725842157856,2.0354173158088003,1.4229450002659687,2.0340431242299166
2011-02-22,-2.6516083293909247,-3.149815744479593,-2.938158775750724,-2.6772170223722354
2011-02-23,0.24868195707285606,0.15525092399602283,0.3521441496330014,1.4018094186815109
2011-02-24,0.556328215013649,0.6838168031120953,0.5089805008495697,0.9727471802122613
2011-02-25,-0.0010421787093281825,0.4398652039777345,0.20912388502131474,0.10078992715496311
2011-02-28,0.9156958800373602,2.1034346516470492,1.3030735026677593,1.2324393430906404
2011-03-01,0.4763082990583517,0.3580500793186819,0.47209628135585674,0.5330005326983623
2011-03-02,-0.17521816738880186,-0.5300258372130573,-0.3567150941972119,-0.267808956312347
2011-03-03,-0.37237075823815236,-1.4239582111024887,-0.6675951551163911,-1.9706522110448
2011-03-04,1.3457191530398407,1.5292576860706975,1.5079478454291235,1.1625003021380012
2011-03-07,1.8153169532059377,1.8978303955577494,1.9330885148268768,1.3841275189599827
2011-03-08,0.12441318116217684,0.02510932078784086,0.08842965997258999,0.5335809763397904
2011-03-09,0.07364101837438847,0.10675832877218143,0.04193927254896286,0.3021135735148487
2011-03-10,-1.5106113619882557,-1.1723524637950693,-1.7706743814139805,-0.7353216444441714
2011-03-11,-0.7924073960442991,-1.2133419886611194,-1.0074170168430943,-0.07118434711800488
2011-03-14,0.13046227386632142,0.8546023908540531,0.4773982616535986,0.9736964125286219
2011-03-15,-1.4182884311087463,-1.9714934385030538,-1.8234955261600116,-1.137651943712865
2011-03-16,1.185517380457069,1.254793835219937,1.3713452024690103,1.3170656249655497
2011-03-17,-1.1496154475808829,-1.685856354357812,-1.5856847845482307,-1.8485525152154731
2011-03-18,0.3304512335653957,0.5621814018531721,0.5797804722903726,0.44570235622898113
2011-03-21,0.07737236954576913,-0.6170552092899507,-0.2671733544181284,-0.7993744735380585
2011-03-22,0.3431547493576176,0.18592719430089105,0.4929971867286957,-0.005898591418069296
2011-03-23,1.000073097280962,1.397517883527033,1.2938131029718176,1.3578761826793457
2011-03-24,-0.060048956969555936,-0.5782896930513329,-0.41649526391146446,0.26964741363980355
2011-03-25,1.0498837261903589,1.3270251395924215,1.3174970279880727,0.83012649189537
2011-03-28,0.20799025247649314,-0.5155411283436161,-0.1187538578903936,-0.24587263512629454
2011-03-29,-0.872762431856409,-1.5490388644745179,-0.9953430624882083,-1.7147655561592823
2011-03-30,-0.0781217013445651,-0.12936668572167156,-0.05833535625649694,-0.9159139080694613
2011-03-31,-0.9402028510918807,-0.7795752473358197,-1.0121440796423187,-1.274737950461615
2011-04-01,1.333235478296752,1.0808297021926143,1.5221921924123007,1.285202301094045
2011-04-06,1.1376000794559538,0.32586135361096324,1.1646900999950844,-0.1430417554317719
2011-04-07,0.2179966150276889,1.1688081456395427,0.402382281117117,0.6289198751755751
2011-04-08,0.7323734732350703,1.122938614574377,0.8667605456298926,1.1534964373277696
2011-04-11,-0.24022070873404044,-0.8565115409618145,-0.5961024352702424,-0.8124117171939594
2011-04-12,-0.04566421659331678,-0.17678992743873317,-0.1999940608350412,0.14322613389951486
2011-04-13,0.9562358654931186,1.5371606644491658,1.351307360009219,0.9873938038957206
2011-04-14,-0.2547169949851396,-0.8442600755295411,-0.5492468744703519,-0.2780127574870432
2011-04-15,0.25897864034149376,-0.20171301038302286,0.160297985907265,0.22398293519728285
2011-04-18,0.22266400374241743,0.2740394550826904,0.014884540645911644,0.31852857955995406
2011-04-19,-1.9249748595020366,-1.5665865757962982,-1.9122328663429933,-1.2190499123456957
2011-04-20,0.2663968755378716,-0.3552607355039544,-0.0015170892519027845,0.7062377068610755
2011-04-21,0.6506799053508668,0.35143230991225166,0.6535506460226636,0.6906843465262145
2011-04-22,-0.5350183951058419,-0.708274399854614,-0.5268013833330181,-0.444113340228007
2011-04-25,-1.5252652413921428,-1.5895526824740576,-1.5381606593057884,-2.1595983670917023
2011-04-26,-0.8797586523192329,-0.47707119796894426,-0.5743373198266525,-1.6797830270731464
2011-04-27,-0.46279405769371557,-0.7223694066876903,-0.6664144927941342,-1.154800284078475
2011-04-28,-1.3202886003123022,-1.7107393550816439,-1.4980001620536525,-3.2701498647975837
2011-04-29,0.8440091146975673,1.3387363174424232,0.9738057912463649,1.698279714439602
2011-05-03,0.707773716282971,0.8931817978425819,0.5749682056184569,1.7156560135471826
2011-05-04,-2.282527635895118,-2.8829617589562733,-2.589984774931565,-2.173402379635607
2011-05-05,0.22236095053318394,0.12899274859096452,-0.09304333900654674,0.25783073589323685
2011-05-06,-0.2967076714454662,-0.15219266318675398,-0.1510999852110033,0.47038583484379737
2011-05-09,0.2987964951940578,0.47452576619254805,0.26747051695961305,0.8203424071504463
2011-05-10,0.6305665955375317,0.7553251655061711,0.7467828650495971,0.5862225321765668
2011-05-11,-0.24973818194669994,-0.11728304393254885,-0.258164635131247,0.21973656710737888
2011-05-12,-1.373744868683136,-1.0744565840723002,-1.392439922051362,-1.341550903016682
2011-05-13,0.9431209464538928,0.6966937835621054,0.8504487273081998,0.7937492269792975
2011-05-16,-0.7678225166624172,-0.8705495569441214,-0.887210706806591,-0.03774250881514226
2011-05-17,0.12978268486462982,0.6390495756470931,0.5009268110413275,-0.5475395943240806
2011-05-18,0.6986269014459747,0.8390311787152472,0.7465572504592982,0.6592976538611462
2011-05-19,-0.46054572238393354,-0.5951929923975269,-0.5987219203999294,-0.5374994547042403
2011-05-20,-0.03882456069461352,0.024014007189672105,0.030758189610419873,-0.3428077436389237
2011-05-23,-2.978723803414029,-3.50482381573597,-3.2102591055700223,-3.8496923655044326
2011-05-24,-0.27103955325505347,0.06580933154986651,0.10712161310011262,-0.1593308868968649
2011-05-25,-0.9192629358156349,-1.1512906349988266,-1.1927222649595506,-1.1480262952620455
2011-05-26,-0.19020608954079543,-0.7320482080040505,-0.40075647733637454,-0.9967781614362761
2011-05-27,-0.9760509913667932,-0.3300122308422303,-0.5072641728096027,-3.200733577354086
2011-05-30,-0.1325625943020446,-0.1262465928736533,-0.29740703456345174,-1.9111722195464407
2011-05-31,1.3618983926101444,1.6154451726739836,1.5799337049639899,2.258060996219314
2011-06-01,0.003644952470245587,0.2969404667716444,0.08691699974230377,1.043302428112511
2011-06-02,-1.40915385220783,-1.6660480551803896,-1.6262430787130437,-1.3651316317280724
2011-06-03,0.8407617810034401,1.1739775385162912,1.0313013186524758,1.7054642232104054
2011-06-07,0.5949962001034426,0.8455527407319068,0.5979375509745692,0.9079423944928314
2011-06-08,0.2180327330320175,0.1688341486797132,0.14601917474284234,0.3440077067616812
2011-06-09,-1.7214615995674483,-2.1303272303642418,-1.9045829997633046,-2.3558414036955475
2011-06-10,0.0661922298222274,0.694004234437014,0.33954397144103254,0.27605448092655854
2011-06-13,-0.17611631185672494,-0.6177730052893732,-0.39172755038553037,-0.005817960493221429
2011-06-14,1.0923757256205444,1.8067045088812763,1.4539507227954733,1.6016360610761067
2011-06-15,-0.9055396559461385,-0.9942685153265104,-1.0220547344726862,-0.9125533565395839
2011-06-16,-1.5327012284625952,-1.5615475406413486,-1.5488261725537427,-2.1917719190315097
2011-06-17,-0.8087323383940689,-0.23488584960392908,-0.8750877738841728,-1.4822612681845024
2011-06-20,-0.8195225642159994,-0.707986084945936,-0.5985736765033921,-1.3607262780018508
2011-06-21,0.9579151902402985,1.587780443025526,1.1815551439836778,1.38493156662978
2011-06-22,0.10725481597688093,0.29210171188072276,-0.016845289804609004,-0.397245673459521
2011-06-23,1.4587420992334021,1.9870313522394052,1.6723282370842456,1.8734729814356106
2011-06-24,2.1331355005768664,1.8574114000134079,2.3339015281713187,2.384281919352279
2011-06-27,0.436739036337317,0.2515156991232857,0.2974955854761951,1.300174638214722
2011-06-28,0.03516129828536472,0.17280502510246995,0.17241894166829694,0.13759658813881925
2011-06-29,-1.1196105058026935,-1.1176107937672888,-1.375747877219912,-1.3852255885940497
2011-06-30,1.2239341503634504,1.6461321593929743,1.453305219313443,1.4911924035888449
2011-07-01,-0.09852503042790392,0.5529263735324457,0.1857614124294166,0.5535680201752461
2011-07-04,1.918877005429329,2.1373519947424295,2.340779587610715,2.459117454039533
2011-07-05,0.12577321978184242,-0.006430470141920872,0.01665470947786933,0.6342951370466801
2011-07-06,-0.20899837707614893,-0.11815307786283323,-0.2819021752343691,0.24184215506624884
2011-07-07,-0.5784395449509461,-0.2639150138460833,-0.38710410842820175,0.01113168256530342
2011-07-08,0.12517794783397534,0.09202626583687183,0.24151256494332451,-0.10170140589940967
2011-07-11,0.1756998984257997,0.2754913608544878,0.12953223965330976,0.8959847634317774
2011-07-12,-1.73146893838237,-1.379159140473156,-1.8249746379689407,-1.4333116335881877
2011-07-13,1.4738846211319356,1.7049518068308507,1.6011609015555015,1.9735816691040673
2011-07-14,0.5337227613854012,-0.3075446304830324,0.30536828615473854,0.8409402408980348
2011-07-15,0.3456112103366435,0.5299884899187274,0.420841534284645,0.6119535067576012
2011-07-18,-0.12347301306479348,-0.1311331845611411,-0.20123209419127208,-0.01593251154902652
2011-07-19,-0.7022173014484079,-0.8772165944518927,-0.8836079639816561,-1.0586433974895528
2011-07-20,-0.09908446061128003,0.10114852459421986,-0.11508559952562895,0.11039157110518212
2011-07-21,-1.0186955236902566,-0.7497787742848339,-1.0545221778313052,-1.342633666721315
2011-07-22,0.1770014260996852,0.4144581783046463,0.2888793335388627,0.34531970095896874
2011-07-25,-3.0056076494023696,-3.176912014338501,-3.303659462047611,-3.9775091590258014
2011-07-26,0.5296964412051085,0.3527879004597331,0.31886688100723454,0.4247824622211911
2011-07-27,0.754078007708197,0.8980640568636903,0.7454256959007156,1.6484119073150272
2011-07-28,-0.5415797062636871,-0.2556732479017398,-0.6370140499954664,-0.6278185046329338
2011-07-29,-0.2606040461980381,-0.7932307072897308,-0.2996770302298088,-1.1296447853231313
2011-08-01,0.07584853596720084,0.09994645069756876,0.1895862613640279,0.34811601913014206
2011-08-02,-0.911015693219154,-0.5881077145925817,-0.7192360086005061,-0.727807137792401
2011-08-03,-0.02874340927822007,-0.0810751599363714,-0.05108902627511356,0.31160869523773005
2011-08-04,0.2069919229024925,0.10093567549515385,0.18393359234030954,0.5231504394850178
2011-08-05,-2.1701419965496953,-1.9686566291261778,-2.1473306739945146,-1.963694329184277
2011-08-08,-3.8660107001864974,-3.3819457168356064,-3.6382216628393533,-5.136233284465389
2011-08-09,-0.029685981903733356,0.021654864849987507,0.15343103711112546,-0.31591583974075316
2011-08-10,0.9107003486963186,1.1816698783546353,0.9224032061348175,1.416567977388691
2011-08-11,1.2602760218289344,1.541907398087539,1.5041471133748001,1.7138250063659457
2011-08-12,0.45065664867040545,0.20447814097282893,0.29430788411204667,1.1495303072702259
2011-08-15,1.2873888995799945,0.9944985745959867,1.467596357649036,1.4504071895641655
2011-08-16,-0.710612854030094,-0.8733836507342879,-0.6981419338154523,-0.8434938819367718
2011-08-17,-0.2652882965158299,-0.577124147769172,-0.4000980510107431,-0.43838727149783563
2011-08-18,-1.6195737216396777,-1.6002121367242932,-1.8097573433570089,-1.729507811270793
2011-08-19,-0.9859066122406689,-0.99165751061843,-0.9425955704181286,-0.9303530312917094
2011-08-22,-0.7326446274293952,-1.6854915597010085,-1.0695748689088298,-0.7092179726521577
2011-08-23,1.5053895022406831,1.1699869461448582,1.5435784497557936,1.6129675241420043
2011-08-24,-0.5075465596136787,-0.03976449154515303,-0.38998312618112335,-0.15660791430396007
2011-08-25,2.8770396123531152,3.1527428746653534,3.2842398267905617,2.060610563199102
2011-08-26,-0.11745689974847645,-0.26554914577731925,-0.09026608434357661,0.2265046672592065
2011-08-29,-1.3791992895215155,-1.7069752384005807,-1.6826864733823734,-0.8926314565803516
2011-08-30,-0.38148912397205387,-0.24589710864865855,-0.3887932828591095,-0.85955511892046
2011-08-31,0.02882776211349175,0.4663640782891426,0.17719903661337488,-0.47713118830922274
2011-09-01,-0.4411157604252489,-0.39225837690978155,-0.4308864467283516,-0.8038014590546363
2011-09-02,-1.091995620020398,-1.103231750435361,-1.0886193784650924,-1.1462302485475833
2011-09-05,-1.9788863092648878,-2.465053230585795,-2.1642362689922816,-2.491317878001112
2011-09-06,-0.33217117541330016,-1.6239929953733152,-0.7506729817566368,-0.7855086830501323
2011-09-07,1.8277454465487442,2.1364205486818966,2.02791557594166,2.384010961633171
2011-09-08,-0.6839467302869064,-0.7097027713543657,-0.8303270714045158,-1.0786281459220803
2011-09-09,-0.047631532974777506,-0.37497123066619664,-0.18194335723774935,-0.6218593111570907
2011-09-13,-1.0641952212110923,-1.0807902437105597,-1.1266015513509477,-1.6542332249666214
2011-09-14,0.545587232683298,0.4361582452467489,0.47053387605025543,1.1422665092792232
2011-09-15,-0.23247906777693955,0.23645145720880678,-0.1486591658868061,0.07997503876229169
2011-09-16,0.13222076340751837,0.27809695156612657,0.18085173626595702,-0.016132246497761606
2011-09-19,-1.8105670462419712,-2.048747680434375,-2.0217711291893283,-1.9871956503385142
2011-09-20,0.40773273886362926,0.20312207473718968,0.3941060618502454,0.4819088631125082
2011-09-21,2.628802057613735,2.8846800785825835,2.972644470261456,2.925113675534336
2011-09-22,-2.8209989263107063,-3.0611581276626896,-3.1274196493300517,-2.926317965214187
2011-09-23,-0.40605278689242275,-1.1516778888565375,-0.605398129618398,-0.8237505979573732
2011-09-26,-1.6567798585054607,-2.0121569065930727,-2.2181047244426075,-1.6234563949123255
2011-09-27,0.9096965336672999,1.156958065607231,1.0272914607738828,0.4138110209918229
2011-09-28,-0.9565071438123154,-0.7563468546048919,-1.0399314825468668,-1.6968655820443035
2011-09-29,-1.1233144561350379,-0.7941824591757949,-0.8617459719256293,-3.2710988261111495
2011-09-30,-0.2590718891507535,0.0430510258478314,-0.2646271812025743,-0.3682768798003128
2011-10-10,-0.6135210283583432,-1.188300399026603,-0.9446535413201113,-0.6307396899183623
2011-10-11,0.1589496873345443,-1.0405199179592923,-0.19925355041232878,-0.38298147199455246
2011-10-12,2.998219764585407,3.518521786467086,3.570687697374645,3.4174262633787347
2011-10-13,0.7734474497287707,0.5348263661823984,0.6722765062365016,1.2874100636852597
2011-10-14,-0.3043017273738105,-0.4166334103535501,-0.33180502868303446,-0.4171764298667631
2011-10-17,0.37029629034159145,0.7181292570471165,0.49504586387452765,0.29891118943434647
2011-10-18,-2.359616015242171,-2.7634757294381425,-2.842470364087081,-3.050728449211602
2011-10-19,-0.2512078615732439,-1.1920857925437358,-0.3528308354346005,-0.5911138268366591
2011-10-20,-1.9597643911354676,-3.1105961462742875,-2.4513288502344865,-2.9944407054904505
2011-10-21,-0.6061993545642205,-1.0159402515061324,-0.5031422134009718,-1.8556501905754974
2011-10-24,2.263510188990012,2.6499871948480282,2.7060092855421742,1.7566831839795953
2011-10-25,1.646062270597899,2.4382910861623563,1.8746824560636537,2.8026505387604073
2011-10-26,0.7363873554175246,1.095085544579766,0.993739559468345,1.0717850032918075
2011-10-27,0.3343556287883221,0.07306541714575909,0.2196217588702561,0.11835264806167856
2011-10-28,1.5400526827008363,2.285919979631159,1.9208640538318038,2.283078248092169
2011-10-31,-0.20883678259330857,-0.7706200309632988,-0.5073720298705334,0.5154082022403322
2011-11-01,0.0716850263673864,-0.3748102736964859,0.08233139219416188,0.011751189821490265
2011-11-02,1.370713421233489,1.3323414731924994,1.6493263476579552,1.8073952750596125
2011-11-03,0.1588125308850484,0.39960686717712324,0.06962303600728689,0.6080504389772199
2011-11-04,0.802167760091891,0.7069188929504452,0.7062419855844313,0.8144659940243463
2011-11-07,-0.7340116201129412,-1.0129177798954598,-1.000008333458331,-0.39680378045134895
2011-11-08,-0.23775152613460002,-0.4784996987546293,-0.3125940509832633,-1.4001131764877919
2011-11-09,0.8383825624359277,0.8010632916198577,0.873830240534458,1.672660692109999
2011-11-10,-1.813631995542181,-1.4057661973753814,-1.910082212267578,-1.5049665209983092
2011-11-11,0.06208901506155163,-0.5610529024038879,-0.1701705266811334,-0.054882109441171834
2011-11-14,1.9015342030490343,2.152983214855162,2.0275431945746685,2.3701775201321564
2011-11-15,0.041514529692979286,-0.5905235949384557,-0.2009143732661213,0.792605894585594
2011-11-16,-2.5137813189058895,-2.58117068410349,-2.7541077351606407,-2.5203634767496275
2011-11-17,-0.15862040116797071,-0.0986588970762765,-0.3038182129734283,-0.21498907625217054
2011-11-18,-1.9055378085627357,-2.7351713644950446,-2.1076907866681793,-2.8917318042075655
2011-11-21,-0.059192540984747535,0.08594663462732452,0.12231151080346661,0.08524698179519302
2011-11-22,-0.10356770939168791,-0.05572727475855136,-0.008047256560466745,-0.21982274135693164
2011-11-23,-0.7304980796394637,-0.7093165169765442,-0.980851188654607,-0.3855393523039052
2011-11-24,0.10349246221707604,0.09455904772322572,0.18983444487045173,-0.18862732919804362
2011-11-25,-0.7254462229204727,-0.8108646709504003,-0.7346574643366304,-0.609435490235141
2011-11-28,0.11798668245339582,-0.01567957031073545,0.13026683207560957,0.10068152526938072
2011-11-29,1.2245170125885951,1.2890149349203077,1.3605284458231508,1.6545631199091988
2011-11-30,-3.3287240346282387,-3.2434046575235804,-3.394028417641181,-4.1202870369698665
2011-12-01,2.2647977619984907,2.289296229582124,2.432575144706807,1.9977442807492913
2011-12-02,-1.1037453653646525,-1.1115343054569993,-1.0231720953078072,-2.0736905354046495
2011-12-05,-1.1687667264338122,-2.2909782957125238,-1.4145588027251075,-3.3244641583985732
2011-12-06,-0.31422133796525,0.008970939378129858,-0.20048719131608508,-0.011646756594595183
2011-12-07,0.29278952106524014,0.20121727045118953,0.47139883153485534,0.27860822198299573
2011-12-08,-0.12482441487350242,-0.26820580456138826,-0.1278390431424766,-0.05430825335210424
2011-12-09,-0.6264699967625511,-1.0519073385142643,-0.856728769842055,-0.9845365942538653
2011-12-12,-1.029786690921157,-1.102970100403171,-1.034710053553329,-1.3118446135407338
2011-12-13,-1.8925091385669512,-1.9971407829921857,-2.2761931514236053,-3.5376988773462723
2011-12-14,-0.8961177828238078,-1.070350206055085,-1.0146557261412468,-1.936168624855844
2011-12-15,-2.160453964275355,-2.4710511074869386,-2.39297064868689,-2.7808486667046814
2011-12-16,1.9947367279144566,2.349015127495319,2.085927853874467,2.8900349189178285
2011-12-19,-0.2970914255193203,-0.30723413312139697,-0.23960434875631972,0.22267374977257784
2011-12-20,-0.10419087265364138,-0.24781954266935644,-0.3083077452436889,-0.30323817209605824
2011-12-21,-1.1245659778988883,-1.6457243308176526,-1.6098121688646378,-2.425176305743675
2011-12-22,-0.22159028587644872,0.28212409684842266,0.09528999001121607,-1.3154597380043405
2011-12-23,0.8417113377792856,0.7510992284154326,0.7582208434165162,0.8653698449346339
2011-12-26,-0.6675959800985546,-1.1239868486148643,-0.9993991413933475,-0.582327512966014
2011-12-27,-1.0972674089755774,-1.8722679475957082,-1.3213602184077957,-2.56955881431378
2011-12-28,0.1752679048924376,0.32295653377093275,0.12529890192668355,-0.5208709524097702
2011-12-29,0.163460047400742,0.47474412907458563,0.1485076983862143,-0.0068593734924653265
2011-12-30,1.1827312931770124,1.553691281321003,1.4764821269708093,1.841274392650211
2012-01-04,-1.3747667198568807,-2.530165098146066,-2.0235420213659308,-2.308505815458879
2012-01-05,-0.9699370132043087,-1.1069564503638172,-0.9774642100282718,-3.761972991023395
2012-01-06,0.6934406302205454,0.3964105481840594,0.622293714536779,0.4277893935626418
2012-01-09,2.847577742547819,3.54600244797766,3.3472605533866244,3.9796059933885313
2012-01-10,2.6532987481656614,3.677967068074877,3.271940900147759,4.040932262329414
2012-01-11,-0.42483387328498823,-0.4539851840026464,-0.4808568008475872,0.04034589938666308
2012-01-12,-0.04570363906883703,-0.41518182603722487,-0.016013697905027432,-0.02779209736156841
2012-01-13,-1.3466026710872527,-1.868686284508676,-1.6933659281681719,-3.4081824258827877
2012-01-16,-1.7251375424531885,-2.274925271354619,-2.054089325710946,-3.2415090186628372
2012-01-17,4.093748107730409,4.827718546541436,4.784267365342623,5.4188261734250665
2012-01-18,-1.4020682011911514,-1.6194606614420266,-1.5733133025883461,-2.04906347306738
2012-01-19,1.3019476128247585,2.0087026598456705,1.8877821605271725,1.0115901905122067
2012-01-20,0.9984482321141188,1.768316535522427,1.437548386062948,1.361317153960811
2012-01-30,-1.480427371361716,-2.0414785292632365,-1.7471405036140677,-0.7018783325475162
2012-01-31,0.3307376885747923,0.31003604240772026,0.14375695371958136,0.06315565954049572
2012-02-01,-1.075724793713481,-1.1922048715137303,-1.4416026493986698,-0.8614961401229467
2012-02-02,1.9421477401777119,2.032206856595843,2.3295995965269523,1.878017945469519
2012-02-03,0.7689081748904599,0.583025724896248,0.7952240579567936,1.6361075411981247
2012-02-06,0.0313200547443496,0.12337424250846285,-0.07065290359988917,0.864111706630342
2012-02-07,-1.6976250426922654,-1.9442407528388415,-1.868957140416204,-1.641873127748804
2012-02-08,2.398254368811459,3.090614866660485,2.8195739291573587,2.6074781211613938
2012-02-09,0.0877133278295602,0.03295270375367359,0.039150010287572194,0.7036528887679074
2012-02-10,0.10166817492313278,0.31558615308152815,0.17342015268977695,0.5283078881015951
2012-02-13,-0.00510221436213486,-0.061222267417694806,-0.06475047604623554,0.9032453880071258
2012-02-14,-0.30191883907140493,-0.4318089438987997,-0.39057525873717125,0.13485680962555424
2012-02-15,0.9309263722486052,1.3494352206819025,1.084455352796295,1.50704408536608
2012-02-16,-0.4166355136370893,-0.5245585395455037,-0.5324767579473684,-0.02655355798338561
2012-02-17,0.013576465218414935,-0.07786603796972164,0.04021162406642444,-0.3329364882389744
2012-02-20,0.2719891186552543,0.013623135224449164,0.14258145705905337,0.25631091783811927
2012-02-21,0.7515267097850808,0.8204050464073116,0.8520262550088152,1.219018648928953
2012-02-22,0.9262305455720308,1.7043720284244532,1.3577912171302438,1.935111633936858
2012-02-23,0.24765550331874517,0.5702318818125287,0.3374499237727486,0.3217912650943287
2012-02-24,1.2406380386299392,2.047759810258169,1.5895947428260309,1.500218543381079
2012-02-27,0.30409155176762037,0.5239038891572644,0.3223626106497087,0.1994373869444127
2012-02-28,0.19596162158346053,-0.1521201481789659,0.221469042568497,-0.49934124269453933
2012-02-29,-0.957725516893668,-1.0586391098977865,-1.069375443890492,-1.3287446291858043
2012-03-01,-0.0976391589966943,0.06074823919990375,-0.029995311084529915,0.5269979991400452
2012-03-02,1.4148524982751425,2.3475482421832212,1.7533874879901212,2.097255465158453
2012-03-05,-0.6396675492963952,-0.7161546666991918,-0.6450029193395588,0.10430935515369642
2012-03-06,-1.4231670862951882,-1.305415863120442,-1.5765644737668474,-0.9998800058889005
2012-03-07,-0.6517907717588928,-0.3865270427771016,-0.6906533121458502,-0.7441348578429144
2012-03-08,1.0587691608623901,1.1496220749259678,1.2514479579753717,1.571424075706048
2012-03-09,0.7893467381783993,1.5922886010901396,1.0758411644537293,1.473336650926923
2012-03-12,-0.18874433215720746,-0.3283763263395063,-0.37227184963880566,0.5961752183231198
2012-03-13,0.8563313729145046,1.222917496283176,0.9997328119502517,1.000884829138131
2012-03-14,-2.664469583337734,-3.239225748750944,-2.8741067772204185,-4.598697871817168
2012-03-15,-0.7328469314935199,-0.08255106023652131,-0.7536649514968218,-1.2207611057318914
2012-03-16,1.2962381009550716,1.8928319703684446,1.457867623304822,2.611567123270457
2012-03-19,0.22596439046611203,0.16398171006822812,0.24707209443921996,1.1312670537663265
2012-03-20,-1.3929559135138736,-1.761510057178523,-1.747492909875534,-2.2023123518276346
2012-03-21,0.05720246463053665,-0.2568439905295213,0.12915102409245532,0.3668907561047708
2012-03-22,-0.10223035532969725,-0.5115913825714988,-0.15623975921417224,-0.4707810423606553
2012-03-23,-1.1102031153318357,-1.5428779973745523,-1.1996195793297073,-1.9497360979674299
2012-03-26,0.04510504018905597,0.6140789056450681,0.09787839587450499,-0.10495597583619022
2012-03-27,-0.145600713706807,-1.0588591070592825,-0.32532590651739923,-0.36616264630679807
2012-03-28,-2.690110102379412,-3.203056318397731,-2.8771169950130604,-4.5611296021273136
2012-03-29,-1.442375084472595,-1.1918209105324913,-1.292408016021871,-1.8598771146168733
2012-03-30,0.47088094625520477,-0.08465894478013204,0.48101162155430977,-0.258382971230518
2012-04-05,1.7283996859389714,3.1255796903565636,2.332358082469361,3.301486737502112
2012-04-06,0.1870339614704345,0.7915827870165789,0.278183088631969,0.6345302833563959
2012-04-09,-0.9045578876479866,-0.7722212441295057,-0.9842591293508323,-1.1637417063290114
2012-04-10,0.8746386044469281,0.8721080882075303,0.9826717080769616,1.1640230766587814
2012-04-11,0.13305049429712415,0.06480157424154215,0.00992096956464536,0.34941303884002367
2012-04-12,1.799700489814712,2.0730708177524684,1.9802316065466095,2.0517197686622226
2012-04-13,0.3524404818445159,0.3597763036360401,0.38867118503247466,0.9464983228611733
2012-04-16,-0.09032715581102174,-0.43314710534973916,-0.24871532602907054,0.2839479063601758
2012-04-17,-0.9394743460673443,-1.6168511563743608,-1.257268433943184,-1.4738466934484715
2012-04-18,1.944995832375291,2.3066451404436137,2.2572864314396326,2.245253991972846
2012-04-19,-0.09328750876134076,-0.5389125482316114,-0.14819179882008218,-0.25098648656307987
2012-04-20,1.1798301727539262,1.1479071469377862,1.1786691816665813,0.8509568785383411
2012-04-23,-0.7619759729488769,-0.5442657576636631,-0.7949775093136621,-1.2062710046711245
2012-04-24,0.010047264012865341,-0.339597720538342,-0.044905784965052806,-0.6841587605896469
2012-04-25,0.7498512919131752,1.1890913670022456,0.8075197870866099,1.4220360383551778
2012-04-26,-0.0877063597605825,0.38932146842962284,0.20922578902339833,-0.508968687091268
2012-04-27,-0.349092839033943,-0.2086151112483385,-0.20275224961346772,-0.9610823677912643
2012-05-02,1.7424263313169188,2.37376914714941,2.159548295684866,1.4525712876685324
2012-05-03,0.06723350777603843,0.4158272844549846,0.29879036407487625,0.41760213558533715
2012-05-04,0.487727071619642,1.0001043344290677,0.9009936306931359,0.6455062711231351
2012-05-07,-0.002447002014836865,0.37089716173812737,0.06993444850940803,0.7042730792030539
2012-05-08,-0.12528491710846998,-0.834632477307597,-0.3191511673593796,-0.028805382841694625
2012-05-09,-1.6589263131638825,-2.210543216136922,-1.9234264748391512,-1.759824857475171
2012-05-10,0.06806645873132122,-0.1648827431420323,-0.011289400018013806,0.366780745744986
2012-05-11,-0.6347298536193602,-0.6462993169258318,-0.7665130755577318,-0.4227484366282951
2012-05-14,-0.5967716754650637,-1.1625959139396977,-0.8144815561267844,-0.14248220373183643
2012-05-15,-0.24770965464734718,0.38002160918486455,0.07032429726655613,-0.11380830195038642
2012-05-16,-1.213733092703348,-2.148296830206855,-1.6456394270290362,-1.23729041344496
2012-05-17,1.3841256467560388,1.630466281686404,1.5145059063040578,1.4612776123336584
2012-05-18,-1.4553302222066147,-1.7654844357991424,-1.5405322474387697,-1.5829259761297694
2012-05-21,0.16109720029738084,0.7491741800140957,0.5134466184809152,-0.06320619795315825
2012-05-22,1.0593943129138745,2.01129619108651,1.5456436080431508,1.5618252433966475
2012-05-23,-0.416742039781548,-0.36480031323779477,-0.40652942876750797,-0.057682097777499934
2012-05-24,-0.5290175899874872,-1.5761627343141429,-0.8292242836415528,-0.8347133415426499
2012-05-25,-0.7437295729977845,-1.0027492809221197,-0.8575306594779851,-1.1641441303900166
2012-05-28,1.185124586312736,2.192687199044289,1.6034145962180963,1.4185719750074428
2012-05-29,1.1900767900647449,1.0890493110435762,1.3734799639785877,1.5665301770793778
2012-05-30,-0.2081976995736834,-0.5143044587570527,-0.3245731730926116,0.1744488899176098
2012-05-31,-0.5230308965577228,-0.20616888420795024,-0.38754006374111516,0.036505054490168914
2012-06-01,0.05099385444923574,0.04327849978899562,0.03646695981943151,-0.24406422865765917
2012-06-04,-2.772075774971765,-2.710212473749576,-2.8495600075812613,-3.3298172198441343
2012-06-05,0.14587263190023075,-0.2778675366723831,-0.007424963904415842,-0.1160314077982703
2012-06-06,-0.10213179350083543,-0.3473027534565673,-0.056291340438473746,-0.48352978824643
2012-06-07,-0.7139333644665035,-0.5860419805737233,-0.5969136749082392,-0.5297103441988882
2012-06-08,-0.5106490817024153,-0.49797614264165413,-0.704629966379934,-0.4752783497782791
2012-06-11,1.0642503077020664,1.4582286780150893,1.3355567816348897,1.8389642100357892
2012-06-12,-0.6993598511266609,-0.6066219314626299,-0.7096304137107,-0.605635459434794
2012-06-13,1.264144974565232,1.6195690940560743,1.580248552544438,1.8258789585330868
2012-06-14,-0.995485883333655,-0.6529782711387233,-0.786612265204433,-0.6051121213971945
2012-06-15,0.4736256355191975,0.0036417084876931515,0.29755485084624245,-0.10189408827683422
2012-06-18,0.39801908522651386,0.9404686853622144,0.511142519594375,0.9746835969640316
2012-06-19,-0.6606259879579811,-1.3204261806747102,-0.8790230594051783,-0.7291637971589906
2012-06-20,-0.34482192262155875,-0.2681248889604212,-0.23516855120276162,-0.599668648762052
2012-06-21,-1.40545512921328,-1.4263631568781068,-1.5961482444719646,-1.2522770066866824
2012-06-25,-1.639728242937836,-2.8119505313295,-2.2409168429904907,-2.759083875954851
2012-06-26,-0.0917641725324312,0.34335798918302607,-0.06515401009075254,-0.0902179468875844
2012-06-27,-0.23158379352092232,-0.31903601713535307,-0.3149660302929164,-0.389586460768337
2012-06-28,-0.9558694688437058,-0.35351533138036767,-0.8812003837993665,-1.407278497572589
2012-06-29,1.3385494125272446,1.239716591086005,1.4683097399320824,1.2509603194504775
2012-07-02,0.030551225206975847,0.6936703507649327,0.14735584224567358,1.1039483388392213
2012-07-03,0.13826231637177328,0.4264163033444119,0.14106318563855585,0.17878295734114955
2012-07-04,-0.08392217720827333,-0.3980921473011284,-0.154044508778127,-0.514150213049252
2012-07-05,-1.1728260486771278,-1.6491960464424318,-1.4115843470892917,-2.300580789899039
2012-07-06,1.0047701103170528,2.905747078088174,1.7230763772270725,1.979861187351493
2012-07-09,-2.4018139840121053,-2.01686737921349,-2.3144436681416884,-2.5487338247962468
2012-07-10,-0.29387023051776695,-0.21039990052667107,-0.3869166612211729,-0.9798318611050278
2012-07-11,0.5041694435877923,1.1704297418883447,0.7805878700857997,1.1353535736146296
2012-07-12,0.4636697774926778,1.7082607423603444,0.9686726341036541,1.3480596301592165
2012-07-13,0.018758335504386128,0.39905956882961785,0.05918597016325076,-0.4420968716184783
2012-07-16,-1.750908855452174,-2.6028992854207154,-2.0988903332920326,-3.6762774752436105
2012-07-17,0.6140441418729609,0.20040926202651624,0.6011738259589233,0.698232283342665
2012-07-18,0.36533390594257664,-0.48085988787917944,0.005798854313718803,0.5550967276827876
2012-07-19,0.7230264344283409,-0.04920188958814588,0.41251148673857807,1.1803544047860715
2012-07-20,-0.7442356356125749,-1.8711240224956354,-1.0724207964342802,-0.6728236697804212
2012-07-23,-1.2640422223578427,-1.5896244006624953,-1.386704113227748,-0.9556154698320216
2012-07-24,0.24207157826354495,0.8320376867483775,0.4454369138540703,0.6935443051291765
2012-07-25,-0.4875393173258666,-1.1665824382199854,-0.671867596926398,-0.8665591385037242
2012-07-26,-0.4762863431653219,-0.8053893788163867,-0.5348844527766397,-0.8968426648783165
2012-07-27,0.13020682158380215,0.05757049379576415,0.06898607776892911,-0.5693972045946927
2012-07-30,-0.889905558576405,-0.17700006658678724,-0.5686369353286005,-2.0348215697545475
2012-07-31,-0.2980868652068395,-0.13061024631895235,-0.12294618262940606,-1.8273454724882972
2012-08-01,0.93353158090405,1.171468948280386,1.0968719626990562,1.7878654272728884
2012-08-02,-0.5752706830032157,-1.8759920907374434,-1.0128923528103735,-0.6338097711076293
2012-08-03,1.0188637565537335,0.8964084407271821,0.804505450333692,1.9828027482559445
2012-08-06,1.031792945449177,1.482790143502245,1.3449304396488015,2.346885782283454
2012-08-07,0.12521624623910252,0.18501774116381825,0.13655939522697189,0.9240214159799078
2012-08-08,0.15606876675776216,-0.20173608274326182,0.03892296441232953,-0.34975365554964394
2012-08-09,0.6048335774440676,1.3680239616239558,0.9122212586371204,1.4366775493275974
2012-08-10,-0.243615576481283,-1.0695772769843321,-0.49673277583784303,-0.2708462729312082
2012-08-13,-1.5206256456279514,-2.1774173986155008,-2.0128297572784994,-2.316176791046076
2012-08-14,0.30150001453725184,0.5560215639514168,0.21618415920184908,0.9445620335417203
2012-08-15,-1.1066690753583246,-0.4521948379866719,-1.0834804327622463,-1.1636016659019588
2012-08-16,-0.3190624641668195,-0.8348738066035777,-0.5138370771476513,-0.7278359176217275
2012-08-17,0.1272743359200879,-1.0054410765191897,-0.2672049764403117,-0.0015212341468587023
2012-08-20,-0.37566513855117956,-0.5076118660303903,-0.5065803300525435,0.08089754129477533
2012-08-21,0.5353567504104007,0.12279429769358693,0.5160893614784103,1.3980204116906707
2012-08-22,-0.49976677501889116,-1.4050463540979745,-0.7858083648526547,-0.8925269957823568
2012-08-23,0.2539816281017971,0.051900231278920184,0.28752964158518735,0.6596246464185798
2012-08-24,-0.9973520131393505,-1.747837511769392,-1.158627865904379,-1.8879072762219717
2012-08-27,-1.7547059146773525,-2.0862368414805554,-2.108482419670172,-2.524753955690564
2012-08-28,0.8447902675316248,-0.02130634062137832,0.45717077527906763,0.5218231131473704
2012-08-29,-0.965015643723348,-1.5530022816035707,-1.059917135901906,-0.6723604718480132
2012-08-30,-0.03166229509891497,-0.6164597876921519,-0.15543880694512277,-1.586328485800443
2012-08-31,-0.247310564063708,-0.11064405333724248,-0.29436827227171414,0.3190304189407875
2012-09-03,0.566397158350037,1.8184667065181241,1.0601826255175684,1.9184128541574041
2012-09-04,-0.7555851487926084,-1.4193126154778748,-1.0810477101422225,-1.1148338440281245
2012-09-05,-0.2925519013622296,-0.01504268364312399,-0.2057085976368301,0.5347732715682422
2012-09-06,0.6964034404659017,0.5526647285152926,0.8121918019961671,1.1294328886173457
2012-09-07,3.62938429703882,4.952374913391084,4.382619765454682,3.562932186976881
2012-09-10,0.3345339940879796,0.6919342128633807,0.4087131673325792,0.8644076832355544
2012-09-11,-0.6739634106013315,-0.3434806372667964,-0.6372688946303914,-0.40275908295588514
2012-09-12,0.2825459250599006,0.5393081734508482,0.3531985813236017,0.7739909977956634
2012-09-13,-0.763292219002751,-1.0954621375640519,-0.9358024178020696,-1.396504944081861
2012-09-14,0.6362453357366792,0.562790301955573,0.7403588217281047,0.2621736706452884
2012-09-17,-2.158399970639734,-2.9770413808244247,-2.484906781839265,-3.0520607211962316
2012-09-18,-0.9163822815313108,-1.1087097920638511,-1.0445249006927062,-0.4159734625343763
2012-09-19,0.4017091342908538,0.4944757662993582,0.49091023907297293,0.9756054499266023
2012-09-20,-2.100906314696694,-2.760074543990126,-2.2642952523739543,-2.933068647493644
2012-09-21,0.09132353104013284,-0.008168873791178293,0.14152416122318429,-0.5725203451441334
2012-09-24,0.3202067821628408,1.3251996965800712,0.7457142594270698,0.7431656151235566
2012-09-25,-0.19200100421872918,-0.32165974613529835,-0.24267523947262112,-0.7209014088777695
2012-09-26,-1.245596821697595,-1.1030831092783253,-1.1494902498678938,-2.3300713117578007
2012-09-27,2.568796754125206,3.5124272741673392,3.012888459107937,2.2241129756040787
2012-09-28,1.4411871438208372,2.2482099498783064,1.8214606192169105,1.850599192592906
2012-10-08,-0.5648252405595336,-1.6161287445196713,-1.0107117131658827,-0.5132297670963049
2012-10-09,1.9481957092712352,2.358136432900261,2.183429113499687,2.550925342068749
2012-10-10,0.2224232765995292,0.340459091907006,0.1705323951046359,0.9539061808855032
2012-10-11,-0.8084708039462344,-1.24540209597345,-0.9332954390089285,-1.4933883042729714
2012-10-12,0.09791340674830488,-0.17210237059660888,0.08682327235320934,-0.23580372954145737
2012-10-15,-0.29641070034049616,-0.32676891727039553,-0.42049116287864696,-0.5325226590836973
2012-10-16,0.005241202523652089,0.27299841886373244,0.14369632911840902,0.3110085184286622
2012-10-17,0.3239443137518871,-0.0504433471757676,0.11480857802556688,0.23324040039279823
2012-10-18,1.230513177039772,1.800800754269229,1.521742241033185,1.6543566782044348
2012-10-19,-0.15915533677704213,-0.020233457796450027,-0.15465190346079294,-0.28539794974439586
2012-10-22,0.20933765911425425,0.3746771916798691,0.3902393881889652,0.39611591389488016
2012-10-23,-0.8622184179003657,-1.6323798520309079,-1.26826335145867,-1.2022909389088565
2012-10-24,0.07280566882050961,-0.3756551992365841,-0.18615288089805507,-0.03529236693432672
2012-10-25,-0.6833345301867206,-0.5922347857248123,-0.7192867746279878,-0.9793279783916602
2012-10-26,-1.6973431561065737,-2.209089190429832,-1.909226008954663,-1.9679888662366956
2012-10-29,-0.3524723962366094,-0.456067314995946,-0.5379426678907224,-0.13792582031647876
2012-10-30,0.16548220475492884,0.2108427331988091,0.18008240394735248,0.05538299060960465
2012-10-31,0.31612887388321953,0.8961139280309721,0.6647854148862381,0.23416809172186276
2012-11-01,1.7037248569750123,2.257150214170012,1.8916811589699853,1.8789569540178654
2012-11-02,0.5978963583844488,0.19074159727821066,0.3861318904004483,0.6594916565762062
2012-11-05,-0.14275317473827864,-0.28786660108773615,-0.2122097288834337,-0.4379411462145157
2012-11-06,-0.38056647424758017,-0.7523545732851861,-0.4209762665100646,-0.685111563719066
2012-11-07,-0.0128213347185039,-0.3343234760773875,-0.20525279493247323,-0.1283009642864377
2012-11-08,-1.6384390421186938,-1.9082473642869822,-1.8575757160579587,-2.5107373551454946
2012-11-09,-0.11785789828671384,-0.5097871216261332,-0.20016367494664528,-0.4031030584281744
2012-11-12,0.49176396128061667,0.4206932527277045,0.48656047663956603,0.6182365304872625
2012-11-13,-1.5206875776073372,-1.8922165625854983,-1.7656121710870287,-2.0679072620930565
2012-11-14,0.3670211830306927,0.5928038398684117,0.48111375507310944,0.2967481786357184
2012-11-15,-1.2301566634141174,-1.184012005479626,-1.335396922201345,-1.7816187781094612
2012-11-16,-0.769344861015469,-0.8330411926948247,-0.7495127586538098,-0.5861524173698615
2012-11-19,0.11161518232146873,-0.7121743910587803,-0.10339528014137737,0.2326852282394958
2012-11-20,-0.4004078972946465,-0.09619365578193607,-0.46591341623541566,-0.3979846923189944
2012-11-21,1.0596151864954695,1.2102374191251226,1.3771554736198888,1.0299025044418575
2012-11-22,-0.7271536984667056,-1.2757019994743068,-0.7936095809363277,-1.332939605830321
2012-11-23,0.5822439952125992,0.8318191588529873,0.692414836250324,0.3456353275502958
2012-11-26,-0.49050246185192287,-1.2233884180821688,-0.7820051389244526,-1.1760943356520408
2012-11-27,-1.3116888781386915,-0.9945665236132162,-1.1539016304732,-3.6391086239663486
2012-11-28,-0.8903655317451402,-1.0472016057136717,-1.0037936520585349,-2.2466349149242197
2012-11-29,-0.5095248271923922,-0.5758803173410882,-0.6351261914975599,-0.9457047693961477
2012-11-30,0.8433946853888116,1.2002274906754,1.127066408018505,1.5182376480877982
2012-12-03,-1.033032951261712,-2.4641748733546627,-1.4504162694671545,-2.425308652779971
2012-12-04,0.7812162498775767,1.1715748959355703,1.0669107316835522,1.2392296736895911
2012-12-05,2.833695548002697,3.648830578851508,3.522089658314082,3.6260498525001412
2012-12-06,-0.13148986787946448,-0.24982736061188743,-0.1940392495440981,-0.06377219679126067
2012-12-07,1.5913198819463954,1.4536725374983706,1.9396791803500364,2.257000377479314
2012-12-10,1.0604215579757432,0.9250485429628382,1.0753101193848946,1.7485770808690773
2012-12-11,-0.43621882002326595,-0.5489410151175657,-0.5541403501251888,-0.6751069211938105
2012-12-12,0.3862968221065865,0.30996101723636926,0.4096093675802944,0.02883525700122815
2012-12-13,-1.0255361693805125,-0.9101376613794933,-1.114322646290241,-1.3368023485837999
2012-12-14,4.23366510282385,4.306073200303743,4.925634267328992,4.0924188205644
2012-12-17,0.4504794243779119,0.8105708713662523,0.45864937883041346,0.8330526196297535
2012-12-18,0.09808458267621664,-0.08957155155149214,0.059981162644970394,-0.17156382982194496
2012-12-19,-0.010174116132447892,0.5446796492488843,0.12618085202506474,0.40448381682313256
2012-12-20,0.2821788280226666,0.6192906223360659,0.5765449860342788,0.3147579496019478
2012-12-21,-0.6960316507520208,-0.4020388573485931,-0.5390168658580526,-0.2508886279293269
2012-12-24,0.26621169799758426,-0.312093219546087,0.38794802528371597,0.5348337256834806
2012-12-25,2.495635687402873,2.9700395810303775,2.782178860646155,2.2640059159054022
2012-12-26,0.24905601742168243,0.5508012074641061,0.37586519641580496,1.233777533323431
2012-12-27,-0.597963829445148,-0.009283841145599554,-0.5315982255054006,-0.9085088374966306
2012-12-28,1.232233471166219,0.9700168006484489,1.4401301560095563,1.1102453242889774
2012-12-31,1.5938574518754849,0.9864786142675035,1.7150130521202185,1.2489680190904882
2013-01-04,0.3457897209870413,-0.22413125612947477,0.05785202722691996,-0.539018860622796
2013-01-07,0.36691658422900514,0.1362297747453923,0.4576721292090614,0.9201759847794678
2013-01-08,-0.40732896678142005,0.021735646325870883,-0.42123460925044137,1.1691018530981547
2013-01-09,-0.03207797171689034,0.4863871815135451,0.03167401134280113,0.23866610548735806
2013-01-10,0.3649927280790994,0.16578511873283208,0.1756086436221543,0.6384393127115875
2013-01-11,-1.7965163528463235,-1.675118989129535,-1.8884441687331766,-2.5703297904146947
2013-01-14,3.018623220092073,3.256969456707347,3.734903456216807,3.4129272307772616
2013-01-15,0.6011981656682255,0.6997583367066329,0.7008701584369936,1.9291264677521762
2013-01-16,-0.6981418507151255,-0.2797649495108134,-0.7257012874885731,-0.0034776359034638282
2013-01-17,-1.0704414626589398,-0.4955886768284168,-0.948572860112649,-1.2405059217120036
2013-01-18,1.3976820212310603,1.313358824336098,1.658093229491446,1.648013994454224
2013-01-21,0.4800570648154209,1.374583044500622,0.5938930396647966,0.7610984197971347
2013-01-22,-0.5633866250762839,-0.27739385017625634,-0.5376563510628214,-1.6080501846748407
2013-01-23,0.24891892793535286,0.1252314193722527,0.40581414399796745,0.18379631707000532
2013-01-24,-0.7920430893561993,-1.097608530773434,-0.9517972828841101,-2.1147440500681265
2013-01-25,-0.4919577174267086,-0.9249470635110474,-0.4303101259496664,-0.1684044598959309
2013-01-28,2.3809775826406088,2.759337272389002,3.070578726079436,2.5164781764148816
2013-01-29,0.5300204311316448,0.887419025635652,0.9013280532583761,0.9442810030626729
2013-01-30,0.9912639746556583,0.8125862501999058,0.4786963571822058,0.5172499395936039
2013-01-31,0.12332474979006741,-1.1944715985711725,-0.06808555230936075,-0.5999828892607842
2013-02-01,1.3987290007660742,1.5663324462873491,2.078819657718215,0.8034562746353694
2013-02-04,0.3767151058167217,-0.6073215705726279,0.1715425589337316,-0.6679019747287357
2013-02-05,0.20488438197638928,1.879101163906019,0.8569343217413385,1.0361248495078292
2013-02-06,0.055468701667286666,-0.23413721709008534,0.1499769547387069,0.6720440181514942
2013-02-07,-0.6573263780755331,-0.18096083616843386,-0.5769826925405656,0.3739764371930666
2013-02-08,0.5718506676968433,0.8476028521022514,0.4288096815837921,1.42112781234627
2013-02-18,-0.4466463679494612,-1.9528545796047143,-1.2437537807852819,0.5303776613028837
2013-02-19,-1.6089530700861636,-2.53264196740253,-1.9126245938999828,-1.8478396559616719
2013-02-20,0.5970616616716644,0.9891312516761298,0.632118283528224,2.0571150339998305
2013-02-21,-3.0164488765447124,-2.623407062946767,-3.4668145970811812,-2.0863216259105246
2013-02-22,-0.5081787014798577,-0.33655582082066976,-0.5358030159914977,-0.3364903550260166
2013-02-25,0.5025894311576569,-0.23702482536555944,0.32144230570513516,1.0995142964600724
2013-02-26,-1.4063394781847443,-1.4484037924920539,-1.44457095455814,-1.527669199023715
2013-02-27,0.8631223046359293,1.3506292006329763,1.0491584493050712,0.07638879436685556
2013-02-28,2.2386968993819263,3.248825360299959,2.986169137820618,2.0241169204057052
2013-03-01,-0.2573491928459641,0.09019479575849527,-0.1680965247179192,1.1085164127335316
2013-03-04,-3.7177462090907403,-5.433939022329377,-4.723040342582187,-3.6196910049266333
2013-03-05,2.300681295585921,2.1817748616084027,2.98327444655484,2.2258613591751417
2013-03-06,0.8931286353216196,0.956937964887606,1.0388846729108336,1.5447399977807101
2013-03-07,-0.9799991521165518,-0.398197378614445,-1.1659284056264299,-1.2195256303761288
2013-03-08,-0.24467478660514141,-1.154860497205929,-0.4802540987603061,-1.0936011676462227
2013-03-11,-0.3464965015120011,-0.09341168238990455,-0.5600768588294036,0.020443913036142947
2013-03-12,-1.043253175569775,-1.2311985813026198,-1.427765954995569,-2.550515506296496
2013-03-13,-0.9950462051763356,-0.9916262002593105,-1.1068140240353004,-0.9185509275800817
2013-03-14,0.2783262534440837,0.1545114503230931,0.26789117045299865,0.4483534165970309
2013-03-15,0.3570270331328393,0.13240563360561636,0.2207271487827131,0.18338946844404355
2013-03-18,-1.6988647837002022,-1.1080705982404564,-1.4826662423027188,-1.2782978017529245
2013-03-19,0.7742203677797573,0.388398242161682,0.8994429708244609,0.31900090997461544
2013-03-20,2.6205923878297277,3.0945128874284116,3.31346874095825,2.5755675847448694
2013-03-21,0.29601819268020996,0.08924999492905569,0.1844920104710429,1.0503720673058003
2013-03-22,0.17366936694187826,0.1833988205339142,0.12687980606467614,0.4170789845510702
2013-03-25,-0.06702470712783706,-0.3246049544872701,-0.19918154847285474,-0.3189509785162206
2013-03-26,-1.256398449806728,-0.9330280520390939,-1.4668304590803478,-0.6948524441522936
2013-03-27,0.15612330386430448,-0.01636699355531511,0.32877294288254494,0.23816010817395342
2013-03-28,-2.863408456959611,-2.9243647677776927,-3.314598816490013,-2.9505485493629418
2013-03-29,0.014308326576179968,-0.7786456865337924,-0.16898998491409825,-0.04901200312141435
2013-04-01,-0.09930620674663451,0.5383821080980674,-0.07577777828548421,0.6842797632357889
2013-04-02,-0.29851169822381224,0.25365664486526623,-0.2731155730758878,-1.2308365014496863
2013-04-03,-0.10958806766584454,0.044742155945893314,-0.11428710644888465,-0.9162454055719388
2013-04-08,-0.6180024131826612,-0.11864959638549699,-0.4540096784282104,0.40832210143212133
2013-04-09,0.6395702125419414,0.43762380430247255,0.6904877153465462,0.9697399311254956
2013-04-10,0.015723588334931326,-0.34318381188466185,-0.16563683496843018,-0.20634623488713122
2013-04-11,-0.29601792323596593,-0.46513506376717006,-0.2994044374845968,-0.4095923073302518
2013-04-12,-0.577003315594721,-0.963745628061861,-0.6384649997401759,-0.8419261963827456
2013-04-15,-1.132005015428279,-1.1578747791416595,-1.0324795276538346,-1.4142761654587508
2013-04-16,0.5899317737920134,1.3531532203076242,0.9300758776866942,1.0766932197434826
2013-04-17,-0.047850706710929426,0.47276243346944136,-0.045546415430561434,0.8635179843853289
2013-04-18,0.17306558038301312,-0.07141897427635731,0.25917484832551996,0.3098563944907097
2013-04-19,2.1179296189397965,2.4799025867314604,2.7601038323826916,2.088176189828113
2013-04-22,-0.11010050568281547,-0.5896936038870164,-0.12479022253245999,0.4675426607171282
2013-04-23,-2.6038866863508545,-2.9635657613027866,-3.2612415190559982,-2.747546919182961
2013-04-24,1.5344872574506547,1.3388674748007015,1.8649492493492261,1.9742650388706071
2013-04-25,-0.8606477836031705,-1.5728461682353125,-1.1161684622809187,-1.5376309492885727
2013-04-26,-0.9777973463534482,-0.9298067384781216,-0.8370020320535233,-1.8717536905185068
2013-05-02,-0.1741716375164881,0.30799141384736584,0.09516128103536364,0.46303167970509806
2013-05-03,1.4330255595093389,1.474248316609742,1.7509627822162577,1.9098829367275305
2013-05-06,1.1571870998435922,1.6744802487609285,1.3178403433852368,1.8905935722892226
2013-05-07,0.19745906678840566,0.28657099142302966,0.15664808026134447,0.19954696399943594
2013-05-08,0.47837159598103657,0.5739958978975157,0.5070249036922498,0.9150167087436701
2013-05-09,-0.595188026223608,-0.2732151689724971,-0.5920432866230926,0.054011326812839204
2013-05-10,0.6187795983551996,0.23265526540751616,0.5149331805920748,0.6045075957283133
2013-05-13,-0.21876923233730425,-0.6290163528613145,-0.39711307586954986,0.37471671573624066
2013-05-14,-1.1173200363018654,-2.3025843678061433,-1.49004271496179,-1.1613478313837169
2013-05-15,0.3507582713706476,0.6873742343587883,0.5435719855934948,1.3380344340062051
2013-05-16,1.2067313331145337,2.1358023155191463,1.809664298715348,1.0687422250389074
2013-05-17,1.3699086038242028,2.0205400075331865,1.5293528472851607,1.518762235501309
2013-05-20,0.7471351792559793,0.6561613501673036,0.6751716454742194,1.2478036220846391
2013-05-21,0.22236225531052808,1.03032921513056,0.20059496128111484,1.310616635798078
2013-05-22,-0.11763405017039225,0.016162819171096163,0.12153920561725581,-0.8270043011453799
2013-05-23,-1.1677542611777667,-1.4930590778479353,-1.3528686132991625,-0.8459830404048244
2013-05-24,0.5635175509826401,0.4219592767166504,0.5552052068286369,1.5411359736144679
2013-05-27,0.1986202010128058,-0.47647634055804494,0.090824779855122,1.0091502937972252
2013-05-28,1.224009733680618,1.9362908656921547,1.7075329773233676,0.1922018946307943
2013-05-29,0.11624554086645987,-0.39573246933171646,-0.06809257827049316,0.7428360182086384
2013-05-30,-0.27015572996592163,-0.2684259519828216,-0.31230601027141386,0.2281955804425775
2013-05-31,-0.7426929025181873,-1.3010763484858927,-1.0643615244503508,-0.6205292186952543
2013-06-03,-0.05869756791028392,-0.07250452660488518,-0.14628389742534395,-0.6977808354085756
2013-06-04,-1.1737639871183603,-1.3819700325561504,-1.4298976863352388,-1.9801473806619643
2013-06-05,-0.06559037069202124,0.20987860040290732,-0.20014793434254705,0.41174888422735684
2013-06-06,-1.2772052439857178,-1.5691001158441698,-1.2849034666128782,-1.7843294830036283
2013-06-07,-1.4017714333672124,-2.673776059912271,-1.7434564845977563,-1.9858420261026541
2013-06-13,-2.8694912079991903,-3.8522933811171485,-3.44908371937837,-2.837276615234437
2013-06-14,0.6347460064427048,0.5561781827241468,0.6988200863644836,1.9699145322939875
2013-06-17,-0.26955317762048125,-0.887949183960746,-0.5364479187442572,0.2337585606848496
2013-06-18,0.14227753001990964,0.786594216413072,0.6183419078357857,0.3442085983448633
2013-06-19,-0.7362783509067486,-0.5876133035583728,-0.7461358564729901,-0.6248403289047547
2013-06-20,-2.8117959674345725,-3.3048408834010257,-3.358891351618641,-3.3571530894847275
2013-06-21,-0.5253649217123392,-0.1403872732416363,-0.1759053324330145,-0.5359212303673574
2013-06-24,-5.444890189185965,-6.966822527196551,-6.515693655487366,-6.395529408096251
2013-06-25,-0.19017276778534345,-1.2387105287760272,-0.2670277814989849,-0.42869895432210225
2013-06-26,-0.4096134348683981,0.9467919213767727,0.1329112367190054,2.050510355530135
2013-06-27,-0.07638068708981313,-0.2921105160814956,-0.3492694770811294,-1.613769558879486
2013-06-28,1.4863274422171235,1.9705601278692788,1.8297471532110425,0.08532740269146524
2013-07-01,0.8066568668345514,0.3115564434007617,0.5745423556368171,2.0980592437893097
2013-07-02,0.5657469235451311,0.6503407625722224,0.39050395711376074,1.6345784756600417
2013-07-03,-0.6143744501894562,-0.8414935860730551,-0.8201934447423423,0.15260525061843194
2013-07-04,0.5914470154197433,1.2944592772900443,0.8201934447423551,0.7790205311811891
2013-07-05,0.0548177324170048,0.6702152067905545,0.21893405435789004,-0.560780645044313
2013-07-08,-2.4679285656457304,-2.8265324435708004,-2.8805285995170222,-3.9645180289944006
2013-07-09,0.3659796322948781,-0.48772581440447804,-0.04391753744058797,0.5978120656029837
2013-07-10,2.148271403316192,3.2462667301049075,2.7995281262315372,3.065796622476625
2013-07-11,3.1788068745602,4.160235545856516,4.510780599602186,2.771957425642745
2013-07-12,-1.6292232914415283,-2.12298552011662,-2.2303980167651,-0.8934781325556705
2013-07-15,0.9710045844570433,1.5470931663902714,1.3935333207451799,1.9744577318567686
2013-07-16,0.3069011477721857,0.5992256566245756,0.45620221170125574,1.219688650612516
2013-07-17,-1.012016499804345,-1.5123533839854146,-1.5219749998106993,-1.4595680521914458
2013-07-18,-1.057940413551162,-1.9981789652988455,-1.656777815764247,-0.11110681607568637
2013-07-19,-1.5313853632333188,-3.087038391512034,-2.4731805815649324,-2.5276561637531856
2013-07-22,0.6058941688376832,0.2637440919222171,0.5331621878817459,1.9537962558732296
2013-07-23,1.9325609357482256,3.57235391943682,2.8497644701372296,2.3891234470447316
2013-07-24,-0.5175119037629,-0.3503247385364069,-0.7397597412234623,0.5993338383007696
2013-07-25,-0.5998291507808996,-0.521148714800614,-0.5112752203982558,-1.9263050830420383
2013-07-26,-0.5119033405520228,-0.6511667465874216,-0.6127742077462177,-0.11669814264137111
2013-07-29,-1.7326048640238245,-2.2541068741324817,-2.183733064715302,-1.9527405883281075
2013-07-30,0.6933319423662604,0.8004609356479508,0.6148424082532047,-0.4495598996216261
2013-07-31,0.1877576570821418,0.45471138786100035,0.16566231047213226,0.5705982777266816
2013-08-01,1.7535194395681564,2.1200766795109547,2.358627536474627,2.601165945033862
2013-08-02,0.017247794173084065,0.3734920903840695,0.08458316587098395,0.35323704721203625
2013-08-05,1.0323874139924951,1.2348286271594626,1.3731022104280481,1.6539461945370597
2013-08-06,0.48747597129312037,1.0212684545066881,0.6697356818586306,1.0681667416360305
2013-08-07,-0.6680845246075866,-0.5793397905648972,-0.5692739442831081,-0.9630040218622503
2013-08-08,-0.09189380070272365,0.2316952037552025,-0.168517176843679,0.2646426163781712
2013-08-09,0.35829909900405094,0.38251453086772924,0.4045775759983928,0.35683723720414906
2013-08-12,2.3614803321040365,2.5543875822450754,2.879391817735606,1.5753711027323525
2013-08-13,0.23197013805443287,0.07081602604166481,0.26656155821896815,0.5249783142629418
2013-08-14,-0.2862375061336632,-0.30947133168389823,-0.424371143339119,-0.3923205734768161
2013-08-15,-0.8732677529820546,-1.3031946485888837,-1.1775773780169136,-1.3609968844671119
2013-08-16,-0.6471797122311281,-0.7413603299613302,-0.7540483485746529,-2.142401307189591
2013-08-19,0.8257049115366264,1.4298451735173836,1.1774308349074456,1.5266832709234817
2013-08-20,-0.625272586917495,-0.6193619423555927,-0.8165595878237463,-0.26051977163250456
2013-08-21,0.01736797927927467,0.018578501812634794,-0.16792687875861878,0.7709865314474961
2013-08-22,-0.2821203393881975,0.1086090684289403,-0.20205881320746072,0.24697251115869603
2013-08-23,-0.4684121856041811,-0.9598326602005929,-0.7406053638565384,-0.23401676878342814
2013-08-26,1.8782765651890156,2.039844436700596,2.106707371160957,2.0629356312549243
2013-08-27,0.3380923402219814,0.08634988789360439,0.22495465489867922,0.7668458397632488
2013-08-28,-0.10797005474707888,-0.9925899885820229,-0.5491624316745992,-0.757935963159145
2013-08-29,-0.1938774416224511,-0.5449856179049871,-0.4196830777950963,-0.07670493286282941
2013-08-30,0.05481920525497957,-0.14631204348312574,-0.18997376304670716,-1.0028284111380148
2013-09-02,0.0033358511069722053,0.4998168018629581,0.2774992340175282,0.7019233046740175
2013-09-03,1.1683017885467046,1.4984971838100563,1.4614664036770408,1.477128553079326
2013-09-04,0.21219892547003522,-0.2761923612949672,-0.16152345601368465,0.2765294537854873
2013-09-05,-0.24423254219795323,-0.7083179054306252,-0.38189133540154946,0.1950036599164104
2013-09-06,0.8239497442574822,-0.06917620831695669,0.6826255568922427,0.8010207745084116
2013-09-09,3.3330981281467866,2.6740832452313077,3.4527509704075547,1.0256150420207486
2013-09-10,1.1441535892197168,1.5388805304072504,1.394794252820773,1.0123612169126015
2013-09-11,0.14689961898254536,0.4505485242599009,0.3227253707685034,-0.9515748270176242
2013-09-12,0.6377776862105371,0.45139638395942944,0.9847084286936887,0.2815351636194331
2013-09-13,-0.8633505916254858,-0.3142094317161101,-0.7429442782623211,0.12345857064440799
2013-09-16,-0.2157749258044431,-0.32905727311934413,-0.4231689989397934,0.11396633904997215
2013-09-17,-2.0757102560626777,-1.926511154575482,-2.0821387737510304,-1.7779409504213393
2013-09-18,0.2873847471035007,-0.15364207724488085,0.21358779928738436,0.941859465319571
2013-09-23,1.3229618568211345,2.774010244012668,1.6221200564072835,2.0076434340660887
2013-09-24,-0.610131121795247,-0.6268971048197012,-1.1553814517418537,0.09970333319866524
2013-09-25,-0.4089836728593236,-0.5913721599101135,-0.609903140774829,-0.367008678621249
2013-09-26,-1.9617883705158465,-2.04356095127187,-1.852770477369827,-2.1046735016329032
2013-09-27,0.19555874846551285,0.38813276917314815,0.4406408756695275,0.3810786451001792
2013-09-30,0.6754818402932146,0.49779756010247794,0.5857623206655906,1.3028323552970331
2013-10-08,1.0761914761217815,1.9418966699786206,1.3511239688686851,1.668975720598736
2013-10-09,0.6154256301126443,-0.15862314773693925,0.48086149130435374,1.0857359915137632
2013-10-10,-0.946698873262548,0.20768080413340906,-0.9936799696497636,-0.5397528936962896
2013-10-11,1.6845533532767365,0.598954025934605,1.600334695143717,1.6851229209152403
2013-10-14,0.43081895239176726,0.2529423164834023,0.16312325896823548,1.0228322059245758
2013-10-15,-0.19502687800338747,-0.684406567186219,-0.2032364678942477,0.14148165063908608
2013-10-16,-1.8227176826845917,-1.8266237819532745,-1.8880101974426855,-2.759065136914425
2013-10-17,-0.20677338302633816,-0.25398409229513774,-0.332595917494016,-0.15757220899292926
2013-10-18,0.2391428511503699,0.7444175550136403,0.5256883854090479,0.34487099009134253
2013-10-21,1.6034636856966675,1.7853916706776316,1.8488000480420954,2.447735103692462
2013-10-22,-0.8374130276571708,-1.3811947788402141,-1.0343355975713513,-1.050216247711285
2013-10-23,-1.253612426187583,-1.2453612267652563,-1.1265686393831271,-2.5734873963064135
2013-10-24,-0.8644241311981623,-0.31106858939516774,-0.7462163699085345,-0.6662958437484071
2013-10-25,-1.4595537975516928,-1.2677648269291235,-1.3399039229248688,-1.9788364258364721
2013-10-28,0.04265461777464786,-0.5136318451131338,-0.11025429302687051,-0.3428359110166629
2013-10-29,-0.23506073839231462,0.7438070574286995,0.2574927551869235,-2.791240447168849
2013-10-30,1.4734536808590593,1.8222231183258049,1.4821843381989022,1.6226249150108119
2013-10-31,-0.8763279366488196,-1.2820673343515452,-1.4118058719466131,-1.3538079112316093
2013-11-01,0.3705287413718304,0.08652869569652819,0.4724007877344203,-0.3068926451454278
2013-11-04,0.003256427373813838,-0.4124817258849607,-0.18928072701008047,0.6928098510170156
2013-11-05,0.35338925575757363,0.4126000449263409,0.13937225977871417,1.311308108973332
2013-11-06,-0.8206057429353514,-1.9579360659237706,-1.2749943686078051,-1.0723356833503985
2013-11-07,-0.47833195364655207,-0.5761110215602843,-0.5547379866363599,-1.403120504689292
2013-11-08,-1.0988109696642185,-1.0350398734097617,-1.4026259853409686,-1.5065261184676433
2013-11-11,0.1584590899931105,0.16258203895278558,0.3434378267555392,0.43706723708444734
2013-11-12,0.8167665748200251,1.345352666902644,1.0356866469027657,0.9472688960761396
2013-11-13,-1.8426462874525595,-2.0538466503212107,-2.24204096749359,-1.8864292381705356
2013-11-14,0.6002238411880169,0.5598894358230854,0.7133213483751666,1.3221510082661587
2013-11-15,1.6675157528460691,1.8147250162845205,1.9862185037427347,2.0719264544819587
2013-11-18,2.833759502331108,2.5889075243441777,3.2712561751272733,2.4175162345050834
2013-11-19,-0.18631777344308453,-0.7364195457109461,-0.6915868310547396,0.3257590987569796
2013-11-20,0.612765398821513,0.5829655990302357,0.5247055149623804,0.9900391142402977
2013-11-21,-0.038074690309895735,-0.455287637194137,-0.6147068689841031,-0.34013506466768345
2013-11-22,-0.4266103718053522,-0.6950427616361371,-0.5004222217300467,-0.5876898197706941
2013-11-25,-0.46822675389373736,-0.40243276294918906,-0.3898396067366036,-0.08226639153119672
2013-11-26,-0.13961400147043532,-0.1696039200462791,-0.05066948737505162,0.15822458696211503
2013-11-27,0.821146274620203,0.9767629898699661,1.1270658050742965,1.1397018692074232
2013-11-28,0.8279766061990431,1.1874817032715346,1.0321454791420261,0.842508532379205
2013-11-29,0.05090239238531954,-0.06740397821632643,-0.024187911491785195,0.6026158621823368
2013-12-02,-0.5930634135360122,-1.9619702280669271,-0.8296103558277038,-4.549295894699023
2013-12-03,0.6907414304713643,1.3738896632720041,0.9869319880394243,2.3351076661180374
2013-12-04,1.3002956742821616,1.267177148229649,1.316022507013568,1.874567272092657
2013-12-05,-0.20894375458091569,-0.46650719364170157,-0.28078200404967396,-0.10888203657314664
2013-12-06,-0.4437840817792505,-0.399240441182095,-0.6466858157073208,-0.2533292211758041
2013-12-09,0.04871171031963279,-0.08212897525885912,-0.05792183162287592,0.7352749969884611
2013-12-10,-0.031726951864661956,0.404010190008133,0.09991457116539741,0.0706491010230933
2013-12-11,-1.50036810806438,-1.7021190861277409,-1.6670888830555648,-1.1126116553422398
2013-12-12,-0.062174239630977894,-0.10886086813398478,-0.11362742214266001,0.2602337435816725
2013-12-13,-0.30553255499615695,0.3466335664735487,-0.1403462380488098,0.21600566391898904
2013-12-16,-1.6167662251947927,-1.8818108855041082,-1.6219651175537142,-1.739956398863372
2013-12-17,-0.4536249006573271,-0.7186691209122741,-0.48853895612552717,-0.6159866066274527
2013-12-18,-0.12978647530383314,0.2859510361040297,0.03606577587935317,0.0005216429666855965
2013-12-19,-0.9588294445403874,-1.0893223594554629,-1.0585133078898654,-1.0232004822708338
2013-12-20,-2.041575164550204,-2.2464041367338448,-2.3542747230581322,-1.273416111438271
2013-12-23,0.23571696145941604,0.28565664316877404,0.2831633762360633,-0.11375562995196914
2013-12-24,0.15301416931758083,0.473499567929385,0.15963789650420607,0.6912150894978952
2013-12-25,0.6401149674776976,0.8551386163253978,0.7341064369918673,1.0492167809224437
2013-12-26,-1.5911520179379828,-2.4891085418735677,-1.7407953965973333,-1.7300122398268682
2013-12-27,1.348733418375869,1.900449641944504,1.6700579229679495,1.5281517966316838
2013-12-30,-0.1771943742388527,-0.6175186231073728,-0.17467101557194603,0.32126030911448217
2013-12-31,0.8757600157243328,1.5196535377787665,1.3206830270544092,0.4213507758199955
2014-01-02,-0.31192559909584716,-0.09115445273945584,-0.34608730570227675,0.4892558652385265
2014-01-03,-1.2522435390570876,-1.0662492484072692,-1.3527899049196344,-0.8235739773462489
2014-01-06,-1.8131453271089166,-2.6488932000324774,-2.3023832301036835,-2.8012172711741763
2014-01-07,0.07867032897565236,-0.15552232063515958,-0.02859287342114402,0.6114551004229722
2014-01-08,-0.1456621775465504,-0.05343259707674796,0.17455712247879618,0.12179014255901824
2014-01-09,-0.8212307571329325,-0.7125945332392551,-0.882148489725003,-1.135032221041932
2014-01-10,-0.7087524595720283,-1.2822703847025552,-0.7847216843302262,-1.8401398449023412
2014-01-13,-0.1859374215118832,-0.9918218566015723,-0.507898048293687,-0.4587993933215089
2014-01-14,0.8562137333541251,1.2233776604423316,0.8700778588261385,1.960435889744987
2014-01-15,-0.1723376366927243,0.03951855238761665,-0.17685150217857126,0.6658871658246284
2014-01-16,0.01729654938154048,-0.02060508535578587,0.13119858558818864,0.16625242126655326
2014-01-17,-0.9308396303752964,-1.6125999358953627,-1.519277206300218,-1.1478241377791334
2014-01-20,-0.6856540549602479,-0.2686329084617844,-0.5754444487417137,-0.7597032184841822
2014-01-21,0.853099014173379,0.9141629609114796,0.9840663783128393,1.524489509429049
2014-01-22,2.1399515143828958,2.945869792340179,2.5452661582628417,2.6385854298671023
2014-01-23,-0.4675222796440559,-0.4097662714342195,-0.5322096978239296,0.6938160412312335
2014-01-24,0.5961102169168575,0.8523659647129138,0.6159610503142063,1.4836497653363343
2014-01-27,-1.0318877966253104,-1.314756298632077,-1.3340703503284903,-0.018545659724850814
2014-01-28,0.25590598987992524,-0.15219494730679312,0.17764636822213395,-0.209908583784069
2014-01-29,0.5576740914593786,-0.4293024483974515,0.3561443089529202,0.8902357097731175
2014-01-30,-0.8244005162329836,-1.7665126494169106,-1.1435196827176697,-0.5909789880518856
2014-02-07,0.5601376237337783,0.5785705971611782,0.45436812161489165,1.842438217784773
2014-02-10,2.0128652239975544,2.5355356990013656,2.457707503855423,2.9124476762160936
2014-02-11,0.8401525405141003,0.33175155728135886,0.7919937556618063,0.14101763095003764
2014-02-12,0.29855514946344025,0.8127006268876272,0.24864492655374318,1.0975287452820388
2014-02-13,-0.5493840391783961,-0.5707161606955139,-0.5119465106190865,-1.4894357393791378
2014-02-14,0.8281473444010671,0.33848246454921016,0.7007479829311719,1.7013112552551126
2014-02-17,0.9206725630425726,0.76082124877436,0.6976020372460596,1.8831477152967093
2014-02-18,-0.7686035454214408,-1.4133977841294518,-1.2716509091927097,-0.1199460980222164
2014-02-19,1.1019395249610697,1.5389489740471713,1.1422223462868448,0.006891888843681841
2014-02-20,-0.17611354296065632,-1.41581974107608,-0.9233981322957483,-1.410088626301177
2014-02-21,-1.1800337753646204,-1.1744107152600187,-1.0172044304678458,-0.6565138518131717
2014-02-24,-1.7659955233921463,-2.720742931506054,-2.2230083947714574,-0.39209016031192384
2014-02-25,-2.066282698722061,-3.214237179906111,-2.589099937936582,-3.5790577092120066
2014-02-26,0.34499122665730614,0.21417501601738845,0.25455198734873924,0.6551856894056591
2014-02-27,0.2983908685639324,-1.8041134882900414,-0.43080353459166354,-1.3317187902799754
2014-02-28,0.43619773571586556,2.4349401872828724,1.1474642873164118,1.041641848394031
2014-03-03,0.9168558299519591,0.35208440853236234,0.5218191245374506,2.0628680417247076
2014-03-04,-0.18183094736372735,-0.6079120317073509,-0.2788802714518922,0.018969325180032387
2014-03-05,-0.8917395528797581,-0.6688887668430508,-0.9332557817825864,-0.5382020685204247
2014-03-06,0.31609738768584494,0.7358314612283615,0.444946222489195,-0.12440309192242988
2014-03-07,-0.08111738421087095,-0.3208338157306529,-0.24274595693751536,-0.5048977750858068
2014-03-10,-2.9008832263251314,-2.9079527115929724,-3.3086711817516457,-3.8672669609619694
2014-03-11,0.10449400110356397,1.3136736865606953,0.5168265019515195,0.1040844161544336
2014-03-12,-0.17354993915539857,0.06167881611432716,0.25907056990483784,0.0362228849795987
2014-03-13,1.0665307230225252,1.4071203412545557,1.2316642398861635,1.0675777243545599
2014-03-14,-0.7341990753109795,-1.102196501914191,-0.8205207921201391,-0.4661295514392599
2014-03-17,0.9597865143409748,1.3931944009712416,0.9470566907975592,1.990104031573691
2014-03-18,0.07557664596916963,-0.9123834979910487,-0.2293766495035088,0.5542756779660557
2014-03-19,-0.17148805886861618,-1.7170332962224255,-0.8105233383859713,-0.21405627085620874
2014-03-20,-1.4071725341954662,-2.147759559047667,-1.6113128569433939,-2.649682520037317
2014-03-21,2.6796287903333953,3.418648952622553,3.3839258471131317,1.9367137590540804
2014-03-24,0.9071746017647588,0.4435318076853508,0.8188542646528487,0.8432639016341333
2014-03-25,0.04983561607790659,-0.29477975181974847,-0.09698942840160933,0.13238061354100425
2014-03-26,-0.1762294149115371,-0.11257859960830188,-0.15602386325602885,0.2592386446031062
2014-03-27,-0.831095760968424,-0.9873002906120569,-0.7090785841405449,-1.4463712148174872
2014-03-28,-0.238730147869665,-0.10391538736237711,-0.17364339689756267,-2.0166279986005753
2014-03-31,-0.41226849917638253,0.33451440617894057,-0.26336131063778084,-0.6426316977916186
2014-04-01,0.6934993499244058,1.2650567551082832,0.7801535358582844,1.5232793640923126
2014-04-02,0.5615570772571065,0.7181840964407817,0.8108059198296467,0.06537179478414133
2014-04-03,-0.7453680774938745,-0.4864826063464542,-0.7234702750993021,-0.1477241520603418
2014-04-04,0.7375969753048369,0.9518816162081905,0.9405928009623563,1.0963020957514655
2014-04-08,1.898010122216479,1.8937866917749215,2.344781261241763,1.0706010454712664
2014-04-09,0.331151337942891,0.03448755719137095,0.0580883584924917,0.9229857853625808
2014-04-10,1.3709249180390222,0.6892484390834163,1.557524427301807,0.5036380983965054
2014-04-11,-0.1763255350341543,0.3119468299682567,-0.13599067325084654,-0.43796433046652755
2014-04-14,0.04692544571428815,-0.046802561943215554,-0.09076329908790105,0.7467343544138874
2014-04-15,-1.414576378499387,-1.777071827775704,-1.7407905456009711,-0.7288308097129004
2014-04-16,0.16735132461979488,0.25137144667291433,0.13760678461569165,-0.05048627340723714
2014-04-17,-0.29638390777076606,-0.23351999619515587,-0.3468447590555928,-0.12296481122052096
2014-04-18,-0.054329178964152264,0.06305855665329523,-0.014384349852194724,0.35603329421583135
2014-04-21,-1.5333259064097116,-1.3794216298393964,-1.6878133434859328,-1.5991134543350132
2014-04-22,0.3382740633462859,0.5102820059046707,0.4356709027332666,-0.45927352859295933
2014-04-23,-0.26327182186032777,0.5869455233791608,-0.09700624925281794,-0.4570658792376124
2014-04-24,-0.5018910208199395,-0.2058681892039253,-0.19155608643194683,-1.1354131072651126
2014-04-25,-1.0020726081567495,-1.2994745056604702,-1.0389465455937368,-2.1894078483174333
2014-04-28,-1.6351809012717278,-1.1424097285532482,-1.5274072159168604,-3.1020740512807854
2014-04-29,0.8375154264787816,1.363502858413239,1.0947042316540236,1.464021665763177
2014-04-30,0.29752659899951994,-0.36853267596280187,0.008802144022661293,0.7259095712607017
2014-05-05,0.04884414621086889,-0.04513616837738954,-0.1015033237945765,0.8492395502933254
2014-05-06,0.03402878670897021,0.03187098433770717,0.039872039102112095,0.5170521493197807
2014-05-07,-0.8895287126330885,-1.0614278379751871,-0.9318638212901192,-1.7973646994833452
2014-05-08,0.25786591853632745,-0.8984646687902778,-0.08518964571729153,0.10767620357030365
2014-05-09,-0.20514559860597936,-0.10521601649394512,-0.07448336297090519,-1.0171398917589736
2014-05-12,2.053708859074978,2.1505492281686243,2.1391834648118233,2.5700133261118294
2014-05-13,-0.1042986740420404,-0.10705168008597776,-0.2388115672617896,-0.1540753489003723
2014-05-14,-0.1376066424465785,0.20784616213228335,-0.11409591734654033,-0.08120157751235267
2014-05-15,-1.126487526519061,-1.537244262226837,-1.310818152644739,-1.89651842643385
2014-05-16,0.0755281452278983,0.3929185724037941,0.08717888305842136,-0.1522992652607648
2014-05-19,-1.0576334796180955,-1.2600158642546193,-1.4461340614894092,-0.5731970128833744
2014-05-20,0.146512870999784,-0.004334854961320451,0.029780827512583444,0.27893569824004355
2014-05-21,0.8346047895597919,0.7449272840565097,0.9473972942712235,0.8473809387896221
2014-05-22,-0.18090874482003946,-0.2914864316778377,-0.23624383465133117,-0.03176098683262649
2014-05-23,0.6548572908357806,0.7936483569922709,0.8197686632755984,1.0731978692442778
2014-05-26,0.33905406556073686,0.4710663070270907,0.35173429008429935,1.0751280660775127
2014-05-27,-0.33905406556072754,-0.206257559243668,-0.40434516405631926,-0.23987005685032675
2014-05-28,0.7667487623067528,1.6470772551144537,1.0225658585729946,1.1268480454298522
2014-05-29,-0.470809971979843,-0.5315776072661914,-0.6562616771750394,-1.0339184126464085
2014-05-30,-0.06814043074469711,0.3164613398709011,0.06030216203626274,0.1926518447509734
2014-06-03,-0.04414448069491145,-0.5898010812804645,-0.30373562146929306,-0.17041389599236392
2014-06-04,-0.6635286727503344,-1.352957972161661,-1.0121189014864818,-0.8783544669172826
2014-06-05,0.7895340973586746,1.1084477048140897,1.0437429844190973,1.1223851153500053
2014-06-06,-0.5364998964691355,-0.9388590755720344,-0.7411382435275419,-0.3589363350339468
2014-06-09,0.02659797181519934,-0.11270427111383263,-0.02061372694109804,-0.5488632117563006
2014-06-10,1.0791110414972553,1.5707754544921404,1.256665860693423,1.115305278123138
2014-06-11,0.1178338192765344,-0.01321314369173433,-0.023137222340866334,0.4684299563095231
2014-06-12,-0.15779249668872367,-0.5584523239413365,-0.34120074453544685,-0.2060155162391888
2014-06-13,0.9222781101697872,1.3814095585417405,1.0545984821620284,1.0708386197533202
2014-06-16,0.7342395918145617,0.2110898495717144,0.7151881403549682,0.600011535524295
2014-06-17,-0.9285636519786946,-1.1610912927366388,-1.017541617767701,-0.9145184799658302
2014-06-18,-0.5424274983960237,-0.464428124294914,-0.43557556204644154,-0.5490201759722038
2014-06-19,-1.5581572625466595,-1.6174170017062106,-1.5549104428993765,-2.69028109849453
2014-06-20,0.14467673697595584,0.2138285359610521,0.46064008050166394,0.8919838121002249
2014-06-23,-0.11355110031657958,-0.03919780764866766,-0.12269250679805131,0.6979445101145185
2014-06-24,0.47113410459513677,0.6648345226065101,0.5005934832068027,0.6092705011191925
2014-06-25,-0.4153298427632789,-0.32091876627832566,-0.5352743725099698,-0.6577638656871523
2014-06-26,0.6485955939078348,1.0231985131914687,0.7336954534698199,1.2485864357725116
2014-06-27,-0.10649811199470373,0.28402223892946776,0.05489214761473664,0.7062097889100456
2014-06-30,0.5787268529524484,0.4183986616606702,0.6887022109493341,0.9106538050950679
2014-07-01,0.10003148165843131,-0.6253785550212209,-0.025867962672653344,0.6812584510855212
2014-07-02,0.43992479339837637,0.17634322485859222,0.2910901320315423,0.6954979718750501
2014-07-03,0.18483262390347124,0.3435772522335914,0.42840201026994346,1.0086396731555134
2014-07-04,-0.18677493719866206,-0.02222305548890763,-0.06836603162891251,-0.37611223506471003
2014-07-07,0.026703501473198683,-0.1690841272055387,-0.11067764775631811,0.24766038559493686
2014-07-08,0.198353585323753,0.5015048130568569,0.19188577211359473,0.6262591549110937
2014-07-09,-1.2387334427520347,-2.276499172304744,-1.4672787826184828,-1.4288254587186477
2014-07-10,-0.013245195569960984,-0.46097094379802067,-0.2730943359531226,-0.005022223339338801
2014-07-11,0.42200145851966586,0.6590309654313764,0.24051134212560032,1.1869908897106405
2014-07-14,0.9573173137462027,0.9925643226008495,1.099606659958674,1.503621065481721
2014-07-15,0.1793566365347002,0.3504018802671626,0.14815703672200117,0.056452235211448626
2014-07-16,-0.148877165190126,-0.5835395707386452,-0.189146023232998,-0.7600067482512587
2014-07-17,-0.5670822183310825,-0.929267615455424,-0.6377189502994908,-0.7581372585098902
2014-07-18,0.16915131893050014,0.8953864910492786,0.3272234540099562,0.2744627656181521
2014-07-21,-0.22316499884285596,0.20723884460898231,0.09975892422632751,-0.3042332355168067
2014-07-22,1.0169677666994312,1.3400750542992048,1.2113018029209899,1.307710848618085
2014-07-23,0.14492163047912365,0.036072786051020996,0.23368487788574885,-0.6432138533914046
2014-07-24,1.2702301753985519,1.7218315910297797,1.7674113062223378,-0.07125835398854484
2014-07-25,1.0185192274487727,0.9908896632692177,1.0419285494273365,0.8737755155958619
2014-07-28,2.385490484055875,2.9968226443188444,2.768290029631002,1.9029003000614122
2014-07-29,0.24030425629909194,0.7448505637528107,0.3209268812068482,0.9429132815782648
2014-07-30,-0.08935875382381327,-0.17569677305222858,-0.40228877174115113,0.1657426145505574
2014-07-31,0.9272677556314727,1.3115821401930845,1.2088515577883348,0.9964801072142204
2014-08-01,-0.7413081093215521,-0.9588471916628519,-0.8910981790108734,-1.1061529276590145
2014-08-04,1.7252953113954146,1.5852657243194241,1.9647732363459582,1.6169379039836624
2014-08-05,-0.15213988998942274,0.010615267136936214,-0.2642800122801449,0.4958647386000381
2014-08-06,-0.11177667465373091,-0.153218811647944,-0.2590560067026133,0.6601234811423624
2014-08-07,-1.3529855845744179,-1.5446050054451785,-1.5247551660336476,-0.9869268667280865
2014-08-08,0.30852811950189146,0.15712377933336236,0.1575584354588335,0.5957362471492611
2014-08-11,1.3677268163177159,1.5654229971489957,1.457287398326995,1.503586963554566
2014-08-12,-0.13719428634915368,-0.5364097778503155,-0.3515165401702349,0.5193230635622712
2014-08-13,0.05759954079618141,0.1705609736142874,0.07845715475768779,0.045446180008277944
2014-08-14,-0.740969897644474,-1.0909503773952858,-0.9776748056122697,-0.6452216095982518
2014-08-15,0.9140188147749645,1.110746700856672,1.0514108086479976,1.1399282709310903
2014-08-18,0.5705089138485747,0.7959897105944602,0.5879388451570794,1.3450026384512093
2014-08-19,0.26132729820386763,-0.03244430578067475,0.00884335264708318,0.29842524998143527
2014-08-20,-0.22828922375519775,-0.2512088718798995,-0.36406552885836874,0.010228654918559527
2014-08-21,-0.4361769246145574,-0.15417452962791653,-0.5041977641495685,-0.04359023469860573
2014-08-22,0.46295654191533503,0.6059715707227321,0.4712272471014617,0.5835537381878314
2014-08-25,-0.5163230025863808,-1.5579702918039342,-0.955782494648608,-0.7683559300340106
2014-08-26,-0.9990210173594719,-1.5344972021203847,-0.8043840712564165,-1.7887472934658075
2014-08-27,0.10687003177194981,0.3460867520632175,0.15091292266509582,0.3085359460983584
2014-08-28,-0.6197114689286711,-1.2516357258130357,-0.7036210176236084,-0.9024565093714437
2014-08-29,0.9689585488838495,1.259670020779285,1.1618409372710925,1.053206502041019
2014-09-01,0.822425139057952,1.2603712714664954,0.7256706344561686,1.7808450650485683
2014-09-02,1.3568837721614717,1.278132970546423,1.3134497034940438,1.5122112651228747
2014-09-03,0.9915157590436784,0.89807140810999,0.9334207449969194,0.7063966277582493
2014-09-04,0.7933907211943475,0.7451343181393324,0.7189186837882101,0.8497909389154784
2014-09-05,0.8447611256628089,0.463179016228137,0.9451447452589055,0.39895440253503456
2014-09-09,0.004298339122438993,-0.15862537774126054,-0.165083968777414,0.7521248243256322
2014-09-10,-0.3539415170945951,-0.5245698029830422,-0.5244340743480111,0.17446541202787477
2014-09-11,-0.2863939028674187,-0.4998621904836469,-0.3698612913416851,-0.10557790005489395
2014-09-12,0.873029450874112,0.3574570157918208,0.6133537404040943,1.0993686003797143
2014-09-15,0.30785130144984735,-0.4223962038203491,-0.047994586147573036,1.0582972333382705
2014-09-16,-1.837098929257901,-2.389827413274649,-2.0067147197591972,-3.427990675674946
2014-09-17,0.4921336041125891,0.7640157921991272,0.524416140982712,0.8680237964384068
2014-09-18,0.34776475308295146,0.28461729455587975,0.30478257435784334,0.7009021725261829
2014-09-19,0.5820853481986892,0.5317789581309003,0.684754230770323,0.8381794086360208
2014-09-22,-1.713714081512168,-1.8990580196749824,-1.9271515397415908,-1.3646730971187622
2014-09-23,0.8631257669906552,0.8828838013967021,0.8597108856812512,1.2751133215491663
2014-09-24,1.4553369706874069,1.6722545826188415,1.751633195014992,1.2798262080925376
2014-09-25,0.06483701396762083,-0.2931373272377392,-0.20045796379351802,-0.020144437763147553
2014-09-26,0.11165995168008963,-0.044955259129102844,0.009437504238504027,0.315199935808294
2014-09-29,0.4246164541773515,0.12342371735159435,0.4339822573898843,0.9786446828486277
2014-09-30,0.26092975211666863,-0.03093446866878353,0.1302362604190987,0.7899109439809789
2014-10-08,0.7971963528263286,1.2703072934866102,1.1113096355213208,1.562347299778786
2014-10-09,0.27576628486523136,0.24847977655861503,0.14434496915901812,0.2094518111506003
2014-10-10,-0.6225998352044833,0.09174228738171494,-0.6130860325039444,-0.4436284608147368
2014-10-13,-0.35987424269178553,-0.5797662861650471,-0.4811315851752178,0.016659089830008352
2014-10-14,-0.2763736313683569,-0.2957553141698068,-0.34234381625996035,-0.3337102393694624
2014-10-15,0.5996024851773443,0.7119593694070707,0.7050328261465361,0.43460900916150474
2014-10-16,-0.7259813246392864,-1.072191503535533,-0.7933590500546088,-1.6469022262794255
2014-10-17,-0.6522391610920455,0.5021468274544683,-0.10928895734479765,-0.9319231935980459
2014-10-20,0.6619989224524259,0.6441805334289508,0.5301823530938521,1.397995574785732
2014-10-21,-0.726944532788475,-1.1928200323425011,-0.8723281109798886,-0.9199936897651834
2014-10-22,-0.5619136084887217,-0.5407517883054407,-0.6079948160693143,-1.2031499573703726
2014-10-23,-1.0425739881333773,-1.1731408042995586,-0.9429760522195444,-1.4692086706210699
2014-10-24,-0.006080743589936073,-0.6045219598886117,-0.21852452471910186,0.4079796632592692
2014-10-27,-0.5155997417582763,-1.1656934402063306,-0.9194230590862591,0.7272425441467711
2014-10-28,2.0496319576748614,2.0106040478936644,1.9986121257595542,2.3718865725343936
2014-10-29,1.4927361174333065,1.272980343263896,1.4268847665430842,1.347240022465853
2014-10-30,0.7577527121556192,-0.0016067999775371202,0.7133727113394492,0.01742720390934307
2014-10-31,1.2096770847514795,1.6555744108764463,1.5832334660498577,-0.1244607613276272
2014-11-03,0.40616853874453385,0.17660896040359414,0.16809806224021778,0.844328398956146
2014-11-04,0.026745064152110032,-0.4056687231745643,0.02467308179306943,-0.5029829676234885
2014-11-05,-0.4713478817868539,-0.1002111588882809,-0.3875123953351714,-0.16061754183839239
2014-11-06,0.2728525916180626,0.16318794056617475,0.10460084953793763,0.587010644425135
2014-11-07,-0.31750449358002414,0.2785949002697763,-0.156542675861543,-0.951606393598364
2014-11-10,2.2691822086971096,2.107005574991536,2.5092676235550564,1.0739232691836715
2014-11-11,-0.1618339370954565,-1.1640310802209508,-0.27788962410285917,-3.01703189352864
2014-11-12,0.9995752172696395,1.1648633974337117,1.386029760897699,1.7041377744781638
2014-11-13,-0.3562188385921294,-1.2588580378742629,-0.5631944875849444,-0.8841926513784545
2014-11-14,-0.2735461768617669,0.2623862284417388,0.05192953201854579,-0.2453394888405588
2014-11-17,-0.19423244941552967,-0.5189437738865773,-0.5434933223890381,0.9902716492454197
2014-11-18,-0.7155665595412471,-1.0583586195210877,-1.0053877174520325,0.18496658547882808
2014-11-19,-0.2192625833609504,0.3468593132959285,-0.16539864835803125,0.35065721294115704
2014-11-20,0.06811253105601205,-0.23967705602441552,-0.0047296977731871295,-0.21024674076048658
2014-11-21,1.3819572292002513,1.5349491818181424,1.8107889279019531,1.1023261434539715
2014-11-24,1.8364273069909263,2.9050765572025408,2.515076996571948,1.6239933558047843
2014-11-25,1.3614615212721917,1.337727387694088,1.360891660306018,1.4926809407479373
2014-11-26,1.4211513460960548,0.8059750764886204,1.3852286182950706,0.48465904941606425
2014-11-27,0.9987016706413266,1.0967977445383688,1.149074899620086,0.7105212585283281
2014-11-28,1.9705794305171302,1.5877028251461618,1.9532158824131316,-0.11660853439998393
2014-12-01,-0.09994406947917123,1.0336046453711027,0.39050404684092127,-0.710393185565527
2014-12-02,3.0639590892274726,2.937916544855119,3.6262515047515644,1.3260031400510177
2014-12-03,0.5765763535774726,2.9140128646954513,1.4804674718246962,1.155742486032058
2014-12-04,4.224266409593131,3.923598770629296,4.506765713685286,2.0934934523996556
2014-12-05,1.3085429239131499,0.372690833138538,0.6594728872574315,-2.189437392523838
2014-12-08,2.773297839989345,4.726838047511784,4.014167521645234,1.466169848636418
2014-12-09,-5.582634257219868,-4.239217573170237,-4.59120946429702,-4.096695813391069
2014-12-10,2.889640488130345,4.1534359432819015,3.6233947053963815,3.3815574655874334
2014-12-11,-0.4865542565479892,-0.633932223242458,-1.2035320211026344,1.4838837770197348
2014-12-12,0.42394984293368415,-0.15825273977409116,0.3205653724423434,0.7081007770484206
2014-12-15,0.5176882321566373,0.3998757626065547,0.7487797173403568,1.6322765982476524
2014-12-16,2.2796195135655526,1.5528689185097633,2.643150022177584,0.41267979238134744
2014-12-17,1.2988177727980712,1.1009025519449398,1.7167288356851564,-0.8849948212632155
2014-12-18,-0.1144063904708361,-1.1331518467711321,-0.4374847618001224,0.013674795394190637
2014-12-19,1.6568334216959208,-0.35759460882777233,1.1068457948597383,-0.6123368621644575
2014-12-22,0.604551195423997,-0.1750831479813128,0.3337443065976818,-4.043460212058594
2014-12-23,-3.0794341141140738,-0.3562914930956999,-2.070496919028609,-2.1239153147705063
2014-12-24,-2.001019283317065,-2.667711909643934,-2.8842740688224087,1.3131292183833487
2014-12-25,3.3091139041122903,1.9365282861645947,3.199573548990167,1.9232864056390127
2014-12-26,2.730766427878817,2.900784801876524,3.2569097913907994,1.078870717973071
2014-12-29,0.32945416970646135,-0.20608781591019434,0.2787882349929302,-1.0214733514581362
2014-12-30,-0.06946812955405589,-0.5407716225264986,0.06046570346860468,-1.7392592509069966
2014-12-31,2.151789920866123,2.6901526929389044,2.178806477352605,0.8986831322466535
2015-01-05,3.5185552694906552,4.491238798610006,3.00583585582014,1.7563276599010005
2015-01-06,0.027753033987591484,1.2711611633376756,-0.013182105311155705,1.1533704438893595
2015-01-07,0.6691076796812359,-0.4691321342634596,0.07495007111465883,0.15280680574762556
2015-01-08,-2.414548091777817,-1.2845032212303018,-2.3471690669513245,-0.8086188945002246
2015-01-09,-0.24472300007681766,-1.2319648220941666,-0.3529425362131296,-0.6446106849628481
2015-01-12,-1.7219865134734031,-0.3501118572663576,-0.9387772017068166,-1.4307663670815114
2015-01-13,0.18500706014199086,0.6239146708461054,0.013091203014883444,1.3573440421027105
2015-01-14,-0.39828227831138024,-1.0448191166063172,-0.33122145992013086,-0.47010563330320354
2015-01-15,3.477152810553404,2.1645580953837005,2.8623477388994316,1.2799400502141343
2015-01-16,1.1929305353919086,0.42682525366380364,0.8572740079455823,1.2960152812653103
2015-01-19,-8.017722484041292,-6.834431113657546,-8.015091630722376,-4.4113717710066505
2015-01-20,1.803082524232522,2.072438317224844,1.2163589146000124,3.5451496258541013
2015-01-21,4.6358271155145125,3.359480042637528,4.397183009022042,2.511454420881987
2015-01-22,0.5918765731875621,0.8670396152870364,0.5261025273171894,1.3886445310360658
2015-01-23,0.25152736894639993,-0.304878551118325,0.11541684405998491,-1.0044726327162383
2015-01-26,0.9330514584494557,2.1682913337481633,1.0100758326502997,2.206673476972199
2015-01-27,-0.8972557797987937,-1.1627217368443266,-0.9205235043219323,0.25735308321513534
2015-01-28,-1.4183186379584454,-1.7259609093685624,-1.3974383248883278,-0.5888633573392867
2015-01-29,-1.3224818013031534,-0.9304927854860501,-1.2421810843327659,-0.6766839938221464
2015-01-30,-1.605245301870115,-0.8781412276499404,-1.3710075235254073,-1.2084206080374724
2015-02-02,-2.5893354373764,-1.6962642561508634,-2.3697588935763036,-0.4152247713784892
2015-02-03,2.4194282842524077,2.219524072195004,2.4588180160894586,1.7335616034743293
2015-02-04,-0.9650429807657334,-0.8298988674113008,-1.043403303399339,-0.4206836157657425
2015-02-05,-1.191648573699993,-0.459559922380587,-1.0288594344539868,-0.5168590076583907
2015-02-06,-1.9516300872731103,-2.5117669341620608,-1.6328249976519111,-2.1348543958799144
2015-02-09,0.6225885160465872,0.7113853015715612,1.006265305625042,-0.5402304492928433
2015-02-10,1.4902363586994707,2.4403203993490994,1.8072834588910167,1.3662895985433738
2015-02-11,0.5114873302348085,1.1517720423586426,0.7946178813204567,1.0887174489471876
2015-02-12,0.49659561990711404,0.32877917065834705,0.25447193384864014,0.6985729358914414
2015-02-13,0.9537098435199733,1.2338269349779674,0.7800175530028267,1.5358435649320146
2015-02-16,0.5767041235023448,1.3212972683181101,0.8508784624783148,1.7259672820075407
2015-02-17,0.7589764486300199,1.0578378213173796,0.6505477385104357,0.7026710438635511
2015-02-25,-0.558083523923609,-1.5380645497671037,-1.245257876415592,-0.07717277267397715
2015-02-26,2.13024356412115,1.8126357157396658,2.486135912684972,1.0613011262225616
2015-02-27,0.3613444477910194,0.05870227312331182,0.1832153965169354,0.8158189795420205
2015-03-02,0.7820591450896286,1.068799643711179,0.7925763286456746,1.9959126978482806
2015-03-03,-2.2197070358023767,-3.0570200420739004,-2.6268993196147212,-0.344742131786579
2015-03-04,0.5037778629869305,1.111769635778244,0.6512570754306669,1.4885408206743174
2015-03-05,-0.9512924813954158,-0.7638657780752017,-0.9813431517550436,-0.023028469248056325
2015-03-06,-0.22466483091782619,-1.515701227752918,-0.5109791099256834,-1.2309323614073326
2015-03-09,1.8711958638626403,1.22859674051137,1.6884015880599006,1.2832621238248225
2015-03-10,-0.4960183077625708,0.20285950409004275,-0.48566617997152584,1.0289367589888945
2015-03-11,0.14687617149834092,-0.2734630895909871,0.11468705038058728,-0.21691671091642944
2015-03-12,1.7596256559489647,0.9542106573212198,1.916183555284812,-0.04391908418655143
2015-03-13,0.7018533086933928,0.6682909082324006,0.6884431878347573,1.1031334164694289
2015-03-16,2.2398337795577525,2.563497415048941,2.4036671120586233,2.914497117116285
2015-03-17,1.5402711818304027,1.2548077203760426,1.378862735349347,1.5421910208453127
2015-03-18,2.1031403065257726,2.6493334086224745,2.33965412092146,1.6487562273646519
2015-03-19,0.13883517580844543,-0.5386497065119125,-0.16445916949350195,0.8051541106009107
2015-03-20,0.973674248302927,0.9237034695353175,1.3664951891549697,1.0040162501799805
2015-03-23,1.927767243691017,1.8628151070450583,2.021524394347777,2.39771221934151
2015-03-24,0.09974062844931948,0.16324287717691377,0.02492098926569091,0.41199580151962467
2015-03-25,-0.8345917809707837,-0.34509371723038484,-0.8249282892087151,1.1114369660664674
2015-03-26,0.5820660517745081,-0.3464460585057997,0.2430800103443708,-0.7103191921067905
2015-03-27,0.24412750148829482,1.261887821744124,0.5478635716553403,1.1455890025248912
2015-03-30,2.5536079520432016,2.4468243902984965,2.8905668613624376,1.243640802543485
2015-03-31,-1.026491300627605,-0.24785642790926757,-0.9086749715542877,0.1048377180706296
2015-04-01,1.6509618603780993,1.7629269403218673,1.7786184030434546,2.352203266978147
2015-04-02,0.40570663304124915,0.2339227705084796,0.021336747293834765,1.8006168977122534
2015-04-03,0.9922432186197174,0.5091995843683109,1.1032838798614188,1.553346726900402
2015-04-07,2.4907649163985455,2.0107509435503403,2.1233026078905435,2.371318959304387
2015-04-08,0.840356922980754,0.5287140921590878,0.835925127946798,-0.7054973082708639
2015-04-09,-0.9375925350369577,-0.3255612361579923,-0.7866419623130144,-0.7952903372264472
2015-04-10,1.921519009406692,1.557812551513301,1.9120881475910032,2.625141669046512
2015-04-13,2.1435268589207084,0.9670261436464411,1.7489485199778925,2.123863975323057
2015-04-14,0.33546146467767046,-0.7594397589629349,0.3862634257605924,-0.036077412914369694
2015-04-15,-1.2509089805432332,-2.8594457786515832,-1.3079226532090829,-3.9848992391087674
2015-04-16,2.673435396232021,2.326354141434348,2.9918827606092084,1.391573372011391
2015-04-17,2.1806733399212805,1.2913299339299473,1.8132837221052387,0.8641675639990909
2015-04-20,-1.6514218756897705,-1.9824395332871902,-1.6280138381000064,-1.7807565843167399
2015-04-21,1.7987254548579443,4.008929443007146,2.127618796865544,3.4203423224170146
2015-04-22,2.4131100240273833,2.12512190063308,2.5784180134499137,2.5644927089756293
2015-04-23,0.3635542413461289,-0.04007819030432376,0.022783127926655117,1.0430275273170686
2015-04-24,-0.472742189656564,-0.9850832438362908,-0.8100828646583973,0.09982294141966264
2015-04-27,2.9978402564315454,1.4330981130934601,2.207186590631512,1.1093822066993875
2015-04-28,-1.136888301737832,-0.692289530314272,-1.3766455254852255,-2.938797264449735
2015-04-29,0.008935712025800744,1.1136318909100082,0.6824186152074109,1.9380374927286674
2015-04-30,-0.7840116945182265,-0.35910406151289126,-0.5132190067953637,0.4902388335995367
2015-05-04,0.8697539282652911,0.2822857095854179,0.793702391490838,0.480679835894012
2015-05-05,-4.14107420367239,-4.313846688215144,-4.068937288801049,-3.724468199892899
2015-05-06,-1.6285576357574352,-0.6833477011565233,-0.9510277500718046,-1.4290572474304895
2015-05-07,-2.8068804445195963,-0.15178280420182202,-1.8450290758870145,-2.245992194404723
2015-05-08,2.2532459764892034,2.5635776262660364,1.956314211053216,3.6988290162685087
2015-05-11,2.9900933597656607,3.1514057063830982,2.8573897708527864,4.260076563473614
2015-05-12,1.548778496821652,0.8091031595190465,1.2055730118093089,2.166763956169968
2015-05-13,-0.5801556209797033,0.7063666256948402,-0.6123076095203417,0.9020806609789507
2015-05-14,0.0582586173545383,-0.984325885783842,-0.3749784099516598,-0.13085148298224764
2015-05-15,-1.60288915825823,-2.2176307909451736,-1.7881516345453565,-0.8031357320908258
2015-05-18,-0.5865815719951383,-0.1520043823671805,-0.9209636695777086,1.8214890708478169
2015-05-19,3.081714588706346,3.052249338619088,3.354579801231936,2.4543579823707695
2015-05-20,0.6484796818507924,1.3767078889256257,0.4996774095952219,1.6574520724791781
2015-05-21,1.8523855392337352,3.4316516323104493,1.79373081107599,3.6189390426467725
2015-05-22,2.790639803158881,1.0857190966152932,2.254106744554976,1.6389169664535013
2015-05-25,3.298649899630645,1.884559395779134,2.9484248691677526,2.64337283930114
2015-05-26,1.997043139262252,3.3226199250377757,1.9308416000219542,3.2676110912843814
2015-05-27,0.6254200750413605,0.3546229702203215,-0.3369831759242408,1.1859702456159407
2015-05-28,-6.725828020411666,-6.393191286061124,-6.940472899007921,-6.178213215848229
2015-05-29,-0.18479188015084305,1.171397877235077,0.14098426701942812,0.9924826630828245
2015-06-01,4.598033792394067,4.950314052395688,4.747281658679515,5.099671740602691
2015-06-02,1.6796314887648867,3.3026178820530423,1.673990672578119,3.7253000165142853
2015-06-03,-0.011201047615150474,0.3021923218094526,-0.35476376934678394,0.8560221554806606
2015-06-04,0.7531677834164014,-0.21375853434152892,0.7327870729774563,-0.13287524624917774
2015-06-05,1.5245726678458387,0.8423344846947969,0.9437285093130884,1.620212439803996
2015-06-08,2.1424790792206134,-1.1212205865780074,2.328081487590216,-1.0245658597762637
2015-06-09,-0.35820957133701636,-0.30592848061289446,-0.6801504215404268,-0.15586544295168062
2015-06-10,-0.14658153603514626,1.588387101978908,-0.15715328122829195,1.7489578097008536
2015-06-11,0.3040785007231757,1.1927964929859827,-0.047476851217242495,1.401879490294482
2015-06-12,0.8701505339465714,1.1591784338984976,0.5361933064116065,1.5677572242023607
2015-06-15,-2.0209225183929624,-2.210765659358778,-2.1589862761271648,-1.8620411948525424
2015-06-16,-3.5290614913972083,-3.603882743299583,-3.0402915647194826,-4.079758209856661
2015-06-17,1.6330612645833056,1.9120400370526303,1.4506828033861547,2.0083121202988514
2015-06-18,-3.743595841949691,-3.929749612028757,-4.137488339893289,-3.3822496897435004
2015-06-19,-6.630434920679627,-6.221108296478099,-6.137215551324418,-7.184685995515324
2015-06-23,2.16754207865581,2.017728327090665,3.1635405971926343,0.5936838757297506
2015-06-24,2.4532236124797073,1.64610633825069,1.9458064697652682,2.173408953337279
2015-06-25,-3.523281174109733,-3.8740969785815973,-3.622307741612727,-3.584549907130384
2015-06-26,-7.6846289494464255,-8.60348924460391,-8.195269907286546,-8.729021560931853
2015-06-29,-3.3920714110335766,-5.955761024989271,-3.392548843714429,-6.760304342544375
2015-06-30,5.383851630238759,5.5324698062710205,6.498873052235105,4.846998260174544
2015-07-01,-5.367322154074506,-4.911166999974733,-5.043000562737475,-5.707889379226868
2015-07-02,-3.5384481235036023,-5.469884390167031,-3.4693026757024583,-7.103491981339398
2015-07-03,-5.945414191061527,-5.389649658224614,-5.557652804453747,-6.316666578807753
2015-07-06,2.3849992094170385,-1.4003286981320977,2.8569530469402906,-1.637840564727195
2015-07-07,-1.3005595796781546,-5.973025492280463,-1.7798903998957667,-6.752362442247656
2015-07-08,-6.082067040659034,-2.986505715698623,-6.983698674424506,-2.411626762681162
2015-07-09,5.603612026848459,4.164010828666293,6.20752723601246,4.356361065001251
2015-07-10,4.441671519621572,4.4835011761214645,5.221701896586021,4.928892340832708
2015-07-13,2.3596344135233744,4.673921889045945,2.530678896854291,6.03727251804242
2015-07-14,-1.1627920163815437,0.9024366891620764,-2.394647795574438,2.101307169147477
2015-07-15,-3.0736463630110147,-4.796315095561938,-3.59963655024313,-5.947239673318997
2015-07-16,0.4582594192132088,1.839085922016908,0.7684502639684674,2.3154988200929694
2015-07-17,3.4492072290134685,5.105875551958934,3.783557149593698,5.342922424799876
2015-07-20,0.8745303841460151,1.5067808091436157,0.21919834188038756,1.5120204639025077
2015-07-21,0.6382219426911803,0.8534644963784536,0.12970450812088544,1.2727141804123172
2015-07-22,0.20836138084807543,0.7554997947102168,-0.2126594394989639,1.2064931998035255
2015-07-23,2.4018420909266815,2.48799502416955,2.227740418701803,2.74729038340205
2015-07-24,-1.2937605638269614,-1.730762723260533,-1.7688654870960534,-1.4952219595691236
2015-07-27,-8.864938558345957,-7.888810748425932,-8.950299153285068,-7.783448347118932
2015-07-28,-1.6934692306055845,-1.420992937535586,-0.20026691464460517,-1.8695183188202211
2015-07-29,3.386451395275637,4.028333209546176,3.08208758570162,4.760536997989593
2015-07-30,-2.225593333401798,-3.38785061931078,-2.9687983845729398,-2.808939822434121
2015-07-31,-1.1409310275101956,-0.17496856524099358,0.03380454454363569,-0.9469636004173492
2015-08-03,-1.1204183827670804,-1.7335898249697532,0.3280175163217884,-2.447842081033403
2015-08-04,3.62207506675132,4.423001336341504,3.05832975174091,5.1927690825713695
2015-08-05,-1.663414682958213,-1.4809919505616114,-2.0796495147962393,-1.3023076771416875
2015-08-06,-0.8980350206757529,-0.8244877451609373,-0.9105437158758285,-0.605323070971103
2015-08-07,2.232415204821445,2.6313439969181,1.9406743611205373,2.8003740668510275
2015-08-10,4.802933342774074,4.221610817348636,4.441058638762198,4.64227296941633
2015-08-11,-0.01298316136711463,0.15120533338800524,-0.434056254829231,0.49009511375164355
2015-08-12,-1.064478335491254,-1.5581897692175046,-1.250573035945396,-1.1804566808259043
2015-08-13,1.7406648999234953,2.097821825783824,1.4664871374110724,2.348429905755888
2015-08-14,0.27197364202725627,0.3777054941036593,-0.04712234717212739,1.0584218432259902
2015-08-17,0.7121527773478752,0.9476835531968979,0.10623929865543617,2.2381234236486818
2015-08-18,-6.34455547448015,-6.7818512141641545,-6.3909142195792175,-7.767422873303185
2015-08-19,1.2184811340230948,2.15882964657805,1.575072599244386,2.178092134187379
2015-08-20,-3.4815272088179086,-2.944636058615787,-3.261185570869962,-3.556949544994301
2015-08-21,-4.366263669382431,-5.576160077875343,-4.678046077471079,-5.576704320106702
2015-08-24,-8.872905609190807,-8.151994451692168,-9.154437253073908,-8.305013279223417
2015-08-25,-7.937598501103606,-7.300497056245437,-7.365882101949558,-7.785596473238512
2015-08-26,-1.2789833998954572,-2.96792651967916,-0.5681702389695713,-3.8193501581283975
2015-08-27,5.201742227923937,3.5195531887955953,5.777259377946312,3.427309796558127
2015-08-28,4.711492423995208,5.184412832992347,4.174444236995705,5.819248134893592
2015-08-31,-0.8188491843987074,-2.3499898231087517,0.7229309913818818,-3.8976343352466816
2015-09-01,-1.2356162043213987,-3.733979300741388,-0.13256806457127726,-6.466302284598361
2015-09-02,-0.20389493675485362,-1.0656310466568688,0.11147593794626237,-0.7592114412273028
2015-09-07,-2.555987229497209,-0.6289379105665643,-3.486883523480914,0.34257022881401156
2015-09-08,2.880758232520395,3.234529330733621,2.5373028902972345,3.6957751321443473
2015-09-09,2.2653045371130043,2.864521016671096,1.9393686739448617,2.725710621404593
2015-09-10,-1.403536169912694,-1.857806281369782,-1.2357950155401924,-1.7042560629386603
2015-09-11,0.07314649004185526,0.37379749139518165,-0.30933318226486733,0.8197280552386955
2015-09-14,-2.705773750210274,-6.775268282125086,-1.9933312611773086,-7.07503954595641
2015-09-15,-3.5830805954312033,-5.113274652016588,-4.007773638384216,-5.8149605314378725
2015-09-16,4.77855171370045,6.254188339801538,4.861143873511082,6.39264765456731
2015-09-17,-2.1224459507223443,-1.5337798994164928,-2.2074602667635883,-1.9822644456704772
2015-09-18,0.3835722153406703,1.1319800761339367,0.439871429789665,1.190953472306361
2015-09-21,1.8745572459264292,3.255411672863179,1.7373659429017756,3.476453907617663
2015-09-22,0.9170441551387329,0.6069940294017233,0.9260996976099213,0.7251531612681704
2015-09-23,-2.213210684364413,-1.0445340879975271,-2.3024134084944152,-1.1394209624940328
2015-09-24,0.8564295354040574,1.038185418066156,0.6710440374396964,1.4435991236682524
2015-09-25,-1.6147801408731413,-3.309474537066347,-1.6280981694420948,-3.3283575583058855
2015-09-28,0.27159230724186645,2.10583941623275,0.33360649964924544,1.805846736906528
2015-09-29,-2.040175667320155,-1.6509332895337883,-1.9902239072471195,-1.883966686932428
2015-09-30,0.4807164826583373,0.3844891203150027,0.7552763973721134,0.3290988581214336
2015-10-08,2.9239640616681113,3.9889544806347397,2.8782972372116356,3.981890003139514
2015-10-09,1.2578981038663624,1.3896622569533212,1.3151501974909374,1.5193548434157154
2015-10-12,3.230479297806533,3.918079189667741,3.1697707080056072,3.7713823743469503
2015-10-13,0.16927805600982448,0.7341595609154219,-0.07689261382839721,1.23307875608444
2015-10-14,-0.9393464406093751,-1.281939718766949,-1.1364637761373186,-1.1470874481066078
2015-10-15,2.2917413985763924,2.9634998130989247,2.3419268389834094,2.999256579669013
2015-10-16,1.5835276547432733,1.2869461705034542,1.3460035227657727,1.6931318549058099
2015-10-19,-0.137207625482406,0.14214281330493295,0.003112510168953502,-0.0026960048756794674
2015-10-20,1.1341821484279864,1.792889448310926,1.2238829460908525,1.6145943999626087
2015-10-21,-3.1028236204852764,-6.052465552735542,-2.962938080057616,-6.479322819232275
2015-10-22,1.4369205977751875,3.5025264575137385,1.4656338994385616,3.6789886282728994
2015-10-23,1.2885860269521459,2.604937816465545,1.3165780377698793,2.4667746791263068
2015-10-26,0.5013157220593865,0.7239666453258883,0.5033178700240944,0.6774206393015331
2015-10-27,0.1386962774348806,0.602573329570692,0.10080561800652063,0.6199133610649925
2015-10-28,-1.737018564712534,-2.2713118956100082,-1.9096368327989697,-2.556661018172786
2015-10-29,0.3584466434666734,0.6271211623809311,0.23773676832870239,0.8485790653937916
2015-10-30,-0.14062289979735412,-0.17834347822258217,0.02179022250212167,-0.33817280997617044
2015-11-02,-1.713908529593232,-2.1108896232064525,-1.6582311022471048,-2.11884058928708
2015-11-03,-0.25234212656080757,-0.1481873876387552,-0.3016663071828628,-0.2357012550778574
2015-11-04,4.2194224710528045,5.15160697845903,4.597632672910098,4.904955424642946
2015-11-05,1.8097267821525236,0.4609508130447936,2.111466933494735,0.11633312735456645
2015-11-06,1.8898753776035275,2.7552050153509775,2.3309773214910816,2.314801827425924
2015-11-09,1.5711448517457705,1.4550584924234384,1.2308702215237293,1.2934909658601612
2015-11-10,-0.17537195552636928,0.3790213391634623,-0.18531097008451528,0.4128637681521129
2015-11-11,0.26773704261096076,1.4060880468872403,0.010695340624201499,1.4372763748248158
2015-11-12,-0.4764431000355377,-0.33303168741958433,-1.0048623216473132,-0.028892857157932557
2015-11-13,-1.4433817637989197,-1.8640631795348277,-1.3016058459192787,-1.5127282291971318
2015-11-16,0.7267902550619787,1.7451992386036497,0.47640885433727,1.985416479864411
2015-11-17,-0.05990216159685552,-0.8660749911729407,-0.15260846402554254,-0.891006940253023
2015-11-18,-1.0129358195848988,-1.8374152905221024,-1.1455884406279189,-1.6266735090070423
2015-11-19,1.352460866525448,2.619939677592988,1.5857645843533965,2.514700686384176
2015-11-20,0.3708838672915815,0.7284361657030918,-0.015630484775533384,1.1291665356950855
2015-11-23,-0.5573968762623387,-0.9121916789744957,-0.5590020560995876,-0.7985663432312572
2015-11-24,0.1602451345681755,0.8557280711036839,0.014652541642755531,0.6989814003947146
2015-11-25,0.8761021010267335,1.5505180275033463,0.7357209219503972,1.5760258224497332
2015-11-26,-0.3399477151690231,-0.9799487867439562,-0.5882494711397053,-0.6115313243987172
2015-11-27,-5.636509514261684,-6.519300064994798,-5.535266856084553,-6.532859738782161
2015-11-30,0.264469689294865,0.6346804329394299,0.2644805989014528,0.43667364640780454
2015-12-01,0.3161537963030095,0.35913589021210757,0.7066140427600234,0.47871303720223884
2015-12-02,2.3051918613823927,0.8661866032736816,3.5622096470902322,-0.5130043217468468
2015-12-03,1.3454798979052667,2.1200250843706505,0.732143139926445,2.1988857661070154
2015-12-04,-1.6830664205263148,-0.9541348493604385,-1.9311509549750523,-0.7802625153569831
2015-12-07,0.3381519863578453,0.9193423604907901,0.2720905387980428,1.198381407681519
2015-12-08,-1.908435257839353,-2.260172396777636,-1.7670619544733732,-2.6402322074893765
2015-12-09,0.06827502134138567,0.1220794736086313,0.3559742344155267,-0.40423889545943914
2015-12-10,-0.4890352330062194,0.0098518689485511,-0.354318171153874,-0.326803003072936
2015-12-11,-0.6072517093033998,-0.38667457869393423,-0.4154261043518145,-0.8129320886532893
2015-12-14,2.4756664950286114,2.173097434439726,2.82173767136506,2.040971676453566
2015-12-15,-0.29355648002947143,0.7604519965730088,-0.45721556725572293,0.7651044304114383
2015-12-16,0.1662269436942905,0.1262083132285446,-0.24255313165445863,0.4155032934901924
2015-12-17,1.7984783369396806,2.482316203480408,1.8935352943780257,2.451313736378826
2015-12-18,-0.029054499740638357,0.03718467613248605,0.3195196636352623,-0.21899873954385982
2015-12-21,1.7589767536524692,1.53190180158042,2.569214971887834,1.1517483089981424
2015-12-22,0.25499586082369785,0.8470118784642466,0.27793939909274445,0.8699225275071073
2015-12-23,-0.4303053075821836,-1.0040241913242953,-0.26733460235217926,-1.0663003968402651
2015-12-24,-0.6511643215513391,-0.5821088254652685,-0.9610535807854876,-0.26071872104901905
2015-12-25,0.42594396203316526,0.37201533742455006,0.22953737450421047,0.5027942115636851
2015-12-28,-2.6288605334423902,-2.292779997443931,-2.9230863731204324,-2.452271177662045
2015-12-29,0.8442435653300032,0.9400481111198545,0.9143531223770205,0.9298556631583981
2015-12-30,0.25614380469376824,0.6512323183966006,0.0879494679418838,0.8648525828236053
2015-12-31,-0.9476931359492523,-1.7605030283310927,-0.9119374634973744,-1.6064163182400857
2016-01-04,-7.110656946405025,-8.558618822509192,-7.278974772913828,-8.693726993927667
2016-01-05,-0.2597218640485971,-1.3681629880282697,0.2795111098176167,-1.3502555729353038
2016-01-06,2.229716934339423,2.2147299781181915,1.739139578082978,2.5206005063003687
2016-01-07,-7.305415994577527,-8.585243238277304,-7.185506702413654,-8.926334661060181
2016-01-08,1.9460608029944235,1.1884192752364477,2.01871655773832,1.6603272448583357
2016-01-11,-5.473137251187482,-6.413629669819858,-5.161650484735001,-6.960315037680272
2016-01-12,0.20398844074886502,0.7923514205899062,0.7259526026650179,0.13044912215034188
2016-01-13,-2.4533835176125134,-3.106721075574006,-1.8780793674381326,-3.526197163296177
2016-01-14,1.948947499688784,3.6032664417408107,2.060143892166057,3.333071966664057
2016-01-15,-3.6113879110523825,-3.4119439710763313,-3.244295069723647,-3.8468777903096476
2016-01-18,0.44266350975306734,1.5682653709599446,0.38403365244937093,1.4357686760315522
2016-01-19,3.1717167259866965,3.3484993548351287,2.9086732915420677,3.584154992979735
2016-01-20,-1.0377021246183609,-1.2932503576376588,-1.524059942604936,-0.9499414392118815
2016-01-21,-3.2854998008200536,-3.8434014092270847,-2.9744525042056695,-4.185426669710932
2016-01-22,1.2447892676915557,1.3501111610272787,1.0366835326573167,1.579642350752661
2016-01-25,0.7501213636951439,0.7974786281466726,0.4943661097335907,1.01016169328752
2016-01-26,-6.638150811477687,-7.2096380304216705,-6.209527337292455,-7.7768341538562655
2016-01-27,-0.5188377012127533,-0.646570163812363,-0.3461165874432356,-1.3531075091612645
2016-01-28,-2.964295674238484,-3.673362287518815,-2.6484446802918415,-4.506103784690948
2016-01-29,3.0388412784039,3.628459329697621,3.18414444550468,3.685582251908722
2016-02-01,-1.796803124387545,-1.0265716845931896,-1.5406127045171865,-1.2816901786906487
2016-02-02,2.2330942904132014,3.052272181228203,2.056575131755211,3.4073590481319425
2016-02-03,-0.37603755126828053,0.2902889341221101,-0.4294444642757454,0.42047789873146946
2016-02-04,1.513360658027949,1.5871110841290905,1.2175294500510427,1.9648238874913773
2016-02-05,-0.6323393198613645,-1.228687204567987,-0.7050486880683179,-1.0063594478221514
2016-02-15,-0.6276235779517181,-0.04787427459287273,-0.5779560965752223,0.06777124640801564
2016-02-16,3.2377437875189057,3.8202453950094215,3.0194063113539267,4.053769359018372
2016-02-17,1.0789194950716958,1.1520807741081491,0.8615938263682059,1.1602007865977655
2016-02-18,-0.15531665900221772,-0.44747702288471847,-0.31453249886195483,-0.23942589489821176
2016-02-19,-0.10029863270948074,0.45288931932833476,-0.06912038851574316,0.3751475708666953
2016-02-22,2.3210884417327895,2.0325722840015557,2.180799047227111,2.055812418799158
2016-02-23,-0.8181148141614183,-0.6900629492576208,-0.9506807015082407,-0.5457447368497824
2016-02-24,0.8768571827581497,0.07725418076012937,0.6514071471818813,0.6655997463019315
2016-02-25,-6.6212905167637555,-7.623016059119044,-6.332257875304641,-8.2689374127816
2016-02-26,0.9425571645534071,0.23655185103151538,0.998170823101414,0.40603196007107256
2016-02-29,-2.904961023846285,-5.103549407143048,-2.4225714823300133,-5.42909854279192
2016-03-01,1.6672125562037903,2.4392936407869454,1.8326454342170784,2.2765084569847285
2016-03-02,4.174459955578471,4.656765351639905,4.033967095917386,4.980551481455056
2016-03-03,0.35309979518388873,-0.0446529622267179,0.23208816015446312,0.4133523894349536
2016-03-04,0.5019273134986771,-2.33497595953141,1.1530756090577583,-2.7271849330081097
2016-03-07,0.8036096328151721,1.7372090689878505,0.353298543082549,2.3034029304154435
2016-03-08,0.1396857814912524,0.2973779444280717,0.0911064994905713,0.20456936441361692
2016-03-09,-1.347360314536907,-2.176980603007351,-1.1573731280718484,-2.5884093642809325
2016-03-10,-2.0409051702179855,-1.404206013250753,-1.9313474804123942,-1.7073775987396271
2016-03-11,0.1987519888321001,-0.28730258391758023,0.17010895383215208,-0.23515707155939958
2016-03-14,1.735198682771695,3.171502278299635,1.5585533685582484,3.243444538709999
2016-03-15,0.17016463249972427,-0.9453626976701419,0.2960687582544863,-0.8965329559841155
2016-03-16,0.21134136345090024,-1.1044462958538146,0.4947445616799788,-1.3747025265985178
2016-03-17,1.1913024465324973,3.352393379566164,1.099745081438247,3.239890124650766
2016-03-18,1.7174542192998874,3.3614230675427152,1.5171442937840114,3.476636220625447
2016-03-21,2.130999043751235,2.6077548104141526,2.413298045005119,2.4936679568906905
2016-03-22,-0.646046885259238,-0.48278104130575994,-0.730479231272242,-0.3940877233878398
2016-03-23,0.35278570599555625,0.9458150430389072,0.3187929433276283,0.7131137296386361
2016-03-24,-1.6409872280070865,-1.531435319972776,-1.6903022282172855,-1.656901530577922
2016-03-25,0.6215089698231252,0.5430748203401841,0.5006539008412705,0.9757142847222539
2016-03-28,-0.7279496544023035,-0.6096101049763257,-0.8822916889312779,-0.6545514533025021
2016-03-29,-1.2927115102770736,-1.7881295516449118,-1.088646372721146,-1.938411731969291
2016-03-30,2.730353645863806,3.4177928883033433,2.546546517049621,3.576521572541775
2016-03-31,0.10891705228733904,0.09262688774730637,0.056260365746526146,0.2978858182153772
2016-04-01,0.18658180004811772,-0.7268563540589719,0.11801280255596171,-0.5094332510137003
2016-04-05,1.4363721367871656,2.479870105191748,1.3135404497165084,2.61151838594891
2016-04-06,-0.08126272225107979,0.40883319239989613,-0.21343088926616388,0.5844579805548742
2016-04-07,-1.3919990534525999,-1.6894280355506004,-1.4919510614399156,-1.5050792379655908
2016-04-08,-0.7828677580361775,-0.8733028642605504,-0.7368266742537177,-0.9716386953658689
2016-04-11,1.6282350504037288,1.865236917519451,1.3831634373623944,2.173733713137355
2016-04-12,-0.3403986045739525,-0.7207141253184837,-0.3613219304981743,-0.8207374691553557
2016-04-13,1.4117788818834036,1.4281291232308202,1.3250541487768097,1.4521172840038372
2016-04-14,0.5113037647590605,0.808056770648363,0.442085340203511,0.9041272690873544
2016-04-15,-0.13765163329789465,-0.3531234415404403,-0.11056744823771242,-0.27373278890111924
2016-04-18,-1.454920964752848,-1.5464170040546126,-1.3463451713927586,-1.6288638177438197
2016-04-19,0.30149056488087916,0.316748480225018,0.3046354851373793,0.42940850434387523
2016-04-20,-2.3354454419571944,-4.216118087478524,-1.784345702845697,-4.640082848507388
2016-04-21,-0.6645910779224841,-1.0476995527166357,-0.6443160726211256,-0.8593477821381343
2016-04-22,0.21481267975542112,0.9199216208281898,0.45142527927852416,0.678353460889522
2016-04-25,-0.42567594090308863,-0.4439614272873024,-0.4061909377344544,-0.5544912200196525
2016-04-26,0.6100127689632158,1.015036261148441,0.5402784546376872,1.1424799003919006
2016-04-27,-0.37273819549386616,-0.3506665171086186,-0.4173318292690912,-0.49853089166242737
2016-04-28,-0.27393283403812163,-0.2386334184818086,-0.16881376015695118,-0.43924338320796746
2016-04-29,-0.247114714520185,-0.08249780547678606,-0.12125377237705878,-0.07915884954995814
2016-05-03,1.8317951529769883,2.9188613192815525,1.783011590224543,2.9930548441887392
2016-05-04,-0.045789459531870136,-0.18327593518646287,-0.12704345473334494,0.037771850370013765
2016-05-05,0.219398295754281,0.490123636232977,0.1388677212536455,0.5502050474092717
2016-05-06,-2.862273287239081,-3.6308062837395476,-2.63465565172888,-3.9844781521273944
2016-05-09,-2.8247279586176175,-3.1178402801958196,-2.0894986605338315,-3.7225553090674657
2016-05-10,0.01694705813719456,0.027880343466256157,0.11377845077124668,-0.08273424058151436
2016-05-11,0.15697676616626668,-0.12322243512398869,0.4453901431587432,-0.2702772727227032
2016-05-12,-0.04160129799636902,0.1576281131148585,0.23748786058946986,0.05327571530750917
2016-05-13,-0.3090253687834552,-0.3815742631398622,-0.4931008453674609,-0.21239837122322244
2016-05-16,0.8365714687530348,1.5334818417455651,0.6602673798620905,1.7044097560634068
2016-05-17,-0.2521715118281677,-0.013017896598754625,-0.30058278702466096,-0.38266408150176834
2016-05-18,-1.2801018517626237,-2.183464566939968,-0.584331357170194,-2.7870224305429336
2016-05-19,-0.02137353465841744,0.40106042274392284,-0.18073453588208196,0.6291444306459337
2016-05-20,0.6594027504170081,0.8491909802551328,0.511993197538281,1.1609279103292922
2016-05-23,0.6410176594157142,1.0277309863751716,0.29195017363292375,1.3269555098262453
2016-05-24,-0.7759530012461732,-0.9773196748426469,-0.7693371149288992,-1.1478002102882223
2016-05-25,-0.23346755898089128,-0.3784502356921659,-0.1414388121050884,-0.4887271081135728
2016-05-26,0.26075264041188156,0.42364604424492225,0.16265370765235088,0.509793356318797
2016-05-27,-0.049260299144953765,-0.12739458447744986,-0.05582115178955937,-0.08359471680590282
2016-05-30,0.04961460188601172,-0.4574507516846585,0.13737498509884558,-0.4937608877399303
2016-05-31,3.282010948049198,3.925382416578854,3.2987451271738975,4.049052758833133
2016-06-01,-0.10668716803868966,0.4831845120174795,-0.28467139068948805,0.44391949489076393
2016-06-02,0.4014570178055977,0.6335954550029882,0.2070279594943619,0.6691900875178902
2016-06-03,0.45873908661565016,0.6875259271633706,0.6994520707496611,0.3106301510990707
2016-06-06,-0.15597386343478908,0.17558436035082295,-0.3310242151377164,0.3187567554981902
2016-06-07,0.06643782771233483,-0.1472652628931984,-0.054752795648375444,-0.10746271664943147
2016-06-08,-0.30324708862938543,-0.3002229245444671,-0.41192039371024836,-0.3559465662946375
2016-06-13,-3.2671740361327286,-4.502777536111049,-3.1349221370243736,-4.7151037346372
2016-06-14,0.32139524358042015,0.32969404382475226,0.31388816977633727,0.2835993976695302
2016-06-15,1.5715756135561543,2.7775964717227835,1.304531326445008,3.245356986354274
2016-06-16,-0.49965121491879155,-0.5789368709861968,-0.6987586070693736,-0.3753139030340678
2016-06-17,0.426890172819676,0.6642172649075347,0.5057198253555802,0.5669710063560701
2016-06-20,0.12816251373267357,0.3854079239002008,0.07424036542001528,0.35649050627735757
2016-06-21,-0.35544835139209113,-0.8842671569986847,-0.20421329530316146,-1.1555810359646375
2016-06-22,0.9332532020823243,1.6262845060994358,0.8858634790359421,1.5444277099046213
2016-06-23,-0.46882281847745794,-0.41560396994420784,-0.5323722277969998,-0.512553824775965
2016-06-24,-1.311134727675259,-1.0544640973244859,-1.2966564644493082,-1.2548778978811281
2016-06-27,1.4403752331845572,2.2399667460177852,1.3998970080333466,2.353672140016969
2016-06-28,0.5805541540679294,0.8241485886507,0.5069581606244566,1.0416717996254705
2016-06-29,0.6512518419183936,-0.02370436085314439,0.47679799732770617,0.20756142492574783
2016-06-30,-0.06756295896124834,0.277028055605916,0.08024982548923511,0.0537419696053295
2016-07-01,0.09791730353195108,-0.3013117349894694,0.008877446852109129,-0.19534081730741729
2016-07-04,1.895656892227129,1.4375405670862167,1.5883584176059375,1.9499265675541302
2016-07-05,0.593497310901595,-0.06684697054552008,0.08359222455297517,0.6018553721109396
2016-07-06,0.361905409880372,0.3660259344136821,0.2932672108017989,0.4440243152905614
2016-07-07,-0.014583685522048044,-0.19819188200783094,-0.21317159043025077,0.3549129957246517
2016-07-08,-0.9578853378868879,-0.08270387493494216,-0.5519965657929381,-0.3160156168381311
2016-07-11,0.2283132726467831,-0.1601387079004805,0.3455498692128425,0.20059710112518495
2016-07-12,1.8020771241528806,1.5270518211620456,2.1571095693075715,1.3006532292904862
2016-07-13,0.3702089474392024,0.8857416127293518,0.2956050382813641,0.8008328307154424
2016-07-14,-0.21816251778030799,0.005343725960269892,-0.18629104894725884,0.13982178878104917
2016-07-15,0.00916782356512281,-0.2853671780888412,-0.01464968933070427,-0.22579604215126076
2016-07-18,-0.35225508967029373,-0.5671491180522015,-0.4361997036059174,-0.45047609495515684
2016-07-19,-0.22894144364695485,0.15088035731009683,-0.42364027876695165,0.30940517566630166
2016-07-20,-0.28691585351637916,-0.17076711437526557,-0.3274829317771286,-0.21821258073193342
2016-07-21,0.36624945545597226,0.25386295852203544,0.45946772192487445,0.38551813874253077
2016-07-22,-0.8655287243559321,-0.7270127126386547,-0.8447519081500179,-0.8069461349410747
2016-07-25,0.09985652675519643,0.08671129092089304,0.17750796553801493,0.2789127499233234
2016-07-26,1.1322244261611263,1.241058701648792,1.190695370959,1.3282120356409124
2016-07-27,-1.9255266658719306,-4.200059787760364,-1.582996851117361,-4.168868394338957
2016-07-28,0.07751006014215292,-0.09172125076259269,0.0900707893013975,0.2244925409119624
2016-07-29,-0.5015361235950504,-0.6452864869619417,-0.5357152889930963,-0.6491974548100143
2016-08-01,-0.8748136353980523,-1.4034893928381844,-0.850063262540387,-1.5206385846243886
2016-08-02,0.6039173278196119,0.6368185983558582,0.38455181495561824,0.964839103505873
2016-08-03,0.24135520158630672,0.29904852842107343,0.1397558573966715,0.4832263241942622
2016-08-04,0.1332016053638461,0.825760525177636,0.24332281974484388,0.6406907388148905
2016-08-05,-0.19231001055337843,-0.23391055429761556,0.11925575838946936,-0.5616691827841065
2016-08-08,0.9222634246902999,1.2166699184240557,0.9029007076594924,1.4002093652472376
2016-08-09,0.7097920996198264,0.9118780518788552,0.7024967421921872,0.8041327941708627
2016-08-10,-0.22930211902408154,-0.5088277503887294,-0.41967226288902404,-0.3677781554648274
2016-08-11,-0.5350936723628618,-1.1501352495618344,-0.30818187962518234,-1.4661574531435577
2016-08-12,1.5869336930961,1.3111675640125342,1.865060901025683,1.1621316541862068
2016-08-15,2.4137042514374114,2.7543390630554656,2.9665809163013845,2.2516141591017647
2016-08-16,-0.48626932956864305,0.5606080733303076,-0.44804384671104697,0.4083212632567176
2016-08-17,-0.015435076241336167,0.07109514372439839,-0.15404443672437707,0.30052695832591375
2016-08-18,-0.17541972449664067,-0.10555865065838162,-0.25409881368340903,0.03159005078366382
2016-08-19,0.12845671825847754,-0.059672922447590794,0.015751518345206758,0.14072409011805428
2016-08-22,-0.7521539889890817,-1.3081956653802205,-0.8424639602566156,-1.226031038597908
2016-08-23,0.15871682425948802,0.17587075196579335,0.15092941226621548,0.1299707165187731
2016-08-24,-0.12403674761573658,0.09437151368919709,-0.3588300069009408,0.09888244989366216
2016-08-25,-0.5703428246281499,-0.7583203741110703,-0.6293298351278974,-0.8190327451358109
2016-08-26,0.0645094049712745,0.13662163085932133,-0.05683140874176108,0.44023114410195713
2016-08-29,-0.009120016161764728,0.2862060534843003,0.020862088068330006,0.26171785879818843
2016-08-30,0.1513497264357663,0.04400210386135106,0.1271947686277745,-0.027697210538922448
2016-08-31,0.35096470052359013,0.26769690673339,0.47592028116908125,0.1315711902746762
2016-09-01,-0.721444711242076,-0.8248368189010832,-0.7907278237596035,-0.8229022012639885
2016-09-02,0.13179659562922458,-0.27301842915024915,0.37879692012298116,-0.38513427982557225
2016-09-05,0.1547370187155197,0.5158460566892054,0.16792817707354407,0.5465651779273489
2016-09-06,0.6039471139606795,1.540600912931256,0.6889529540931363,1.5705698797963117
2016-09-07,0.039465342178576814,-0.2099518656291286,-0.0541636443528438,0.02078955663361889
2016-09-08,0.1299314325925253,0.11498435331383185,-0.037722405460213805,0.3636563263140553
2016-09-09,-0.5535407125882893,-0.8179936588555542,-0.6464814632964702,-0.7226129158463932
2016-09-12,-1.8647152905424447,-2.8385315948271646,-1.6849823630614542,-2.8116614778900044
2016-09-13,0.05061624558689113,0.5053366563395846,-0.06960062706903108,0.4502186935542306
2016-09-14,-0.6856570447132694,-0.5755227671524744,-0.664713959618095,-0.6647011064428535
2016-09-19,0.7696300989273452,0.9805189950401713,0.7502515254800987,1.0460913277597168
2016-09-20,-0.10084228956502668,-0.12055856463902448,-0.17544617506716403,-0.03389507221754002
2016-09-21,0.09489376413661785,0.36794938125991267,0.28326025524674553,0.02711697681246274
2016-09-22,0.5418441846653067,0.74189784603051,0.7465998667780486,0.6581643144864232
2016-09-23,-0.2768174691242982,-0.49370373095780046,-0.4705504061350032,-0.23612021424795512
2016-09-26,-1.7781335184336726,-2.0665040407014366,-1.7054116018664345,-2.0466774782683905
2016-09-27,0.5934517132654014,0.8075878344566532,0.6336472200458296,0.72459515830002
2016-09-28,-0.3444690452529283,-0.09367780583294376,-0.30471434224531424,-0.08959126774151585
2016-09-29,0.35480815126298354,0.42985069101478857,0.41697098997371873,0.27837700915224445
2016-09-30,0.20722357903000332,0.5249580007590413,0.27363672045953297,0.4640901408505477
2016-10-10,1.4353839135283648,1.634160857027674,1.239944710155942,1.8723474258143273
2016-10-11,0.5597563602260319,0.37743958579181835,0.38452087623988834,0.5990375200997872
2016-10-12,-0.22045324298767854,0.05822659395229526,-0.1982875272979429,-0.05690418275913847
2016-10-13,0.09313954446695813,-0.010196476848004645,0.07996777482670439,0.03223425850944792
2016-10-14,0.08032443666013979,-0.258131489582462,0.09684497995324853,-0.23683230258496604
2016-10-17,-0.7416929715424141,-1.0105087206329804,-0.8496754354727307,-0.8746710175900353
2016-10-18,1.3946234641883621,1.3569442821564894,1.3168433154367953,1.4878281143338863
2016-10-19,0.027234704963576543,-0.3627942632739381,-0.15336941072508445,-0.21561709113380087
2016-10-20,-0.008428997051587372,0.24519270950147382,0.07113962354872679,0.04586908919457212
2016-10-21,0.20986502504580476,-0.3290730835304236,0.2750387660495075,-0.35395211123328163
2016-10-24,1.1998490995235978,0.8683085038622789,1.1900990609072337,0.9864272535974691
2016-10-25,0.11788780939074683,0.26590971335427804,-0.003860413391368706,0.36450209099242364
2016-10-26,-0.5003011275707708,-0.49794883843367627,-0.37636252540845866,-0.5034477485712037
2016-10-27,-0.12715417227943437,-0.2641801589029094,-0.2716216877802334,-0.1997279888337482
2016-10-28,-0.25994847843133406,-0.7249330701363637,-0.166621086346689,-0.9485787438956099
2016-10-31,-0.12184195577692408,-0.06294553551371984,-0.11533145587977849,-0.05608907463726287
2016-11-01,0.7054583944330114,0.854313293856075,0.6801782073871281,0.8601798695000128
2016-11-02,-0.6332378348732326,-0.9632073292322053,-0.7680391588487812,-0.8149342952792266
2016-11-03,0.8411919935528651,0.4787146660620731,0.947690433940831,0.44207985214406226
2016-11-04,-0.11576111016339137,-0.38598366623263464,-0.3250360787946189,-0.32657958074440785
2016-11-07,0.25596588316526864,-0.06907268562176602,0.07212298174577385,0.09635454265241514
2016-11-08,0.46360503463082253,0.6333231938744696,0.4319455681459213,0.5297576373335245
2016-11-09,-0.6220284991016051,-0.6152793097906447,-0.537465397181921,-0.76578219748852
2016-11-10,1.3623189745938313,1.1576069715989346,1.1139466815872452,1.2840289297350946
2016-11-11,0.7777251591537945,0.5205589686722113,0.7817508815268276,0.7152000707375318
2016-11-14,0.44736518266920433,0.269810548212434,0.380578979601084,0.47155532152657087
2016-11-15,-0.10533927697831016,0.4625532414513681,-0.011078523419082787,0.38399289156543964
2016-11-16,-0.06019915809405598,0.09103273519782612,-0.00816390795063509,0.056155037551130195
2016-11-17,0.10571435347284802,-0.20681322542472658,0.20244307560765445,-0.11625929538958628
2016-11-18,-0.4870887622510504,-0.5157896674554998,-0.5567566176383323,-0.5157578583968607
2016-11-21,0.7889593428381488,0.09922425079878826,0.6896508670573908,0.13939900258458204
2016-11-22,0.9340514827746308,0.7829874522612986,0.7887766003457853,0.7490547568134044
2016-11-23,-0.2222055343835193,-0.10747107057346413,0.1834918397219653,-0.45258954119511
2016-11-24,0.018510291775048777,-0.05769948754668299,0.4023861351746868,-0.12252702936681147
2016-11-25,0.6211887717620266,0.6277061148469916,0.9289600102508708,0.44848360068084375
2016-11-28,0.46062593105639743,0.29259839743159466,0.3905690316323793,0.2698967835242837
2016-11-29,0.1804900549736851,-0.3091810709318352,0.8158802963163616,-0.7525094588834383
2016-11-30,-1.0069043198140861,-0.20420120771568356,-0.7333137152544735,-0.5332287892582779
2016-12-01,0.7137478295012416,0.6875031321520706,0.7613678262073319,0.5887958388245293
2016-12-02,-0.9043892151388164,-1.5957038319232033,-1.0174897726542713,-1.5747230793024838
2016-12-05,-1.2136210552498812,-1.1826679446672421,-1.7015825589338385,-0.5374046434117571
2016-12-06,-0.15801738355995304,-0.04229251457718031,-0.2961656534562367,0.0750563921399567
2016-12-07,0.7035341052614539,0.7020900565102882,0.47873889182923623,1.028907276171144
2016-12-08,-0.2134333272116212,-0.4007755034194929,-0.16153441012930264,-0.4675430455027706
2016-12-09,0.5430944221556635,-0.20998141214690277,0.6766407582517014,-0.20718721348347083
2016-12-12,-2.5028515056055376,-4.6164004865028305,-2.4489553378881466,-4.150717262489454
2016-12-13,0.065630843143965,0.2852419146790952,-0.12151062071334252,0.4645876646863444
2016-12-14,-0.46095987155564666,-0.9672773336997511,-0.769167661735377,-0.6180078594418275
2016-12-15,-0.7302440007860866,0.22734237494209747,-1.1465469128398393,0.6533621753457574
2016-12-16,0.1698538703990783,0.763934525332313,0.16750272369338945,0.6051330800581237
2016-12-19,-0.1570246402635761,-0.5005365015556826,-0.510861768921883,0.03497042977267991
2016-12-20,-0.4886715313382755,-0.36856137809219297,-0.6001789623328252,-0.31834922781036684
2016-12-21,1.107328098624781,0.663851184745329,0.8869424531435602,0.7427148564451065
2016-12-22,0.06786692608256362,-0.06449895449176003,-0.0860026932595358,-0.09173011187445765
2016-12-23,-0.9411706173572272,-1.044151960336036,-0.8450707874325132,-0.9472661868685651
2016-12-26,0.3985424161370213,0.328484023872008,0.4464562468532192,0.20275515324546609
2016-12-27,-0.2536383696153187,-0.02785380581622727,-0.1810571396840805,-0.09361384261185107
2016-12-28,-0.39955658039540276,-0.42521931094717413,-0.4381810138074172,-0.2965182798565347
2016-12-29,-0.19811762531005608,-0.27237969501421855,-0.12515816866414609,-0.2815654846528201
2016-12-30,0.2432361265943153,0.17397217981735838,0.3728908168341265,0.17609126778618509
2017-01-03,1.0346975745288671,0.8386550322345938,0.9665890589180054,0.9079564837931594
2017-01-04,0.7266450918439817,1.1819360247539927,0.7772886029378655,1.1625376791145223
2017-01-05,0.20935461933269944,-0.1291171937020163,-0.0154392007551226,0.07206531523903884
2017-01-06,-0.3509647210730325,-0.7948415653223654,-0.5992161431191619,-0.4331729674609327
2017-01-09,0.5349736735951768,0.41151982191887493,0.48364336918003215,0.6850713113066352
2017-01-10,-0.30223095811078704,-0.24663099709479477,-0.1675054726789621,-0.33553646612892796
2017-01-11,-0.7913136956897229,-0.8855022966232877,-0.710321733579415,-0.9739277934775205
2017-01-12,-0.5581820235484377,-0.8281484476768716,-0.5075084704056227,-0.9379028054535283
2017-01-13,-0.2095619383597079,-1.2207983675310061,0.06900157410542773,-1.2543166220040636
2017-01-16,-0.3001841001028033,-2.997014548689434,-0.013856757299986311,-2.673500253214689
2017-01-17,0.1719198131180902,1.166772620859011,0.20795064830633694,0.8392470488161297
2017-01-18,0.13629542209361287,-0.22443474149792336,0.3903553405323443,-0.22188104235166353
2017-01-19,-0.37687253645348456,-0.3697893126999126,-0.30230983966382724,-0.41131901979779095
2017-01-20,0.7017527561383108,1.3984678000716588,0.7659914954926867,1.2875742583857663
2017-01-23,0.435470207695931,0.7046486991114758,0.27355400398774576,0.8161637344321018
2017-01-24,0.18409641911672586,-0.34783097806007995,0.010997944584417337,-0.11201685800920848
2017-01-25,0.2225013234976847,0.3655716485936881,0.3397452955305036,0.23183804733727364
2017-01-26,0.30497493806278164,0.7397933192067756,0.3566014902745462,0.7117502199407483
2017-02-03,-0.6032396288232209,-0.47076178996500123,-0.6951578912688837,-0.26740048754975215
2017-02-06,0.5338935845474535,0.7358286738238401,0.2588421826027775,0.8368182542976761
2017-02-07,-0.1232950028379086,-0.23005528093460026,-0.223479033903676,-0.05305557056116751
2017-02-08,0.43955280127164703,0.7386454359685444,0.521858593691995,0.5685596462252637
2017-02-09,0.5102244713330459,0.5179983866067691,0.38350505291605097,0.6271222300875774
2017-02-10,0.42383305763776397,0.03583858145070922,0.5051568942398714,0.09361958769680813
2017-02-13,0.6280483539802209,0.8256304718158023,0.665426257919284,0.5121694457397866
2017-02-14,0.03387844508583247,-0.05755816235747476,-0.013969569643559204,0.0822312974069515
2017-02-15,-0.15363279193826757,-0.857741986345597,-0.41093690940433364,-0.9961782096714559
2017-02-16,0.5162515481959176,0.7509135333079431,0.5601357568689733,0.7519544485327067
2017-02-17,-0.8563884607605604,-0.548019451041693,-0.5680268596546698,-0.8239102384517256
2017-02-20,1.1760385401839195,1.2771695097728555,1.449357503004173,1.2275390466869627
2017-02-21,0.41181031171853827,0.7403064953828291,0.32872203435156455,0.7703926709623617
2017-02-22,0.24222713334961662,0.37054967236578434,0.19906554795402795,0.6164868421017007
2017-02-23,-0.30218368970387066,-0.11246817062494613,-0.472205706325533,-0.0037070732506440233
2017-02-24,0.06303028275595839,0.10624453430544262,0.015258011565220634,0.033667538016400614
2017-02-27,-0.7642633955269252,-0.8672342267723201,-0.798551079007728,-0.8049393792804871
2017-02-28,0.40399474456640744,0.3643310887754128,0.19104140739447395,0.41506146473793276
2017-03-01,0.1602796606144912,0.2621822975804936,0.16292280688294167,0.25807744412751416
2017-03-02,-0.5218509409630183,-0.49370034652416167,-0.6771583014421191,-0.5116940201259117
2017-03-03,-0.36350480605101676,0.2864525594430009,-0.2109877570549268,0.28260026396485083
2017-03-06,0.4823185392997974,1.1972801801213244,0.541726057666415,0.9942904515304744
2017-03-07,0.2637318012797038,0.2833769088964642,0.2167978543324288,0.09002715992646942
2017-03-08,-0.05398676992548321,-0.5114391125688671,-0.15153515515834412,-0.40091357419554335
2017-03-09,-0.7405479680196931,-0.738553322974896,-0.6338312615240349,-0.8922122160011814
2017-03-10,-0.1241152284451622,0.28698658595918475,0.027717682454036136,0.13253359897036646
2017-03-13,0.7522772686904751,1.0363290119041442,0.8774393753705837,0.9259225355518893
2017-03-14,0.07133648113400187,-0.2669309428209501,-0.04078215013159161,-0.22182269748037978
2017-03-15,0.0749873898948536,0.10704759420201526,0.2008575410876432,-0.11433380240436732
2017-03-16,0.8349381141158718,0.7692043994198907,0.514604851898654,0.879247993230107
2017-03-17,-0.9679790445910842,-1.0313324774386377,-1.0307107525832715,-0.9225810625139883
2017-03-20,0.4118213167096118,0.16077739125208346,0.11021809794581355,0.2324831826700644
2017-03-21,0.33167424400455575,0.5141365417327401,0.48409859779450076,0.2706257621079562
2017-03-22,-0.5037794029957293,-0.31305385273278175,-0.4713443461184412,-0.24831486037032638
2017-03-23,0.1025598471115983,0.2792318637719147,0.34519560379476716,0.19059364913994076
2017-03-24,0.6413032104768939,0.5999143747773008,0.7946436735407159,0.5273080744452773
2017-03-27,-0.07618861486496281,-0.6104979053017828,-0.3318199736705953,-0.46835911424658405
2017-03-28,-0.4297611949581574,-0.1762101659951807,-0.23690793120934767,-0.2664676652317301
2017-03-29,-0.3584707869602922,-0.40286317459180154,-0.13323722230592486,-0.27967779029607986
2017-03-30,-0.963186837398736,-1.6536795058086855,-0.8238298102451336,-1.6303677486204797
2017-03-31,0.3814858304950817,0.7744182585092454,0.5597151338829807,0.40556068984120197
2017-04-05,1.4724222631900648,1.8846626740233847,1.3747461457572931,2.1376808664928517
2017-04-06,0.3263472339913009,0.27289018170592083,0.289543857544624,0.30046695714808364
2017-04-07,0.17114270837045578,0.12482622314683911,0.09699197661180281,0.2904469715923875
2017-04-10,-0.5256257897574821,-0.6223942140229227,-0.35086756013699233,-0.18546600403378483
2017-04-11,0.5971022686757015,0.4940019181165754,0.34717164312979737,0.9492550274389123
2017-04-12,-0.46138925026986766,-0.6447292270162666,-0.2245698469105556,-0.7979960033307862
2017-04-13,0.06504025549175471,0.6287741864096983,0.1460704330471809,0.5945964283415551
2017-04-14,-0.916592204111128,-1.26789567543498,-0.8018817241250438,-1.3320484908819545
2017-04-17,-0.738998824058912,-0.6580627560866827,-0.1883315420489986,-1.102226371310251
2017-04-18,-0.7932889699732989,-0.37790700847262426,-0.49548690676689744,-0.596360082623466
2017-04-19,-0.8172926104028503,-0.6072316868906351,-0.48808686745345886,-1.0582092755358303
2017-04-20,0.04445993082622114,0.10315104138086897,0.4537151120325978,-0.0453599746957463
2017-04-21,0.03309562301199069,-0.43282656245056306,0.1512628132889601,-0.7441244663517785
2017-04-24,-1.384195182444036,-2.1803998514168454,-1.0301553108193953,-2.608191282143878
2017-04-25,0.16091700603628958,0.7239958741526904,0.2825867720266036,0.35710374432829955
2017-04-26,0.20014603313852383,0.3890027811587509,0.12227443562896206,0.25841273825315275
2017-04-27,0.3603985442434694,0.23832803931204444,0.0446901442455857,0.2571007261612463
2017-04-28,0.0783275367666143,0.053362420049839904,-0.2024259854479463,0.3153783281180882
2017-05-02,-0.3477093607484734,-0.10440587850160148,-0.38361151155169126,0.06855498909465307
2017-05-03,-0.26628205303957525,-0.3903355143755359,-0.3932920353901307,-0.3003160084015233
2017-05-04,-0.2548414848113173,-0.361015128778347,-0.2563983615177352,-0.3421752050995148
2017-05-05,-0.781011961436091,-1.2195345643776314,-0.6435912321637796,-1.4125470578034267
2017-05-08,-0.7904079715767948,-1.9264746913035833,-0.7043118342935221,-1.8921064882371275
2017-05-09,0.06234636855771633,0.5291487209655653,-0.18714598971003052,0.6083001587832095
2017-05-10,-0.9045733518730174,-1.3087348842399602,-0.4433337654955733,-2.12080055953646
2017-05-11,0.28490653507486785,0.20109297289256475,0.5661505782173448,-0.22451890967132762
2017-05-12,0.716356657622197,0.11796914543245238,0.8522707227279922,-0.15098303712879857
2017-05-15,0.2176963284470877,0.586853095526113,0.40710079114452113,0.5057298640278662
2017-05-16,0.7328520238881632,2.021558608402293,0.8629429751253765,2.035971517096611
2017-05-17,-0.2740697183101737,-0.1648671947602929,-0.5463104093949355,0.21457560643763376
2017-05-18,-0.46169475256761644,-0.5574771266945414,-0.34840988934681894,-0.8555569329272421
2017-05-19,0.015855629671593728,-0.033992954059320415,0.16877492259674856,-0.02208968420734828
2017-05-22,-0.48489386009714347,-0.7177465224631558,0.21687176241168166,-1.452681063188018
2017-05-23,-0.4474047116847419,-1.3819782452652796,0.37890858347689965,-2.1269601659902753
2017-05-24,0.0695393292502319,0.4973386139510139,-0.0005840814443160168,0.5944260606388282
2017-05-25,1.4177372256669671,0.8253270192799999,1.7798302772369798,0.8849805184553561
2017-05-26,0.07172851548067617,-0.3498204601082067,-0.1501559980610567,-0.23734303429334483
2017-05-31,0.22867283427696192,0.05698618290017762,0.3570761439968245,-0.22004926112160061
2017-06-01,-0.4681831118589623,-1.3730122740464967,0.13904348349616794,-1.9785457408727996
2017-06-02,0.09406974740755004,0.6613009766593065,-0.3215809765645547,1.088970327592736
2017-06-05,-0.4479449818967694,0.4859082690518082,-0.5106937368144713,0.7469624800633986
2017-06-06,0.3380808833544056,0.7421642566674636,0.6932312298828581,0.44126852028638025
2017-06-07,1.2235733233255335,1.9371617154598115,1.1666976897297299,1.924352437652968
2017-06-08,0.31825036995264894,0.38344256353464795,0.7642200171247341,0.06647641675053563
2017-06-09,0.2558361001867015,0.28268994240082657,0.4256607451225426,0.1725316379608905
2017-06-12,-0.5880987627644262,-0.5661812868552005,-0.0497863114711946,-1.1187662647875507
2017-06-13,0.4404467510343322,1.0305422145395462,0.2202145465753191,1.2993622133908926
2017-06-14,-0.7342010986714781,-0.7193664817850585,-1.319851630517508,-0.22818427695605828
2017-06-15,0.058117629159320484,0.6887500095905575,-0.18431253970244152,0.9132834008802632
2017-06-16,-0.2979703786886865,-0.2983405379388758,-0.28463811599279615,-0.1357800538832229
2017-06-19,0.6765040463340583,0.6997179233798799,0.9872217477979863,0.7358523926209097
2017-06-20,-0.13875674925899115,0.25039755036482114,-0.20224903234470987,0.15654502298346507
2017-06-21,0.5145956065433063,0.7614399895032188,1.1625413887736291,0.18591880755212403
2017-06-22,-0.27793395072230775,-0.9884548429571242,0.06631096742154467,-1.4224967360765541
2017-06-23,0.3305148504969669,0.9846928969695554,0.902238410546953,0.29943409874819843
2017-06-26,0.8692677357703275,1.6342401283563215,1.240180098329852,1.6718821690242105
2017-06-27,0.18065945597103686,-0.021164573619964586,0.18058486605949015,0.025031064008175882
2017-06-28,-0.5656479163349057,-0.7985012120081445,-0.7799637676540891,-0.44199039442753163
2017-06-29,0.4672038882317386,0.5751937180448524,0.6195508539263497,0.5044589169034943
2017-06-30,0.1369800966165889,0.16871448820243581,-0.05534630432066963,0.3454877509847593
2017-07-03,0.10894850130779528,0.051650490641072716,-0.43593299103271854,0.6372447990732999
2017-07-04,-0.4110554786029235,-0.5732556769807178,-0.8491516234617233,-0.49577154916308597
2017-07-05,0.7615143694985624,0.8201256088736042,1.0907210936373202,0.7634868187965171
2017-07-06,0.16543167878900564,0.00918423625908582,0.01147575474838551,0.12407620095430973
2017-07-07,0.1716845408023304,0.01571539610292503,-0.11399626441066031,0.3920292508555893
2017-07-10,-0.16577020834975967,-0.5517040646782444,-0.06128909765811269,-0.3128880974374099
2017-07-11,-0.2989557487375231,-0.3613167518249589,0.46747303371104915,-1.2576824296707458
2017-07-12,-0.17185946753946033,-0.13880858214900182,-0.3271655102591858,0.06524232043903533
2017-07-13,0.642800349148482,0.12342676676829402,0.7650730101041684,0.2758303520709383
2017-07-14,0.13228624196074476,-0.36671048743569273,0.4376185094731641,-0.3451517311943247
2017-07-17,-1.436526090779734,-3.6324775312265265,-1.0732253989422862,-4.20346425330187
2017-07-18,0.3491501858554478,0.47580493305049526,0.09876220665975448,1.0490248879395314
2017-07-19,1.3526625761433873,1.8806073832967563,1.6918232949645193,2.015939526871686
2017-07-20,0.42867091388161715,0.6912049510765786,0.484913950702407,0.6566547482983786
2017-07-21,-0.21225273438605924,-0.020837553978097837,-0.5157518708620505,0.43892330754496456
2017-07-24,0.38899161028251106,0.37941134751097494,0.3980160686523456,0.6673611227389321
2017-07-25,-0.212802403577702,-0.4914876522106642,-0.6407607046164703,-0.21962993164780562
2017-07-26,0.12262455013185357,-0.5411007098413018,-0.38168653534152874,-0.1121923973197491
2017-07-27,0.06494855902461545,0.9457589705708326,0.18334825926892537,0.6053192993417006
2017-07-28,0.10641210780513297,0.4104045815857205,0.26096048212500744,0.5071191272289053
2017-07-31,0.6064738559100664,0.6407897023257938,0.4284326692370999,1.3192385974000913
2017-08-01,0.597351323222333,0.19314911719790054,0.8659861663859001,-0.18212828069682968
2017-08-02,-0.2304758002145359,-0.5335647526076621,-0.2530796453323594,-0.5531820397650665
2017-08-03,-0.36993084262503356,-0.3173328738231832,-0.8818700757788237,0.16158126168634152
2017-08-04,-0.33205794542209,-0.7206701255294515,-0.5446922245403744,-0.5902112817673247
2017-08-07,0.5313745966537152,0.8634366700242828,0.5167900643565582,1.2499623973305203
2017-08-08,0.07346071934741201,0.43127281626884123,0.14532781750711093,0.00475920787834831
2017-08-09,-0.19214821449677263,0.45948816729675784,-0.03135363305757903,0.5741987692798828
2017-08-10,-0.42280385808082155,-0.6083186458034515,-0.40607229733280986,-0.8044866354666977
2017-08-11,-1.6447856148161306,-1.8226009154688898,-1.8625415682941304,-2.056711595721897
2017-08-14,0.8942177831837768,2.195545914612069,1.2893070619983107,2.111075578220991
2017-08-15,0.4284430668697165,0.3793249005764599,0.30753705627395206,0.35090538410464733
2017-08-16,-0.1480521869583324,0.38751385886803846,-0.12527878865320966,0.06395663831432016
2017-08-17,0.6747655642863546,0.498248226290209,0.5351165314738014,0.7446724671335972
2017-08-18,0.008872367933730923,-0.37286439870500354,0.09105621805752409,-0.28740466180528274
2017-08-21,0.5549442748311529,0.7105787778209977,0.4372024977256062,0.8786446249239629
2017-08-22,0.10095574313395494,-0.33536781066719673,0.30187030232632134,-0.4350636295194448
2017-08-23,-0.07692389930437725,-0.3256664273896427,0.1009537416646247,-0.8378819859596929
2017-08-24,-0.493658013051556,-0.6270477699527646,-0.5724416692383519,-0.7013551882326197
2017-08-25,1.817700427944759,0.9999154590460793,1.6227913752261247,1.0762773871602247
2017-08-28,0.9300697294152415,1.4042035677109974,1.2295827076415573,1.2223052144976858
2017-08-29,0.07669578311350367,-0.4391788855017156,-0.21283670804358787,-0.25590807514325714
2017-08-30,-0.04755634773659953,0.47793271454590325,-0.006259095249815426,0.7044242843509435
2017-08-31,-0.08387316015357837,0.025057129924720995,-0.3189495402116356,0.2626145804862162
2017-09-01,0.1875763228849927,0.5892021543795121,0.22083919996698453,0.8628244954979084
2017-09-04,0.3693661839453739,0.753457352112371,0.3929052911802838,0.5832951384184976
2017-09-05,0.14015585020253338,0.21959206629963862,0.29678042521587517,0.10931342217925445
2017-09-06,0.03161139868355738,0.3420027557207936,-0.19723616333744187,0.5350957984992356
2017-09-07,-0.5892573439170392,-0.5043268492096419,-0.5099420894035949,-0.737068989196972
2017-09-08,-0.007725747841378331,0.01494993143138039,-0.10136027388666227,0.2372689911682295
2017-09-11,0.33166935884505727,0.7533464310437884,-0.00888698371129191,1.141135856471644
2017-09-12,0.0908833957620177,-0.09159474133557653,0.32047712714430704,-0.08455171547915051
2017-09-13,0.1377956466445075,0.43261674603428796,0.1218664463489783,0.6057764434128915
2017-09-14,-0.3765780297758049,-0.1895138095531996,-0.3297463942912245,-0.1826818191642951
2017-09-15,-0.5296627277768572,-0.06677633655095144,0.03498119144016468,-0.7543163531833234
2017-09-18,0.2751442966922384,0.8140793578334264,0.30855696034615104,0.7133918179038677
2017-09-19,-0.17917471347022784,-0.6262434783409478,-0.2871565933264956,-0.5025011569576459
2017-09-20,0.272504050918791,0.9627895299625893,0.26894066162229663,0.8470627585084184
2017-09-21,-0.24361200124391416,-0.8325952660855852,-0.12030844156977526,-1.2089271833858717
2017-09-22,-0.1573691076655267,-0.2573061159343977,-0.0023451088196700517,-0.6074020157974535
2017-09-25,-0.32805134826642784,-1.2649886939438342,-0.5209324799030188,-1.2581844681369008
2017-09-26,0.06073180513750981,0.183717393859583,0.07828690848445205,0.4746922190219925
2017-09-27,0.0505318563269209,0.7823558214384564,0.010991915718758025,0.9527035869660474
2017-09-28,-0.1684391063187777,-0.048576685958985996,0.03506137084011467,-0.2334436723629438
2017-09-29,0.2780861107505778,0.5042823051373784,0.3645369513465359,0.5386068042848838
2017-10-09,0.7567725889379497,1.5845381467789177,1.1844086475002629,1.1310479318328504
2017-10-10,0.2548330092753276,0.5775056791709624,0.1968588154900446,0.4051156741467053
2017-10-11,0.156248416507735,-0.15025170645263472,0.32928916960731486,-0.5834618087459484
2017-10-12,-0.06436013554747999,-0.0458005420958272,0.26255062653233313,-0.11061441651601814
2017-10-13,0.13044853117886113,0.8083224047810179,0.20551580833122826,0.7587784704806075
2017-10-16,-0.35603576690057215,-1.128272789596644,-0.19273854162672402,-1.3596097509937966
2017-10-17,-0.19050418248806436,0.03672403877958058,-0.009710573800312332,-0.0947691867046222
2017-10-18,0.28872526472191196,0.06569705384204191,0.7913771712926149,-0.7513479858025792
2017-10-19,-0.3441966916858128,-0.8294703645148134,-0.32785624022367127,-0.9497317430343883
2017-10-20,0.2513033230353483,0.43988883346269436,-0.11198636972893578,1.071240476006527
2017-10-23,0.06065672181063395,0.5981781574098662,0.10053897368104481,0.627117279702224
2017-10-24,0.2230775269712044,0.28985988330652235,0.7249531129159144,-0.14770246696928432
2017-10-25,0.25496870919782066,0.8612499309145298,0.4422695220556349,0.6775419874097615
2017-10-26,0.3136176291610509,0.2102322805154824,0.41728778717057674,0.3609662308161877
2017-10-27,0.2707939958314722,-0.14633850807180873,0.708376061945176,-0.618220471360557
2017-10-30,-0.7777155907487971,-1.1592980077696082,-0.30504189028484135,-1.8117195696867576
2017-10-31,0.08844757404754468,0.4850930336455235,-0.0748461945713817,0.7412841654519594
2017-11-01,0.07570792422588737,-0.15230257095583422,-0.2523947592299729,-0.11072847035769179
2017-11-02,-0.37172460869571644,-0.5114233189062651,0.01275996874288228,-1.0434306365337074
2017-11-03,-0.3425588652686122,-0.6862594748768314,-0.11089098150917732,-0.8976269057309926
2017-11-06,0.4861021035116184,1.403808004613943,0.7035577383451221,1.3003658248133614
2017-11-07,0.7468711850515862,0.8250742571934601,0.8262442455412442,0.6252776239030571
2017-11-08,0.05535193280027704,-0.17953020636320302,-0.15403112795023774,0.1487002728700146
2017-11-09,0.36035548438853165,0.9203287130906197,0.6866178864951737,0.7539677287931982
2017-11-10,0.14226453686955223,0.7915279905275556,0.8796059551007327,0.4507812534592057
2017-11-13,0.4409563994753401,0.42802030207778236,0.3922344646024751,0.4505571219303543
2017-11-14,-0.5318890776753273,-0.9629800783357836,-0.6981560843184573,-0.8535532020983011
2017-11-15,-0.791272367864263,-1.0484786240306243,-0.6284111505579945,-1.1686417470291577
2017-11-16,-0.09615145034098055,0.659565601087107,0.7663865903954038,0.315364453560918
2017-11-17,-0.4818533215235817,-2.146560283108993,0.38512738069074826,-3.0399585528604645
2017-11-20,0.2801349666985493,1.2724935984524417,0.5561028187760547,1.1134056033459698
2017-11-21,0.5321272607229116,1.4284314033529362,1.76694748221486,0.35967243138389693
2017-11-22,0.5835454860335866,-0.3566051208329526,0.2337404131234165,-0.26225628196514766
2017-11-23,-2.3161046986390823,-3.38988672212229,-3.0055191598909303,-2.5946185494139513
2017-11-24,0.05666787113264513,-0.06337311670367343,0.04386713203677413,0.05608426808066293
2017-11-27,-0.9463750503103882,-1.936634803372584,-1.3306304261300004,-1.3386363782684678
2017-11-28,0.343455532944506,1.2425472810292677,0.1448351242666836,1.6770230372225043
2017-11-29,0.12590835536286088,-0.08126902794129545,-0.05105079665029441,0.30211599117053306
2017-11-30,-0.6211844078129078,-1.2533402845528547,-1.182417915115782,-0.8734901692547428
2017-12-01,0.0129619386418492,0.6289515091659903,-0.19889465143688043,0.8424646980439737
2017-12-04,-0.24142792130144547,0.012711268102290856,0.5169027350509301,-0.5841539694200104
2017-12-05,-0.17963805051506543,-1.4613432579098404,0.5288489971301242,-2.364011726960027
2017-12-06,-0.2946510277116162,0.5198005463842131,-0.604520962785619,0.648319190368307
2017-12-07,-0.667378859354758,-1.0139830749303944,-1.1208499088656478,-0.606585888381303
2017-12-08,0.546782546164438,1.2312272908655786,0.8105942729218546,1.0968930615155164
2017-12-11,0.9742688815856114,1.8860689744769974,1.6381137476578718,1.3296366774334838
2017-12-12,-1.2536870946708067,-0.9019071371132985,-1.3228779328250249,-0.8460533334522707
2017-12-13,0.6752913410039265,0.9075606190539326,0.8447740637051284,0.7070805158456422
2017-12-14,-0.3214325303540771,-0.30295605058483277,-0.5928518746072736,0.10571969982043415
2017-12-15,-0.8020071714074338,-1.01374560396173,-1.1312707991338533,-0.7718986811279438
2017-12-18,0.05448373734041985,-0.3461118735798357,0.11122061363795283,-0.5752785099289325
2017-12-19,0.8719736685241893,1.0426182631214236,1.2478000271640153,0.8232164923113491
2017-12-20,-0.27125765590488554,-0.6491458737811843,-0.12001261076796657,-0.8333783153188921
2017-12-21,0.3779793105176309,1.038994807867118,0.9226647693450882,0.6293707952495134
2017-12-22,-0.09094878391759173,-0.2169058597866335,-0.3262565298183421,0.07018454978206383
2017-12-25,-0.5047505820918554,-0.8023695899225868,-0.3226231593819307,-0.9219220994236237
2017-12-26,0.7791639915507654,0.14827038040171694,0.29845015951829196,0.5571628843411496
2017-12-27,-0.9219287712076798,-1.0087150524451716,-1.5515865979641457,-0.7584779731184497
2017-12-28,0.6268887995169017,0.5739048761541803,0.6913790272432458,0.5028522192038751
2017-12-29,0.3267942122827754,0.6036051006684048,0.29690384865265157,0.7474890465553808
2018-01-02,1.2368875291470869,1.2386233021795188,1.39317992596615,1.2939809653255674
2018-01-03,0.6186900451433787,0.9105807551325078,0.5852099752662248,0.88079006711534
2018-01-04,0.4915018732619323,0.5397497372115124,0.4228059015724518,0.4574501233740361
2018-01-05,0.17823791210946957,0.013225064160840277,0.24045800186335672,-0.004518967588084334
2018-01-08,0.5213774615333567,0.3508826481021686,0.5159725192688354,0.44980302728946464
2018-01-09,0.12955457905685083,0.5639133271758773,0.6980120466080242,-0.0066708398224260244
2018-01-10,0.2320162896243178,-0.0874840611516704,0.44086667866800255,-0.6195313975348409
2018-01-11,0.10252411748072941,0.2368427675427465,-0.052772958649836846,0.3117238657981878
2018-01-12,0.10504386546875795,-0.01927926102720707,0.4604668070867732,-0.41433755615778617
2018-01-15,-0.5395199527972943,-1.3573658792598708,0.005680312039992032,-2.307743045164707
2018-01-16,0.7623724686564177,0.7001765158865823,0.7833876910585834,0.7606864824169028
2018-01-17,0.23484082024068298,-0.73104585964515,-0.2433408711898546,-0.5357813492949902
2018-01-18,0.8694425106810798,0.1409130762504404,0.5469792522126282,0.30810283201276295
2018-01-19,0.37658336437884227,-0.20905394818752707,0.3267571934137503,-0.22963292725387446
2018-01-22,0.38630968230941093,1.9011197602589434,1.1876734363492112,1.1927222333500054
2018-01-23,1.280973721039159,0.3656098813746844,1.0553806379141426,0.1158814360418766
2018-01-24,0.36504557162484136,0.4517592329573195,0.16597324984194123,0.6165063882120929
2018-01-25,-0.3140223577750681,-0.47504140476114803,-0.566765309596789,-0.1812629732227
2018-01-26,0.2763692158218325,0.04552067158418351,0.3708967274258519,0.014256228311779924
2018-01-29,-0.9922226597619914,-1.7904901352050067,-1.8260804168635334,-1.1620242134787726
2018-01-30,-0.9981526344000072,-0.6534278601351383,-1.0731431831284222,0.056403546679956194
2018-01-31,-0.20606019195651887,-1.061580148532194,0.4641358543045278,-1.9852236981064726
2018-02-01,-0.9772285724433872,-2.6821416356743177,-0.7040795121192094,-3.3615561297246974
2018-02-02,0.437107914597011,0.5582519833142667,0.5948030540632894,0.33545799078192645
2018-02-05,0.7315582630412535,-0.8171390982623733,0.06834102435815868,-0.11047174888210697
2018-02-06,-3.407954304356993,-4.324639445637782,-2.974442362333916,-5.024949442627688
2018-02-07,-1.8381004663995053,-1.2668548617192161,-2.400049829823225,0.12386571178435443
2018-02-08,-1.4368767338949882,1.2184697849687645,-0.953799765421399,0.9609921130814945
2018-02-09,-4.137075201995021,-3.645866454666481,-4.366070952591714,-3.7381421240130233
2018-02-12,0.7727625111995149,2.864714937996733,1.2793241132533484,2.562784650759733
2018-02-13,0.972702488254753,0.6831530501805593,1.1636106465496119,0.6619442588320825
2018-02-14,0.4448545270963583,0.6682612534529464,0.7929087588763132,0.3111791981405794
2018-02-22,2.146124560014928,2.1529598798811613,2.139066981156546,2.07908054236161
2018-02-23,0.6240127117402964,0.03611339269226363,0.4520048760109326,0.372874561098168
2018-02-26,1.2253518461262116,2.159525622810438,1.1558817795989786,2.2134888096271363
2018-02-27,-1.1326620267082956,-0.8112253394405605,-1.4537884140114299,-0.3176019094653533
2018-02-28,-0.9970348853877532,0.19596738793643456,-0.874474494793138,0.2180445993778217
2018-03-01,0.43899194354054105,1.0509074820950077,0.6305198938848607,1.098583762736992
2018-03-02,-0.588824484612709,-0.7970911098937654,-0.8091246850855476,-0.5578548636431427
2018-03-05,0.07371618987696874,0.1788152748262189,0.04082364243409613,0.12804817416359665
2018-03-06,0.999310240537453,1.2088635273969373,1.1988279131881283,1.3346985274093457
2018-03-07,-0.5477578389304922,-0.939725638688323,-0.7382293149694958,-0.9661563357566485
2018-03-08,0.5103607375300663,1.040783302360834,1.0093439974484992,0.7369488255102496
2018-03-09,0.5688673502864853,1.5830895048907623,0.7639471488995393,1.2233416116904736
2018-03-12,0.588798285848051,1.166559564694529,0.45650315905853805,1.4205102425943916
2018-03-13,-0.496012733184677,-0.7520524924230972,-0.8862536290022476,-0.6634324285902363
2018-03-14,-0.5713764594248003,-0.90952611348283,-0.4387245098041838,-1.0420017340001106
2018-03-15,-0.008203582539480872,0.21539441092683778,0.5586647739075721,-0.14891553939018223
2018-03-16,-0.6471606905558086,-1.0131184118792425,-0.9749138250508769,-0.5484168917549403
2018-03-19,0.2861450725022896,0.1570552425694088,0.4385869450182776,0.12227504625053627
2018-03-20,0.3467337021254112,0.08407729284170225,0.08464232989588802,0.32236818255763355
2018-03-21,-0.29490601278505735,-0.8817579746065575,-0.40915431061892715,-0.7234098312591686
2018-03-22,-0.5338903921930717,-0.9452073775217655,-1.0072597349093115,-0.45738455248365284
2018-03-23,-3.4515851001661093,-4.102982752670427,-2.9126545260803183,-5.285044777537861
2018-03-26,-0.605746243344085,1.1844340411330683,-0.6435615538999777,1.9813977598440982
2018-03-27,1.0453449517151487,1.980656207944847,0.8566538896672505,2.208547984669394
2018-03-28,-1.4107539813725467,-1.3549426212862472,-1.8192892431191419,-1.0233164917323399
2018-03-29,1.2173028101211811,1.1711199792228404,1.3269297951334242,1.02464213193372
2018-03-30,0.26447894609624933,1.0426197718304901,0.11421166328676711,1.3149593569001765
2018-04-02,-0.18066738120407524,-0.14455659559122175,-0.2974793534495652,0.11800568515762609
2018-04-03,-0.8428875534011976,-0.9132187698212878,-0.6307606016091529,-1.022036253872797
2018-04-04,-0.17614008963884842,-0.6505036033939294,-0.19747743332108078,-0.695847939988556
2018-04-09,0.2290491319445437,-0.29224960040489517,-0.05007920662955137,0.13218926243232365
2018-04-10,1.644315965322312,1.048051051669545,1.9085166884751554,0.6301414056317631
2018-04-11,0.555140210387375,0.3963110760085571,0.28402500305894174,0.376450505681027
2018-04-12,-0.8741117357426303,-0.7561567503768836,-1.0131540362125062,-0.5813193894848707
2018-04-13,-0.6660160503468429,-0.3729345495386322,-0.7078737063835913,-0.3997183784329934
2018-04-16,-1.5439641919847942,-0.6122369456898828,-1.6219105539640506,-0.2455232304177834
2018-04-17,-1.4197034865845255,-2.1567238309779007,-1.5936824230970932,-2.042366931307429
2018-04-18,0.7989390033478861,0.9191731409909372,0.4694669377364449,1.3455476866020675
2018-04-19,0.8368842713406446,1.016628400750735,1.2024235279785969,0.569001793205465
2018-04-20,-1.4813840959485922,-1.8036158492101522,-1.3467016510329957,-2.084788313959512
2018-04-23,-0.11499215378918966,-0.7548901445042079,0.1456056841520813,-0.9726034313977514
2018-04-24,1.9661950119739342,2.1658827876633935,2.0279755483892044,2.262531885088902
2018-04-25,-0.35089440348289364,-0.09211559451805688,-0.3855488021242096,0.03742675183682074
2018-04-26,-1.3867491728568337,-2.447238672572173,-1.9306550608083328,-1.887685843657351
2018-04-27,0.2338703670697741,0.3138251917533001,0.03700563246653031,0.22205226325163388
2018-05-02,-0.03407204810837328,0.17786539179337704,0.1800405510974299,-0.0966175403548573
2018-05-03,0.6366851874239615,1.1131059038362867,0.7768031492021573,0.9398391283776937
2018-05-04,-0.31751236725310006,-0.3105608915291621,-0.4862845884859974,-0.02233521443476192
2018-05-07,1.4647794599216275,1.903091250832797,1.5663783172515686,1.8418703135433268
2018-05-08,0.7894435217539917,0.7620625499687548,1.153668957194471,0.375924395632795
2018-05-09,-0.07435944430659809,-0.17507238006312945,-0.18218654639929213,-0.20843282027737842
2018-05-10,0.4818784231602636,0.38003971256981117,0.5522456685629956,0.18790706286280062
2018-05-11,-0.3518646917209221,-0.8937495102920319,-0.5207392753453413,-0.8183285069177189
2018-05-14,0.3398932467532254,0.3488262111292746,0.9367683796303882,-0.3978635372020868
2018-05-15,0.568319901049795,0.714587215424521,0.3781253747346243,0.8845481310025176
2018-05-16,-0.7089340865240431,-0.435166200208573,-0.7998057203677168,-0.274436662650647
2018-05-17,-0.4835671242910622,-0.6169636223501147,-0.7423112149375716,-0.5057679728577281
2018-05-18,1.2294604089080357,0.34747515018258296,1.0045004645336006,0.3570916148425568
2018-05-21,0.6411619026465748,0.8660429437278655,0.46470694418154024,1.2770168610128518
2018-05-22,0.015867608178035897,0.004272877077399672,-0.38403358621492606,0.34048224812211364
2018-05-23,-1.422170160426297,-1.2589822845292629,-1.3305542786613782,-1.3060657655695342
2018-05-24,-0.4525903535141011,-0.6321248682267954,-0.712336059055664,-0.3536430295631299
2018-05-25,-0.4240827836270794,-1.103267132993724,-0.28049188165869626,-1.2563953951327431
2018-05-28,-0.19820348787846406,0.1656326166090343,0.43818438269350507,-0.4494861518869695
2018-05-29,-0.4674265249381352,-1.1191294538333632,-0.7659842591857394,-0.9518513099512513
2018-05-30,-2.564933937551676,-2.3788133682701185,-2.142660132033053,-2.654426886891574
2018-05-31,1.7608664966837242,1.8620719254748195,2.099801429680129,1.2569829382929794
2018-06-01,-0.6589323765166519,-1.2350951626829885,-0.839569857891706,-1.212470894235345
2018-06-04,0.5205701363804143,0.3432865491801984,0.9762328839608864,-0.03465786825470198
2018-06-05,0.7419378476403589,1.7610034129547556,0.9863007733463782,1.6738843988698584
2018-06-06,0.031142696406525977,-0.1973906149823658,-0.2074800260613058,-0.08343907960197776
2018-06-07,-0.18249939198432785,-0.4959635834587249,-0.16535482018528666,-0.6295906581147855
2018-06-08,-1.371314989821535,-1.0558901806223302,-1.3505000522047772,-1.204854976000781
2018-06-11,-0.46961407759048723,-0.29606216061800056,0.00952431346294647,-0.6537116060658991
2018-06-12,0.881200892448878,1.3658162317901459,1.2088083841630866,1.077028982103637
2018-06-13,-0.9788645113400614,-1.5005460549928695,-0.9878874030164932,-1.5279442983464677
2018-06-14,-0.18510136628197474,-0.7652971313567554,-0.39594270494717443,-0.35894427918876426
2018-06-15,-0.7339228401347005,-1.4085998788606289,-0.5298412777871715,-1.8606120591967015
2018-06-19,-3.84821130909379,-5.460318989043545,-3.5886718345374393,-6.443811175652754
2018-06-20,0.27165577231901555,0.9154170744265491,0.3946778801146493,1.0963253297376716
2018-06-21,-1.3785843568127722,-1.96264992321001,-1.1750990524184184,-2.121849029700882
2018-06-22,0.48390799944837937,0.9961298027904224,0.4423858242334054,1.3829363071993976
2018-06-25,-1.0582624723540537,-0.9086905286193332,-1.3507649534583503,-0.6823456371136783
2018-06-26,-0.5200008210953554,0.1558063344948613,-0.828309812667799,0.685446292127299
2018-06-27,-1.107530467394276,-1.84476512355888,-2.055757574578349,-0.9889289517022108
2018-06-28,-0.9385649104195825,-1.06281622723178,-1.03825108607401,-1.0701939201414612
2018-06-29,2.148345414393185,3.336027358573321,2.522301828480663,3.166857815407959
2018-07-02,-2.556079248356074,-2.151784032077797,-2.9781328978286514,-1.5252493814260244
2018-07-03,0.4073750116893461,0.4536633917716769,0.03872534974553983,1.1290852936320306
2018-07-04,-1.001086611153864,-2.0381895710557374,-1.344470224746414,-1.4690426585813006
2018-07-05,-0.9193567041545743,-1.9367372096718989,-0.6355343861883624,-2.7432169176455354
2018-07-06,0.48712857063528725,0.5531838978775857,0.6762544482175014,0.277973081140448
2018-07-09,2.4408205893629265,2.758923899308097,2.756794308314184,2.195615199294291
2018-07-10,0.4437567757976167,0.48796653515270505,0.24080742720720594,0.565791702309995
2018-07-11,-1.7790457434661004,-1.992577958826737,-1.745195237610511,-1.9733867285604223
2018-07-12,2.1331321354933213,2.7304984285220733,2.1349156448691837,2.671224371313428
2018-07-13,-0.22861830012424392,0.5737471237762797,0.3335367852781148,0.6107939722843608
2018-07-16,-0.60724126495017,-0.10308765025130011,-0.5915494838722052,-0.17289479939601685
2018-07-17,-0.5669836309876313,-0.34619000177479053,-0.6562213372591656,0.019246684817956175
2018-07-18,-0.38923024975475173,-0.9731467893394331,-0.5249477952328783,-0.7642384610419081
2018-07-19,-0.5291560079953371,-0.5065421793162833,-0.08688477818043397,-0.8825560281383565
2018-07-20,2.025125350527721,1.1163001661281446,1.8653294759882981,1.2428002840504504
2018-07-23,1.0642044884766462,0.6767314892750107,0.9363705815924686,0.7459668347984032
2018-07-24,1.5965370075336782,1.6134449393934416,1.574716041349861,1.7234593743054119
2018-07-25,-0.06575765272126406,-0.02155359139775781,-0.11062287948629666,0.0757540103878189
2018-07-26,-0.7404266199522888,-1.1852811036152564,-1.1667267575208224,-0.6648963178546211
2018-07-27,-0.3002180919286579,-0.6040286101531182,-0.4256483242531701,-0.45976568168977006
2018-07-30,-0.15811546417160888,-1.233815867911054,-0.17480757857688967,-1.229405849513216
2018-07-31,0.2558547723686177,-0.03442130843670865,0.07337112180292382,0.06882677613910036
2018-08-01,-1.8197533170516957,-1.9073232129138782,-2.0178572826208954,-1.6194111676047456
2018-08-02,-2.020971591283919,-2.52808791338378,-2.2419852730795173,-2.165333309040071
2018-08-03,-1.0013771713482054,-2.053150242589755,-1.665548564041542,-1.33513170329509
2018-08-06,-1.295743117745909,-2.106162096282813,-1.2752599383703493,-2.1425729909477917
2018-08-07,2.706322304370632,2.9386440473595212,2.8787891319829084,2.6911946234720174
2018-08-08,-1.2782063573270157,-2.0359109439387155,-1.626757682100506,-1.5512476832127962
2018-08-09,1.8168037571045983,2.933070275833552,2.4738897285182677,2.512944134253795
2018-08-10,0.03327554868270838,0.6978404916120349,0.2202116273097927,0.5129912956650989
2018-08-13,-0.3382800412132004,0.3552997080778214,-0.43206019509464466,0.4911871018740065
2018-08-14,-0.1764020555048978,-0.6802160799982442,-0.5154338103380202,-0.34478829697432734
2018-08-15,-2.0966499776367873,-2.346290535386644,-2.428666578279862,-2.107655327707526
2018-08-16,-0.6657541929205438,-0.9455859140879593,-0.46432335720929796,-0.9049890808339831
2018-08-17,-1.3479519933099264,-1.7011276625805947,-1.4481490635348577,-1.7611945826172573
2018-08-20,1.0992315533020776,0.6810515025445625,1.1584169240224649,0.6148002693707025
2018-08-21,1.3018610685014995,1.5906522944293577,1.8017139127664412,1.220215805605058
2018-08-22,-0.7055259753470445,-1.1092921773575624,-0.5637129448493751,-1.1298300882535977
2018-08-23,0.36806721910060736,0.5501265927945282,0.36451568579709787,0.5494468340934237
2018-08-24,0.17638273382266162,-0.19604236318129784,0.1595098271199423,-0.2342538504474321
2018-08-27,1.868182012876949,2.833115188566452,2.4137002667645517,2.1969095077423932
2018-08-28,-0.10505714347376759,0.05944230921131026,-0.18804895988374346,0.2846710491133727
2018-08-29,-0.31330752274668394,-0.6373783136715279,-0.4007820604385728,-0.6504550387060708
2018-08-30,-1.1458207122125235,-1.4562333030655132,-1.0531943718827117,-1.5259627251692043
2018-08-31,-0.45725955062670226,-1.0263177932687706,-0.4962922958720645,-1.0803725019106623
2018-09-03,-0.16599403735849394,-0.11725062834838111,-0.3809917593508633,0.4982561021795679
2018-09-04,1.0911571878447437,1.1627415904629133,1.2588189656092337,1.0568339165661138
2018-09-05,-1.695390861007183,-1.79199756672076,-1.9742341946696484,-1.5507285800933053
2018-09-06,-0.47257928582947506,-0.9368340863634712,-1.0748432244211301,-0.4512735090067772
2018-09-07,0.3971165179437479,-0.021626141764336967,0.45134102659006364,-0.0327590760697268
2018-09-10,-1.2219565351933657,-1.9886765624399383,-1.461984240144059,-1.8301681979565307
2018-09-11,-0.1754688992997684,0.11772208538139294,-0.18158498268394907,-0.042092821669627044
2018-09-12,-0.32663614780996775,-0.699543249527197,-0.6906098348314469,-0.190063344246164
2018-09-13,1.1406362846375406,0.6463955969982347,1.0732266420511716,0.5786416405314219
2018-09-14,-0.1840461603450723,-0.6128671739498859,0.17040564980263515,-1.088892052103656
2018-09-17,-1.1193663994242573,-1.4215887042874822,-1.153105450708166,-1.4600468369896755
2018-09-18,1.7998370652379705,1.6596620728856062,1.9928528725804455,1.7472095034934558
2018-09-19,1.1379661726922603,1.4028386482662758,1.3081495769797493,1.1332973403717397
2018-09-20,-0.05897338859474879,-0.17267315740840528,-0.07096900160611092,-0.07201408492741565
2018-09-21,2.469582977672408,2.1065402242170452,2.98685124447452,1.504216563953927
2018-09-25,-0.5858096349522707,-0.6657718882095015,-0.9039439840362089,-0.2640198162664839
2018-09-26,0.9187691577293716,0.8007711838042171,1.1016671570106216,0.4804248961212389
2018-09-27,-0.5372803882406895,-1.0240437462700003,-0.4002450793320986,-1.2590269130358092
2018-09-28,1.0539690519428055,0.7927937583953641,1.0309264189525154,0.9491381001407692
2018-10-08,-3.786752559268494,-4.134493045148742,-4.397893751429644,-3.2655893828277613
2018-10-09,0.16551667036962261,-0.17929852412111416,-0.06717744063416696,-0.24996295895384843
2018-10-10,0.17735025807531613,-0.44466439506551614,-0.21582008562793606,-0.10793565493020293
2018-10-11,-5.3647051741382095,-6.266702660259719,-4.918166571083605,-7.219399272677155
2018-10-12,0.9036026162697124,0.4533777989136633,1.4812402664448068,-0.6844156209661851
2018-10-15,-1.499928603635582,-1.5170832916123864,-1.4063669715938927,-1.8612836924976048
2018-10-16,-0.8513219061121864,-1.9738205798386574,-0.8183209800750179,-2.39732019713433
2018-10-17,0.5982860244424021,0.9032950382030743,0.5556981250779378,0.8186552317917228
2018-10-18,-2.979204214592786,-2.442554792823507,-2.397139433746166,-2.8196729543553336
2018-10-19,2.543373099525277,2.747985469600682,2.9312672308160845,2.6891861037533573
2018-10-22,4.012180002020357,4.771870419414355,4.2259325313504705,4.850184671780867
2018-10-23,-2.2878452057704006,-2.2688542445755417,-2.6913318452262027,-1.853617304887496
2018-10-24,0.32588671295641114,-0.3952359957493891,0.14972623617860079,-0.18990363453005948
2018-10-25,0.01920454769590118,-0.20829858166808135,0.19146078475283176,-0.2610878249507677
2018-10-26,-0.19028769929317504,-0.3284529559952183,-0.6491907943525156,-0.010863943291457113
2018-10-29,-2.207852839165946,-2.4615863838034135,-3.0959847526794433,-1.7014662849120616
2018-10-30,1.0156344946584834,0.7210796089887156,1.0786977388305772,1.0041831374127308
2018-10-31,1.3433248533435955,1.4483974498720429,1.390809254253601,1.6045944827353675
2018-11-01,0.13284650505683343,1.129002027121157,0.7332381587968335,0.6166946569335996
2018-11-02,2.6593928750864566,3.8844351200475367,3.501675161886788,3.1814772852134445
2018-11-05,-0.4137102931584241,-0.3623953612831532,-0.8365567954057176,0.06487377997892191
2018-11-06,-0.22799031057750577,-0.6120171396926934,-0.6052902053706484,-0.06149389816180015
2018-11-07,-0.6799128197864328,-0.5045274607050397,-0.65707283207761,-0.5186813296475672
2018-11-08,-0.21641215426762128,-0.6992881598270755,-0.2840858021536531,-0.7458997216177979
2018-11-09,-1.4045507429941584,-0.6447065546264548,-1.4209802732055248,-0.3135665709445683
2018-11-12,1.210481010691864,2.3738844732530064,1.1832080515718861,2.555532672877383
2018-11-13,0.9217910655241203,1.6633761054232512,1.0008589535759294,1.809843070293334
2018-11-14,-0.8564261216072379,-0.6944240463242435,-1.0070991253074815,-0.395870558317211
2018-11-15,1.3557649448124032,1.1759554519881374,1.1611174434964406,1.6213646151487577
2018-11-16,0.4091805652187862,0.7493628038307616,0.47076720317919296,0.8468717730911828
2018-11-19,0.9066278925323308,0.5758422555060262,1.1272548615420515,0.2495220933980013
2018-11-20,-2.155855399844475,-2.868906951721799,-2.3397315748150995,-2.8952337125225927
2018-11-21,0.2136914294599549,0.36673487184603737,0.2507410272717352,0.37878999814439585
2018-11-22,-0.22956660525418068,-0.18326265723962526,-0.37448110188371087,-0.07335822863569806
2018-11-23,-2.5245794753596433,-3.3136137761030207,-2.23195815507119,-3.9567836779584145
2018-11-26,-0.14237804740258753,-0.2726092501573337,-0.07128400612447935,-0.1670056735405047
2018-11-27,-0.04387932092406221,0.2524414381786953,-0.12741939262974278,0.46121718151670726
2018-11-28,1.0455197412961332,1.5840791001138907,1.3201229685024696,1.2279431399245482
2018-11-29,-1.3271158450126301,-2.0849936745987883,-1.3070550103204437,-2.1886357181569367
2018-11-30,0.8049496197429463,1.1092636956435404,1.1105696409961687,0.7096741106778597
2018-12-03,2.5410532580714644,3.287317569110735,2.74387554796087,3.1159246864100996
2018-12-04,0.4194895603388886,0.19191822751692383,0.2070869800496961,0.4649023219776516
2018-12-05,-0.6076278578531115,-0.3174619832685788,-0.4819242084542837,-0.7414644801865161
2018-12-06,-1.698616860763404,-2.4703175791065535,-2.1863975507575066,-2.055539239697529
2018-12-07,0.02724968209574724,-0.014997795610745192,-0.0034573636348535193,-0.002947160807505925
2018-12-10,-0.8211248590098275,-1.4198008502962165,-1.1634066906838743,-1.177856488692374
2018-12-11,0.3672761805703861,0.7908463413829541,0.47774883163047166,0.8283427604248726
2018-12-12,0.3102245648419154,0.1640727852593945,0.3408934448075365,-0.05120100602360565
2018-12-13,1.2184559285151257,1.4190819112886701,1.53610832306389,1.1280629508888993
2018-12-14,-1.5421736109237716,-2.3111999363888374,-1.6844547612327188,-2.4159913008799845
2018-12-17,0.16295212698732983,-0.48612986034956196,-0.14888316688103612,-0.14882757787301804
2018-12-18,-0.8240265232628434,-0.8243136492314099,-1.0420421082791862,-0.5413353468127139
2018-12-19,-1.0569310342565135,-1.4935045861492864,-1.1994561413765918,-1.3879549580598411
2018-12-20,-0.5226297477676831,0.10441135515916836,-0.7699902458882281,0.27880774931499175
2018-12-21,-0.7924799812891151,-1.2034791597441215,-1.2472237282455152,-0.6741360371334882
2018-12-24,0.42670876879381425,0.7462275364232102,0.290065468063709,1.0247142872944108
2018-12-25,-0.8819909992185968,-0.8178024255554852,-0.6909471496249644,-1.157863958423715
2018-12-26,-0.2610377828187169,-0.5854249069896315,-0.5067036796063457,-0.40550594342823354
2018-12-27,-0.6102745494250051,-1.023250055757405,-0.384478507980721,-1.1264588005483138
2018-12-28,0.434399787783613,0.3382885289439454,0.6712060872169996,0.16255851903279284
2019-01-02,-1.153830258941068,-1.2581946860621944,-1.3748943627228156,-0.8694030665573265
2019-01-03,-0.03773087383618939,-0.8403900652065939,-0.1583990571113351,-0.4645377478649783
2019-01-04,2.0288973459658024,2.718912352902958,2.367497102412801,2.3565158789863467
2019-01-07,0.7218789024346783,1.571155040349111,0.6052394681861487,1.8223395870087595
2019-01-08,-0.26207879336550055,-0.115604213836798,-0.21632260156508654,-0.2573078441499462
2019-01-09,0.7052170900954127,0.7585156700799607,1.0048760894095994,0.26780091348729435
2019-01-10,-0.36382003496858895,-0.2597379614032878,-0.18825692380513182,-0.16124839124375512
2019-01-11,0.7361109142835844,0.6092907213705822,0.716342177961698,0.7682019552787223
2019-01-14,-0.7096854683976229,-0.8709197767601224,-0.8762648238325735,-0.6587300586636159
2019-01-15,1.3540847420945512,1.8474037004426032,1.943645276620025,1.4086550715797528
2019-01-16,0.0031123802708630773,-0.09146463342611239,0.02109758600298013,-0.24135687377226006
2019-01-17,-0.4202686076525848,-0.9338671182019843,-0.5522387982267905,-0.7673107025168259
2019-01-18,1.4109027311698985,1.4753369396848135,1.8074920503838152,1.0190181502376672
2019-01-21,0.5569953630362526,0.5898372071192362,0.5499076624623632,0.5921057860875788
2019-01-22,-1.1872491442086697,-1.4455747094386466,-1.337364456651983,-1.5061538733423192
2019-01-23,0.05038076336534551,0.09281569969591827,-0.07224272596064109,0.17231127428859933
2019-01-24,0.41332518356166775,0.659061064322184,0.5628738175841234,0.5197698280554873
2019-01-25,0.38625921967691274,0.2891431030396939,0.8099993050780028,-0.455837427440058
2019-01-28,-0.18235333115905725,-0.07731298907397242,-0.02167000361794342,-0.26015415233375705
2019-01-29,-0.10517739540212873,-0.5056520038880776,0.31954870200165736,-1.2364798817701632
2019-01-30,-0.7222706032437293,-1.0761818363710125,-0.8012679511130574,-1.0080513809300082
2019-01-31,0.3484398358828719,0.11705929687062361,1.0408077491840053,-0.8380979638231466
2019-02-01,1.293936712233626,2.7011736432126963,1.4194621052603538,2.7815183774830077
2019-02-11,1.353173927303509,3.0131004230558776,1.8026478882587202,2.4975025099243733
2019-02-12,0.6755830937303471,1.1428250981367993,0.7193245828925591,0.8282903967701927
2019-02-13,1.8239098143978214,1.9917500602712694,1.9827119578815833,1.6291873879970447
2019-02-14,-0.050360519887995815,0.5948342155250097,0.15031249291077603,0.43694746331301143
2019-02-15,-1.381339194925458,-1.154207920481135,-1.8823135724961237,-0.6516973999784024
2019-02-18,2.647692255957258,3.877861421108074,3.155717579704081,3.454613789549257
2019-02-19,0.04682387231852113,-0.0716494018319723,-0.1780592597210491,0.134644349199542
2019-02-20,0.20192616076147715,0.38500015038641044,0.35754020507433076,0.007284491535010084
2019-02-21,-0.34173680369544074,-0.2566597608437593,-0.2674542977160764,-0.1818424047945961
2019-02-22,1.8873748474446024,2.332925188602747,2.223612799924994,2.5044651607006228
2019-02-25,5.449261581041789,5.436917211589716,5.777373381153839,5.4393271711845275
2019-02-26,-0.6695152745102086,-0.4997919710357104,-1.2082416477338733,-0.11524474913520723
2019-02-27,0.4172793374938393,-0.9203809027746356,-0.1711240822422538,-0.41088238291389
2019-02-28,-0.436658951900177,0.2900593572495826,-0.24551712442826656,0.14756299743200102
2019-03-01,1.788096759794127,1.4914906382488062,2.165851845310052,0.831115349145679
2019-03-04,1.1149994533381222,2.3369884404475365,1.1768724913293478,1.7803057469061245
2019-03-05,0.8770442763432043,2.22683826047664,0.575814555577651,2.6220371520089376
2019-03-06,1.5545238198985103,1.0857149709768905,0.8371547175655868,1.7733204564833558
2019-03-07,0.1391636234463095,-0.23097654061494025,-1.0249614997104752,1.2645059789971507
2019-03-08,-4.495612407904301,-3.3023986861032424,-4.052557976931822,-3.978731717637528
2019-03-11,1.9053912776762076,3.5729530228546733,1.9593102203228616,3.937687282796551
2019-03-12,1.0947491589405545,1.400954172618645,0.678666118685656,1.7192525498337448
2019-03-13,-1.0960706124072306,-2.5646046466616137,-0.8332111405510773,-2.298599906610613
2019-03-14,-1.2051381888291575,-1.8320353700503906,-0.6924750278194517,-2.356833100916441
2019-03-15,1.033200374718816,1.3982378178853916,1.2499658949294532,1.1355494897998335
2019-03-18,2.4410471683941726,3.020653016432758,2.8103303287160224,2.6183358150633955
2019-03-19,-0.175841271025429,-0.03749396101572308,-0.46293788788977547,0.381009518049638
2019-03-20,-0.011000352669460572,-0.3985679658667374,0.03859493619766162,-0.11578217215382838
2019-03-21,0.34947791581166743,0.7035981523385904,0.03779816606592521,1.32713714439183
2019-03-22,0.08669575330990728,0.09539714592824203,-0.08056642015624652,0.5826114760070147
2019-03-25,-1.9886196337319917,-1.8132433389393972,-2.40144686448772,-1.2973907813232552
2019-03-26,-1.5208575080414184,-1.9641843661133795,-1.1390278278242094,-2.8288110885800655
2019-03-27,0.8511933807656867,1.0086664427291132,1.1539886492012021,0.9776186527608416
2019-03-28,-0.9232890307800427,-0.657030597645665,-0.40124307859506475,-1.4376287533095737
2019-03-29,3.149281738255395,3.7051803793662526,3.7879788271755865,3.2525962589522504
2019-04-01,2.542813074966607,3.577559912844531,2.589655400365487,3.7186187148382386
2019-04-02,0.20355503485217635,-0.07151187509003129,-0.06645505340715586,0.3071085590518987
2019-04-03,1.235093408966486,0.7781264034988966,1.272809281638654,1.0418994678410323
2019-04-04,0.9367423867599194,0.7254693171637474,0.9913012146137885,0.6067871977925812
2019-04-08,-0.05422575917991553,-0.6156704333110252,-0.12316091543096264,-0.40839056725374856
2019-04-09,-0.1588410797739414,0.8153595525446037,0.44757878438008436,0.17803327533737573
2019-04-10,0.07004454440374915,-0.01475682386001415,0.2553522403825479,-0.12452163698902168
2019-04-11,-1.616045393708097,-2.6872257572675897,-2.184060696850315,-2.1350050411153383
2019-04-12,-0.0417020068471074,-0.2568660810664767,-0.2243871618400822,-0.2237461974521809
2019-04-15,-0.34053708286756723,-0.7785594734000346,-0.3289749254660538,-1.027066242971565
2019-04-16,2.3576088974840483,2.2996480769688006,2.7359542906838774,2.117285527975359
2019-04-17,0.2921717297117291,0.5505035938743171,0.03548255702507706,0.5303541038726319
2019-04-18,-0.3967259998223924,-0.5502119822290814,-0.37160002169135187,-0.5622095634579222
2019-04-19,0.6318070395914036,1.2612025333384946,1.1847285233664149,0.6043858247014374
2019-04-22,-1.7194804013872795,-1.8789898119624602,-2.33247584717277,-1.5111418707247737
2019-04-23,-0.512971158985201,-0.97941858074237,-0.1640848537484885,-1.673533256766934
2019-04-24,0.09437205787745574,1.0963263259009806,0.2753104570320159,0.9138896215833319
2019-04-25,-2.459399519754885,-3.2633137395430944,-2.2146162627902006,-3.974432580220889
2019-04-26,-1.2054449913858405,-1.2880832932696453,-1.3421066236018437,-0.9274484527194794
2019-04-29,-0.7773787298482274,-1.6320258168487645,0.28396855890284833,-2.668978685561613
2019-04-30,0.515891478396922,0.5393591980232321,0.32968441106726826,0.7937120081856208
2019-05-06,-5.7454644847257335,-7.856741121485264,-6.019060948705734,-7.810270653804925
2019-05-07,0.6833735673216905,1.6186252774555918,0.9736360030371979,1.3074198092653022
2019-05-08,-1.1212886910795978,-0.9609851541185125,-1.440443523113488,-0.5172804177199481
2019-05-09,-1.4904422499298884,-1.4007065758787696,-1.864881570707284,-1.2063809427471601
2019-05-10,3.048856568859341,3.954426021958505,3.5678361154210214,3.535277675990941
2019-05-13,-1.215160804224374,-1.439926726067337,-1.6683316679156581,-1.1602657217343295
2019-05-14,-0.6946248287392726,-0.7165834126107898,-0.6448036254104658,-0.8081066810690775
2019-05-15,1.8917519507601086,2.412154953436219,2.2230251436693806,2.209771688544065
2019-05-16,0.5778391788015992,0.3696570951571163,0.4516106483631396,0.62445465128817
2019-05-17,-2.515030618646334,-3.2050174278460477,-2.5756490950546973,-3.2990951296667093
2019-05-20,-0.4067519383647176,-0.9385935405958088,-0.8524041676251222,-0.3855615988065527
2019-05-21,1.224617447097528,1.90422908639893,1.3450550572702085,1.73781205721309
2019-05-22,-0.49226771502231903,-0.5107922631936299,-0.475660259114804,-0.6705238084911247
2019-05-23,-1.3641750352866586,-2.5960030993231467,-1.8088955816228773,-2.1011381836389265
2019-05-24,0.016475301982219005,-0.37256316443248744,0.2772411975473591,-0.6415055742524595
2019-05-27,1.3712125478966721,2.2872492764198915,1.1973408558029952,2.472203101037474
2019-05-28,0.6042460248256849,0.6201339624437076,0.9593121482207626,-0.1504269100125236
2019-05-29,0.16447456841990274,-0.2807264374742686,-0.22763931604050983,0.027642284800736536
2019-05-30,-0.3054717512017388,-0.7464787073700891,-0.6223078252227522,-0.6163977562656064
2019-05-31,-0.24498204175579127,-0.2312768717524451,-0.3133009575553198,-0.292730734325751
2019-06-03,-0.29781772225874686,-0.7390492859360825,0.06114186755788103,-1.1915167046310677
2019-06-04,-0.9665673370514333,-1.2351011240577179,-0.9277458915253808,-1.2106813383395374
2019-06-05,-0.030050492040877435,-0.0253796662221485,-0.03780098383157753,-0.24198198927187628
2019-06-06,-1.1818980935583994,-1.8592664482712642,-0.9056457019030971,-2.220199833746273
2019-06-10,0.8567059385302177,1.4667775266112655,1.283844922096306,0.988519370187898
2019-06-11,2.5474520678180883,3.6724117162782974,2.9617363677468234,3.661257423874611
2019-06-12,-0.560060417509853,-0.9220630244238864,-0.7605584555451871,-0.7778872932749759
2019-06-13,0.04673443244307196,-0.03473631985191571,-0.15481621043288185,0.2907259309186234
2019-06-14,-0.9933256303157229,-1.593120857860885,-0.8313093579849113,-1.697931247084118
2019-06-17,0.1958545340680927,-0.33267042220377496,-0.0016416542402959227,0.1519011372109388
2019-06-18,0.08792304877056238,0.266701854230313,0.34961059530988065,-0.11812538287740357
2019-06-19,0.9518043742010152,1.3695606919325098,1.3088724091147415,1.279419942065399
2019-06-20,2.347980485907096,2.317069401943596,2.9846631108189756,1.9526484888407536
2019-06-21,0.49623584491651035,0.8644558261218934,0.14146895132741447,1.334817995222511
2019-06-24,0.20532009016571737,-0.023336095781717577,0.1910046038737154,0.05753814549447144
2019-06-25,-0.8707581620115151,-1.0258559312282194,-1.0457296921113626,-0.984287673245646
2019-06-26,-0.19434916788974926,0.047476691536180705,-0.18378969948000815,-0.24955786892803095
2019-06-27,0.6867517242895211,1.2749391049837633,1.0614650431399735,0.90050126718692
2019-06-28,-0.599432486344601,-0.6642515189593139,-0.2409793853496681,-1.1448252964562216
2019-07-01,2.192066895410812,3.764989330250183,2.8404001917679422,2.980697724666959
2019-07-02,-0.031533100162095574,0.15789493518883196,0.034548544859189595,-0.3112523586129295
2019-07-03,-0.946666694817189,-1.3253831172481576,-1.1145989960899962,-0.8630066213827177
2019-07-04,-0.3325302748076743,-0.5486453612169665,-0.5260981177587326,-0.3119494986303064
2019-07-05,0.19314170334046774,0.7965373996518411,0.5176221592961068,0.35042865986268706
2019-07-08,-2.6143652551811294,-2.7584868504980142,-2.3496433712237628,-3.467963209473019
2019-07-09,-0.17503787572264604,0.1359798480734958,-0.25434720765215035,0.22230434486286763
2019-07-10,-0.4425414467648503,-0.35546028865591356,-0.16860451468861318,-0.7765208450168143
2019-07-11,0.08434681439398292,-0.14607850658542473,-0.04014812599161023,0.014243823313984195
2019-07-12,0.4373920120732193,0.660020962783322,0.6191790862731726,0.35070692397860875
2019-07-15,0.3964083287369552,1.0370015403143216,0.40508799099335463,1.302781612057797
2019-07-16,-0.15544723112617126,-0.27978545457755494,-0.45472314735860175,0.13654759932291213
2019-07-17,-0.20206811423343984,0.20004946029957824,-0.05780741882694428,-0.060033628746771116
2019-07-18,-1.046149777319112,-1.5967483881384705,-0.9570866293074323,-1.739085289996465
2019-07-19,0.7903388217000907,0.80399928286022,1.0443104479893117,0.711320726655549
2019-07-22,-1.28134297841615,-1.1542703868095563,-0.692525733250602,-2.115402550222011
2019-07-23,0.4482537906183033,0.5813617183315658,0.21739167707678664,0.9864159836730942
2019-07-24,0.8016226412652897,0.9811309835967261,0.7863646899881215,1.0129044674818233
2019-07-25,0.4804945224180614,0.8438016184468995,0.8145112754016482,0.38117053688869773
2019-07-26,0.24413891995082987,0.04472066243993164,0.19456167514669775,0.13217908408272647
2019-07-29,-0.11995481894744621,0.05646068647064998,-0.11150238940541646,-0.022255957899454303
2019-07-30,0.384501648763419,0.4779947437407386,0.4155566339940884,0.5274993545133532
2019-07-31,-0.67393646583686,-0.7742335228930687,-0.9073888318819309,-0.401379720073157
2019-08-01,-0.8128400182870652,-0.6298603319577085,-0.8349494690915684,-0.6697611511357133
2019-08-02,-1.4171178240898212,-1.4299999553965401,-1.4840867759386236,-1.250998971530343
2019-08-05,-1.6290474748528825,-1.6746532208282323,-1.9332070049603374,-1.2119078665446115
2019-08-06,-1.5695813968517023,-1.4039526285892536,-1.0765938870273386,-2.1573730841609433
2019-08-07,-0.32021721338742576,-0.506162317847499,-0.4105955813665704,-0.5217260662646045
2019-08-08,0.9300419531307981,1.17899056091276,1.3129207401002576,0.6407806068702586
2019-08-09,-0.7110438806022606,-1.4011381691242353,-0.9793555317656926,-1.2045800304619814
2019-08-12,1.439805613752347,2.0631213886856252,1.78849192760353,1.824420043492216
2019-08-13,-0.6318342548498943,-0.8488319338024745,-0.905659394344809,-0.570669311335581
2019-08-14,0.41561410980020297,0.7145325910762097,0.45317606458431275,0.5448391434773215
2019-08-15,0.24499053093116857,0.4807490282657336,0.3145168256153629,0.4836869240914426
2019-08-16,0.2844165176494792,0.5671105257075293,0.4467536811196349,0.3417044625220276
2019-08-19,2.0775525922809392,2.9153952041518156,2.1476158102032716,3.175610936477386
2019-08-20,-0.107580999773959,-0.0025726643692688318,-0.08866816259358183,-0.04985817197660342
2019-08-21,0.011457676916464822,-0.06412359989562527,-0.15773853292233975,0.20727138127568978
2019-08-22,0.1079154894042997,0.29785850029569644,0.31022021454453436,0.10623676238134358
2019-08-23,0.48401113713303423,0.12814547278091945,0.7183816289816898,-0.00020458662760695434
2019-08-26,-1.1755039020885514,-0.9892239392809443,-1.4485996256032647,-0.6658918457070518
2019-08-27,1.3396526245500429,1.8467337947907083,1.3462142470310265,1.6475752552907545
2019-08-28,-0.29089298370291844,-0.3094844859163193,-0.3771890664389813,-0.16078168079275965
2019-08-29,-0.09819040044320149,-0.16510329082552444,-0.3263633956374792,0.12147183154842149
2019-08-30,-0.1620173588315218,-0.3494966025841699,0.2477016410548916,-0.9712244658133862
2019-09-02,1.303554390174031,2.1525878486193815,1.2743523254569922,2.4622281816828107
2019-09-03,0.206345537885799,0.6688507455303131,0.13736818776211904,0.7138567272495384
2019-09-04,0.9260269042185533,0.6892544669560234,0.8369979648614957,0.9684957008515918
2019-09-05,0.9573927252320197,0.8538418580105555,1.0067525618263105,0.8823632652661972
2019-09-06,0.4591133892762044,0.40720373379469277,0.5890415986099523,0.31535868281527935
2019-09-09,0.8346190930535915,1.8008743797978555,0.6170599245258103,2.089132525553786
2019-09-10,-0.11710339184773078,-0.3706145317907322,-0.34492269661625957,-0.3454261164156302
2019-09-11,-0.4109451704536178,-1.1222880192883695,-0.7394793988641697,-0.5356234012453924
2019-09-12,0.7427124976522856,0.6683710942066485,1.0700540444623445,0.4841355931833858
2019-09-16,-0.01616630845867411,-0.01723973672839819,-0.36973094160976744,0.14733704817749863
2019-09-17,-1.7517884694244614,-1.9886719602963039,-1.6945368739511544,-2.11522121382851
2019-09-18,0.25285989816677906,0.31330717435390193,0.48351010069413713,0.011476935748564636
2019-09-19,0.45514319315219515,1.008806592234082,0.36505428276353763,0.9800024429242457
2019-09-20,0.23877208620677656,0.29442414767949576,0.28676754982601943,0.24643750779049833
2019-09-23,-0.9817026362365406,-1.018298030484502,-1.1497243423408152,-0.636087865933615
2019-09-24,0.2770688842496708,0.3086894795858118,0.2674628827897986,0.17889887327943568
2019-09-25,-1.006948685962525,-1.440501563568095,-0.7745732917853233,-1.8257671577278842
2019-09-26,-0.8952361761897079,-2.1554040697146477,-0.7738507417580179,-2.3222102952804007
2019-09-27,0.10509686598093666,0.884836790515523,0.2992025669187101,0.7095150290518948
2019-09-30,-0.9243970603848726,-1.0815469307899732,-0.9943763966238574,-1.3015778130822775
2019-10-08,0.2880340757696228,0.3013586665033165,0.6050558106823558,0.017404221174696373
2019-10-09,0.38674828926405075,0.3351721222565677,0.14477434919588536,0.8300542080431773
2019-10-10,0.7781981420318406,1.3741907142226504,0.8136994421028427,1.2645106179624137
2019-10-11,0.87649196490981,0.29505820000208094,0.9526976122051481,0.18135243163658715
2019-10-14,1.1441994314909099,1.2343614517920087,1.0555764468023805,1.4845192201726334
2019-10-15,-0.5611015349595998,-1.1810992988763869,-0.430700242070961,-1.3761815598706464
2019-10-16,-0.41341754360838906,-0.3072418550661691,-0.34508504852955263,-0.4483459927095035
2019-10-17,-0.046339515003081734,0.03453022595611995,0.06447576711878128,-0.16904697114136336
2019-10-18,-1.325019765911865,-1.1667120544465,-1.4328113130112536,-1.36195690686312
2019-10-21,0.05035932162178658,0.21019461736126438,0.2957337560038659,-0.2172938002227327
2019-10-22,0.5008493673073696,0.9222983474768305,0.38679594356627295,1.0949641317024499
2019-10-23,-0.4328364966509878,-0.7739821998532148,-0.6386046608170534,-0.7693008979714405
2019-10-24,-0.02379924329639676,-0.1253954067123731,-0.01059192044133123,-0.18014319602237716
2019-10-25,0.4752504344409063,1.0895081804114184,0.6725518626737745,0.7298466409150667
2019-10-28,0.8465116985847214,1.4533987958574819,0.7618227447994214,1.7839473637656909
2019-10-29,-0.8718962320940715,-0.5713161197437947,-0.41751689500763456,-1.5212071173608497
2019-10-30,-0.5042854497760348,-0.663904305853937,-0.48708927727663,-1.201548063278024
2019-10-31,-0.3496709638457167,-0.4784428134417216,-0.1151970176170855,-0.6179241420414188
2019-11-01,0.9899422812245565,1.7183561109759118,1.6747126379468191,0.9095416136556206
2019-11-04,0.5827756062288694,0.6690259956452907,0.6488886662135988,0.5123531462328026
2019-11-05,0.5386259157071127,0.711679938013352,0.6187268592950179,0.7482203337064514
2019-11-06,-0.43415990048622066,-0.7842630798124332,-0.448941561695525,-1.0114055874584895
2019-11-07,0.003692941949064761,0.5715324029447294,0.17525939233894722,0.6479815896455271
2019-11-08,-0.48898865542565784,-0.22359258347234368,-0.4735798969726966,-0.37577480148475995
2019-11-11,-1.8457662482954527,-2.194315540009348,-1.7783629897012974,-2.2735140800183373
2019-11-12,0.166529647277937,-0.10779967257055992,0.018189573837692305,0.11170586244024143
2019-11-13,-0.3292065254341323,0.18297359323971382,-0.0950834743015415,-0.12442159407341151
2019-11-14,0.15924035756423024,0.6041879182048513,0.15065646009067987,0.7472717184782627
2019-11-15,-0.6388344162287448,-1.0164798741087289,-0.7393117273752109,-0.8930027494646638
2019-11-18,0.6158066814546128,0.6949271017276033,0.7922949800201994,0.4921687239160881
2019-11-19,0.8485142100441257,1.7799992739157042,0.9958108863878009,1.6752236443466768
2019-11-20,-0.784943055461303,-0.8193438327725341,-0.9976021320584662,-0.581170201887169
2019-11-21,-0.2548718508212409,-0.35346137009604195,-0.4683585008251484,-0.01132228064289758
2019-11-22,-0.6339707496915269,-1.5209551937872954,-1.023577368599967,-0.8455044379030123
2019-11-25,0.7210648253988272,-0.0056094396496063174,0.7303156085140394,-0.0526230994910591
2019-11-26,0.03061981056843155,0.5270534419533038,0.34595252435720425,-0.3953535832410743
2019-11-27,-0.13321287628924203,-0.29846412595395333,-0.41275822157590264,0.4516470285810708
2019-11-28,-0.46609025008302685,-0.2724368892399861,-0.34427890587137955,-0.30632523810421963
2019-11-29,-0.6147542561469398,-0.4163656864127739,-0.8745376549236796,0.11610557098334345
2019-12-02,0.13326863253031443,0.24005410918532047,0.19283137931565628,0.21386977610315905
2019-12-03,0.3086534719215085,0.5446770018906678,0.3910426920906184,0.42779312728828983
2019-12-04,-0.2283605200050401,0.3132497805874901,-0.03298311528152771,-0.11739474412437426
2019-12-05,0.7390658451449517,1.1404638000720424,0.7643797616108898,0.9492125997234545
2019-12-06,0.4315602725130508,0.8085342676553117,0.5918994374528634,0.860088023131589
2019-12-09,0.08478518449233657,-0.023791577792485103,-0.17799805670163332,0.28081424636268715
2019-12-10,0.0973970377758556,0.40015938490807745,0.12647789028740355,0.48542579921409146
2019-12-11,0.2430783806189976,-0.6389959714870622,0.0607448568171012,-0.43210243953408795
2019-12-12,-0.29862422279518175,-0.16740366773048793,-0.30100987986116684,-0.30440453496614667
2019-12-13,1.7670574585506624,1.6974478735124983,1.9646297378049293,1.2233326494424674
2019-12-16,0.5614868071432942,1.5238212493211307,0.48593757832243073,1.8038074049998065
2019-12-17,1.2662464148685137,1.4443962029354132,1.351313008471005,1.3462869532859834
2019-12-18,-0.17816167084741846,-0.1103846633729992,-0.22341728614900255,-0.01795404152207856
2019-12-19,0.0009943471365383087,0.015832198158951826,-0.13970346927766375,0.1263737585694566
2019-12-20,-0.40285606982101524,-0.6508910826949343,-0.24613408080187996,-1.0945380994503084
2019-12-23,-1.4139709979282558,-1.7084371223589547,-1.2562239759530704,-1.9540928899097834
2019-12-24,0.6704334136047416,1.3146814529255555,0.6497461320035066,1.5170467451912935
2019-12-25,-0.02682511383226448,0.3946354748204632,-0.052355825405641286,0.4065671026818896
2019-12-26,0.8505318227015766,0.722147167748588,0.8761591113398705,0.6929304497053967
2019-12-27,-0.07684132644965722,-0.6811959055304618,-0.09840930612956438,-0.7683963975907998
2019-12-30,1.1573215297192625,1.2834324966584802,1.470966813892251,1.2042985434880957
2019-12-31,0.3316839763792621,0.6232730800051446,0.3656060837952921,0.489458235283551
2020-01-02,1.1435550970056905,1.9749483716680873,1.3495468386087763,1.85226006850574
2020-01-03,-0.04571250802977177,0.16520135260786092,-0.1754809301485347,0.2698484345796883
2020-01-06,-0.012323258544589934,0.3920457119059058,-0.37852372775481946,1.0024595089845927
2020-01-07,0.6913173660596257,1.2150291714203854,0.7462460124153688,1.1887079609913473
2020-01-08,-1.2285282250408829,-1.1346746354281836,-1.1583015069720355,-1.3922324104264858
2020-01-09,0.9085114349499996,1.7709293718943717,1.2577657536941333,1.350404265294934
2020-01-10,-0.08372164176139903,-0.16833497944418138,-0.028579834599605,-0.31536485727758384
2020-01-13,0.7500204299337604,1.4631621189575486,0.9754868997326289,1.4384488403472822
2020-01-14,-0.2812426018786393,-0.46693144020654703,-0.33595937187734354,-0.31165693270219413
2020-01-15,-0.5415659224900508,-0.1498104427110382,-0.5542925081510484,-0.22217494842246563
2020-01-16,-0.5178366308433076,-0.04448544633557499,-0.4254573343049076,-0.04268518834536995
2020-01-17,0.046182016503172794,-0.11905941740765402,0.1399344391141593,-0.3192691057052502
2020-01-20,0.6575634303308789,1.4634427411619622,0.7428685064066208,1.3965421216937703
2020-01-21,-1.4200140039818971,-1.4723893264024142,-1.7233870789841923,-1.1447744957119226
2020-01-22,0.28170000421120217,1.0773994627901045,0.42734693182560407,0.9292419189154015
2020-01-23,-2.790179145958318,-3.5874097604798365,-3.147572404908151,-3.6115581414482443
2020-02-03,-8.039076853981845,-8.824497918482436,-8.20869713028323,-9.08109871701535
2020-02-04,1.3266257238696808,3.1206387035366228,2.6033046289541395,1.7274438700588919
2020-02-05,1.2425669299670716,2.116560511969636,1.1265956404601776,2.5195914504028907
2020-02-06,1.7035911424278725,2.8302674921431348,1.8439223780643104,3.0545718859705784
2020-02-07,0.3291269621106317,0.09626223290100032,0.0023077958627396615,0.8322440361034544
2020-02-10,0.5039506369106238,1.0956992957385208,0.4130059044453116,1.1458325518671642
2020-02-11,0.386039539111545,0.3737254368359222,0.9264891582025061,-0.5051309798927892
2020-02-12,0.8657409135935349,1.5861642585444147,0.8056095751872112,1.8236879662472991
2020-02-13,-0.714218950081856,-0.7014894999295627,-0.6170442582925958,-0.8665723298094322
2020-02-14,0.3757466107767714,0.4773975660143114,0.6998323656181289,0.14694971279120667
2020-02-17,2.257820932849508,2.9354286395227622,2.224228875714135,3.152984135356529
2020-02-18,0.04523681549649965,0.5764609614600965,-0.4894950480093559,1.179374412742557
2020-02-19,-0.3211212801798831,-0.6289588382814252,-0.15291993676514137,-1.021842029770873
2020-02-20,1.8233639505437123,2.4049849172053968,2.2780473077198793,1.8294104255774517
2020-02-21,0.31368336478448583,1.0425012918270837,0.1164676439654321,1.3457996090404096
2020-02-24,-0.27804791505425897,1.2193938995615712,-0.40206131437382947,1.3981943732071629
2020-02-25,-0.6015622977215626,0.7084706332645387,-0.2177628941524686,0.5483220249190961
2020-02-26,-0.8372014811875855,-3.0706846975334523,-1.2402453999606782,-2.651620721131408
2020-02-27,0.11372646001194311,0.31669600015744165,0.2907613075811262,0.17987118144031114
2020-02-28,-3.7823649165222677,-4.915536806841244,-3.609893853084558,-5.399606223487063
2020-03-02,3.098057972281087,3.5866512906356194,3.236850150152354,3.693890534858294
2020-03-03,0.7367781907013309,0.8960974369538584,0.5315518033974685,0.9431343025686931
2020-03-04,0.6251925162956726,0.07668461717735472,0.5773551603352561,0.11359530317401505
2020-03-05,1.9729901010703168,1.8820270213774242,2.20346390756357,1.4692523038083294
2020-03-06,-1.2174681468870723,-1.1037198974640738,-1.6349804124321927,-0.6443613204688724
2020-03-09,-3.0521958421589357,-4.180788373125765,-3.4759216081239988,-4.217573647308851
2020-03-10,1.8003701745290448,2.6202612966688523,2.118927871015016,2.665829375872403
2020-03-11,-0.9468192932502475,-1.799945247255436,-1.3389160414192702,-1.5194741519316242
2020-03-12,-1.5285404045175845,-2.3400128089326557,-1.9430789763005207,-1.7260459495131928
2020-03-13,-1.2411274940369885,-1.0093719120729847,-1.4172666753924474,-0.669890771849518
2020-03-16,-3.459409063866503,-5.482674097140447,-4.3944287925216745,-4.825605849678598
2020-03-17,-0.3451319576867188,-0.4940362599638028,-0.48833579173501623,0.22953918821668828
2020-03-18,-1.8474129357352276,-1.7119562126701706,-1.9989938620602605,-1.7924253023658514
2020-03-19,-0.9806942667042647,-0.09686061657769929,-1.305699243536139,0.7463091534930488
2020-03-20,1.5966563777369442,1.2917389784329,1.7710281998688797,1.1845451743469573
2020-03-23,-3.1616884141358255,-4.623420511209435,-3.4223284686507274,-4.313957267805825
2020-03-24,2.3138506488731343,2.346995362112424,2.649894688757616,1.9243878863973793
2020-03-25,2.1494169637213076,3.1684821003344896,2.6516225621142597,2.3539259305151052
2020-03-26,-0.6014621936053766,-0.840543787894409,-0.6595204599378345,-0.9883039320743324
2020-03-27,0.26331440813236173,-0.44855140053750375,0.3242395299715043,-0.558455173195693
2020-03-30,-0.905537757277714,-2.0481498733409564,-0.9737122530810759,-2.161458218254837
2020-03-31,0.11241454132520164,0.5773336450318184,0.3274339328847352,0.2772885516200526
2020-04-01,-0.5754078908284673,-0.10505099353469773,-0.3010364657997298,-0.44191959736286796
2020-04-02,1.6725199304980825,2.258896387552144,1.6047072851279782,2.5178334357530257
2020-04-03,-0.6005829080415226,-0.6810509282979855,-0.5722549267683554,-0.7832897480871
2020-04-07,2.0331064232693175,3.1045844029793104,2.2580453586721383,3.0854250689265688
2020-04-08,-0.1912660511085881,-0.40700573973124027,-0.46659256292191964,0.08976295025169281
2020-04-09,0.3733206256592896,0.7338303209449193,0.3293216500411592,0.9563742278338547
2020-04-10,-1.0411777053259688,-1.5860488744196717,-0.6249698006236416,-2.164177611278954
2020-04-13,-0.4867672272948784,-0.7333779751962356,-0.4232675506336994,-0.7579757788320203
2020-04-14,1.5767670124913333,2.440350930532704,1.9116661406508682,2.283760110845029
2020-04-15,-0.5714351936339592,-0.558463870587785,-0.7435368622030554,-0.3758526931187005
2020-04-16,0.3114841333490871,0.5114870478204666,0.13210980191736468,0.9110449458774315
2020-04-17,0.6556612507017043,0.5447949021353088,0.9712358811337921,0.02783152916486398
2020-04-20,0.49411104493131797,0.8842824043315357,0.3631900728894147,1.1839125072941135
2020-04-21,-0.8993715060348353,-1.085187161030077,-1.1854198913149914,-0.7069051698987533
2020-04-22,0.5984863543553351,1.0446008531253737,0.81936481354836,0.8151748071306663
2020-04-23,-0.19287359388189526,-0.5017658219408647,-0.25113683198338144,-0.5552152338392372
2020-04-24,-1.0614528836700672,-1.3397692528965492,-0.8596146666669598,-1.5847816566625674
2020-04-27,0.24750991472811604,0.2750577405412789,0.677191048415929,-0.1485871685723752
2020-04-28,-0.19447131811764676,0.4675162619914016,0.6877053975435728,-0.7217784682898676
2020-04-29,0.44101583074615763,0.12390962084675466,0.4634425843374275,-0.019895434254776335
2020-04-30,1.3247837403013893,1.9553315450692856,1.171023239460579,2.401664673486593
2020-05-06,0.6294655705814637,1.4944966888978828,0.6031490491523513,1.8039985101496174
2020-05-07,-0.23027458755086205,-0.18329383041083477,-0.2890168069153728,-0.1022293237557014
2020-05-08,0.8261041698877412,1.2649683627554238,0.9819423743785459,1.1311625205803806
2020-05-11,-0.01865239878709077,-0.2940260260163244,-0.08682703289119562,-0.20919882328359965
2020-05-12,-0.11198751334561217,0.4210180138838806,0.0015150711705015675,0.2955859591513532
2020-05-13,0.22419481513979517,0.5344476203935877,0.20205619796916605,0.4311810560214611
2020-05-14,-0.9607607373941838,-1.020486476522565,-1.0902790851224144,-0.8921089810405103
2020-05-15,-0.06551892616062599,0.024991973510886282,-0.316405895988696,0.3787166737812798
2020-05-18,0.24234501439459216,-0.3997073772568002,0.25753836788432327,-0.5299122692164664
2020-05-19,0.8022211363597487,1.198703713330756,0.8462881572403387,1.2526123496392347
2020-05-20,-0.5132899106937565,-0.948767941879101,-0.5329818090463652,-1.0542263583046112
2020-05-21,-0.5501034447295455,-0.9459606886686398,-0.5460574836758538,-1.164006484336951
2020-05-22,-1.9061807179974681,-2.241826779671836,-2.3193528540495856,-1.8214443901707054
2020-05-25,0.14915464061367678,-0.11444579722124236,0.1374556294915215,-0.2185099175362839
2020-05-26,1.0090967114258858,2.079551702167,1.1282771542395769,1.9300558789250843
2020-05-27,-0.34310783481540663,-1.2348207637782764,-0.7037775311255476,-0.9399765772291497
2020-05-28,0.33151418180044584,-0.27380725658185945,0.2861507177007524,-0.1552559471728717
2020-05-29,0.2151417764260902,0.8653498905292163,0.2690439434024838,0.8390104113924542
2020-06-01,2.187410586792503,3.259774634630186,2.661938465458866,2.97293533517062
2020-06-02,0.20456316465763177,0.09318175842424876,0.3074832936088278,-0.054598094733394276
2020-06-03,0.06741069621560745,-0.037262284609164045,0.0020082287172313498,0.10539783267246536
2020-06-04,-0.14103264230420562,0.2777827009768198,-0.0366565237651919,0.07964797453274479
2020-06-05,0.3948689329984603,0.3704328546187239,0.47748930820191465,0.15534616913320576
2020-06-08,0.2375366836307651,0.3139798510554099,0.5160047345194557,-0.18135035685064457
2020-06-09,0.6223424702865661,0.6087129906653034,0.6216419117566226,0.6272325868416546
2020-06-10,-0.4189936060254268,0.4564090309737475,-0.1810371546319399,0.08658765045753004
2020-06-11,-0.7792490814091129,-0.8170295605842306,-1.090907691301034,-0.4666057514651863
2020-06-12,-0.0397216748593458,0.07192604286106541,0.18002345166137232,0.04275266397216127
2020-06-15,-1.0227688526606211,-0.5296755652854227,-1.2085992050566132,-0.015202828113006307
2020-06-16,1.4332631665736828,1.829963899462507,1.4952170510798537,1.8547502524741084
2020-06-17,0.14043174837805686,0.19167562478198988,0.07519770876849419,0.7019709125412095
2020-06-18,0.11744302385268658,0.6433253304257343,0.6646042743695108,-0.017785806624501552
2020-06-19,0.9585392379927022,1.4988183533779196,1.3344026942619955,0.9156818063249524
2020-06-22,-0.07955637629067808,0.2936173542126053,0.08145586957002768,-0.05392708566647762
2020-06-23,0.18025945388702672,0.7794408397356974,0.4800686275906099,0.35052420306347204
2020-06-24,0.30015971660079366,0.16537093190169808,0.41642616933350896,-0.2630801893070007
2020-06-29,-0.6069632356704363,-0.5191413299603743,-0.7096897054409066,-0.46141155815141827
2020-06-30,0.7786537922801153,2.021487501234941,1.3111644891903318,1.7542589363669303
2020-07-01,1.374581798965587,1.0007007293474122,1.9929948962675934,0.29745533501440047
2020-07-02,2.11205339583126,1.2839739274857094,2.0518869566181763,1.5752819809406915
2020-07-03,1.9938578760130505,1.325944677413778,1.9133831169376996,1.2676869033736853
2020-07-06,5.554267639965956,4.008106157322831,5.512914918682948,4.02195832503358
2020-07-07,0.37315375828101516,1.7028110370722094,0.5986213759674365,1.264538861165313
2020-07-08,1.7218352179155663,1.8245655352288837,1.6019970713251654,2.406381479005182
2020-07-09,1.375854607564728,2.565352484333208,1.3889271067376374,2.3937640883869507
2020-07-10,-1.9687754989488722,-0.6089135775491963,-1.8270450579533883,-0.25893438569731025
2020-07-13,1.7569933754284168,3.43594886520463,2.078547966029461,3.286693260910172
2020-07-14,-0.836119664023399,-1.0849404358423376,-0.9580130518932624,-1.3393112705867267
2020-07-15,-1.573840913060134,-1.8920464785033373,-1.3028968245128192,-2.512148182863352
2020-07-16,-4.602571460400476,-5.521619635300533,-4.92977258210018,-4.9218041272783735
2020-07-17,0.1254625232480838,0.9084259033546352,0.6279715370537513,0.38832731104657947
2020-07-20,3.0644465965538683,2.5141562139468037,2.9400491588925823,2.831889238815079
2020-07-21,0.20316387899123778,0.647176135303766,0.2292095837321857,0.5575198835413434
2020-07-22,0.36879836812913086,0.8889045482914887,0.497795401232275,0.8703021631843394
2020-07-23,-0.241804670652537,0.032725040768234785,-0.04264396912364675,-0.009062910197289695
2020-07-24,-3.9361831223684383,-5.45907268659861,-4.488697251874331,-5.210542732054386
2020-07-27,0.2642925624637316,0.3177611069982325,0.5060869509455634,0.23460756926970888
2020-07-28,0.706650808887964,1.3051675421907665,0.8752670833928281,0.9625303408724303
2020-07-29,2.0419229309209133,3.0715256725437894,2.395416066837564,2.64733732563459
2020-07-30,-0.23490560641789793,-0.6704364060883321,-0.48976226855588856,-0.2887660143435525
2020-07-31,0.7030678530217543,1.2620105047910395,0.8319835825740591,1.0423962187434934
2020-08-03,1.7358978444544828,2.367147644537191,1.611213808838408,2.404714251200383
2020-08-04,0.1103913365889007,-0.7482509316793046,0.09405988474071107,-0.6266057687621212
2020-08-05,0.17394529703506936,0.722253178225773,0.027426198052968895,1.1154819815658361
2020-08-06,0.2631572684933174,-0.7029916034567465,-0.3008429008584218,-0.03750976553120285
2020-08-07,-0.9619538609821973,-1.5603172509174557,-1.1579011160284154,-1.209895301460008
2020-08-10,0.7488201993460095,0.06452839381582141,0.35917263614619777,0.5430088084330325
2020-08-11,-1.159616181507475,-1.408686900124639,-0.9161667841437968,-1.867810553962788
2020-08-12,-0.631275033344572,-1.1783608785719983,-0.7318815616075828,-1.1036538324317233
2020-08-13,0.04397590432315095,-0.12932410418417126,-0.2570194287054564,0.37091837839093816
2020-08-14,1.1786097160486806,1.4764089239998845,1.4757760604995238,1.0761915677626592
2020-08-17,2.3151837881154056,1.8598293647379127,2.3236681302700988,1.8101781592172805
2020-08-18,0.3567549854928891,0.18858328259623514,-0.051308737424673505,0.6627801075049532
2020-08-19,-1.2526369393628178,-2.1089246429395683,-1.5090138795370902,-1.8302089307476015
2020-08-20,-1.3062738626645176,-1.1934428079859154,-1.306411583089969,-1.0932186107035593
2020-08-21,0.4975857539399635,1.1722994727871492,0.8446537178687763,0.7576863997225805
2020-08-24,0.14660852245891393,1.3902758827788657,0.7812432541677361,0.6753245145404302
2020-08-25,-0.35684628692642323,0.019900424778790404,0.1281808996870919,-0.5458166338378987
2020-08-26,-1.3080272181509665,-1.7788622423843474,-1.1791333986524832,-1.9224429797349414
2020-08-27,0.6098958252764258,0.7913705295809405,0.5344659810647774,0.8075027834220668
2020-08-28,1.590221134828015,2.30949624795755,2.3585989152444786,1.6943886901526803
2020-08-31,-0.2391356961873065,-0.6743344440902441,-0.5807175169816673,-0.3410274839376518
2020-09-01,0.43871254226035855,0.6623493085319572,0.5363253329934331,0.6283053118345197
2020-09-02,-0.17049602026638513,0.2723430853434438,0.036547557140707974,0.10574903316575661
2020-09-03,-0.5838202797847752,-0.8319703228463742,-0.5546029686024726,-0.8267728026143044
2020-09-04,-0.87859504249178,-0.8437096492049836,-0.9779661811638443,-0.6576419906179509
2020-09-07,-1.888755838872297,-2.766475286061405,-2.136826648973891,-2.1343993904980985
2020-09-08,0.7211398763726254,0.06998438053725814,0.5344019826339919,0.7119427237195909
2020-09-09,-1.8807289952869417,-3.3004615251010545,-2.3667499084887416,-2.7324308047680277
2020-09-10,-0.6105312941626848,-0.9287460429852318,-0.05694605660640005,-1.8061976354061835
2020-09-11,0.7861266596048211,1.5580908368443758,0.9838003350482105,1.2177836320490976
2020-09-14,0.5646000109467699,0.6088228522361503,0.5123778094333147,0.6202238750787699
2020-09-15,0.5131968266908702,0.9284829623785887,0.8015435551367392,0.5752375522674692
2020-09-16,-0.3574689197772466,-1.0107622965091994,-0.6659672114533293,-0.5343090412105521
2020-09-17,-0.4113298325365685,0.03004633382409847,-0.5306753953128388,0.2072187684826555
2020-09-18,2.047425469685267,1.7509780837817543,2.228101308367269,1.596264639284845
2020-09-21,-0.6356115962008426,-0.7243182630734698,-0.9685583092249795,-0.36406106443037034
2020-09-22,-1.293856538355303,-0.9633692141011798,-1.1937284664288283,-1.3637487305431717
2020-09-23,0.16508980696490735,0.6630594250711184,0.3568014000511158,0.5235811149804155
2020-09-24,-1.7386553991003664,-2.2638651249527744,-1.9372526759621624,-2.3328406020621757
2020-09-25,-0.1167230753700035,-0.01903960790402825,0.15219386519837583,-0.12418350948921224
2020-09-28,-0.05872346543977454,-0.41634305950586636,0.259836049654823,-0.9410992701297222
2020-09-29,0.21204964876024843,1.0893414188031452,0.21561623010930317,0.8108213522583716
2020-09-30,-0.19588948911242826,0.052309058602919505,-0.09586892838152851,-0.5839999144063039
2020-10-09,1.6650282268879129,2.9151526164448436,2.022825523200236,2.637026163117533
2020-10-12,2.6059644806350613,3.102852029469179,2.988764489939386,2.8408433315912838
2020-10-13,0.03810533193281189,0.6580977811542054,0.3320102901193016,0.15611899374726548
2020-10-14,-0.5662253786866662,-0.7824084043317822,-0.6655426119491584,-0.6589726421351425
2020-10-15,-0.25775682040447956,-0.4843337152475176,-0.17406082363860492,-0.7453531118782254
2020-10-16,0.12536478891789848,-0.6787071457208045,-0.14723028345609682,-0.4866280264525089
2020-10-19,-0.7125881593111303,-0.8276394431291164,-0.758134051034066,-1.100503794665068
2020-10-20,0.4647059834257956,1.3520244937302088,0.7954834930523618,1.0138232567983132
2020-10-21,-0.0925881457129618,-1.0045227401207741,-0.0133523883239854,-1.1446036376102278
2020-10-22,-0.37724978149805527,-0.5340227081312987,-0.310318811403566,-0.5189813616659622
2020-10-23,-1.0469710990702632,-2.018719890459371,-1.2529029883611014,-1.6580856145273115
2020-10-26,-0.8233927961619462,0.4771338219251989,-0.5791893322634445,0.01802433934409755
2020-10-27,0.09837921057123983,0.5925741710526957,0.1712365654845744,0.11193562940812914
2020-10-28,0.4574197528529054,0.8886779983054738,0.8051714925711606,0.39559412287873813
2020-10-29,0.10669569964655931,0.9778669672864707,0.7497256518951697,0.14702602960959027
2020-10-30,-1.4837295797684258,-2.115920242197417,-1.6389879206190874,-2.324254944617849
2020-11-02,0.018295566477099394,1.3831944059747416,0.5416233865630309,0.5163786709623571
2020-11-03,1.4146989652883917,1.1783403626929712,1.1945324327391693,1.5931039584916107
2020-11-04,0.19454813412972977,0.5834182617333956,0.7527753606587577,-0.12199492853543978
2020-11-05,1.2941308936308864,1.7040554957528982,1.4734093623478626,1.872272860527856
2020-11-06,-0.24033942533961344,-0.40270233863227145,0.012486145000849656,-0.8018548910564492
2020-11-09,1.8418412676073075,2.1640204900032103,1.9384274033985534,1.8927067611716346
2020-11-10,-0.40333413751863967,-1.0507484581279416,-0.5529830713623283,-0.7590655716463912
2020-11-11,-0.5356343048647914,-1.9714489250076006,-0.9936402473903431,-1.2390726664561535
2020-11-12,-0.10537534952629757,0.5226776422960595,0.07255415385083981,0.3311634179338646
2020-11-13,-0.8597118878905758,-0.2724110849338522,-1.0570167362735126,-0.13499747741606744
2020-11-16,1.1077058525370584,0.6975480170431289,0.9695783986754392,1.2667232021651273
2020-11-17,-0.21145925177128447,-0.8578416002951416,-0.1914489469294552,-0.7926600978287082
2020-11-18,0.2213184298524643,-0.542666876852714,-0.06376156660740875,0.0642059661036583
2020-11-19,0.47061435006863095,0.8693123799138512,0.7397438531557068,0.3084650769996892
2020-11-20,0.43436920192315953,0.5426748948606129,0.3099904420093935,0.9761028844600296
2020-11-23,1.0824254489157312,0.7397984668160806,1.2412305326739301,0.7745123984240311
2020-11-24,-0.3423641113277733,-0.37863740242033406,-0.6160759897047174,0.034908543061855875
2020-11-25,-1.1970313585896377,-1.7885981275717926,-1.2866149021885103,-1.9464871860790878
2020-11-26,0.21984364311743707,-0.41165185324699227,0.1808695862186712,-0.25337684933744087
2020-11-27,1.1383944811317541,0.6660860283549436,1.2359303859784625,0.2729013644750711
2020-11-30,-0.4867606562109317,-0.15182202098357564,-0.4128354865810372,-0.48403927988643486
2020-12-01,1.7587431132410336,1.885965129595525,2.1312519150301097,1.658080780098724
2020-12-02,-0.07418870933148375,0.2237922628267015,0.0007894030534163135,0.12999939630147755
2020-12-03,-0.21011337596274177,0.06515763724061546,-0.199126910387545,0.0916443703634003
2020-12-04,0.07086102243447501,0.3998956658100106,0.17504731338733603,0.3696071266854877
2020-12-07,-0.8156076682435055,-0.37985570032621274,-0.8659710584565896,-0.6214423917160601
2020-12-08,-0.18808287047690145,0.0029340864634429743,-0.24640866046007356,-0.016033212132742967
2020-12-09,-1.1270898153004976,-1.858891348009548,-1.350022211863164,-1.8291483021718025
2020-12-10,0.03913871164999709,0.10791366643190486,-0.04411517775288925,0.2040021867962428
2020-12-11,-0.7764376917298736,-1.2915000332221123,-1.035395281555667,-1.7665926525348221
2020-12-14,0.6530394795836361,1.0055404028814199,0.9203614878235615,0.7954519043036042
2020-12-15,-0.05611347538629011,0.5185140684457789,0.20769364364931797,0.10475385401333387
2020-12-16,-0.007424775886554943,-0.08882622047709339,0.17719019846610368,-0.4822015867639859
2020-12-17,1.1190559568966583,1.0041703773257988,1.2758726329800807,1.171218888199141
2020-12-18,-0.2932454228473476,-0.25771361499570317,-0.3495903215482247,-0.2695064333538514
2020-12-21,0.7532898357986101,2.0060717811871696,0.9330392438317079,1.6812945879323509
2020-12-22,-1.8825022707033623,-1.8028731730308982,-1.639533270017278,-2.3488152734124705
2020-12-23,0.7579683422427282,0.9514964255387691,0.8493927353346534,0.9164191847064417
2020-12-24,-0.5695723455148545,-0.7121254529714593,-0.1418987081490702,-1.6364382243246185
2020-12-25,0.989701362274448,0.7266802059801531,0.8362899677605362,1.1740225140832907
2020-12-28,0.021490024148596146,0.19272195710564902,0.4432833125875603,-0.5433224949488099
2020-12-29,-0.5386409494382807,-0.5275173391561065,-0.42483998857234895,-0.7172775287403202
2020-12-30,1.0424780395443036,1.642531650804616,1.3935922838622277,1.1131632055248006
2020-12-31,1.7022503164619045,1.877201144363777,1.8902257702538612,1.5488947202789523
2021-01-04,0.8569396322266203,2.4357008141666214,1.0770205482459092,1.8005295789264524
2021-01-05,0.7315537969768826,2.13585815898331,1.8950908524575496,0.874490695592074
2021-01-06,0.6271596756257614,0.26398408219385905,0.9117293831713591,-0.1773816702939648
2021-01-07,0.7105324066683518,1.1052361376521351,1.756281575073632,0.1527598860078121
2021-01-08,-0.17043765171776332,-0.24195066584341007,-0.331181172328754,0.2975019986332432
2021-01-11,-1.0873697774947912,-1.3400050086758275,-0.992456432066068,-1.5707692510902524
2021-01-12,2.1525122926955045,2.2545215144763233,2.8122326091611036,1.3513937494916253
2021-01-13,-0.2689057661813542,-0.6137802776384088,-0.3289688603113591,-0.7104248085580569
2021-01-14,-0.9142298709023978,-1.9405541861317315,-1.9462202956968697,-0.8815220030073823
2021-01-15,0.013459931486833969,-0.2553334523432586,-0.22656283996982085,-0.3482825461884634
2021-01-18,0.8332218088059549,1.5681007444078818,1.1012628835084537,1.4995687729941398
2021-01-19,-0.8332218088059498,-1.7526146201446782,-1.4786633828512257,-0.586415327644396
2021-01-20,0.46744808852091063,1.4514924493737567,0.713035424477634,0.9076446113396437
2021-01-21,1.0596474951965758,1.933708357739641,1.6038165063663983,1.3236327834035329
2021-01-22,-0.401494173125607,0.6942713331763284,0.08639619747535672,0.2309147644806246
2021-01-25,0.4837521309761669,0.5198659268526732,1.002893442013607,0.11292528859195179
2021-01-26,-1.5238691975136731,-2.3036430071773304,-2.0280992362841186,-1.7051209616309793
2021-01-27,0.10948134660782312,0.399269079792582,0.27225885559221846,0.36974493083499255
2021-01-28,-1.9258858269680434,-3.3018409772852406,-2.7669452153272314,-2.201523747014392
2021-01-29,-0.6327785575860569,-0.6135508499051014,-0.46937853556528975,-1.069559085817308
2021-02-01,0.6356314374258236,1.355300792305582,1.2199293136619116,0.7400684670910391
2021-02-02,0.806941767150819,2.051593866099105,1.5284112328122013,0.9575052119735052
2021-02-03,-0.4643327933268083,-0.6706861291515596,-0.28926982776228405,-0.8629193463674625
2021-02-04,-0.4402237002763364,-0.8385930197001772,-0.2053079655208675,-1.1084232740077984
2021-02-05,-0.15804089774699553,-0.6551294566623429,0.17266937200918658,-1.4149715814443278
2021-02-08,1.0277834263530907,1.7329139034561076,1.4690745804715137,1.3259734369431102
2021-02-09,1.9911139104022189,2.336272367894324,2.163306388891657,2.108200735881447
2021-02-10,1.4217896402866028,2.0997947430319552,2.1137087091918216,1.036591594998213
2021-02-18,0.5530370349195466,-1.2279505276159857,-0.6796788460165885,1.3603249713080376
2021-02-19,0.5646061341878955,0.35244753654100763,0.18116919675919535,1.3356538316660518
2021-02-22,-1.4643361644267474,-3.12065800447856,-3.191327217305319,-0.6948848892055263
2021-02-23,-0.16706054333316306,-0.61281674572027,-0.31600634689205886,-0.38876382939114007
2021-02-24,-2.007722526931276,-2.4746637961939086,-2.5797364964290113,-1.443588045036173
2021-02-25,0.5866464909966815,-0.28189083383432184,0.5865904546506717,-0.5683027782845238
2021-02-26,-2.141852609642775,-2.19089252323713,-2.457944718475071,-2.095929329918962
2021-03-01,1.1987997083305215,2.383170864529917,1.525197060665604,1.9310026202265063
2021-03-02,-1.2127644573368532,-0.7175007122278227,-1.284329822574436,-0.8529842914975377
2021-03-03,1.928225612883011,1.221366700817171,1.8993631429718012,1.4110349190624127
2021-03-04,-2.0736888962249505,-3.5189816215190537,-3.196047269264258,-1.8993758763925057
2021-03-05,-0.04282361873627973,-0.026016039208255723,-0.33973538653544044,0.023583634940928473
2021-03-08,-2.327863153651504,-3.8800854746585864,-3.5348005919031533,-2.3238177704041396
2021-03-09,-1.832310468963124,-2.839230011121665,-2.169417147797907,-2.400715082356201
2021-03-10,-0.04615135044839203,0.6481017217015465,0.6538624804952572,-0.7516719505261252
2021-03-11,2.3281406286718878,2.209591927285243,2.4598968496697253,2.469478516584673
2021-03-12,0.47170514944247016,0.22086641019322034,0.3534934481196085,0.13750172033286653
2021-03-15,-0.9640655314358497,-2.749990012520355,-2.177278522043246,-0.7826600403478277
2021-03-16,0.7800024400528882,0.9047656574723648,0.8664499726790622,0.345538543397066
2021-03-17,-0.03424120933940307,1.2153407993462981,0.4223883563510434,0.48500167531133154
2021-03-18,0.5071935511809058,1.1100547524511097,0.7988225200877629,0.7760523202574645
2021-03-19,-1.7010397444849878,-2.5965988286036135,-2.6542470144634525,-1.077855322191621
2021-03-22,1.1325890259695242,1.1325452283776654,0.9948175491303411,1.5839158399329571
2021-03-23,-0.9315963187437146,-1.123211546678091,-0.9516880221078472,-1.3815943051252875
2021-03-24,-1.311504849297059,-1.4801144695545276,-1.6212970628091208,-1.2398119934134966
2021-03-25,-0.10311040709098328,0.10295019156663685,-0.04748839261889654,0.2417897185671267
2021-03-26,1.6143271754604906,2.5636507585349992,2.2408844276361837,1.5211588159481704
2021-03-29,0.4952130383588542,0.011473827703287108,0.1763037560768574,0.05037288030695167
2021-03-30,0.620433274123766,0.8473027621410582,0.9436441565414132,0.4055752131136975
2021-03-31,-0.428204098762184,-0.7935095207158609,-0.9143234071465979,-0.4194851868270978
2021-04-01,0.7069847519715386,1.448381778813478,1.2288596377179601,0.9166264630447089
2021-04-02,0.519659564531858,1.0171497151392266,0.9886824938000938,0.23658312368899162
2021-04-06,-0.040761494157358046,-0.2784520668405533,-0.41196342443743633,0.2603060261244581
2021-04-07,-0.09594117876073519,-0.7414159143312411,-0.7145620833213715,0.07847970410316915
2021-04-08,0.08388177758153097,0.07601205260648314,0.16581917375789715,0.1364835475304415
2021-04-09,-0.9193470999945411,-1.2705879797992603,-1.51507448441902,-0.33895426318532085
2021-04-12,-1.0994293121496714,-2.326002195202136,-1.754812341054481,-1.7326169035777592
2021-04-13,-0.4840362960713312,0.24119286278980076,-0.16404737385237192,-0.2676060200114616
2021-04-14,0.594436956217893,1.538118902331116,0.8263935009016603,1.080014566136527
2021-04-15,-0.5202697882699989,-0.42110669499491,-0.6376914938742514,-0.011948697088453614
2021-04-16,0.8096023921257514,0.2953907861570421,0.3471458784421159,1.0007970311055805
2021-04-19,1.475367026818415,2.852785585711702,2.4041264518103325,1.342299930028611
2021-04-20,-0.13265253747596004,-0.1126872481460809,-0.07177699491770655,0.05103549255772576
2021-04-21,-0.0002879408915000748,0.3486352792687839,0.30190229086411946,-0.12888364899692112
2021-04-22,-0.22542399039230124,0.41106395938090456,-0.18649433456734987,0.3918943155939398
2021-04-23,0.2611223397227839,0.9973018065382567,0.9038966388980845,0.26789126534381197
2021-04-26,-0.9544071728999284,-0.8917235589310808,-1.1399666566998086,-0.3116524973156447
2021-04-27,0.04183747943730689,0.2782174128533459,0.261217958553713,0.05632740803118594
2021-04-28,0.4191504872774664,0.9371211183285689,0.5626004088942163,0.671924803949728
2021-04-29,0.514429211917866,0.4552634354620973,0.8738402125943487,0.033739881244485063
2021-04-30,-0.8102029941917407,-0.1765236518051077,-0.7908545194461066,-0.0958571893853762
2021-05-06,-0.1620176483233971,-1.5914933086248702,-1.2248044785011742,0.056107641821956954
2021-05-07,-0.6533408078531114,-1.966990419992654,-1.2940202460294303,-0.6944628062249041
2021-05-10,0.266399645782915,-0.11374498655242296,-0.07268380762637466,0.4883748096343186
2021-05-11,0.40350339469699986,0.3501557831693717,0.61185476059305,-0.30853649158139973
2021-05-12,0.6053953547681414,0.6997830327906165,0.4269142852964632,0.8638180068121855
2021-05-13,-0.9636929676050142,-1.0522380282643091,-1.0277529513642856,-1.127639914969062
2021-05-14,1.7584471411533582,2.070226457640496,2.3283934344571757,1.3385643403568486
2021-05-17,0.7774011754537469,1.7286823932268829,1.4453055606105147,0.7988479547826989
2021-05-18,0.3232753789954021,-0.041097113610022426,0.05032494401271955,0.3257010530006873
2021-05-19,-0.5127873997242355,0.23397239985492752,-0.2959498756094731,-0.23073450067799137
2021-05-20,-0.11456419839797762,0.3490753745827878,0.2730079273133101,-0.5433612442618909
2021-05-21,-0.5828285605349176,-0.8126441834654827,-1.0127443989539722,-0.31889123323496016
2021-05-24,0.3069946739697443,0.6164435524469958,0.41672639012069973,0.24877651872265652
2021-05-25,2.375150854901792,2.315637180896677,3.110598533558104,1.147858322318811
2021-05-26,0.33506658802936234,-0.3560716889878181,0.03966512162557023,0.1289263064419639
2021-05-27,0.4301464101645596,0.6972542020905786,0.3309937892723463,0.8592757183796521
2021-05-28,-0.2238673377230068,-0.29788187231077207,-0.3215967767636404,-0.2582080547457197
2021-05-31,0.4074138219321868,0.9615052804466935,0.1967584318097451,0.9079598635579831
2021-06-01,0.2549658227246733,0.25573451660239377,0.18944563321768906,0.1599257881461922
2021-06-02,-0.763519982707059,-1.1833800440902544,-0.9727635458730175,-0.8692279486887986
2021-06-03,-0.360099813325946,-0.6535008860948515,-0.6577386432790816,-0.20525643276228864
2021-06-04,0.21265188718838582,0.7409581133148796,0.5122634349516513,0.37916965010848286
2021-06-07,0.21414535019897854,-0.055896530321286185,-0.08806893809795677,0.4240175243976896
2021-06-08,-0.5412533322460372,-0.9846061128974901,-0.8660583640675722,-0.5510954522185234
2021-06-09,0.3148572428110037,0.009648253232013956,0.08272381513284209,0.12468736337856287
2021-06-10,0.5403872494362633,1.1832507305230258,0.6665473215854983,1.0809598706658727
2021-06-11,-0.586340892767386,-0.6219958001798047,-0.8911881104321598,-0.5888142625222598
2021-06-15,-0.9288776624453541,-0.8678719275148443,-1.1190290051868361,-0.9299835950414
2021-06-16,-1.080734035445543,-2.6057360398438707,-1.6799376251030493,-1.4719898130222178
2021-06-17,0.20641893321999122,1.2266433006960449,0.4203345683058261,0.7567667650860923
2021-06-18,-0.014182988946856556,0.7661095205767163,0.011367689901670988,0.6266438966778656
2021-06-21,0.11567446868962938,0.3943209822058612,-0.2370287761377726,0.7395502747591541
2021-06-22,0.7967202653993118,0.37494615734906067,0.6221776634825583,0.48501727789863647
2021-06-23,0.2473459315442246,0.9989209715198039,0.491356500740387,0.7414810604453504
2021-06-24,0.012056857913318071,-0.39846647046663336,0.1665476501505399,-0.5179851549967892
2021-06-25,1.140486365257395,1.470720884621357,1.6160506529634064,0.8629002826995951
2021-06-28,-0.032991726029886925,0.9704918178911108,0.22474853933134084,0.22152299827133398
2021-06-29,-0.9245770677806189,-0.9974885334547025,-1.1725520510898668,-0.928361508017303
2021-06-30,0.5030452879479783,1.0735643450498682,0.6433310904519282,0.6300486451707501
2021-07-01,-0.06740966107532782,-0.8133663466783829,0.10752174907326677,-1.3532334402142472
2021-07-02,-1.9703657054711794,-2.4785858588618495,-2.8814556672530593,-0.8765847115048202
2021-07-05,0.441226393110324,0.32630874732317017,0.09186666014426244,0.7922812378561057
2021-07-06,-0.11493961274346082,-0.3471688091064256,-0.05290646398468206,-0.022502870701222685
2021-07-07,0.6623419536806596,1.8401137962034364,1.1227093970232958,0.8109217689574877
2021-07-08,-0.797267198363722,-0.3832623530291987,-1.021248030152798,-0.22911653666789017
2021-07-09,-0.04000232690984517,-0.2592907761601934,-0.3705567507436169,0.8247551581967688
2021-07-12,0.6716720693990178,2.114064391299314,1.2403426953276406,1.4565956358911143
2021-07-13,0.5251362857061985,0.182993519773372,0.18277715333200573,0.8289250801595711
2021-07-14,-1.0717479000163888,-0.8792737635834675,-1.154417926244028,-0.9105007852672033
2021-07-15,1.017618878107515,0.7477789665469083,1.3362792566241035,0.48672803223439975
2021-07-16,-0.7120072760288002,-1.3079810141729016,-1.1065646284745139,-0.10521356507971745
2021-07-19,-0.005085880748497949,0.138093958526946,0.3667622294937904,-0.5180091007255815
2021-07-20,-0.06585725607627893,0.12298259296884395,-0.08804126377693433,0.1709876874756838
2021-07-21,0.7287920755657085,1.331745019255441,0.6837029938307931,1.201396882530289
2021-07-22,0.33821919513853194,0.3254496176700864,0.14976998251120263,0.5996696315729165
2021-07-23,-0.6829375622137231,-1.5425471818978822,-1.2209920674806345,-0.5823471564771867
2021-07-26,-2.364370367185535,-2.6820743052010236,-3.274135563068574,-1.6968840732036798
2021-07-27,-2.519180852893778,-3.740868134480241,-3.5964816977163667,-2.1925489730953562
2021-07-28,-0.5810684665142224,-0.05124190763242842,0.19281339981101947,-1.458361053897652
2021-07-29,1.4802486625819367,2.9993430674605484,1.8685870007543866,2.046425650403538
2021-07-30,-0.421790353162047,-0.2905289065698379,-0.8094075720890206,0.12464690540015502
2021-08-02,1.9509046016359757,2.2203494389808243,2.5157023354954045,1.5350040239002014
2021-08-03,-0.4716252875593414,-0.4146939013710148,0.01459232689402895,-0.8180928019865572
2021-08-04,0.8441671395293677,1.7034740609939951,0.8955696268834535,1.6778900041026161
2021-08-05,-0.30732608937558265,-0.7894934709582262,-0.6080087065672337,-0.28187204112273445
2021-08-06,-0.24029655825817653,-0.3018220693891289,-0.549330019125448,0.3904500762032608
2021-08-09,1.0470607075270937,0.766106569246017,1.2920180697631358,0.5842642209688833
2021-08-10,1.0050536160810009,0.7743622403654419,1.1485152736614035,0.5671946148408218
2021-08-11,0.07617645553179202,-0.2421643564982338,-0.5529671126137167,0.7704708955421732
2021-08-12,-0.2233130596912341,-0.7967120463811718,-0.8407558417657848,0.30602647126668503
2021-08-13,-0.23973742635575346,-0.6931780895258522,-0.5518531888929404,-0.08897293257810247
2021-08-16,0.029572170528464968,-0.7140085337105991,-0.09932184834982863,-0.5148023798217353
2021-08-17,-2.0206536749290396,-2.3626315397510664,-2.120452062828711,-2.2671258076670786
2021-08-18,1.1052769152625985,0.718356583486983,1.1681617150842432,0.6737809191566795
2021-08-19,-0.5679904319429342,0.2297741934251494,-0.6580333244403601,0.0871251424093111
2021-08-20,-1.108981781299708,-1.6271949780612336,-1.9285416857873563,-0.38998886962843343
2021-08-23,1.4425708488839466,1.9615480358260509,1.386986519272008,1.4993920007483497
2021-08-24,1.0681490652376022,0.8744746975021059,1.079988737161001,0.9382768791004942
2021-08-25,0.7345334484912289,0.2312588625445667,0.19966184703828732,0.8736500528946065
2021-08-26,-1.0996924245693995,-1.9376169509451768,-1.9908346049970507,-0.4787058323801529
2021-08-27,0.5837296004100007,0.14861871920567124,0.5282165023634251,0.8569912474594141
2021-08-30,0.16992164716905797,-0.09376212343974621,-0.285675654928364,0.6492704485783826
2021-08-31,0.4465448329421486,-0.6607621839387782,-0.15927013580082808,0.39303417067984
2021-09-01,0.6513838169947354,-0.0997819055803724,1.3199062532390389,-0.8615516275924119
2021-09-02,0.8358344282854636,-0.25707017969057444,-0.0010268131723809662,1.5711928165151285
2021-09-03,-0.4265361116630997,-0.6851017055789446,-0.5426027498503923,-0.38846342717926163
2021-09-06,1.1141782122991435,2.553464134024425,1.8548541915601333,1.048521025980988
2021-09-07,1.4997986122566713,1.068746390449176,1.1907588997080212,1.9325606350874718
2021-09-08,-0.03808601500380083,-0.1008472752934115,-0.4154563545499115,0.5997503846293659
2021-09-09,0.4869504975230065,0.07112082979617511,-0.04264675476569659,0.9683820478871422
2021-09-10,0.2698670150476132,0.49772077339833903,0.8716411024019849,-0.12847191148785353
2021-09-13,0.33052623074968895,-0.44806827186471093,-0.43697434297215454,0.53852868865854
2021-09-14,-1.4304991717129854,-0.5437777254420141,-1.5037391706095098,-1.211823552477147
2021-09-15,-0.17434508885490152,-0.615657931667152,-1.0187650455892578,0.4711892659378946
2021-09-16,-1.352847374281616,-1.9322386886415637,-1.2324678331719356,-1.9332683168848463
2021-09-17,0.190553799077035,0.7074724039573034,0.9983898552888865,-0.6923389622280613
2021-09-22,0.4009692688377688,-0.574654017229002,-0.7061617261638239,0.7820000279532597
2021-09-23,0.3776802078657258,0.7694589122205291,0.6497200624791112,0.6581795115178622
2021-09-24,-0.8035559392290081,-0.205321236943907,-0.0777108926079727,-1.6456487731107634
2021-09-27,-0.8404835535726379,-0.09448773512257826,0.5744967891968223,-2.8837189267352317
2021-09-28,0.5397331144839462,-0.21264494749703516,0.13236079463849842,0.39402980381754826
2021-09-29,-1.847216708084581,-1.6539758101220503,-1.0269946692684626,-2.65591522809609
2021-09-30,0.8974704335522709,1.6203662750391954,0.6690532786507023,1.3234021242676894
2021-10-08,0.6703617391605786,0.7321647974564818,1.2976483393466471,-0.17287842586187152
2021-10-11,-0.012806450013888283,-0.3235385231114216,0.1266960973762974,-0.012269237863028956
2021-10-12,-1.254315226911656,-1.6294797122251303,-1.0661982889829815,-1.9694911042687213
2021-10-13,0.4169544774880714,1.5283678914948686,1.1455802479321664,0.4219966675213625
2021-10-14,-0.09775226760270193,-0.08154884704850013,-0.5378692288350533,0.382275703702049
2021-10-15,0.39519590326567416,0.5188942341172107,0.3757982508557735,0.22561935501250818
2021-10-18,-0.11847894603644936,-0.45866712591637093,-1.1691913152231186,0.623606751461742
2021-10-19,0.6984803486845629,1.0381451298877473,0.978624804350908,0.7369392154956819
2021-10-20,-0.1713056552847381,-0.32826754521990076,-0.25506222576104126,-0.022192289253799413
2021-10-21,0.21665946446041356,-0.05114698432543831,0.3626683652268934,-0.28908971005729284
2021-10-22,-0.33939993958849274,0.3314712438083564,0.6414019106758536,-1.0220758004524049
2021-10-25,0.7580196630481307,0.7143491566370587,0.398219707770767,1.1029081242623953
2021-10-26,-0.3390915493335564,-0.30120566698596046,-0.33029553433297915,-0.02196190182001423
2021-10-27,-0.9868864096847494,-1.1007378726657246,-1.317092111479062,-0.760796346905539
2021-10-28,-1.2397185634958294,-1.0384078686842708,-0.6969697246504387,-1.4047069009010391
2021-10-29,0.8186001646085042,1.4396579871144475,0.9133474114414477,1.033733346130726
2021-11-01,-0.08065630980612974,0.17388056265826066,-0.3690003431813255,0.5433414440393198
2021-11-02,-1.102121619358686,-0.6880230095187423,-1.0449669314235055,-1.0773385437939211
2021-11-03,-0.20245089487008405,-0.06602876213321308,-0.387953650658591,0.4677594323173574
2021-11-04,0.8065053444693789,1.296492771327173,0.9830984713372521,0.7947982826065656
2021-11-05,-1.0059300261978694,-0.6385737545850454,-0.543503663595375,-1.1651119731110475
2021-11-08,0.20199715031236584,0.31921074976996916,0.12032367070488861,0.5001836536913716
2021-11-09,0.23895078622617477,0.4337578097863522,-0.029706279383222504,0.7765449350370879
2021-11-10,-0.41546121884638965,-0.38538528250870807,-0.5285528439303767,-0.27460269177360774
2021-11-11,1.1481568071059143,1.2586583976937151,1.5938871395095515,0.8113036922825362
2021-11-12,0.17845304931332284,0.038292664566106735,-0.21007423670476158,0.514834285686265
2021-11-15,-0.16401790906217908,-0.47018397723973365,-0.12261086918441592,-0.8193765580610657
2021-11-16,-0.3262895359734016,-0.15329728858444475,0.019251052211375824,-0.7391075172451205
2021-11-17,0.44141300940692424,0.6629828394318806,0.04974885122366621,0.8281044349827392
2021-11-18,-0.47208393616494526,-0.9013951272756513,-0.9899940678267275,-0.2797902483540921
2021-11-19,1.1201798231758402,1.1818084435321488,1.0781709100374235,1.1954211790494818
2021-11-22,0.6079165233211115,1.401220712248977,0.4558047403935854,1.1811616738067432
2021-11-23,0.1955051193268686,-0.3718640222835223,0.019336946349351437,0.08693586100482906
2021-11-24,0.10053204852947986,-0.11767972940402584,0.06734479670110573,-0.07260208522944386
2021-11-25,-0.23742918935402507,-0.40147384194799257,-0.4121027731527677,-0.3115329666901338
2021-11-26,-0.5620955250850551,-0.34304910636661856,-0.7443223927220215,-0.189298076370245
2021-11-29,-0.03900774451402104,0.22327103572369147,-0.17937409240283037,0.028251404448890006
2021-11-30,0.0333960564887394,-0.09775069489253656,-0.40047763793082264,0.42640098983278524
2021-12-01,0.36410628424664876,-0.010003386289777892,0.24431898451900821,0.276477567755314
2021-12-02,-0.08530598092669431,-0.19411497576479086,0.2538143075850791,-0.5909208711535066
2021-12-03,0.9354959490302042,0.8530071504241017,0.919534457536796,0.9899674227084112
2021-12-06,-0.5035623988034111,-0.9383772893419632,-0.1715399393855005,-0.8452586980029644
2021-12-07,0.1609042159969687,-0.3788782374690737,0.6007321381743649,-0.46555528049682926
2021-12-08,1.1746850668542006,1.8023098213043296,1.4888312249396816,1.3254665850809118
2021-12-09,0.9703780759954187,1.2181871554547454,1.642977336321502,0.23701895279572174
2021-12-10,-0.18230402943127075,-0.23999141707264532,-0.4651763256345477,-0.186915047749924
2021-12-13,0.4009570621044462,0.665678711830535,0.5657422387260618,0.6327580785916612
2021-12-14,-0.53250945365905,-0.49892572079690156,-0.6730177868264788,-0.3938096654922425
2021-12-15,-0.3803451219216773,-0.733153412667962,-0.8711618800778207,-0.13485091592308937
2021-12-16,0.7480933197281289,0.5746718926407426,0.5742683323773706,0.908326342894623
2021-12-17,-1.1676000057041775,-1.6361742917893902,-1.6011169419482638,-0.9042248500873898
2021-12-20,-1.0728089207833433,-2.0272647037265337,-1.5117448950187085,-1.6345735190213206
2021-12-21,0.8735664170588062,0.8189214189396736,0.6753201873758403,1.0987268684923723
2021-12-22,-0.06926287745424023,0.6943645519787884,0.019536138866402708,0.3702861906832627
2021-12-23,0.5703322386797365,0.4896274390420887,0.6953153726040897,0.47446578508109827
2021-12-24,-0.696563667727974,-1.0387504615212302,-0.5552147578698344,-0.7995417508876257
2021-12-27,-0.05750606322129788,0.03615852425620924,-0.04105415751325399,-0.08260311598909327
2021-12-28,0.3902804812597831,0.8271143117535681,0.7420583139275407,0.18243291928556657
2021-12-29,-0.9162786134448032,-1.2481644113647266,-1.473281223566105,-0.5264980718136777
2021-12-30,0.6150079180804022,0.9671366264488033,0.7757313512263927,0.8680756743095425
2021-12-31,0.5672996367375116,0.4122273705347292,0.3824833194574284,0.6603815590134088
2022-01-04,-0.20489246192138075,-0.44548461358600455,-0.45850514585370605,-0.0671475763071195
2022-01-05,-1.0280256181850527,-1.8116221211519963,-1.0147350119881922,-1.808224127800838
2022-01-06,-0.25343755471378,-0.6648209773909226,-1.0301184898311686,0.10088130144140135
2022-01-07,-0.18253833767219693,-0.5968079616312919,0.08588677581253011,-0.7535972977788743
2022-01-10,0.3897922978694366,0.44047816971174925,0.4485639223591511,0.21952897110778172
2022-01-11,-0.7283971788364646,-1.2827136941507062,-0.9599921057229547,-0.7849736014446761
2022-01-12,0.8371449906091314,1.3814365832951727,0.9915722592007552,0.8611461832776689
2022-01-13,-1.1791504624729763,-1.9809090024743459,-1.657635624898956,-1.387530489237997
2022-01-14,-0.9609316903416614,0.08646498406582379,-0.8256961471415183,-0.23443296182065776
2022-01-17,0.5779487213382258,1.4940234001324784,0.8542280149136315,1.0776141923716196
2022-01-18,0.7942018071336062,0.19349711270752057,0.9617395745475981,0.07401707758203153
2022-01-19,-0.3291207206508858,-1.2881936602293924,-0.6873266142930698,-0.6217671439110215
2022-01-20,-0.08772374333163534,-0.06259353589926242,0.8981837558171992,-0.8743279064847632
2022-01-21,-0.9181103906838998,-1.195641965743423,-0.9205694190441116,-1.1425715084305064
2022-01-24,0.0437085272643974,0.3717363994921792,0.15534105496210215,0.037690234018151886
2022-01-25,-2.617593036789495,-2.8663954970195,-2.2882736678216893,-3.429417166053544
2022-01-26,0.6564368523789944,0.7020807532843043,0.7211375168279058,0.5710271058344074
2022-01-27,-1.793353677335556,-2.807189998514926,-1.9809502928594762,-2.639134384978396
2022-01-28,-0.9713369905073344,-0.5296548830459342,-1.221969439123851,-0.3850927486479655
2022-02-07,2.0068351107588067,0.96018204374259,1.5290811148429664,1.4495084498560489
2022-02-08,0.6698454765656802,-0.980066884318546,-0.5478837359265011,0.9774424258774783
2022-02-09,0.7881666400647653,1.533352056375657,0.9349122123392944,1.484581803955911
2022-02-10,0.17112033415392694,-0.7361128176032509,-0.26259388824873187,-0.03712495073158064
2022-02-11,-0.6608302240814374,-1.5583035458991885,-0.8323588352442868,-1.4054911680821265
2022-02-14,-0.9887149724922585,-0.7679677513467809,-1.0862012444959839,-0.7338925498588311
2022-02-15,0.5006577759190103,1.68065722100076,1.057944981742105,0.9598779999314208
2022-02-16,0.5711887194635821,0.229997942118576,0.3881503101182149,0.1736584951556534
2022-02-17,0.06374506804526982,0.347323372255003,0.2415880662212573,-0.04785530066617894
2022-02-18,0.6529884672796674,0.273634621003365,0.4758424564108586,0.9737055026892221
2022-02-21,-0.004297150846412966,0.0852554223733974,-0.3646530094631457,0.4683951862900733
2022-02-22,-0.9631955820590898,-1.3004385629059267,-1.3066431505843215,-1.2064427633326908
2022-02-23,0.9213603320993669,1.8839090935027236,1.0633771319158893,1.5017638649779141
2022-02-24,-1.7109554239620244,-2.2219214570510015,-2.0482842583403267,-1.7952036060343248
2022-02-25,0.6234243899853287,1.2051826791687343,0.9689466035413347,0.8031367543726133
2022-02-28,0.3153153159511517,0.31866160917092734,0.17979113686613782,0.4955856593848914
2022-03-01,0.7630440093011014,0.24428120876756518,0.8268408019219735,0.30202501951358984
2022-03-02,-0.13308439341469594,-1.0559206159244854,-0.8934328733765632,0.017455459530190662
2022-03-03,-0.08843840755596777,-1.0933944683577457,-0.5907863973662245,-0.22847101157015948
2022-03-04,-0.9658368916439154,-1.3832732458336594,-1.2201661980325944,-0.8156152999819971
2022-03-07,-2.1931790388062633,-3.493610912081181,-3.2469027152108065,-2.1457800152774107
2022-03-08,-2.3801111232544465,-2.6509000719265723,-2.028110270280948,-3.507045797223067
2022-03-09,-1.134071807073529,-1.127901748674443,-0.9194882334004679,-1.9517717444459424
2022-03-10,1.2117697662514173,2.15531430714361,1.5609782174908933,1.7189931595887338
2022-03-11,0.4135740335958443,0.6158373453358479,0.3181634805378545,0.9184590678593239
2022-03-14,-2.6395625456140173,-3.13142145814333,-3.1073281758331532,-2.3528732144229205
2022-03-15,-5.076557167179296,-4.461507667021902,-4.68182237984921,-5.837980082711241
2022-03-16,3.4244076866297504,3.940658222438959,4.233367450780907,3.1565372011560315
2022-03-17,1.3884261717818864,2.379683597784281,1.9448346903045028,1.790966744628853
2022-03-18,1.114437363450742,0.31423395647804786,0.6632509378815719,1.0270143461628038
2022-03-21,0.08055639690575717,0.4127365542913394,-0.16774886186894938,0.4210811223065724
2022-03-22,0.18945127758092087,-0.4928260445755276,-0.08104251651861337,-0.013053341791974631
2022-03-23,0.342067035018678,0.7268882831914657,0.49743299215287096,0.6269907912507805
2022-03-24,-0.6369926879556447,-0.8347493153718741,-0.5912424013677314,-0.8472671625150157
2022-03-25,-1.1766480047939791,-1.909712675859639,-1.821581174910916,-1.2032786178037829
2022-03-28,0.07033115057273022,-1.022293270313907,-0.627176742000838,0.2396523639893927
2022-03-29,-0.32905221605967067,-0.46013881971857024,-0.34602653748698925,-0.4819593977144998
2022-03-30,1.9368386197894223,3.0526964296290564,2.8603897597295704,1.9761642665990504
2022-03-31,-0.44179982274168383,-1.1939252766451616,-0.743217171716696,-0.833047533215643
2022-04-01,0.9340656626273581,0.9010098668568259,1.2604358538713458,0.623510627117016
2022-04-06,0.02162606710986452,-0.45096884571550805,-0.28852479031954864,-0.11932603438441916
2022-04-07,-1.4334315463590153,-1.664073043477109,-1.2921314588664217,-2.1520055316523523
2022-04-08,0.46697729172307256,-0.10655506833405308,0.5135161470400351,0.040656580216801096
2022-04-11,-2.639825013574964,-3.7403825602104894,-3.1379962853850767,-3.1703298445900354
2022-04-12,1.448196758466009,2.029318768570226,1.9300022742168295,1.5961776104530683
2022-04-13,-0.8284228216989323,-1.6138710933226985,-0.9671085544685218,-1.3569902031614527
2022-04-14,1.210782577920048,1.25802733664074,1.2442381488818983,1.350134962980526
2022-04-15,-0.4474224786672143,-0.5654208690554159,-0.06730053521678835,-0.9139836229670999
2022-04-18,-0.49073264948944284,0.3676090384699716,-0.5354806796065931,0.05368570607074535
2022-04-19,-0.04663865301963606,-0.4986121673480992,-0.7584408886951497,0.3023079775469081
2022-04-20,-1.3547711732194196,-2.0941850335255716,-1.5626060573346578,-2.2488523781486016
2022-04-21,-2.28678238566695,-2.740365575249419,-1.858576647421427,-3.365081709497849
2022-04-22,0.23059232852710507,-0.2943626035557734,0.43500695385816773,-0.32728244169545323
2022-04-25,-5.268006879696158,-6.277275111441395,-5.068431350705174,-6.685416183143795
2022-04-26,-1.4473316857302614,-1.6773022283529906,-0.8103710209960038,-2.5598050943586905
2022-04-27,2.4587573959847036,4.279366667131533,2.9018945833929406,3.8057080444297737
2022-04-28,0.5797352158931722,-0.22535676129830937,0.6542467990222254,-0.336778814599357
2022-04-29,2.3771820788754674,3.6263878749452605,2.3971364575462073,3.786936380386198
2022-05-05,0.6770462277708987,0.22603057862685227,-0.15025325354162156,1.0393744250022514
2022-05-06,-2.1815500072281035,-2.164224172367178,-2.5608070856478866,-2.185417900366975
2022-05-09,0.08591838282672458,-0.41018786618417097,-0.8060396107072664,0.8010934073364713
2022-05-10,1.049681987914709,1.3572261955925173,1.0883347926131057,1.4439195123695432
2022-05-11,0.750183187197099,1.786788382467421,1.43234270311354,0.8353282015516195
2022-05-12,-0.12136697985671334,-0.13159585494194267,-0.44561242006547475,0.09197869808769223
2022-05-13,0.9541923464319781,0.5834300245540265,0.7514499319351581,0.9306906925935465
2022-05-16,-0.3419928211833418,-0.5969507003920783,-0.8070386175319302,-0.0987238470639723
2022-05-17,0.6469471039836152,1.2255383632161256,1.239587209317927,0.43523952567800994
2022-05-18,-0.24985125495330954,-0.19680694320826447,-0.3495964949951282,-0.32461326801685286
2022-05-19,0.3551712144193853,0.3738515201564282,0.1924543014664514,0.7033434231958463
2022-05-20,1.5891985495675276,1.8011822976307779,1.9314223924137688,1.5479706441844405
2022-05-23,0.009215960142730595,-0.05746102763584491,-0.580946542516787,0.6093222676766791
2022-05-24,-2.4424682959179296,-3.3940559570869286,-2.366975885663377,-3.7583160524335697
2022-05-25,1.1825224915529386,0.6957536474883692,0.6051139482764816,1.701000380112837
2022-05-26,0.5023627986854917,0.5694869977198757,0.24723503169295805,1.1451484085708867
2022-05-27,0.2280378705730974,-0.11812285166493315,0.20664627572427727,-0.19709644800076023
2022-05-30,0.599431667639932,1.037075363987286,0.6903861888979784,0.724665939607025
2022-05-31,1.1797172249585197,1.9033848260009671,1.5393368948359905,1.3937816435774208
2022-06-01,-0.13409563623491913,0.20494926990274298,-0.20404425590094025,-0.04315395738959033
2022-06-02,0.41708409345385733,0.6647254495021973,0.1563733456205647,0.9054711192729086
2022-06-06,1.272127892284136,2.6293999502949954,1.853811600861552,1.777499192970668
2022-06-07,0.16640608458882483,-0.02136242876319709,0.3125144840510208,-0.014061731022253275
2022-06-08,0.6772704601069318,0.8151465126027071,0.9687012435148906,0.5040157714243512
2022-06-09,-0.7639893589960192,-1.8678742543014741,-1.0515278868290012,-1.411366649397915
2022-06-10,1.4065697010146034,1.8835794878743168,1.5050208851421412,1.7688903105815046
2022-06-13,-0.895366801625453,-0.2982386670246964,-1.1779442685741708,-0.10389844541843507
2022-06-14,1.01949706914085,0.20380390934851508,0.7836781012721811,0.6707094106066678
2022-06-15,0.5004317180352896,0.9434067374957328,1.3154663590148457,-0.23148176948948007
2022-06-16,-0.6078197504840646,0.10869244076710442,-0.6603934754169606,0.06003570388560616
2022-06-17,0.9515125173035185,1.4719591312328113,1.378204100314752,0.818531999640913
2022-06-20,-0.041011909106225646,1.2570743582822528,0.495170275624372,0.22266687463842597
2022-06-21,-0.2630567118739777,-0.5079696635736548,-0.1122920635555852,-0.8469686297195025
2022-06-22,-1.202341254264903,-1.43745525985881,-1.2784907844165254,-1.5643469574572213
2022-06-23,1.6076613642461268,2.166208586819481,1.7008942177282418,1.9375544028589362
2022-06-24,0.8875753555909792,1.3595037480566292,1.164723963140264,1.0705183635270892
2022-06-27,0.8750319618488613,1.0939446493139982,1.1198178344481735,0.6177217236069655
2022-06-28,0.8844557096104322,1.2176097201284841,1.0355132049391327,1.450321298347005
2022-06-29,-1.4087340267093205,-2.229056678362743,-1.5521166896230603,-1.9735566550193016
2022-06-30,1.0976214242557054,1.5606329397567504,1.429338409294859,1.2438207872615274
2022-07-01,-0.3235953111528987,-0.27829821320626,-0.4086366646698676,-0.24106826270765971
2022-07-04,0.5237702738287622,1.2816840127685134,0.6540426651014197,1.3052515756102085
2022-07-05,-0.04111926701164307,-0.4087798622570781,-0.1444538549819747,-0.1779870447306009
2022-07-06,-1.4403936943185214,-1.2548818046130996,-1.4712763613621886,-1.4382216153778475
2022-07-07,0.26935542160513987,0.9672591004468628,0.43981197353706436,0.5351353791094706
2022-07-08,-0.24760148830391968,-0.6104005385815325,-0.33114516439138647,-0.7552089453345187
2022-07-11,-1.274445031366919,-1.8835181121932485,-1.6886800625125216,-1.3408376882108073
2022-07-12,-0.9737683180183662,-1.420493623534823,-0.945989168631905,-1.2365789204319237
2022-07-13,0.08590019048526898,0.5581187608210166,0.18158493387997882,0.4318162548785249
2022-07-14,-0.07767250920881201,0.747783301638176,0.014114603663379898,0.5399777019875831
2022-07-15,-1.6492431946463457,-1.5333442657856897,-1.7161413406711068,-1.6902243536218207
2022-07-18,1.5382648667117904,0.9753257080898579,1.0317239619969458,1.8476586359365448
2022-07-19,0.04056405439964807,-0.3027082210251614,-0.5431031823123651,0.36922671249007155
2022-07-20,0.7682122786999722,0.625104507245773,0.33812176057727145,1.1768145966612442
2022-07-21,-0.9950330853167979,-0.9423798311518387,-1.1206874210108664,-0.9893240522679095
2022-07-22,-0.0620608185349513,-0.4923305292838033,0.05121373111916692,-0.9190442566616546
2022-07-25,-0.6005821412929057,-0.8298809538367811,-0.6056199708393853,-0.9310996227653365
2022-07-26,0.8287640709771735,0.9471268344316913,0.7883123406785458,1.223697801431639
2022-07-27,-0.05127266180810148,-0.07150847301174883,-0.49439247344371723,0.3840136869001833
2022-07-28,0.20797953318530885,0.2338451252324082,0.014909989839137522,0.251411759820074
2022-07-29,-0.8978275744988294,-1.3103715083374725,-1.323781177981093,-0.8552306942118337
2022-08-01,0.2063502543912009,1.1908187421505376,0.4445632161798917,0.8402646316997969
2022-08-02,-2.286397170484028,-2.3955765084117253,-1.9687943803157673,-2.8318083851382485
2022-08-03,-0.7118207550404431,-1.1431408163024948,-0.9796995413870514,-0.74327408935629
2022-08-04,0.7987184956775898,0.689971083173373,0.846180365938095,0.5604490434810991
2022-08-05,1.1842278520663911,1.6765938498428765,1.3409496864926227,1.798710359130855
2022-08-08,0.30631401620155346,0.2681171879206676,-0.21288439800110767,0.8347158659634215
2022-08-09,0.3238564539063576,0.2349671688718754,0.19796836082771768,0.2907329982927913
2022-08-10,-0.5375585122104447,-0.8762568997684048,-1.126308326937575,-0.30670752765149545
2022-08-11,1.5864110000636367,2.0287736561241476,2.0185479801945307,1.8384051879966172
2022-08-12,-0.14576373003652499,-0.43899221359825225,-0.057008668531080074,-0.28786486040438847
2022-08-15,-0.024416372519798498,0.32822087367741765,-0.13059834752443106,0.34142726615562435
2022-08-16,0.054623382301333956,0.07934111196134026,-0.18748092421391452,0.34676204563812213
2022-08-17,0.44593942471548387,1.0001850743332408,0.9320122737521342,0.4369275758247873
2022-08-18,-0.45631252057524563,-0.6223146316794363,-0.8779319607783254,-0.3809510783062414
2022-08-19,-0.5955076185280468,-1.276515401851556,-0.6969037360355996,-1.1988763036373256
2022-08-22,0.6031349996094371,1.183480986796817,0.7279986355266819,1.2586839473531077
2022-08-23,-0.047909601298468156,-0.4048749102134569,-0.4871462726846126,-0.09707027846058135
2022-08-24,-1.8800754650323164,-2.9227131016799928,-1.9084706128947553,-2.8520525403884704
2022-08-25,0.9610919841966847,0.063139402157604,0.8250175475200773,0.6047318084599757
2022-08-26,-0.3094501942589939,-0.3668310427055987,-0.21133816000662378,-0.3855462355877705
2022-08-29,0.13926310158019978,-0.34513053890224593,-0.43991399553792593,0.19081962237895603
2022-08-30,-0.417752754666967,-0.3949323465158441,-0.33630108202485326,-0.3885263530213676
2022-08-31,-0.780174922931963,-1.3032743161946776,0.07480413316662511,-2.0927198090143073
2022-09-01,-0.5373326722483829,-0.8789516714419292,-0.8642627953841291,-0.47189100897000474
2022-09-02,0.047084970405920426,-0.08541613978857443,-0.49904967004569684,0.36917003202018106
2022-09-05,0.4205825136546322,-0.2027280871284598,-0.2035069566298456,0.5387587552769708
2022-09-06,1.3514893695710988,1.0317616071362217,0.9135245632035892,1.7463659961497828
2022-09-07,0.08752277229263518,0.41667977893504027,0.06660696955126079,0.15865796820327127
2022-09-08,-0.33015142888055704,-0.8659148867286732,-0.42754857743535146,-0.46094685301691096
2022-09-09,0.814454056097174,1.1079191124181689,1.380092174768673,0.7051909553127943
2022-09-13,0.05363286137280091,0.3838456962905941,0.4221873691642704,-0.26233649734983766
2022-09-14,-0.8078378553010946,-1.2548770580086044,-1.119076507359907,-0.8041234114200194
2022-09-15,-1.168797266851067,-2.127131657692684,-0.9450819681048679,-2.300842084990927
2022-09-16,-2.324362662684908,-2.329881073991247,-2.373035297087063,-2.541940665200736
2022-09-19,-0.3460432802670221,-0.48476764979515613,-0.11907368199603283,-0.6968551875391753
2022-09-20,0.218338948010024,0.6836551168764661,0.12314207162627212,0.7604842807720728
2022-09-21,-0.1676392591442391,-0.6705392218651324,-0.7429304885353468,0.33995544126569904
2022-09-22,-0.26565645095651985,-0.8429047161549059,-0.8848556461146075,-0.21248334626022825
2022-09-23,-0.662873880505094,-0.9766433698417623,-0.34483864051427293,-1.2870164465677578
2022-09-26,-1.209865562484785,-0.3991999464062589,-0.5028154158274335,-1.4241104161115041
2022-09-27,1.3874714245485116,1.9204047809583051,1.4392833246779855,1.9397915324688944
2022-09-28,-1.5895612854959325,-2.495461277645618,-1.6472310708984936,-2.575600665471996
2022-09-29,-0.12717150312314293,0.180942102995222,-0.041014388265411754,0.040896252324545274
2022-09-30,-0.5542756116580001,-1.2981072269538847,-0.5830706387769059,-1.0068046396241397
2022-10-10,-1.6751134367788392,-2.4083906761468867,-2.2310757029118022,-1.3806666498470452
2022-10-11,0.18945443477663623,0.5278702755448055,0.18124143225602155,0.8621793975141826
2022-10-12,1.5226844078037975,2.4344354102398267,1.5074832864737309,2.3632646586821315
2022-10-13,-0.30288658958884646,-0.1921856507754106,-0.8395985093546627,0.16977393593931048
2022-10-14,1.8274753654102207,2.7719044850697987,2.3647802352519562,2.424765816073186
2022-10-17,0.4206648149908408,0.3638492291276748,0.10248567658382604,0.7033119213226091
2022-10-18,-0.1290971489241884,0.22765151245858947,-0.21185014976271055,0.3330772367524143
2022-10-19,-1.194396878191004,-1.444638523723272,-1.6216145648121678,-1.048443240740427
2022-10-20,-0.30693691102116644,-0.5630098122702679,-0.5735955371760328,-0.40028304735386533
2022-10-21,0.12775809363049223,-0.4236833652412695,-0.3211602932258462,0.1347249513777433
2022-10-24,-2.0401306598855964,-2.07617672924717,-2.9697448039973877,-1.0120064976236975
2022-10-25,-0.04299746112492744,-0.5136309754166618,-0.16306701754940214,-0.46096346670626775
2022-10-26,0.777140954447197,1.6638351221174692,0.808587189151876,1.719774376491835
2022-10-27,-0.554962643901021,-0.6323139953657,-0.7069145414923937,-0.14411880563292376
2022-10-28,-2.2707173300693677,-3.293606416947555,-2.5044285759821867,-3.0858657252295396
2022-10-31,-0.7728878407675828,-0.04615633231419823,-0.9256764297106467,0.43679759772454196
2022-11-01,2.5832626297623644,3.1918413710204057,3.513515078371656,2.2819688463654444
2022-11-02,1.1442435273404634,1.3257790978895159,1.1936717050647685,0.9490017993156321
2022-11-03,-0.1852969446293226,-0.34488238896331297,-0.816580678206299,-0.01800822380417759
2022-11-04,2.4056091883240067,3.1542295546626353,3.217239688564092,2.2546374822802435
2022-11-07,0.22834402029227405,0.181289221061997,0.21557933007738447,0.1295329581754387
2022-11-08,-0.43403934112734965,-0.5798502734337216,-0.6902692389212111,-0.1164905998377065
2022-11-09,-0.5339750215967991,-0.7896169635103216,-0.9394999164874314,-0.2191743247284789
2022-11-10,-0.39577324312916573,-1.33621610182901,-0.77244044847251,-0.509888881888772
2022-11-11,1.671000533056121,2.097470254538264,2.749657115794899,0.8001141772682933
2022-11-14,-0.1260799202455417,-0.2364601656390154,0.14718181190023016,-0.14851491913550524
2022-11-15,1.6302785847658814,2.117793136899894,1.8786477817202483,1.7285073830709319
2022-11-16,-0.4509078547325852,-1.0251169047169761,-0.8202259907489436,-0.5218535512091639
2022-11-17,-0.1459407098354525,-0.12566233756639472,-0.41107851513271804,0.2139902741770718
2022-11-18,-0.5855792108176341,-0.36621967304172426,-0.4485436437744936,-0.4119642924361381
2022-11-21,-0.3946769100266762,-0.41192266142827993,-0.8569933703021266,-0.031337430070292945
2022-11-22,0.12633667484284491,-1.1884100945266851,0.011673100149877734,-1.0444175420459227
2022-11-23,0.25768502017249467,-0.2741206335774864,0.1049966290729706,-0.16011767165659754
2022-11-24,-0.24570751843843636,-0.1471078708066004,-0.4440709842156093,0.07306506629974104
2022-11-25,0.3999359231585984,-0.47948602793362616,0.5036790826145527,-0.5276910130166376
2022-11-28,-0.7488417321618147,-0.691934745369464,-1.1330494553618233,-0.5366005526694794
2022-11-29,2.286437769522789,2.371941957587625,3.0386185136006825,1.7766096504028117
2022-11-30,0.05046745987590268,0.17560532698018366,0.11997726545848467,-0.12451330629760389
2022-12-01,0.4473784573972554,1.3915422825212311,1.0772180403977312,0.4853257515786208
2022-12-02,-0.2951781832276589,-0.39468205184046357,-0.6134672561940153,-0.2928582136505573
2022-12-05,1.7484879210248432,0.9187782048405763,1.9425438427873503,0.7608775370987184
2022-12-06,0.022414753982967852,0.6642875880858573,0.538719799729665,-0.06228689673845392
2022-12-07,-0.40267359447939566,0.17477756252788368,-0.24625831202904064,-0.11663067580859503
2022-12-08,-0.07097110335928354,-0.2540276832909673,0.018692485927706205,-0.2861920439568924
2022-12-09,0.2997987973812809,0.9767077172744854,0.9817331174266934,0.0972647989446145
2022-12-12,-0.8741065271919232,-0.8947380537453322,-1.1268178303756597,-0.6072694778254333
2022-12-13,-0.08528221533128687,-0.6639162205565105,-0.19647764551893176,-0.5400588373044719
2022-12-14,0.006296376752098338,-0.01669205069251601,0.23314784052212914,-0.4136508858988662
2022-12-15,-0.24837763628680634,0.32010722257184177,-0.07335384197144568,0.0900127701826473
2022-12-16,-0.02493486174860042,-0.5569220253069983,0.05666424814729427,-0.47672566249139187
2022-12-19,-1.9360028926013133,-1.5194944562363872,-1.5549313280282608,-2.271329866323584
2022-12-20,-1.0791430893341412,-1.5908773660329432,-1.6627682941822037,-0.9894693369077343
2022-12-21,-0.17453091119416772,-0.33877388685629184,0.03968896437790892,-0.5491374587276929
2022-12-22,-0.45665162878074017,-0.3284319377512731,0.14321922159224204,-1.1489257472371515
2022-12-23,-0.2806421198371399,-0.24551297776601555,-0.20380344334518227,-0.27221368329425044
2022-12-26,0.6443686053555778,1.1851546709907654,0.3980864804760404,1.376995740394507
2022-12-27,0.9741796500060265,1.1547076093125592,1.1475497598615993,0.7230023684811357
2022-12-28,-0.2642744427033071,-0.8678434883238073,-0.42762701601239683,-0.4010982789240499
2022-12-29,-0.4447265124755923,-0.12832317384969344,-0.3768139904442769,-0.08020820430860708
2022-12-30,0.5049532387717688,0.17789977616210184,0.3863711454673102,0.1206292316383152
2023-01-03,0.8782205960794093,0.9139308329964606,0.4193559105665985,1.5470213448287644
2023-01-04,0.2246785015103408,-0.1959257801762441,0.1298058877651106,-0.05794253774072135
2023-01-05,1.0097653144019694,2.1103560241012254,1.9241123115300105,0.9698385208047605
2023-01-06,0.0766688986779993,0.3147175208440291,0.3097064292234389,0.03925717491912825
2023-01-09,0.5822818849267416,0.7224190718039241,0.8063581265547801,0.4513466730682189
2023-01-10,-0.20707301756456345,0.4934465562657851,0.10833576176727452,0.13699176221186815
2023-01-11,-0.24228651873879026,-0.5870262209218479,-0.1853628683969311,-0.5660552019905198
2023-01-12,0.05090675794371046,0.22955526236853127,0.1953188876899663,0.01878722640394113
2023-01-13,1.0020905525856554,1.1840767992082513,1.3966676413846058,0.7023978225979772
2023-01-16,1.0051618983266497,1.5689517226548748,1.5484324893075294,1.1242851645045278
2023-01-17,-0.10384651489752184,0.12532690080144554,-0.017401392155290362,0.10539351418765608
2023-01-18,0.005272421360740504,0.08563729362340153,-0.16764341607909727,0.3064125939201441
2023-01-19,0.4909758048663609,0.8649551985111451,0.6203014705126926,0.8557983371161638
2023-01-20,0.7541822256176314,0.5638278793467417,0.6121728878777942,0.7562802188545006
2023-01-30,0.1380444134474869,0.9729967228493545,0.4728693941021588,0.5089857144208637
2023-01-31,-0.4183920561456562,-0.8008667222310433,-1.0645920643544897,0.09258317238483788
2023-02-01,0.8944206867241091,1.2991372498859537,0.935502626997138,1.213126470829311
2023-02-02,0.02282900023459911,-0.22223704348669818,-0.35286795246535885,0.06642562106047327
2023-02-03,-0.6797927563217615,-0.6359203584745594,-0.9496898158746307,-0.41608292952833026
2023-02-06,-0.7600646238707136,-1.182813706136896,-1.3307587395367648,-0.6541211776349807
2023-02-07,0.2895116554930629,0.12013706464855323,0.17968226750403882,0.23629976200167943
2023-02-08,-0.49319565419915967,-0.617486825552291,-0.4428203266323136,-0.7780409070359143
2023-02-09,1.1771011375462932,1.6301273080268341,1.3335155571064223,1.3670670580476085
2023-02-10,-0.2973490374247195,-0.5945461282393079,-0.5960802724917956,-0.3201248555967743
2023-02-13,0.7178215740848054,1.135399400238785,0.9032920078334061,0.7796813853195914
2023-02-14,0.2773117153340846,-0.15424305628772594,0.04150148572149143,0.20937270969838181
2023-02-15,-0.38912271462099784,-0.252987387884532,-0.5224356360517664,-0.20122746111498874
2023-02-16,-0.9636311227668035,-1.309725385409725,-0.7350486657103041,-1.4971286817378775
2023-02-17,-0.7727462155589598,-1.6224258089851205,-1.4513050008866957,-0.8313364272896414
2023-02-20,2.036187480367225,2.0141027864524377,2.4237229525140154,1.727069155478088
2023-02-21,0.4905373903498938,0.12097283014663643,0.2623874399763394,0.5868280219271576
2023-02-22,-0.4659229032325539,-0.5738069565055931,-0.9065300286327136,-0.1308932513514413
2023-02-23,-0.11157339387441781,-0.13302827929369568,-0.08038389831907959,-0.23163808246532636
2023-02-24,-0.6200207821041495,-0.8182795138285407,-1.0435260713893402,-0.3067438765314943
2023-02-27,-0.27983877735560825,-0.7279911586000032,-0.42468252785517896,-0.5317828321788061
2023-02-28,0.6601794646982835,0.6970212267620526,0.6315576931124554,0.7948086611098779
2023-03-01,0.9933394380593211,1.1015331152437091,1.4025899739836019,0.699079939905951
2023-03-02,-0.05133625358099753,-0.5454521487862709,-0.2231743092156119,-0.3114743408805188
2023-03-03,0.534415886068758,0.02033632576858453,0.3106100852198972,0.1266779316871847
2023-03-06,-0.19126617383218905,-0.07630366526503508,-0.5228446438709863,0.07664909327099256
2023-03-07,-1.1178948981173342,-1.9982363245604737,-1.474923340091822,-1.7496376768890727
2023-03-08,-0.056330739041590985,-0.0886806421922334,-0.36471827991763894,0.2736414591219078
2023-03-09,-0.21831473421996284,-0.15790648661165263,-0.3541118878447414,-0.2473889978029072
2023-03-10,-1.4143733411226844,-1.1940619307500444,-1.3199156440451407,-1.2977681668589858
2023-03-13,1.188544761728672,0.5445472581320441,1.0419072592617475,0.6441841086290577
2023-03-14,-0.7181475166733682,-0.7717653009444676,-0.6002477554430798,-0.8942992112221921
2023-03-15,0.5531140515270482,-0.02750766552605624,0.05519594700824069,0.567745788785562
2023-03-16,-1.122319259435931,-1.551653500353219,-1.2049022574881758,-1.355569717690745
2023-03-17,0.7305387691795749,0.35841615931412635,0.4981037068741699,0.6872790057930029
2023-03-20,-0.48231059380787,-0.27453737923988314,-0.4998807557798886,-0.3699108121042204
2023-03-21,0.6390841650034241,1.5887868940539591,1.0932437015542789,1.1993660526144232
2023-03-22,0.30974968796144164,0.6079189274747371,0.4274720797623949,0.560763184111248
2023-03-23,0.63793635551264,0.9380985434725523,0.986506775729654,0.572861492675899
2023-03-24,-0.6409984861433712,0.24897267579329646,-0.29853210933228946,0.0688022880913966
2023-03-27,-0.43731512602418154,0.11785849412736345,-0.3624593962913617,0.023768589129226723
2023-03-28,-0.18532262822345255,-0.719360307455449,-0.3237650403883088,-0.503196863391265
2023-03-29,-0.1640598384461131,0.13359628263138046,0.1656330595453232,-0.3089200867950175
2023-03-30,0.6518709317510349,0.6191549126838445,0.8052580161697548,0.4085532349928851
2023-03-31,0.3553662922139529,0.6379460968688772,0.3065720013925533,0.8496803851462209
2023-04-03,0.7166743516150634,1.3806218835630335,0.9737840260357212,1.1603101252954047
2023-04-04,0.48903404487541907,-0.25213812733743995,0.30608981045645806,-0.07658287896980479
2023-04-06,0.0021131469437935847,0.05757448066993263,-0.1578097220704344,0.12396937439382907
2023-04-07,0.4523913333877614,0.8511403838804604,0.6481837602190745,0.7393685885461562
2023-04-10,-0.37001341325257603,-0.8037906215981615,-0.4489506318700839,-0.838063808436511
2023-04-11,-0.05400570057328488,0.04395959830074475,-0.11358984080491825,0.16147890723036637
2023-04-12,0.40989403472446084,0.05353386776203356,-0.06977788470651775,0.35073790339800565
2023-04-13,-0.26544133896548516,-1.2163539154876717,-0.6933425764932101,-0.6038269946607426
2023-04-14,0.5946076339586912,0.5118972874199081,0.5641494294489817,0.4116642823477091
2023-04-17,1.4117335605547536,0.4683049381568793,1.3925077401933932,0.4370731944379593
2023-04-18,0.22776432118865245,0.04149118709135851,0.30440105271925416,-0.145478909142177
2023-04-19,-0.6860420847609106,-0.847821842306308,-0.9043588587822095,-0.5110831047670895
2023-04-20,-0.09202691397506448,-0.3663932970401335,-0.28017955635364533,-0.08122394479319477
2023-04-21,-1.9726836367913607,-2.3035684539949175,-1.9753662042123383,-2.5465944211659064
2023-04-24,-0.7861161689049339,-1.1720380270428865,-1.2458973842972498,-0.6703440697818284
2023-04-25,-0.3223106388255373,-1.4956198883354952,-0.5026875490724412,-1.4704656073792
2023-04-26,-0.023587181548393305,0.32836840761849695,-0.08684785761546444,0.39150804883572493
2023-04-27,0.6650426497202752,0.2796095860439424,0.7345600586927417,0.2567462298859946
2023-04-28,1.1314737567878208,1.0788522807602083,1.0145381506763143,1.3436574556606162
2023-05-04,0.8148411890651807,-0.573134883396942,0.02878647651073179,0.3383020798201619
2023-05-05,-0.4774906752960488,-0.8283376406086874,-0.33229268826155217,-0.9919065323694449
2023-05-08,1.798101792043553,0.40077459269874305,1.1332449604331518,0.7711401871714966
2023-05-09,-1.1056479965814028,-0.9015402354122429,-0.8597748542926837,-1.0715629428753577
2023-05-10,-1.1538554992597794,0.13626642054913318,-0.7728628145798137,-0.13224571137424493
2023-05-11,-0.2896497567172319,0.021002821994814763,-0.1554924050665389,-0.31375043177372164
2023-05-12,-1.1300791346942733,-1.2361449557553863,-1.334459703851306,-1.0259666088369424
2023-05-15,1.1660292218601245,1.5595156732050472,1.5404788891857482,1.1058765682129503
2023-05-16,-0.5983297990241766,-0.7124585974132235,-0.5184853224313922,-0.7915139829787939
2023-05-17,-0.2056205687950475,-0.0737257777079532,-0.4545015747444424,0.18344009172493206
2023-05-18,0.3977791632688851,-0.11547470402696093,-0.10358453929137634,0.1000797619579108
2023-05-19,-0.41879086138068844,0.11799922342173473,-0.2918764041134686,-0.18129468937806797
2023-05-22,0.39300902711819535,0.3211755182284346,0.6264970509651149,-0.028776037607420625
2023-05-23,-1.5354795456003152,-1.0339926320350754,-1.4244416568951435,-1.0337253810811138
2023-05-24,-1.2863319302495457,-0.8412066067732036,-1.3921493756836314,-0.7735840379499054
2023-05-25,-0.10896019036144415,-0.21772111065902544,-0.2228394390530019,-0.2934807733969818
2023-05-26,0.3504967914845677,0.11987401366588533,0.011686111070312415,0.7783344361433872
2023-05-29,0.27821185346127786,-0.8058303091942776,-0.44268760591411455,-0.1628505501634991
2023-05-30,0.0856390243569465,0.43758863536203907,0.09932623224440901,0.5981913295956034
2023-05-31,-0.6113163542822518,-0.6988774441451694,-1.0269474992924637,-0.22313787892887
2023-06-01,0.0021843633907811123,0.38881681920001715,0.21905468162677316,0.060499569587495826
2023-06-02,0.7907169735754181,1.4855107176301265,1.433383519976684,0.8844577706167913
2023-06-05,0.07334611803303044,-0.47384015580644223,-0.4562638980618588,-0.13292545266588032
2023-06-06,-1.154377156357186,-1.5896627166831712,-0.9432392560504993,-1.8822577581820907
2023-06-07,0.07570662481692486,-0.6017073148684094,-0.49542714035985197,0.05998113864970643
2023-06-08,0.49381275918499473,0.13111427062238895,0.8108298151913299,-0.3490293976929451
2023-06-09,0.5529882206571993,0.660509539950656,0.4312462523771967,0.7253034327185107
2023-06-12,-0.07987319781197043,0.7366769102137443,0.2012725369720248,0.3012308203806858
2023-06-13,0.14978726204806395,0.7532892233406104,0.5313048374202874,0.2705491740778354
2023-06-14,-0.1448320294763072,0.26070499877690456,-0.02303035488569539,0.0006618067987540267
2023-06-15,0.7402104464087899,1.7898752330632877,1.5785639335860209,0.8686402982855933
2023-06-16,0.6236316066412314,1.0991032173327684,0.9595895584031557,0.8362768647121392
2023-06-19,-0.5366722738517046,-0.2876810285694433,-0.8218676000249493,-0.2708605259255397
2023-06-20,-0.4756657886323413,0.2772440370316288,-0.16982493276517113,-0.0859882459576847
2023-06-21,-1.3190090363571398,-2.2064946382405646,-1.5462021617016137,-2.232665926940382
2023-06-26,-1.4895085512605508,-1.699284833348166,-1.4160234414327069,-1.7481679224688356
2023-06-27,1.2246093930164428,0.968228711589694,0.9334984373806601,1.030340259058852
2023-06-28,-0.0018812256812932979,-0.4725999921348154,-0.12047520201733976,-0.09570819321513212
2023-06-29,-0.21971960074268024,-0.09907600085597705,-0.49486961917936234,-0.029117496033766763
2023-06-30,0.616500815481831,1.0125831148499815,0.5378201941408667,0.9741008451418043
2023-07-03,1.300661831851499,0.5874830115758307,1.303905961212653,0.7238609005525256
2023-07-04,0.0422231577174656,0.3486660364721583,0.1573431161031017,0.21409266400494636
2023-07-05,-0.6926113366999634,-0.9115751132520228,-0.777570854155971,-0.5703853133195458
2023-07-06,-0.5407167542628238,-0.5539691778190917,-0.6758710092901999,-0.5374149962420414
2023-07-07,-0.2799048402227846,-0.7303897790323183,-0.4446799052111014,-0.45087338810315586
2023-07-10,0.22155185921051293,0.4972668869342138,0.4857878427439454,0.37954521955758963
2023-07-11,0.5500343046428763,0.7814705216143957,0.6523379913585773,0.7483276705032418
2023-07-12,-0.7866031988306402,-0.9970950033741703,-0.6754916498050665,-1.108081537810772
2023-07-13,1.254561654783198,1.600601064879552,1.4203543930102216,1.3537479213482742
2023-07-14,0.03768817099432818,-0.13636513330797206,0.01744144296452604,-0.22427290514996975
2023-07-17,-0.8707535478450397,-0.6333914020800071,-0.8222783887206436,-0.29610067460640643
2023-07-18,-0.36863380514633914,-0.34025830569200416,-0.3167530694474144,-0.18128115271315903
2023-07-19,0.031891643721730284,-0.36803399220174177,-0.1056345894452308,-0.13988919524041407
2023-07-20,-0.9208087220942417,-1.0702242761993142,-0.7083171839936657,-1.139883588657443
2023-07-21,-0.0558600168850281,-0.05631992454587988,-0.04656272973109448,0.0025314084505019523
2023-07-24,-0.113393916991048,-0.5788130717758742,-0.43764893582617026,-0.15064593124222891
2023-07-25,2.106499725097103,2.5128704721329833,2.8472172012146744,1.674675073922801
2023-07-26,-0.2630703889915092,-0.47575676576325515,-0.2073604735787446,-0.25111989479172186
2023-07-27,-0.19752479363480563,-0.41301402762300304,-0.11934398089223529,-0.6747654903784066
2023-07-28,1.8255135289488693,1.6039994874003476,2.2898776242357535,1.3671843906262124
2023-07-31,0.46018260065494293,0.7494994543732816,0.5467476719656432,0.741874963182294
2023-08-01,-0.00273473523981718,-0.3643999635859895,-0.4150952653115663,0.17461061683723053
2023-08-02,-0.893081093412902,-0.35123257303762856,-0.7053330613231962,-0.35183022312993234
2023-08-03,0.5738190504045947,0.5322548736824703,0.8797681285074521,0.3487148485099876
2023-08-04,0.23201513329505877,0.6663870084687081,0.3887584080686607,0.4885818057113049
2023-08-07,-0.5871685079196818,-0.8312573079800968,-0.7597346650639252,-0.619186889980992
2023-08-08,-0.2514761373985991,-0.4188199696123106,-0.2614846380914264,-0.4052048716678599
2023-08-09,-0.4959188409670611,-0.5330238160756685,-0.3060161184162129,-0.7337979707799958
2023-08-10,0.30989169367080865,0.0975116500462826,0.20520471643112048,0.16526378760796473
2023-08-11,-2.0271310435777505,-2.2083243920616775,-2.3275948789359626,-1.9818045928204107
2023-08-14,-0.33984152512533994,-0.49833135109438753,-0.7322878763024829,0.05832555120271783
2023-08-15,-0.07081473431182181,-0.7036227522667002,-0.24329933000819784,-0.6276415966076878
2023-08-16,-0.8235495014655713,-0.9423714649953813,-0.736088867112941,-0.7950182743398808
2023-08-17,0.43111502389608025,0.6121368072838398,0.3338813967311588,0.7027954424841307
2023-08-18,-1.0099058305171182,-1.7629204665047866,-1.2370317033416895,-1.6574130534376619
2023-08-21,-1.2520786293029713,-1.3294451034401087,-1.4491386958514523,-1.1667370601165346
2023-08-22,0.8803737990994552,0.5251491644703143,0.7657837654772873,0.5288245481310909
2023-08-23,-1.3528783969739173,-2.16432113612448,-1.6526508086723197,-1.9623234010755042
2023-08-24,0.12466238888499356,1.0151595427245548,0.722369267609935,0.410737164466031
2023-08-25,-0.5912507807717615,-1.2333711722386553,-0.3842546617874608,-1.2722401142021798
2023-08-28,1.1219207982053034,1.008473642975653,1.1651522837660593,1.1212240022003468
2023-08-29,1.194971978991751,2.1445969463346652,0.9940779724803797,2.21096994686065
2023-08-30,0.03985314964362392,0.262878014431954,-0.042224046693762465,0.08366918422154043
2023-08-31,-0.5517017295523904,-0.6151963523088757,-0.6153230124916033,-0.6209554845362926
2023-09-01,0.4276264966229137,0.4360710771655566,0.6939509848802037,0.1984300315151229
2023-09-04,1.3885436340816446,1.4044988098604398,1.5041302153315113,1.3640288235028886
2023-09-05,-0.7167447839237072,-0.6716032136639632,-0.7466195086607769,-0.7069794967031945
2023-09-06,0.11754549904313344,-0.2422122848746776,-0.21723330979485145,0.028845099426272114
2023-09-07,-1.1378324568536629,-1.8599495221514117,-1.4149895949708458,-1.5258172930479768
2023-09-08,-0.18047566474313362,-0.38401625189951655,-0.49290220697804954,0.10375662992704855
2023-09-11,0.8326591761675181,0.9727015861977608,0.7339330956183948,1.1514188870785993
2023-09-12,-0.18217029675491797,-0.08084265656222353,-0.18437494430212753,-0.0658256026456917
2023-09-13,-0.4469563184738609,-1.1451487389452402,-0.6389031036526087,-0.9668959993085664
2023-09-14,0.11136678260995482,-0.569880672775715,-0.08406781608238602,-0.23297580058295858
2023-09-15,-0.2821779848712597,-0.5210859399134367,-0.6645828372941821,0.04488566504388021
2023-09-18,0.26234585419567474,0.5451083387095876,0.5091122529052906,0.26312234256615374
2023-09-19,-0.03103558078243829,-0.7311932692119776,-0.19360362428194944,-0.5573496644481862
2023-09-20,-0.5258669732944637,-0.5274742292300614,-0.39885916288657497,-0.650682122994129
2023-09-21,-0.7708405477301009,-0.905455587291611,-0.9013184938534738,-0.694138327333131
2023-09-22,1.5354653273488919,1.9550820365989592,1.79431829486363,1.5366228894444698
2023-09-25,-0.538410145654069,-0.5726304554975408,-0.6528473465310141,-0.5659256948729116
2023-09-26,-0.4290858127658995,-0.5992851707629875,-0.5861651426068737,-0.353742995924415
2023-09-27,0.16265167630514607,0.4380980074969586,0.20585963103484972,0.48935704050364315
2023-09-28,0.101643676929488,0.051548815444574854,-0.2971577365067408,0.2889544751811698
2023-10-09,-0.4368985910196159,-0.025424789504467943,-0.12991153469638045,-0.5760952063185754
2023-10-10,-0.7025122214316716,-0.5647680834915461,-0.7518566144329117,-0.49094526984995657
2023-10-11,0.1208930633736099,0.34616494619717764,0.2845177408210889,-0.010301807443459082
2023-10-12,0.9355379328541111,0.8255459068653098,0.9451991893926058,0.7406176261631713
2023-10-13,-0.6391241897711317,-0.9903835354962311,-1.0581448456261024,-0.6768700289667507
2023-10-16,-0.4638180570003012,-1.4341121684961413,-1.0098837407111694,-0.9400776380494731
2023-10-17,0.3147480961526287,0.15403871329686594,0.35232626592171296,0.26252675911180146
2023-10-18,-0.8072056997607481,-1.2506173557477431,-0.7950408637481041,-1.272326186800188
2023-10-19,-1.7585915191963457,-1.6597742230798636,-2.1568222954081113,-1.1024233856317158
2023-10-20,-0.7457723950295794,-0.8814415119861,-0.6516086785314904,-0.7413904657319879
2023-10-23,-1.478156372259198,-1.5201115603702768,-1.0408364458778017,-2.489208230216582
2023-10-24,0.7777683309757808,0.6125917364842883,0.3703298267889224,1.1591565507477264
2023-10-25,0.3999095679839487,0.4671743134684374,0.49573946674452357,0.4472411936277998
2023-10-26,0.4759829260543899,0.39582316855943844,0.27583866120539413,0.4256182567294311
2023-10-27,0.9816797893937184,2.117684094730909,1.3636838316337643,1.7097164593558387
2023-10-30,0.1248483023678108,1.595560080865528,0.5983651021218901,0.9849315291520571
2023-10-31,-0.09204810991099495,-0.6486550743298306,-0.31468889680752543,-0.3277764810184705
2023-11-01,0.14267155692677258,-0.3765266226537773,-0.041436039307563004,-0.3310322359133977
2023-11-02,-0.4532132966233329,-0.9402211226106886,-0.47268803925279607,-0.9211126421691123
2023-11-03,0.7082564816449066,1.216228862632428,0.8391367657148254,0.9281904701499772
2023-11-06,0.9068562003133933,2.1849309243189645,1.3432841328851535,1.7039804411037858
2023-11-07,-0.03728121854655443,-0.14974130942527408,-0.35436728813098056,0.10770175503648971
2023-11-08,-0.1604022839511464,-0.04376241455361131,-0.2403597978023452,-0.05490626853759035
2023-11-09,0.029808456322861252,-0.19916179411759383,0.04872714281269103,-0.2849981572057315
2023-11-10,-0.46977803988480515,-0.5352168105790712,-0.7317390400598794,-0.339628240435004
2023-11-13,0.24845958061379295,0.10306816482016494,-0.19760259852245662,0.5809294185468868
2023-11-14,0.3126538777346815,0.1673469798715081,0.0740071555407503,0.4446382052735086
2023-11-15,0.5469184283326427,0.7209922725738069,0.7007655278234348,0.6032685356052314
2023-11-16,-0.7152498910378488,-1.233619672976872,-0.9719267384748816,-0.9803182647263431
2023-11-17,0.11268898707786279,0.2537363237401927,-0.1201608451082387,0.39249995677632965
2023-11-20,0.45568284982382706,0.4300492719760866,0.230950540689902,0.5021624748935124
2023-11-21,-0.01271134652353837,-0.25584697911175414,0.13272996713465235,-0.3307718807100478
2023-11-22,-0.7958756180137435,-1.4248141202439313,-1.0287102558568328,-1.2159971770429439
2023-11-23,0.5978263542035601,0.7818651278686942,0.4812884152829513,0.8947986128889162
2023-11-24,-0.6846030969093687,-0.9457631335026991,-0.6622997842679859,-0.9393095852193458
2023-11-27,-0.30530251768802186,-0.5498077807933311,-0.7395830844751727,-0.07021684002052864
2023-11-28,0.22569096520308696,0.48820043720154743,0.18718553042825953,0.44793008401228024
2023-11-29,-0.5564150429175894,-0.9099121153513696,-0.8623068404483208,-0.6849839655795218
2023-11-30,0.2637425182354877,-0.17944354732969056,0.22592861506749679,-0.1492109936082626
2023-12-01,0.06500245225423042,-0.06530405955390922,-0.38171266623113387,0.3927319139386763
2023-12-04,-0.2883783617292965,-0.6205062886920375,-0.6550487053838463,-0.14021289487230573
2023-12-05,-1.6883879716503074,-1.9872274582392233,-1.9223281025937622,-1.7906949572217743
2023-12-06,-0.11344453459715967,0.6618766601780698,0.15720079894752167,0.3913284096998574
2023-12-07,-0.09165749048631056,-0.14002928836768805,-0.24503463948441442,-0.012405408774111754
2023-12-08,0.11287500545605977,0.35661464994945247,0.2409164231421667,0.3069462376252609
2023-12-11,0.7341083127691027,0.8202675649385198,0.5863123949435874,1.2087459288156168
2023-12-12,0.4003421595555015,-0.07633243299370561,0.21471616794043794,0.023897159675768886
2023-12-13,-1.1613941198491196,-1.556318018900228,-1.682987044333519,-1.0596386384529546
2023-12-14,-0.32963633239400725,-0.620814618040444,-0.5251761290005352,-0.33064073974845526
2023-12-15,-0.5568043123719998,-0.3471734512983438,-0.3110478177555749,-0.7229132178403721
2023-12-18,-0.40045274648619683,-1.1352020034630588,-0.365167429222454,-1.1909627195493568
2023-12-19,0.05423668818427599,0.10716942895203108,0.1401684952480484,-0.10032383142104973
2023-12-20,-1.0379731548713664,-1.4191647662991822,-1.1020176247778877,-1.3206093980272633
2023-12-21,0.5703679207574064,1.071388590454646,1.0068925521500987,0.5535299936716859
2023-12-22,-0.13473925881642568,-0.3872634504820062,0.19075904466392657,-0.5083364231942125
2023-12-25,0.13816537127548517,0.37851301768109613,0.3057740374375773,0.06925716326235991
2023-12-26,-0.6851543470179385,-1.075632481118227,-0.6792347733311904,-1.079864659311622
2023-12-27,0.5411564615326417,0.37593394099111005,0.3473878124767249,0.5168921039267167
2023-12-28,1.3661102747516896,2.6761948104711717,2.3162391753022176,1.8235786768996616
2023-12-29,0.6823386447378182,0.8820171765873192,0.4841039889780537,0.8588634217131501
2024-01-02,-0.42612672086626846,-1.303407856607807,-1.3131178812654103,-0.36480463829713844
2024-01-03,0.1676355854132773,-0.7526109596907872,-0.23800207845000163,-0.1491093491795697
2024-01-04,-0.4356937451572317,-1.2467465954736574,-0.9293263520224628,-0.8567719877066365
2024-01-05,-0.8556140124250169,-1.0780343431342059,-0.5374359865903924,-1.3810257667920234
2024-01-08,-1.4317591812839598,-1.8680625772836517,-1.3015722272644799,-2.1852486422869655
2024-01-09,0.19755091802345937,0.2678656738201966,0.19578759051197483,0.25028157648306915
2024-01-10,-0.5389073769041169,-0.5468730012250922,-0.46791152752005455,-0.4366113798158845
2024-01-11,0.31052962405021584,1.4584717160038154,0.5641446315425622,1.2672175001147945
2024-01-12,-0.1619102289520139,-0.6384459701937445,-0.34955292863075976,-0.3390210763102681
2024-01-15,0.14943824758838486,-0.36001885191692534,-0.09900855176363177,-0.2477048195818115
2024-01-16,0.26642323744300966,0.3134330924186483,0.606522871828531,-0.0558567769754507
2024-01-17,-2.1081126597549384,-2.617457050582925,-2.19918326483518,-2.513998067784556
2024-01-18,0.42821490232367376,0.9909911188534513,1.4038155999019883,0.10702474240711578
2024-01-19,-0.4755154203343534,-0.6802785900455032,-0.15127185821186506,-0.9623896461642695
2024-01-22,-2.717832825950467,-3.561825024277004,-1.5683018072594705,-4.847368099710535
2024-01-23,0.529733550267956,1.3672169181644596,0.4039795722640306,1.7575356170429361
2024-01-24,1.7808849080318756,0.9944249456717251,1.3882454432001192,1.3870402707559488
2024-01-25,2.9805519826066305,1.9846236016480765,1.9882740109902182,2.787862625405008
2024-01-26,0.14132625501231483,-1.0658185696276914,-0.2725882881390535,-0.9126552046181777
2024-01-29,-0.92723989125076,-2.082283064750381,-0.8997044621056601,-1.9926324794801271
2024-01-30,-1.8492307515285356,-2.427093487829468,-1.799407231144153,-2.3180994672701374
2024-01-31,-1.4942225798660307,-1.9669302532616868,-0.919146027548952,-2.481421940598624
2024-02-01,-0.6407314937867674,0.33598113937840035,0.07337099625595145,-0.38930434173881845
2024-02-02,-1.475787979362149,-2.266998979221735,-1.1905088602160057,-2.499819090397852
2024-02-05,-1.0293997393843162,-1.1368071451209678,0.6517213371768122,-2.282145438042623
2024-02-06,3.1796228076633284,6.037355645853422,3.417658191538074,7.46372694766689
2024-02-07,1.4311915543682796,2.88756139890158,0.9598410059194127,6.1270922173302225
2024-02-08,1.2711737993073278,1.2820191059757495,0.6350117335176005,0.7926121925656856
2024-02-19,1.5456194016347151,0.922314531201275,1.1488231964163018,-0.1677058797643258
2024-02-20,0.41794800325120246,0.04076753074296967,0.20661346287058815,-0.012448261927512584
2024-02-21,0.961243013093063,0.7830290993484714,1.340202827692924,-0.03735408603746254
2024-02-22,1.2594200799192057,0.7522904868891108,0.8583570618452799,0.7231951235760289
2024-02-23,0.5512891804632921,0.28344036064066297,0.08801088806897493,0.4119901143163524
2024-02-26,-0.9314833561820595,-0.036723533415100505,-1.0479564730709583,-0.04329766635492973
2024-02-27,1.2836221303910071,2.21959126399611,1.1925617902502648,2.139226947429444
2024-02-28,-1.929636842397202,-2.429272793949404,-1.2823697521125328,-2.3590832719770116
2024-02-29,1.9193560268873269,3.0837909076781846,1.8897142170125163,3.0909776770694073
2024-03-01,0.3922423887063423,1.111750793697737,0.615833233463285,0.6015397820089128
2024-03-04,0.40518787518905913,0.036984071308047706,0.08673946355691949,0.18146583643817132
2024-03-05,0.2786221841558524,-0.22741939810857073,0.6934641475177583,-0.6887878525514272
2024-03-06,-0.2582248975822107,-0.22485119068336684,-0.4063766735502964,-0.032330617282464835
2024-03-07,-0.4130323490903383,-1.377416451409538,-0.6024786716629451,-1.3700649031182248
2024-03-08,0.6131655093267546,1.0939052008458605,0.42942241056892144,1.360718846679929
2024-03-11,0.7339986637265961,2.24255832516109,1.2433281327585766,1.6950265191160128
2024-03-12,-0.40885694731803807,0.5103050411818199,0.22903269482324262,-0.3190130062059315
2024-03-13,-0.39706467327631934,-0.26575822715288044,-0.7009938256912542,-0.15887326973523352
2024-03-14,-0.18414818605841496,-0.5174222325409735,-0.2842495795804467,-0.4104357707143199
2024-03-15,0.5386637062391767,0.5981809525752237,0.21788486525016887,1.1287950313241133
2024-03-18,0.9867220589592716,1.4467157007863818,0.9351125919878516,1.353070011944694
2024-03-19,-0.7212496435916609,-0.5772909142466768,-0.7213350573785656,-0.9127256237885293
2024-03-20,0.5512472342946636,0.21304155670315034,0.2163895631606829,0.2768961349467371
2024-03-21,-0.08380977621549142,-0.3593840530979665,-0.11972422998872967,-0.503320635811162
2024-03-22,-0.9495364511545427,-1.215201723378068,-1.0129063360897992,-1.4978529687522422
2024-03-25,-0.71514247040915,-1.5057027688429785,-0.5442144121930842,-1.6821692395299217
2024-03-26,0.17068935222998785,0.28423019510182584,0.5089472631765158,-0.19528948458232806
2024-03-27,-1.2727945527024467,-2.4311524656828833,-1.1625694691037878,-2.446990717658358
2024-03-28,0.5836320240986583,1.2975939644620165,0.5173885896523501,1.29340591522936
2024-03-29,1.0082985968511422,0.6181273505776926,0.4680929543715572,1.1865063642679219
2024-04-01,1.1836275831036616,2.5854131584165407,1.6310172262265472,2.153276962059654
2024-04-02,-0.07866925835726474,-0.6251443618485705,-0.4172054995807696,-0.37078814003334054
2024-04-03,-0.18423704729264478,-0.440943818356456,-0.3603567174553876,-0.12328199385288716
2024-04-08,-0.7275613118734128,-1.5857239940297856,-0.8837071055096741,-1.4243405211962656
2024-04-09,0.04888780346696395,0.577067861060238,-0.08260371903522452,0.832782929546501
2024-04-10,-0.6981744558816494,-1.61117779134417,-0.8178272970448205,-1.2700801804306423
2024-04-11,0.22832340763478323,0.030217117205121314,-0.013411423985187746,0.49804967718954424
2024-04-12,-0.48829577076431846,-0.7829928285944625,-0.8137487454992389,-0.4648827782084757
2024-04-15,1.2477020760855688,1.521381451718391,2.0852238547016606,1.177377323156018
2024-04-16,-1.659215730647617,-2.317325446972684,-1.0756188170404488,-2.8140913297642873
2024-04-17,2.116078924870339,2.446062038471688,1.5344022734723433,2.8146531553979406
2024-04-18,0.09242385453541511,-0.052882468881890826,0.12333222776462956,0.18878185218724172
2024-04-19,-0.2918816043448584,-1.0436264438317728,-0.7914028025612401,-0.6558101501947409
2024-04-22,-0.6762864858662658,-0.4354547720949578,-0.3042747831512267,-0.8937498365486682
2024-04-23,-0.7457283948054991,-0.6079613651278425,-0.7014261853612999,-1.132330717079338
2024-04-24,0.7529540419146191,0.7376512147681556,0.4382576908111354,1.0461059690345016
2024-04-25,0.265017243464699,0.14420267345637014,0.2456076902202081,-0.07032629790018946
2024-04-26,1.163890602566547,2.129788394994937,1.5177639183741292,2.121707286887899
2024-04-29,0.7868876143969867,2.1931448417465353,1.0998726338679585,1.9606899083851814
2024-04-30,-0.2643998027825085,-0.8996534360725346,-0.5401006447231014,-0.6840917807498552
2024-05-06,1.1496330307573213,1.9838172721406213,1.4731197631176092,1.5946021188727704
2024-05-07,0.22326620241190664,-0.08460293648161263,0.030887440127803756,-0.027497178094480663
2024-05-08,-0.6137471426429685,-1.3613979832003844,-0.7899366519597822,-1.2437989407597434
2024-05-09,0.8225678263897686,1.5365602677928076,0.9415021060336416,1.779534646524516
2024-05-10,0.0072913215869721765,-0.5822968186643179,0.04692504628560264,-0.38531732636495036
2024-05-13,-0.20721713004675774,-0.5969748555200549,-0.04337761646634555,-0.5459832088327805
2024-05-14,-0.0714990521085789,-0.0474613609846021,-0.20869363765652016,-0.08213702079080716
2024-05-15,-0.8257743228355315,-0.8849923257268969,-0.8510152127695254,-0.9880051869752845
2024-05-16,0.08009868585816746,0.214617073393592,0.3935918501998373,-0.40455086895428993
2024-05-17,1.007906334247735,1.0903333990331947,1.0278391684853225,1.2315390488607147
2024-05-20,0.5413297900368415,0.42548357530529846,0.3525617275628353,0.5739258758338629
2024-05-21,-0.4164882022129778,-0.7118009847962743,-0.40178577001371935,-0.8105541264002503
2024-05-22,0.01804794107972085,0.11757596693977004,0.2252531653006578,-0.18817052700884257
2024-05-23,-1.3434614877065814,-1.5743755416307519,-1.164594175356123,-1.9629618405098717
2024-05-24,-0.8869952404954582,-1.2344208435636626,-1.1130446926792361,-0.91535105980777
2024-05-27,1.132170775901788,0.8786085497881975,0.9459543068441859,1.0841655232838991
2024-05-28,-0.46425830265327356,-1.2350147449886903,-0.7326586146257605,-1.0337401996721007
2024-05-29,0.04661937296177149,0.25449297821552874,0.12045375132963601,0.22885196996521115
2024-05-30,-0.6236014211310745,-0.32192030865071913,-0.5330327014780599,-0.36946653704531457
2024-05-31,-0.1576437287608608,-0.21697049969774757,-0.40115857166463637,-0.0022604829899630476
2024-06-03,-0.2698978168320984,0.06533268660046176,0.24634986589266786,-0.6514484027004911
2024-06-04,0.4120148007438091,1.0490642298019266,0.7473224850302389,1.2788394352287429
2024-06-05,-0.8381298453391494,-0.8027428035808227,-0.5791602301154447,-1.2054884779511013
2024-06-06,-0.5433275989544143,-0.5722347977818582,-0.07068278751056671,-0.9354063830622295
2024-06-07,0.08163841196233837,-0.9069905779649093,-0.5062553023615339,-0.379774699635142
2024-06-11,-0.7642326724340095,0.07203790347511872,-0.8776238395848744,0.1628550825336785
2024-06-12,0.3106084086274186,0.08191109058158971,0.03499365070278358,0.29625625232362696
2024-06-13,-0.281881173525269,-0.6895392055295865,-0.5088939945367309,-0.7357473199454592
2024-06-14,0.12241094978245406,0.49852501791239373,0.43578848931562114,0.3555070771659761
2024-06-17,-0.553525250521178,0.31294708142372285,-0.15061329006798102,-0.11439299074157096
2024-06-18,0.4750147036440782,0.4002216128162952,0.2651873467831751,0.45525954228319054
2024-06-19,-0.40341968969745895,-1.0724287329078839,-0.4760877144121661,-1.1937013058935761
2024-06-20,-0.41869475741338824,-1.6428700334476645,-0.7244028077266698,-1.4469155978417982
2024-06-21,-0.24318835087458532,-0.04422707198992132,-0.21889162749807273,0.15220314993879988
2024-06-24,-1.1756078788575834,-1.5639867605365718,-0.5395549509415396,-2.1678392024683037
2024-06-25,-0.44308472483257655,-0.8313099297766466,-0.5453738330917991,-0.8908135524096652
2024-06-26,0.7608271694860611,1.5362242825664922,0.6445535246229305,1.4404816809183267
2024-06-27,-0.9016041799384391,-1.5428909530021195,-0.7539282190488492,-1.8572215122129259
2024-06-28,0.7288748287351589,-0.011300456550470295,0.2180521354791317,0.29845536665160805
2024-07-01,0.9167928718660975,0.5687458387602106,0.4760925670932921,1.2141786856046344
2024-07-02,0.0761047745745576,-0.9767555229826228,-0.183885737653354,-1.078719224884821
2024-07-03,-0.489348552089689,-0.594546823088872,-0.24166582300242262,-0.7821223594244251
2024-07-04,-0.8353654248705721,-0.9934544081474487,-0.5094652672234885,-1.568358602164812
2024-07-05,-0.2586543972723997,0.25009541297540877,-0.42897488593068317,0.6547963969411604
2024-07-08,-0.9359135678767557,-1.5483432601218194,-0.857630658842843,-1.712809285551703
2024-07-09,1.2554102267075398,1.667758335896098,1.1123292553874995,1.9312190053889682
2024-07-10,-0.6784537266454158,-0.10021169408024419,-0.31563127656688994,-0.673591641063857
2024-07-11,1.0501386746616843,1.9711947376865693,1.1367152788592205,1.9536818137088456
2024-07-12,0.030631015994284177,-0.18370120103343815,0.12189202107989584,-0.41322330936017415
2024-07-15,0.09116430220421577,-0.5942574282727014,0.11081290305216282,-0.7234359723730405
2024-07-16,0.07697078347377509,0.8530119646450118,0.6317292567306713,0.29563741981662656
2024-07-17,-0.45292753990532914,-0.4728963384157866,0.09428760702296697,-0.8565968723505171
2024-07-18,0.48081062597092006,0.4989151994207881,0.5510864056011773,0.4337260645766738
2024-07-19,0.17384188126868944,0.26880285392856423,0.5124693401702667,-0.11569540580804397
2024-07-22,-0.6084239314205968,-0.37596292536917625,-0.6833087259370552,-0.12466588799060847
2024-07-23,-1.6617187279300762,-3.012747600640734,-2.158017834599193,-2.986629014999075
2024-07-24,-0.46138166049978413,-1.327295785528273,-0.6331266911232855,-1.1658276238676202
2024-07-25,-0.5255087076070118,-0.21688147211101996,-0.5544617457537774,-0.05592751425845954
2024-07-26,0.1440034588130289,1.4347824926789905,0.2943355785625811,1.5088838179859425
2024-07-29,0.032856340272229556,-0.9644870001055369,-0.5455871816472297,-0.583153765515972
2024-07-30,-0.4349226681939995,-0.5425365257873116,-0.6319435478874208,-0.2032287702620236
2024-07-31,2.0437111822631753,3.3158175652492896,2.1347188642802837,3.904857704484379
2024-08-01,-0.21665306866275597,-0.92393960565992,-0.6648861821877121,-0.6866993875759804
2024-08-02,-0.9267367143319063,-1.3935222220227408,-1.0253394667999802,-1.3348618955502811
2024-08-05,-1.5484072913357638,-1.8704155015507022,-1.220935806847049,-1.9989128475092246
2024-08-06,0.22974950661031954,0.816308789850937,-0.010170049213856924,1.2055673861667366
2024-08-07,0.0888949372741285,-0.16885983446447989,-0.04458094732051419,0.02441406262126596
2024-08-08,0.0024391391233980447,-0.03989159482558712,0.043384402940678385,0.08140727750995594
2024-08-09,-0.2690119886327037,-0.623639558495914,-0.3388985605011556,-0.7492553086242427
2024-08-12,-0.139501000703198,-0.24130500038215558,-0.17333864398520754,-0.13037300179242634
2024-08-13,0.34054327681035074,0.4260348498787146,0.2561466810962599,0.3743387814047309
2024-08-14,-0.6050450381711753,-1.1748784382640147,-0.7571198317615975,-1.378266741914199
2024-08-15,0.9326168633421774,0.7088282745284795,0.983591318571077,0.6686302665007506
2024-08-16,0.07191508077290153,-0.2422251436881379,0.11005476933171371,-0.5977329628761774
2024-08-19,0.4933234788818703,0.08415750518998791,0.3383764754011574,0.26899498116310067
2024-08-20,-0.9378003674665554,-1.2526526292519877,-0.725599513382585,-1.7437224052632456
2024-08-21,-0.3522483915624014,-0.28053810817915026,-0.33241494075705047,-0.3240788416772887
2024-08-22,-0.27377829154360317,-0.8244347398160409,-0.25622566687428167,-1.1786783885833954
2024-08-23,0.1963831082442834,0.24155517401867743,0.42317237145368747,0.08202451052248864
2024-08-26,0.040280986693241067,0.1554660415947908,-0.08930437899297226,0.16010662510944942
2024-08-27,-0.23806821955361596,-1.115335081194201,-0.5698743088774852,-1.0856721661260504
2024-08-28,-0.39745680303349173,-0.3082329238691237,-0.5713148311674305,0.10494370244873086
2024-08-29,-0.5059598748094908,0.9316741922997975,-0.2687313665352158,1.2782372139666183
2024-08-30,0.6742804419070729,2.3516922176849713,1.3259558029344751,1.766054635968619
2024-09-02,-1.1027396936065958,-2.134011223519832,-1.713258757464595,-2.0081254027805957
2024-09-03,-0.28713846896841316,1.1659315084072446,0.25755393196043735,1.084950970789813
2024-09-04,-0.6693824817403329,-0.506964404621739,-0.651897386318018,-0.31377496719671377
2024-09-05,0.14463654073076126,0.2842942209408074,0.17204516741562997,0.41401884435216574
2024-09-06,-0.8102137902516537,-1.4516357354104523,-0.8139836070062647,-1.3928051700516169
2024-09-09,-1.0657462340093529,-0.8336448584375082,-1.1954752215940256,-0.6691280781346575
2024-09-10,0.2809872156813556,0.13087855323903158,0.08796768615906063,0.011536456324019496
2024-09-11,-0.8192523304950402,0.39000717576553384,-0.30179170462126975,0.15982039681737353
2024-09-12,-0.17209303152187239,-0.6329377884705011,-0.42965498738764135,-0.4068136256789244
2024-09-13,-0.4807054178376024,-0.8815486147721877,-0.41758066402663946,-1.0199528491003564
2024-09-18,0.4865938323837004,0.10891474430108222,0.3715491473897186,0.26722535851326773
2024-09-19,0.6872929700784398,1.185970237272413,0.7862394339713518,1.28062164738836
2024-09-20,0.028869890184304393,-0.15418180912802032,0.1566337514182197,-0.48787183270432666
2024-09-23,0.4415098691250562,0.10198954748653628,0.3651499814064667,-0.08228549526458345
2024-09-24,4.070732473273714,4.2662598211928495,4.239995181886283,4.245059094637957
2024-09-25,1.152208099260561,1.202246439822878,1.4694997785106794,0.8890758993398634
2024-09-26,3.5491392212926276,4.3425151008529195,4.140309349077582,4.275879229560017
2024-09-27,2.844251329961032,6.4934471516496854,4.369849607002582,5.198288561118779
2024-09-30,7.755093485544415,10.135074683357267,8.142001372663064,9.904030077855662
2024-10-08,4.491634361659717,8.77153237484917,5.760631431399972,6.933895887503319
2024-10-09,-6.846125600798161,-8.505498720488836,-7.312488986795551,-7.065964770681009
2024-10-10,1.3129705029921133,-0.8248698981831328,1.0513350299567317,-0.7834446347926787
2024-10-11,-2.582789621917442,-3.9976450810722346,-2.8060321993123116,-3.9438207563709797
2024-10-14,2.0480379205845383,2.6159836742003324,1.890096542347296,2.479421096832634
2024-10-15,-2.5605775414102996,-2.558549128624944,-2.6954568481933645,-2.4474382612907966
2024-10-16,0.05184065672668779,-1.013410538282372,-0.6347922736516505,-0.20981107329471632
2024-10-17,-1.053627497588655,-0.7378873352411204,-1.138360886856276,-0.7738952308939868
2024-10-18,2.8669623364146486,4.602618619457186,3.552869646478686,3.9978160379618854
2024-10-21,0.20062276338472187,1.087266257128983,0.2536758255344834,1.1320393276735514
2024-10-22,0.5419620893249181,0.8425939585599661,0.5721555508458945,0.8661191088162754
2024-10-23,0.5139136505884754,0.1599173691195734,0.3891070211426586,0.39079929323075946
2024-10-24,-0.6847906013966282,-1.281385644943096,-1.123266058576962,-0.86377403073481
2024-10-25,0.5908867701873383,1.6912698492113587,0.6997904338259253,1.438776456522195
2024-10-28,0.6795658825795862,0.6199288219928174,0.19544029512234412,1.266200177312782
2024-10-29,-1.0831430484134075,-1.343074714633765,-1.0016803638798881,-1.2173282740700746
2024-10-30,-0.6156307357708789,-0.11843878584015745,-0.9009415824495185,0.4360349761885756
2024-10-31,0.41490666084202504,0.5716311364227473,0.04087146239205566,1.0794689127975956
2024-11-01,-0.23840678708674976,-1.2897200254957832,-0.026217507790524022,-1.1841841047822788
2024-11-04,1.1607156514691257,1.9661027471114427,1.3973816940008517,1.6511254951932803
2024-11-05,2.292998988072693,3.173679973397834,2.498712483534458,3.040875849076015
2024-11-06,-0.09393277703725034,-0.3531276365717604,-0.5029227899007868,0.22585842302649994
2024-11-07,2.534248400622372,2.412108266103764,2.972563961375354,1.8401939369202636
2024-11-08,-0.5304102015389851,-0.6627514143859201,-1.0097361465290724,-0.2745947202915877
2024-11-11,0.5134091079531247,2.0121945748965455,0.6576686267230706,1.723445777541819
2024-11-12,-1.3958358037426373,-0.6528667163406314,-1.1048114840369712,-1.0598376230300113
2024-11-13,0.504573852440319,0.39543576529690583,0.6136687620839837,-0.06451757369436226
2024-11-14,-1.7433776056560473,-2.8711977668064286,-1.7488921934567014,-2.9427928866363655
2024-11-15,-1.4636871909826845,-2.6513997642001415,-1.767928720723438,-2.5633777356918133
2024-11-18,-0.20677495653631106,-1.9251061458027265,-0.4659564118511054,-1.555461417395056
2024-11-19,0.6644841582135715,1.8773692505580544,0.6688329986048932,1.7598273641437425
2024-11-20,0.6547536051209912,0.7727995818288274,0.22304113653737645,0.9353751955100581
2024-11-21,0.0715304428137626,-0.06753801117533109,0.08852587451981715,-0.11821970536209246
2024-11-22,-3.1101143423924036,-3.5863213209965688,-3.147299872513023,-4.006480170064481
2024-11-25,-0.10503832720694724,-0.1745030463089557,-0.45658568856641046,-0.25422488204409427
2024-11-26,-0.1226331950019782,-0.841202334373016,-0.20576808022987977,-0.7906480200550344
2024-11-27,1.5228148886604491,2.2285847249817077,1.7260813553785603,1.9914676075140976
2024-11-28,-0.4263133436029966,-1.2720995368574355,-0.8866849273446841,-0.8188557967668658
2024-11-29,0.929008698974401,1.7029283054843782,1.1305619236287696,1.6252508988869065
2024-12-02,1.1216121312842957,1.3555820646835048,0.7896574823334483,1.5545145158062064
2024-12-03,0.43987797076451596,-0.40027757049314405,0.10785466491528616,-0.19367220223084633
2024-12-04,-0.4199630697455982,-1.0279864178329685,-0.5412036121558522,-0.8949048792615405
2024-12-05,0.12504624032882067,0.28702611696239877,-0.22847255597327065,0.38569776349459933
2024-12-06,1.0400303994302642,1.4641467986847232,1.3059530258288314,1.2997197570671497
2024-12-09,-0.04554396466940285,-0.5545709515798133,-0.16549726626202382,-0.538139247465218
2024-12-10,0.5898753988996361,0.7512019967187256,0.7302025233333191,0.7534878854391112
2024-12-11,0.2867918787367393,0.3309176188165607,-0.1705811820022658,0.9140205835235677
2024-12-12,0.8416075808675606,0.997093865161775,0.9896143417275229,0.8772231597720037
2024-12-13,-2.031768119057045,-2.2525894537839193,-2.394583924231057,-1.8546807983378044
2024-12-16,-0.1637600853412125,-1.307389931911852,-0.5440407452152504,-1.2720228584136934
2024-12-17,-0.7362411031843745,-0.34569116933474936,0.26015253628419177,-1.095858513993462
2024-12-18,0.6145013924390937,0.4435256327321422,0.5050926820749081,0.6894592941750082
2024-12-19,-0.3607695582709317,0.6099871503853082,0.09052470712706606,0.22560469055931504
2024-12-20,-0.05817663897183081,-0.02263373045939795,-0.4501353940071771,0.25822623515450654
2024-12-23,-0.5003485487291616,-1.0311637524634636,0.14832136294832401,-1.6808894244087904
2024-12-24,1.2534283028045392,1.263924358627691,1.2661114964996218,1.3097548381478281
2024-12-25,-0.005304351927317032,-0.6423665760040864,0.04868671450816844,-0.9368185049118153
2024-12-26,0.13929321997828648,0.6661656147851599,0.046405982940164854,0.7976268801059828
2024-12-27,0.060604101163267234,-0.13115247767381416,-0.161887263959057,0.20549411069512302
2024-12-30,0.21123861503867694,0.10482328674143972,0.4516253127486869,-0.004916066639117479
2024-12-31,-1.6443412384206453,-2.43351474102868,-1.616882296904227,-2.979245015459979
