date,usdcny_mid,usdcny_chg,fx_ret,shibor_1w,ib_7d,short_rate,short_rate_chg,ib_minus_shibor
1985-01-01,,,,,,,,
1987-01-01,,,,,,,,
1988-01-01,,,,,,,,
1994-01-01,8.7,,,,,,,
1994-01-03,8.7,0.0,0.0,,,,,
1994-01-04,8.7,0.0,0.0,,,,,
1994-01-05,8.7,0.0,0.0,,,,,
1994-01-06,8.7,0.0,0.0,,,,,
1994-01-07,8.69,-0.009999999999999787,-0.0011500863832373297,,,,,
1994-01-08,8.7,0.009999999999999787,0.00115008638323731,,,,,
1994-01-10,8.7,0.0,0.0,,,,,
1994-01-11,8.7,0.0,0.0,,,,,
1994-01-12,8.7,0.0,0.0,,,,,
1994-01-13,8.7,0.0,0.0,,,,,
1994-01-14,8.7,0.0,0.0,,,,,
1994-01-15,8.7,0.0,0.0,,,,,
1994-01-17,8.7,0.0,0.0,,,,,
1994-01-18,8.7,0.0,0.0,,,,,
1994-01-19,8.7,0.0,0.0,,,,,
1994-01-20,8.7,0.0,0.0,,,,,
1994-01-21,8.7,0.0,0.0,,,,,
1994-01-22,8.7,0.0,0.0,,,,,
1994-01-24,8.7,0.0,0.0,,,,,
1994-01-25,8.71,0.010000000000001563,0.0011487652038735803,,,,,
1994-01-26,8.7,-0.010000000000001563,-0.001148765203873593,,,,,
1994-01-27,8.7,0.0,0.0,,,,,
1994-01-28,8.7,0.0,0.0,,,,,
1994-01-29,8.7,0.0,0.0,,,,,
1994-01-31,8.7,0.0,0.0,,,,,
1994-02-01,8.6994,-0.0005999999999986017,-6.896789547185498e-05,,,,,
1994-02-02,8.701,0.0015999999999998238,0.0001839038188213061,,,,,
1994-02-03,8.7034,0.0023999999999997357,0.0002757923301248796,,,,,
1994-02-04,8.701,-0.0023999999999997357,-0.0002757923301247692,,,,,
1994-02-05,8.7005,-0.0005000000000006111,-5.746631039140463e-05,,,,,
1994-02-07,8.7005,0.0,0.0,,,,,
1994-02-08,8.7074,0.006899999999999906,0.0007927435660078576,,,,,
1994-02-09,8.7074,0.0,0.0,,,,,
1994-02-15,8.7074,0.0,0.0,,,,,
1994-02-16,8.7024,-0.004999999999999005,-0.000574389152944538,,,,,
1994-02-17,8.7065,0.004099999999999326,0.00047102345074095226,,,,,
1994-02-18,8.702,-0.0045000000000001705,-0.0005169888388119743,,,,,
1994-02-19,8.6988,-0.0031999999999996476,-0.0003677991857930281,,,,,
1994-02-21,8.6988,0.0,0.0,,,,,
1994-02-22,8.6995,0.000700000000000145,8.046763193847761e-05,,,,,
1994-02-23,8.6966,-0.0029000000000003467,-0.0003334080658152518,,,,,
1994-02-24,8.7022,0.005599999999999383,0.0006437225778072736,,,,,
1994-02-25,8.6947,-0.007500000000000284,-0.0008622226333016314,,,,,
1994-02-26,8.7044,0.009700000000000486,0.0011150003166761988,,,,,
1994-02-28,8.7044,0.0,0.0,,,,,
1994-03-01,8.702,-0.0023999999999997357,-0.0002757606415121653,,,,,
1994-03-02,8.705,0.0030000000000001137,0.0003446889216640609,,,,,
1994-03-03,8.706,0.0009999999999994458,0.000114869909953369,,,,,
1994-03-04,8.7062,0.00020000000000131024,2.297239866424643e-05,,,,,
1994-03-05,8.7066,0.00039999999999906777,4.594321419517797e-05,,,,,
1994-03-07,8.7066,0.0,0.0,,,,,
1994-03-08,8.705,-0.0015999999999998238,-0.00018378552281274956,,,,,
1994-03-09,8.7038,-0.001200000000000756,-0.00013786131173899356,,,,,
1994-03-10,8.7003,-0.0034999999999989484,-0.0004022040837711773,,,,,
1994-03-11,8.7038,0.0034999999999989484,0.00040220408377111036,,,,,
1994-03-12,8.7005,-0.0032999999999994145,-0.000379216634917305,,,,,
1994-03-14,8.7005,0.0,0.0,,,,,
1994-03-15,8.7,-0.0005000000000006111,-5.74696129580074e-05,,,,,
1994-03-16,8.7007,0.000700000000000145,8.045653340126117e-05,,,,,
1994-03-17,8.7002,-0.0004999999999988347,-5.746829188566557e-05,,,,,
1994-03-18,8.6991,-0.001100000000000989,-0.0001264418685196392,,,,,
1994-03-19,8.6992,9.999999999976694e-05,1.1495375985053454e-05,,,,,
1994-03-21,8.6992,0.0,0.0,,,,,
1994-03-22,8.6978,-0.0013999999999985135,-0.00016094729010986985,,,,,
1994-03-23,8.6993,0.0014999999999982805,0.00017244253395286538,,,,,
1994-03-24,8.7055,0.006200000000001538,0.0007124471711540965,,,,,
1994-03-25,8.7012,-0.004300000000000637,-0.0004940626411059248,,,,,
1994-03-26,8.7016,0.00039999999999906777,4.5969614092980554e-05,,,,,
1994-03-28,8.7016,0.0,0.0,,,,,
1994-03-29,8.7024,0.0008000000000016882,9.193288905588402e-05,,,,,
1994-03-30,8.7002,-0.002200000000000202,-0.00025283578450576783,,,,,
1994-03-31,8.708,0.007799999999999585,0.0008961294702475071,,,,,
1994-04-01,8.6987,-0.009299999999999642,-0.0010685541641897345,,,,,
1994-04-04,8.6988,9.999999999976694e-05,1.1495904584136479e-05,,,,,
1994-04-05,8.6967,-0.002100000000000435,-0.0002414417533502489,,,,,
1994-04-06,8.6999,0.0031999999999996476,0.00036788798225980215,,,,,
1994-04-07,8.6982,-0.0016999999999995907,-0.00019542363883524668,,,,,
1994-04-08,8.6999,0.0016999999999995907,0.00019542363883535285,,,,,
1994-04-11,8.7001,0.00020000000000131024,2.2988505748353384e-05,,,,,
1994-04-12,8.6991,-0.0010000000000012221,-0.00011494781381931822,,,,,
1994-04-13,8.6992,9.999999999976694e-05,1.1495375985053454e-05,,,,,
1994-04-14,8.6982,-0.0009999999999994458,-0.00011495970674933322,,,,,
1994-04-15,8.6971,-0.0010999999999992127,-0.00012647094346928688,,,,,
1994-04-18,8.6961,-0.0010000000000012221,-0.00011498746649295484,,,,,
1994-04-19,8.6952,-0.0008999999999996788,-0.00010350002596736806,,,,,
1994-04-20,8.6945,-0.000700000000000145,-8.050742685366832e-05,,,,,
1994-04-21,8.6937,-0.0007999999999999119,-9.201642499675161e-05,,,,,
1994-04-22,8.6925,-0.0011999999999989797,-0.0001380405151102508,,,,,
1994-04-25,8.6925,0.0,0.0,,,,,
1994-04-26,8.6909,-0.0016000000000016001,-0.00018408366654621732,,,,,
1994-04-27,8.6894,-0.0015000000000000568,-0.00017260921891151573,,,,,
1994-04-28,8.6877,-0.0016999999999995907,-0.00019565980577005522,,,,,
1994-04-29,8.6872,-0.0004999999999988347,-5.755428809793933e-05,,,,,
1994-05-03,8.6847,-0.002500000000001279,-0.000287821138420117,,,,,
1994-05-04,8.6784,-0.006299999999999528,-0.000725676898303706,,,,,
1994-05-05,8.6736,-0.004799999999999471,-0.0005532503598932167,,,,,
1994-05-06,8.6682,-0.005399999999999849,-0.0006227727426830938,,,,,
1994-05-09,8.6664,-0.001800000000001134,-0.00020767713203315532,,,,,
1994-05-10,8.6653,-0.0010999999999992127,-0.00012693503827971135,,,,,
1994-05-11,8.664,-0.001300000000000523,-0.00015003491225145638,,,,,
1994-05-12,8.6629,-0.0010999999999992127,-0.00012697020257256434,,,,,
1994-05-13,8.662,-0.0008999999999996788,-0.00010389670368186657,,,,,
1994-05-16,8.661,-0.0010000000000012221,-0.00011545344352729586,,,,,
1994-05-17,8.6606,-0.00039999999999906777,-4.618510992871503e-05,,,,,
1994-05-18,8.6607,9.999999999976694e-05,1.1546477458451164e-05,,,,,
1994-05-19,8.6605,-0.00019999999999953388,-2.3093088239714035e-05,,,,,
1994-05-20,8.6604,-0.0001000000000015433,-1.1546744107134316e-05,,,,,
1994-05-23,8.6602,-0.00019999999999953388,-2.309388820340895e-05,,,,,
1994-05-24,8.6604,0.00019999999999953388,2.30938882034519e-05,,,,,
1994-05-25,8.6602,-0.00019999999999953388,-2.309388820340895e-05,,,,,
1994-05-26,8.6602,0.0,0.0,,,,,
1994-05-27,8.66,-0.00019999999999953388,-2.3094421543441168e-05,,,,,
1994-05-30,8.6598,-0.00019999999999953388,-2.3094954908121193e-05,,,,,
1994-05-31,8.6597,-9.999999999976694e-05,-1.1547677473416026e-05,,,,,
1994-06-01,8.6596,-0.0001000000000015433,-1.154781082406545e-05,,,,,
1994-06-02,8.6594,-0.00019999999999953388,-2.3096021711202606e-05,,,,,
1994-06-03,8.6591,-0.0002999999999993008,-3.464503277178073e-05,,,,,
1994-06-06,8.6591,0.0,0.0,,,,,
1994-06-07,8.659,-9.999999999976694e-05,-1.154861099091273e-05,,,,,
1994-06-08,8.659,0.0,0.0,,,,,
1994-06-09,8.6588,-0.00020000000000131024,-2.3097622101016337e-05,,,,,
1994-06-10,8.6585,-0.0002999999999993008,-3.464743349475336e-05,,,,,
1994-06-13,8.6583,-0.00019999999999953388,-2.309895592812074e-05,,,,,
1994-06-14,8.6581,-0.00020000000000131024,-2.309948950241813e-05,,,,,
1994-06-15,8.6579,-0.00019999999999953388,-2.3100023101030253e-05,,,,,
1994-06-16,8.6575,-0.00039999999999906777,-4.620164709685098e-05,,,,,
1994-06-17,8.6573,-0.00020000000000131024,-2.3101624045308573e-05,,,,,
1994-07-01,8.6517,-0.005599999999999383,-0.0006470622445419378,,,,,
1994-07-04,8.651,-0.000700000000000145,-8.091222761557123e-05,,,,,
1994-07-05,8.65,-0.0009999999999994458,-0.00011560025444923838,,,,,
1994-07-06,8.6496,-0.0004000000000008441,-4.624384379661439e-05,,,,,
1994-07-07,8.649,-0.000600000000000378,-6.936977561665053e-05,,,,,
1994-07-08,8.6481,-0.0008999999999996788,-0.0001040636870702674,,,,,
1994-07-11,8.6474,-0.000700000000000145,-8.094591083025447e-05,,,,,
1994-07-12,8.6466,-0.0007999999999999119,-9.251763624039073e-05,,,,,
1994-07-13,8.6458,-0.0007999999999999119,-9.25261965453572e-05,,,,,
1994-07-14,8.6447,-0.0010999999999992127,-0.00012723750053305743,,,,,
1994-07-15,8.6437,-0.0009999999999994458,-0.00011568450534636791,,,,,
1994-07-18,8.6429,-0.0008000000000016882,-9.255724093492688e-05,,,,,
1994-07-19,8.6418,-0.0010999999999992127,-0.00012728019595185017,,,,,
1994-07-20,8.6408,-0.0009999999999994458,-0.0001157233287949599,,,,,
1994-07-21,8.6389,-0.001900000000000901,-0.00021991122619704126,,,,,
1994-07-22,8.6364,-0.0024999999999995026,-0.00028943057630852176,,,,,
1994-07-25,8.6335,-0.0029000000000003467,-0.0003358444492739879,,,,,
1994-07-26,8.6295,-0.0039999999999995595,-0.0004634188810271204,,,,,
1994-07-27,8.6264,-0.0030999999999998806,-0.0003592974035952083,,,,,
1994-07-28,8.6238,-0.002600000000001046,-0.0003014457826215666,,,,,
1994-07-29,8.6214,-0.0023999999999997357,-0.0002783383220251801,,,,,
1994-08-01,8.6197,-0.0016999999999995907,-0.00019720319533080534,,,,,
1994-08-02,8.6169,-0.00280000000000058,-0.0003248900623823877,,,,,
1994-08-03,8.6141,-0.0027999999999988034,-0.0003249956502401763,,,,,
1994-08-04,8.6114,-0.002700000000000813,-0.00031348872568143563,,,,,
1994-08-05,8.6088,-0.0025999999999992696,-0.0003019709433986543,,,,,
1994-08-08,8.6055,-0.003300000000001191,-0.00038340217614720525,,,,,
1994-08-09,8.6023,-0.0031999999999996476,-0.0003719243641705003,,,,,
1994-08-10,8.6003,-0.0019999999999988916,-0.0002325229917582192,,,,,
1994-08-11,8.5982,-0.002100000000000435,-0.000244207344877367,,,,,
1994-08-12,8.5962,-0.002000000000000668,-0.00023263388184760283,,,,,
1994-08-15,8.5938,-0.0023999999999997357,-0.0002792321135070882,,,,,
1994-08-16,8.5912,-0.0025999999999992696,-0.00030258946986762037,,,,,
1994-08-17,8.5887,-0.002500000000001279,-0.0002910377845793847,,,,,
1994-08-18,8.5856,-0.0030999999999998806,-0.00036100452812251214,,,,,
1994-08-19,8.5831,-0.0024999999999995026,-0.00029122764305616796,,,,,
1994-08-22,8.5801,-0.0030000000000001137,-0.0003495851625049659,,,,,
1994-08-23,8.5774,-0.0026999999999990365,-0.0003147311697259597,,,,,
1994-08-24,8.5758,-0.0016000000000016001,-0.00018655411289340352,,,,,
1994-08-25,8.5735,-0.0022999999999999687,-0.000268232524218537,,,,,
1994-08-26,8.5708,-0.0026999999999990365,-0.00031497349233512104,,,,,
1994-08-29,8.5675,-0.0032999999999994145,-0.00038510237780679145,,,,,
1994-08-30,8.5643,-0.003200000000001424,-0.00037357429309436415,,,,,
1994-08-31,8.5616,-0.0026999999999990365,-0.00031531189862942725,,,,,
1994-09-01,8.5591,-0.0024999999999995026,-0.00029204413578513,,,,,
1994-09-02,8.5565,-0.002600000000001046,-0.0003038164037486546,,,,,
1994-09-05,8.554,-0.0024999999999995026,-0.00029221823065244063,,,,,
1994-09-06,8.5511,-0.0029000000000003467,-0.00033908016062887073,,,,,
1994-09-07,8.5491,-0.002000000000000668,-0.00023391539386903774,,,,,
1994-09-08,8.547,-0.0020999999999986585,-0.00024567006633799393,,,,,
1994-09-09,8.5448,-0.002200000000000202,-0.0002574333905323145,,,,,
1994-09-10,8.5422,-0.002600000000001046,-0.00030432492773074533,,,,,
1994-09-13,8.5407,-0.0015000000000000568,-0.0001756142111532899,,,,,
1994-09-14,8.5396,-0.0010999999999992127,-0.00012880335843282423,,,,,
1994-09-15,8.5381,-0.0015000000000000568,-0.00017566768403912491,,,,,
1994-09-16,8.5365,-0.0015999999999998238,-0.00018741288284156705,,,,,
1994-09-17,8.5352,-0.001300000000000523,-0.00015229883403678631,,,,,
1994-09-20,8.534,-0.0011999999999989797,-0.00014060412930611078,,,,,
1994-09-21,8.5337,-0.0003000000000010772,-3.515412153159083e-05,,,,,
1994-09-22,8.5333,-0.00039999999999906777,-4.687408449905005e-05,,,,,
1994-09-23,8.5325,-0.0007999999999999119,-9.37547610526605e-05,,,,,
1994-09-24,8.532,-0.0005000000000006111,-5.8601189620953756e-05,,,,,
1994-09-27,8.5311,-0.0008999999999996788,-0.00010549079602580966,,,,,
1994-09-28,8.5303,-0.0007999999999999119,-9.377893966341118e-05,,,,,
1994-09-29,8.5303,0.0,0.0,,,,,
1994-09-30,8.5301,-0.00020000000000131024,-2.3446109119372337e-05,,,,,
1994-10-01,8.53,-9.999999999976694e-05,-1.1723260707872421e-05,,,,,
1994-10-06,8.5301,9.999999999976694e-05,1.172326070776106e-05,,,,,
1994-10-07,8.53,-9.999999999976694e-05,-1.1723260707872421e-05,,,,,
1994-10-08,8.53,0.0,0.0,,,,,
1994-10-11,8.5297,-0.0002999999999993008,-3.5170606755112235e-05,,,,,
1994-10-12,8.5297,0.0,0.0,,,,,
1994-10-13,8.5298,9.999999999976694e-05,1.172367302687998e-05,,,,,
1994-10-14,8.5297,-9.999999999976694e-05,-1.1723673026888997e-05,,,,,
1994-10-15,8.5297,0.0,0.0,,,,,
1994-10-18,8.5296,-9.999999999976694e-05,-1.1723810473000596e-05,,,,,
1994-10-19,8.5296,0.0,0.0,,,,,
1994-10-20,8.5295,-9.999999999976694e-05,-1.1723947922331898e-05,,,,,
1994-10-21,8.5295,0.0,0.0,,,,,
1994-10-22,8.5295,0.0,0.0,,,,,
1994-10-25,8.529,-0.0005000000000006111,-5.862180146476299e-05,,,,,
1994-10-26,8.5285,-0.0005000000000006111,-5.862523818185716e-05,,,,,
1994-10-27,8.5282,-0.0002999999999993008,-3.5176792700842924e-05,,,,,
1994-10-28,8.5273,-0.0008999999999996788,-0.00010553780315263042,,,,,
1994-10-29,8.5266,-0.000700000000000145,-8.209265920325313e-05,,,,,
1994-11-01,8.526,-0.000600000000000378,-7.037050071516988e-05,,,,,
1994-11-02,8.5254,-0.000600000000000378,-7.037545307102936e-05,,,,,
1994-11-03,8.5248,-0.0005999999999986017,-7.038040612384942e-05,,,,,
1994-11-04,8.5238,-0.0010000000000012221,-0.00011731168555170204,,,,,
1994-11-05,8.5227,-0.0010999999999992127,-0.00012905875124233788,,,,,
1994-11-08,8.5218,-0.0008999999999996788,-0.00010560591402931075,,,,,
1994-11-09,8.5208,-0.0010000000000012221,-0.00011735298618155375,,,,,
1994-11-10,8.52,-0.0007999999999999119,-9.389230559449299e-05,,,,,
1994-11-11,8.519,-0.0009999999999994458,-0.000117377780520845,,,,,
1994-11-12,8.518,-0.0009999999999994458,-0.00011739155968165177,,,,,
1994-11-15,8.5174,-0.000600000000000378,-7.044155115213013e-05,,,,,
1994-11-16,8.5163,-0.001100000000000989,-0.00012915573263945845,,,,,
1994-11-17,8.5153,-0.0009999999999994458,-0.00011742877958015962,,,,,
1994-11-18,8.514,-0.001300000000000523,-0.00015267803168960618,,,,,
1994-11-19,8.5136,-0.00039999999999906777,-4.69825459927036e-05,,,,,
1994-11-22,8.5131,-0.0005000000000006111,-5.873128676076131e-05,,,,,
1994-11-23,8.5126,-0.0004999999999988347,-5.873473632715338e-05,,,,,
1994-11-24,8.512,-0.000600000000000378,-7.048623759131183e-05,,,,,
1994-11-25,8.5111,-0.0008999999999996788,-0.000105738672843217,,,,,
1994-11-26,8.5105,-0.000600000000000378,-7.04986605546979e-05,,,,,
1994-11-29,8.5101,-0.0004000000000008441,-4.7001868333024644e-05,,,,,
1994-11-30,8.5093,-0.0007999999999999119,-9.401036471191569e-05,,,,,
1994-12-01,8.509,-0.0002999999999993008,-3.525616542553923e-05,,,,,
1994-12-02,8.5084,-0.000600000000000378,-7.051606006193095e-05,,,,,
1994-12-03,8.5079,-0.0005000000000006111,-5.8767182071820655e-05,,,,,
1994-12-06,8.5074,-0.0004999999999988347,-5.8770635856321705e-05,,,,,
1994-12-07,8.507,-0.0004000000000008441,-4.701899568301882e-05,,,,,
1994-12-08,8.5041,-0.0029000000000003467,-0.0003409538510847326,,,,,
1994-12-09,8.5025,-0.0015999999999998238,-0.0001881622434490777,,,,,
1994-12-10,8.4992,-0.0032999999999994145,-0.0003881964793451166,,,,,
1994-12-13,8.496,-0.0031999999999996476,-0.0003765769202852117,,,,,
1994-12-14,8.493,-0.0030000000000001137,-0.00035316970171079626,,,,,
1994-12-15,8.4901,-0.0029000000000003467,-0.00034151598096773974,,,,,
1994-12-16,8.4874,-0.002700000000000813,-0.000318068033899383,,,,,
1994-12-17,8.4835,-0.0038999999999997925,-0.00045961028214810024,,,,,
1994-12-20,8.4801,-0.0033999999999991815,-0.0004008583137455283,,,,,
1994-12-21,8.4754,-0.004699999999999704,-0.0005543923942530235,,,,,
1994-12-22,8.472,-0.003400000000000958,-0.0004012414937532034,,,,,
1994-12-23,8.4677,-0.00429999999999886,-0.0005076831457884188,,,,,
1994-12-24,8.4626,-0.0051000000000005485,-0.0006024701457461012,,,,,
1994-12-27,8.4588,-0.0038000000000000256,-0.00044913542187752426,,,,,
1994-12-28,8.455,-0.0038000000000000256,-0.00044933723514950486,,,,,
1994-12-29,8.4518,-0.0031999999999996476,-0.0003785459150415823,,,,,
1994-12-30,8.4491,-0.002700000000000813,-0.0003195096146324146,,,,,
1994-12-31,8.4462,-0.0029000000000003467,-0.00034329074103211637,,,,,
1995-01-04,8.4447,-0.0015000000000000568,-0.00017761042975137007,,,,,
1995-01-05,8.4437,-0.0009999999999994458,-0.0001184244808469558,,,,,
1995-01-06,8.443,-0.000700000000000145,-8.29054818764086e-05,,,,,
1995-01-07,8.4426,-0.00039999999999906777,-4.7377647234812766e-05,,,,,
1995-01-10,8.4422,-0.0004000000000008441,-4.7379891982858386e-05,,,,,
1995-01-11,8.4417,-0.0004999999999988347,-5.9228021978895296e-05,,,,,
1995-01-12,8.4415,-0.00020000000000131024,-2.3692191055047474e-05,,,,,
1995-01-13,8.4412,-0.0002999999999993008,-3.553933909038559e-05,,,,,
1995-01-14,8.4411,-9.999999999976694e-05,-1.1846727045564796e-05,,,,,
1995-01-17,8.441,-9.999999999976694e-05,-1.1846867392185321e-05,,,,,
1995-01-18,8.4407,-0.0003000000000010772,-3.554144428972302e-05,,,,,
1995-01-19,8.4405,-0.00019999999999953388,-2.369499798695976e-05,,,,,
1995-01-20,8.4402,-0.0002999999999993008,-3.5543549737985726e-05,,,,,
1995-01-21,8.44,-0.00020000000000131024,-2.3696401702613933e-05,,,,,
1995-01-24,8.4397,-0.0002999999999993008,-3.55456554359509e-05,,,,,
1995-01-25,8.4394,-0.0003000000000010772,-3.5546918974618274e-05,,,,,
1995-01-26,8.439,-0.00039999999999906777,-4.739785762564204e-05,,,,,
1995-01-27,8.4387,-0.0002999999999993008,-3.554986758043352e-05,,,,,
1995-02-06,8.4384,-0.0003000000000010772,-3.5551131418655044e-05,,,,,
1995-02-07,8.438,-0.00039999999999906777,-4.740347468347541e-05,,,,,
1995-02-08,8.4375,-0.0005000000000006111,-5.9257503498810426e-05,,,,,
1995-02-09,8.437,-0.0005000000000006111,-5.9261015158587595e-05,,,,,
1995-02-10,8.4364,-0.0005999999999986017,-7.11178541670645e-05,,,,,
1995-02-11,8.436,-0.0004000000000008441,-4.741471279434172e-05,,,,,
1995-02-14,8.4355,-0.0005000000000006111,-5.927155263569885e-05,,,,,
1995-02-15,8.4352,-0.0002999999999993008,-3.556461795080692e-05,,,,,
1995-02-16,8.4351,-9.999999999976694e-05,-1.1855153731856994e-05,,,,,
1995-02-17,8.4352,9.999999999976694e-05,1.1855153731873986e-05,,,,,
1995-02-18,8.4327,-0.0024999999999995026,-0.0002964210148631476,,,,,
1995-02-21,8.434,0.0012999999999987466,0.00015414989328940714,,,,,
1995-02-22,8.4337,-0.0002999999999993008,-3.557094328577237e-05,,,,,
1995-02-23,8.4329,-0.0007999999999999119,-9.486203509895818e-05,,,,,
1995-02-24,8.4324,-0.0005000000000006111,-5.929334196809048e-05,,,,,
1995-02-25,8.432,-0.00039999999999906777,-4.743720500864225e-05,,,,,
1995-02-28,8.4316,-0.0004000000000008441,-4.743945540401683e-05,,,,,
1995-03-01,8.4311,-0.0004999999999988347,-5.930248419826277e-05,,,,,
1995-03-02,8.4308,-0.0003000000000010772,-3.5583178649244596e-05,,,,,
1995-03-03,8.4299,-0.0008999999999996788,-0.00010675713355365995,,,,,
1995-03-04,8.4294,-0.0005000000000006111,-5.9314443677625396e-05,,,,,
1995-03-06,8.4294,0.0,0.0,,,,,
1995-03-07,8.4282,-0.0011999999999989797,-0.0001423690207415078,,,,,
1995-03-08,8.4273,-0.0008999999999996788,-0.00010679006862510686,,,,,
1995-03-09,8.4265,-0.0007999999999999119,-9.493408021935843e-05,,,,,
1995-03-10,8.4259,-0.000600000000000378,-7.120647507228758e-05,,,,,
1995-03-11,8.4261,0.00019999999999953388,2.3736055068612462e-05,,,,,
1995-03-14,8.4264,0.0002999999999993008,3.560302626091043e-05,,,,,
1995-03-15,8.4265,0.0001000000000015433,1.1867393742690882e-05,,,,,
1995-03-16,8.4274,0.0008999999999996788,0.00010680020658185407,,,,,
1995-03-17,8.428,0.000600000000000378,7.119380142320163e-05,,,,,
1995-03-18,8.4273,-0.000700000000000145,-8.30599277856406e-05,,,,,
1995-03-21,8.427,-0.0003000000000010772,-3.5599223940857803e-05,,,,,
1995-03-22,8.4262,-0.0007999999999999119,-9.493746001957016e-05,,,,,
1995-03-23,8.4268,0.000600000000000378,7.120393998140424e-05,,,,,
1995-03-24,8.4272,0.00039999999999906777,4.74664768095722e-05,,,,,
1995-03-25,8.4276,0.0004000000000008441,4.746422385033417e-05,,,,,
1995-03-28,8.4277,9.999999999976694e-05,1.1865703962665217e-05,,,,,
1995-03-29,8.4277,0.0,0.0,,,,,
1995-03-30,8.4275,-0.00019999999999953388,-2.3731548721930138e-05,,,,,
1995-03-31,8.4269,-0.000600000000000378,-7.119802547151143e-05,,,,,
1995-04-03,8.4264,-0.0005000000000006111,-5.933556041214606e-05,,,,,
1995-04-04,8.426,-0.00039999999999906777,-4.7470983370249065e-05,,,,,
1995-04-05,8.4257,-0.0002999999999993008,-3.5604716441786444e-05,,,,,
1995-04-06,8.4256,-0.0001000000000015433,-1.1868520529872778e-05,,,,,
1995-04-07,8.4252,-0.00039999999999906777,-4.7475490786725756e-05,,,,,
1995-04-08,8.4251,-9.999999999976694e-05,-1.1869224880372742e-05,,,,,
1995-04-10,8.4251,0.0,0.0,,,,,
1995-04-11,8.4252,9.999999999976694e-05,1.1869224880404542e-05,,,,,
1995-04-12,8.425,-0.00019999999999953388,-2.3738590640916884e-05,,,,,
1995-04-13,8.4246,-0.0004000000000008441,-4.747887191097939e-05,,,,,
1995-04-14,8.4242,-0.00039999999999906777,-4.7481126261138895e-05,,,,,
1995-04-17,8.4241,-0.0001000000000015433,-1.1870633832842658e-05,,,,,
1995-04-18,8.4238,-0.0002999999999993008,-3.561274699296965e-05,,,,,
1995-04-19,8.4236,-0.00019999999999953388,-2.3742535941296297e-05,,,,,
1995-04-20,8.4234,-0.00019999999999953388,-2.374309966276069e-05,,,,,
1995-04-21,8.4232,-0.00020000000000131024,-2.3743663411093434e-05,,,,,
1995-04-22,8.4232,0.0,0.0,,,,,
1995-04-24,8.4227,-0.0004999999999988347,-5.9361625101091735e-05,,,,,
1995-04-25,8.4227,0.0,0.0,,,,,
1995-04-26,8.4205,-0.002200000000000202,-0.00026123302133931566,,,,,
1995-04-27,8.4138,-0.006700000000000372,-0.0007959939354489066,,,,,
1995-04-28,8.4102,-0.0036000000000004917,-0.00042796006359308676,,,,,
1995-05-02,8.4074,-0.0027999999999988034,-0.0003329844955131155,,,,,
1995-05-03,8.3952,-0.012199999999999989,-0.0014521564691064917,,,,,
1995-05-04,8.3794,-0.01580000000000048,-0.0018838010649987295,,,,,
1995-05-05,8.3648,-0.014599999999999724,-0.0017438878776005569,,,,,
1995-05-08,8.3442,-0.02059999999999995,-0.002465738277227955,,,,,
1995-05-09,8.3347,-0.009500000000000952,-0.001139163976922048,,,,,
1995-05-10,8.3247,-0.009999999999999787,-0.0012005235724032105,,,,,
1995-05-11,8.3053,-0.019399999999999196,-0.0023331339507330876,,,,,
1995-05-12,8.295,-0.010300000000000864,-0.0012409415880169788,,,,,
1995-05-15,8.2828,-0.012199999999999989,-0.001471848158675193,,,,,
1995-05-16,8.2716,-0.011200000000000543,-0.0013531147862633796,,,,,
1995-05-17,8.2782,0.006600000000000605,0.000797592762436523,,,,,
1995-05-18,8.2863,0.008100000000000662,0.0009779951879767099,,,,,
1995-05-19,8.2907,0.004399999999998627,0.000530856017774913,,,,,
1995-05-22,8.2932,0.002500000000001279,0.0003014972375542638,,,,,
1995-05-23,8.2932,0.0,0.0,,,,,
1995-05-24,8.2988,0.005599999999999383,0.0006750241336354333,,,,,
1995-05-25,8.3022,0.0033999999999991815,0.0004096138844090455,,,,,
1995-05-26,8.3041,0.001900000000000901,0.00022882881897731694,,,,,
1995-05-29,8.3063,0.002200000000000202,0.0002648942846487578,,,,,
1995-05-30,8.3086,0.0022999999999999687,0.0002768599287015981,,,,,
1995-05-31,8.3077,-0.0008999999999996788,-0.00010832736540379583,,,,,
1995-06-01,8.3055,-0.002200000000000202,-0.0002648496391856999,,,,,
1995-06-02,8.3036,-0.001900000000000901,-0.0002287902424922053,,,,,
1995-06-05,8.3018,-0.0017999999999993577,-0.00021679694642093875,,,,,
1995-06-06,8.2998,-0.002000000000000668,-0.00024094063339390146,,,,,
1995-06-07,8.3004,0.000600000000000378,7.22882857148811e-05,,,,,
1995-06-08,8.2983,-0.002100000000000435,-0.0002530318652912349,,,,,
1995-06-09,8.2966,-0.0016999999999995907,-0.0002048822235682245,,,,,
1995-06-12,8.3,0.003400000000000958,0.00040972247900945293,,,,,
1995-06-13,8.3008,0.0007999999999999119,9.638089738081925e-05,,,,,
1995-06-14,8.3003,-0.0005000000000006111,-6.023697226707328e-05,,,,,
1995-06-15,8.3,-0.0002999999999993008,-3.6143925113592234e-05,,,,,
1995-06-16,8.3019,0.0018999999999991246,0.00022888946545807174,,,,,
1995-06-19,8.3004,-0.0015000000000000568,-0.0001806978556081231,,,,,
1995-06-20,8.3002,-0.00019999999999953388,-2.4095514621028885e-05,,,,,
1995-06-21,8.3,-0.00019999999999953388,-2.4096095228925214e-05,,,,,
1995-06-22,8.3009,0.0008999999999996788,0.00010842785642725145,,,,,
1995-06-23,8.3018,0.0008999999999996788,0.00010841610110171835,,,,,
1995-06-26,8.3015,-0.0002999999999993008,-3.6137394377208675e-05,,,,,
1995-06-27,8.3013,-0.00020000000000131024,-2.4092321778383248e-05,,,,,
1995-06-28,8.3007,-0.0005999999999986017,-7.228044817004592e-05,,,,,
1995-06-29,8.3007,0.0,0.0,,,,,
1995-06-30,8.3011,0.00039999999999906777,4.818754593787451e-05,,,,,
1995-07-03,8.3011,0.0,0.0,,,,,
1995-07-04,8.3007,-0.00039999999999906777,-4.818754593800887e-05,,,,,
1995-07-05,8.3005,-0.00020000000000131024,-2.4094643761977394e-05,,,,,
1995-07-06,8.3001,-0.00039999999999906777,-4.81910292490814e-05,,,,,
1995-07-07,8.3,-9.999999999976694e-05,-1.2048120192208154e-05,,,,,
1995-07-10,8.3,0.0,0.0,,,,,
1995-07-11,8.3023,0.0022999999999999687,0.000277070046284433,,,,,
1995-07-12,8.302,-0.0003000000000010772,-3.6135217989763656e-05,,,,,
1995-07-13,8.3017,-0.0002999999999993008,-3.613652379067642e-05,,,,,
1995-07-14,8.3014,-0.0003000000000010772,-3.613782968651839e-05,,,,,
1995-07-17,8.3011,-0.0002999999999993008,-3.6139135676179304e-05,,,,,
1995-07-18,8.3009,-0.00019999999999953388,-2.4093482714056523e-05,,,,,
1995-07-19,8.3013,0.00039999999999906777,4.81863849461181e-05,,,,,
1995-07-20,8.3011,-0.00019999999999953388,-2.4092902232064032e-05,,,,,
1995-07-21,8.3004,-0.000700000000000145,-8.432972929129756e-05,,,,,
1995-07-24,8.3002,-0.00019999999999953388,-2.4095514621028885e-05,,,,,
1995-07-25,8.3004,0.00019999999999953388,2.4095514620999266e-05,,,,,
1995-07-26,8.3003,-9.999999999976694e-05,-1.2047684736286336e-05,,,,,
1995-07-27,8.3002,-9.999999999976694e-05,-1.2047829884707498e-05,,,,,
1995-07-28,8.3005,0.0002999999999993008,3.614305421231195e-05,,,,,
1995-07-31,8.3003,-0.00019999999999953388,-2.409522432768373e-05,,,,,
1995-08-01,8.3,-0.0002999999999993008,-3.6143925113592234e-05,,,,,
1995-08-02,8.3,0.0,0.0,,,,,
1995-08-03,8.3002,0.00019999999999953388,2.409609522878177e-05,,,,,
1995-08-04,8.3004,0.00019999999999953388,2.4095514620999266e-05,,,,,
1995-08-07,8.3002,-0.00019999999999953388,-2.4095514621028885e-05,,,,,
1995-08-08,8.3,-0.00019999999999953388,-2.4096095228925214e-05,,,,,
1995-08-09,8.3014,0.0013999999999985135,0.00016866047481745578,,,,,
1995-08-10,8.3016,0.00020000000000131024,2.409203156181304e-05,,,,,
1995-08-11,8.3023,0.000700000000000145,8.431753990510024e-05,,,,,
1995-08-14,8.3025,0.00019999999999953388,2.408941992787118e-05,,,,,
1995-08-15,8.3038,0.001300000000000523,0.00015656708630544004,,,,,
1995-08-16,8.3057,0.0018999999999991246,0.000228784732627226,,,,,
1995-08-17,8.3094,0.0037000000000002586,0.0004453780068927124,,,,,
1995-08-18,8.3106,0.001200000000000756,0.00014440433238098024,,,,,
1995-08-21,8.3117,0.0010999999999992127,0.00013235232207387798,,,,,
1995-08-22,8.3122,0.0005000000000006111,6.0154356095887234e-05,,,,,
1995-08-23,8.3125,0.0002999999999993008,3.6090876831703736e-05,,,,,
1995-08-24,8.3133,0.0007999999999999119,9.623597067413e-05,,,,,
1995-08-25,8.3148,0.0015000000000000568,0.0001804174865522248,,,,,
1995-08-28,8.3153,0.0005000000000006111,6.013192947147912e-05,,,,,
1995-08-29,8.3165,0.0011999999999989797,0.00014430187978215837,,,,,
1995-08-30,8.3182,0.0016999999999995907,0.0002043920246132969,,,,,
1995-08-31,8.3193,0.001100000000000989,0.0001322314051513608,,,,,
1995-09-01,8.3198,0.0005000000000006111,6.0099404433037165e-05,,,,,
1995-09-04,8.3192,-0.000600000000000378,-7.211971876438763e-05,,,,,
1995-09-05,8.3186,-0.000600000000000378,-7.21249203933997e-05,,,,,
1995-09-06,8.3181,-0.0005000000000006111,-6.0108074335771345e-05,,,,,
1995-09-07,8.3178,-0.0002999999999993008,-3.606657890847504e-05,,,,,
1995-09-08,8.3175,-0.0002999999999993008,-3.606787975352794e-05,,,,,
1995-09-11,8.3171,-0.0004000000000008441,-4.809253003713275e-05,,,,,
1995-09-12,8.3177,0.000600000000000378,7.213792774903004e-05,,,,,
1995-09-13,8.318,0.0002999999999993008,3.6067012513108414e-05,,,,,
1995-09-14,8.3184,0.0004000000000008441,4.8087326594439056e-05,,,,,
1995-09-15,8.319,0.000600000000000378,7.212665443637413e-05,,,,,
1995-09-18,8.3194,0.00039999999999906777,4.80815463116906e-05,,,,,
1995-09-19,8.3197,0.0002999999999993008,3.605964265282989e-05,,,,,
1995-09-20,8.3192,-0.0004999999999988347,-6.010012682918415e-05,,,,,
1995-09-21,8.3198,0.000600000000000378,7.211971876431175e-05,,,,,
1995-09-22,8.3194,-0.0004000000000008441,-4.807923458790508e-05,,,,,
1995-09-25,8.3194,0.0,0.0,,,,,
1995-09-26,8.3191,-0.0002999999999993008,-3.606094299743723e-05,,,,,
1995-09-27,8.3192,9.999999999976694e-05,1.2020458820965044e-05,,,,,
1995-09-28,8.319,-0.00019999999999953388,-2.4041062135231133e-05,,,,,
1995-09-29,8.3189,-0.0001000000000015433,-1.2020747811062714e-05,,,,,
1995-10-04,8.3185,-0.00039999999999906777,-4.808443627928363e-05,,,,,
1995-10-05,8.3185,0.0,0.0,,,,,
1995-10-06,8.318,-0.0005000000000006111,-6.010879694054877e-05,,,,,
1995-10-09,8.3174,-0.000600000000000378,-7.213532590264457e-05,,,,,
1995-10-10,8.3167,-0.0006999999999983686,-8.416445739912058e-05,,,,,
1995-10-11,8.3158,-0.0009000000000014552,-0.00010822185490816152,,,,,
1995-10-12,8.315,-0.0007999999999999119,-9.620703761904027e-05,,,,,
1995-10-13,8.3144,-0.000600000000000378,-7.21613528161685e-05,,,,,
1995-10-16,8.3142,-0.00019999999999953388,-2.4054941487487845e-05,,,,,
1995-10-17,8.3148,0.000600000000000378,7.216308861153682e-05,,,,,
1995-10-18,8.3148,0.0,0.0,,,,,
1995-10-19,8.3141,-0.000700000000000145,-8.419077634884107e-05,,,,,
1995-10-20,8.3142,9.999999999976694e-05,1.202768773721735e-05,,,,,
1995-10-23,8.3144,0.00019999999999953388,2.4054941487524678e-05,,,,,
1995-10-24,8.3139,-0.0004999999999988347,-6.013843870380139e-05,,,,,
1995-10-25,8.3136,-0.0003000000000010772,-3.608479928240003e-05,,,,,
1995-10-26,8.3137,0.0001000000000015433,1.202841110742889e-05,,,,,
1995-10-27,8.3143,0.0005999999999986017,7.216742846500936e-05,,,,,
1995-10-30,8.3144,9.999999999976694e-05,1.2027398413690424e-05,,,,,
1995-10-31,8.3149,0.0005000000000006111,6.0134822289809124e-05,,,,,
1995-11-01,8.3149,0.0,0.0,,,,,
1995-11-02,8.3146,-0.0002999999999993008,-3.6080459428319255e-05,,,,,
1995-11-03,8.3148,0.00019999999999953388,2.405378426262324e-05,,,,,
1995-11-06,8.3147,-9.999999999976694e-05,-1.2026819808256326e-05,,,,,
1995-11-07,8.3147,0.0,0.0,,,,,
1995-11-08,8.3149,0.00019999999999953388,2.405349497388326e-05,,,,,
1995-11-09,8.3148,-9.999999999976694e-05,-1.2026675165661907e-05,,,,,
1995-11-10,8.3146,-0.00019999999999953388,-2.4053784262758012e-05,,,,,
1995-11-13,8.314,-0.000600000000000378,-7.216482449039024e-05,,,,,
1995-11-14,8.3139,-9.999999999976694e-05,-1.2027977074802207e-05,,,,,
1995-11-15,8.3136,-0.0003000000000010772,-3.608479928240003e-05,,,,,
1995-11-16,8.3131,-0.0004999999999988347,-6.014422587164003e-05,,,,,
1995-11-17,8.3135,0.00039999999999906777,4.81156700799546e-05,,,,,
1995-11-20,8.3132,-0.0002999999999993008,-3.608653551603681e-05,,,,,
1995-11-21,8.313,-0.00019999999999953388,-2.4058413829833668e-05,,,,,
1995-11-22,8.3129,-9.999999999976694e-05,-1.2029423971156371e-05,,,,,
1995-11-23,8.3128,-0.0001000000000015433,-1.2029568680143321e-05,,,,,
1995-11-24,8.3126,-0.00019999999999953388,-2.4059571500112077e-05,,,,,
1995-11-27,8.3122,-0.00039999999999906777,-4.8120879658870105e-05,,,,,
1995-11-28,8.3114,-0.0007999999999999119,-9.624870673227797e-05,,,,,
1995-11-29,8.3116,0.00019999999999953388,2.4063045179450533e-05,,,,,
1995-11-30,8.312,0.00039999999999906777,4.812435333810655e-05,,,,,
1995-12-01,8.3119,-9.999999999976694e-05,-1.2030871215682755e-05,,,,,
1995-12-04,8.3127,0.0007999999999999119,9.624291719705706e-05,,,,,
1995-12-05,8.3131,0.0004000000000008441,4.8117985309358396e-05,,,,,
1995-12-06,8.3132,9.999999999976694e-05,1.2029134564014221e-05,,,,,
1995-12-07,8.3133,9.999999999976694e-05,1.202898986572508e-05,,,,,
1995-12-08,8.3135,0.00019999999999953388,2.405754565037946e-05,,,,,
1995-12-11,8.3138,0.0003000000000010772,3.6085233325204715e-05,,,,,
1995-12-12,8.3147,0.0008999999999996788,0.0001082478877684619,,,,,
1995-12-13,8.3148,9.999999999976694e-05,1.2026819808380206e-05,,,,,
1995-12-14,8.3146,-0.00019999999999953388,-2.4053784262758012e-05,,,,,
1995-12-15,8.3154,0.0007999999999999119,9.621166573876276e-05,,,,,
1995-12-18,8.3171,0.0016999999999995907,0.0002044190597829423,,,,,
1995-12-19,8.3176,0.0005000000000006111,6.0115301165774844e-05,,,,,
1995-12-20,8.3176,0.0,0.0,,,,,
1995-12-21,8.3174,-0.00020000000000131024,-2.404568680626867e-05,,,,,
1995-12-22,8.3173,-9.999999999976694e-05,-1.2023060229585567e-05,,,,,
1995-12-25,8.3174,9.999999999976694e-05,1.2023060229643689e-05,,,,,
1995-12-26,8.318,0.000600000000000378,7.213532590258153e-05,,,,,
1995-12-27,8.3179,-9.999999999976694e-05,-1.2022192968332163e-05,,,,,
1995-12-28,8.3179,0.0,0.0,,,,,
1995-12-29,8.3179,0.0,0.0,,,,,
1995-12-31,8.3179,0.0,0.0,,,,,
1996-01-01,8.3179,0.0,0.0,,,,,
1996-01-02,8.3174,-0.0005000000000006111,-6.0113132934287586e-05,,,,,
1996-01-03,8.318,0.000600000000000378,7.213532590258153e-05,,,,,
1996-01-04,8.3191,0.001100000000000989,0.00013223458434506624,,,,,
1996-01-05,8.3203,0.0011999999999989797,0.00014423597029682768,,,,,
1996-01-08,8.3204,9.999999999976694e-05,1.2018725173926973e-05,,,,,
1996-01-09,8.3215,0.001100000000000989,0.0001321964441083069,,,,,
1996-01-10,8.3214,-9.999999999976694e-05,-1.2017136436646064e-05,,,,,
1996-01-11,8.3208,-0.000600000000000378,-7.210585142111513e-05,,,,,
1996-01-12,8.3204,-0.0004000000000008441,-4.807345625052407e-05,,,,,
1996-01-15,8.31705,-0.003349999999999298,-0.000402705948961197,,,,,
1996-01-16,8.3206,0.0035500000000006082,0.00042674296596870447,,,,,
1996-01-17,8.3204,-0.00020000000000131024,-2.4037017007458562e-05,,,,,
1996-01-18,8.3202,-0.00019999999999953388,-2.4037594799394586e-05,,,,,
1996-01-19,8.3191,-0.0010999999999992127,-0.00013221710067150803,,,,,
1996-01-22,8.3178,-0.001300000000000523,-0.00015627911481657717,,,,,
1996-01-23,8.3174,-0.0004000000000008441,-4.8090795431078035e-05,,,,,
1996-01-24,8.317,-0.00039999999999906777,-4.809310826676053e-05,,,,,
1996-01-25,8.3163,-0.000700000000000145,-8.416850539746551e-05,,,,,
1996-01-26,8.3167,0.0004000000000008441,4.809715626506277e-05,,,,,
1996-01-29,8.3157,-0.0010000000000012221,-0.000120247228446407,,,,,
1996-01-30,8.315,-0.000700000000000145,-8.418166408074782e-05,,,,,
1996-01-31,8.3147,-0.0002999999999993008,-3.608002550042384e-05,,,,,
1996-02-01,8.3138,-0.0008999999999996788,-0.00010824788776846022,,,,,
1996-02-02,8.3265,0.012699999999998823,0.0015264150845663094,,,,,
1996-02-05,8.3127,-0.013799999999999812,-0.0016587339732809367,,,,,
1996-02-06,8.3131,0.0004000000000008441,4.8117985309358396e-05,,,,,
1996-02-07,8.312,-0.001100000000000989,-0.0001323300312907267,,,,,
1996-02-08,8.3111,-0.0008999999999996788,-0.00010828305200345114,,,,,
1996-02-09,8.31,-0.0010999999999992127,-0.0001323618775659394,,,,,
1996-02-12,8.3094,-0.000600000000000378,-7.22047727669378e-05,,,,,
1996-02-13,8.3092,-0.00019999999999953388,-2.4069416197374893e-05,,,,,
1996-02-14,8.3104,0.0011999999999989797,0.00014440780789964049,,,,,
1996-02-15,8.31,-0.00039999999999906777,-4.813361893530808e-05,,,,,
1996-02-16,8.3112,0.0011999999999989797,0.0001443939068279797,,,,,
1996-02-17,8.3136,0.0023999999999997357,0.00028872527990370014,,,,,
1996-02-18,8.3141,0.0005000000000006111,6.014060876150357e-05,,,,,
1996-02-26,8.3152,0.001100000000000989,0.00013229660919035645,,,,,
1996-02-27,8.3169,0.0016999999999995907,0.00020442397603667386,,,,,
1996-02-28,8.3196,0.0026999999999990365,0.00032458750623086727,,,,,
1996-02-29,8.3207,0.001100000000000989,0.0001322091550758157,,,,,
1996-03-01,8.3211,0.00039999999999906777,4.807172301994829e-05,,,,,
1996-03-04,8.3211,0.0,0.0,,,,,
1996-03-05,8.3208,-0.0002999999999993008,-3.605357561720943e-05,,,,,
1996-03-06,8.321,0.00019999999999953388,2.4035861506421265e-05,,,,,
1996-03-07,8.3223,0.001300000000000523,0.0001562190193825421,,,,,
1996-03-08,8.3229,0.000600000000000378,7.209285562921566e-05,,,,,
1996-03-11,8.3239,0.0009999999999994458,0.00012014321085153199,,,,,
1996-03-12,8.3263,0.0023999999999997357,0.0002882848274039943,,,,,
1996-03-13,8.3299,0.0036000000000004917,0.0004322714732121847,,,,,
1996-03-14,8.3348,0.004899999999999238,0.0005880694091356557,,,,,
1996-03-15,8.3333,-0.0015000000000000568,-0.00017998452181699443,,,,,
1996-03-18,8.3317,-0.0015999999999998238,-0.00019201920251019652,,,,,
1996-03-19,8.3327,0.0010000000000012221,0.00012001632236410284,,,,,
1996-03-20,8.332,-0.000700000000000145,-8.400991321918943e-05,,,,,
1996-03-21,8.332,0.0,0.0,,,,,
1996-03-22,8.32845,-0.0035500000000006082,-0.00042615896374073803,,,,,
1996-03-25,8.3333,0.004849999999999355,0.0005821717571061519,,,,,
1996-03-26,8.3349,0.0015999999999998238,0.00019198233821449227,,,,,
1996-03-27,8.3342,-0.000700000000000145,-8.398773783965035e-05,,,,,
1996-03-28,8.3333,-0.0008999999999996788,-0.00010799460037489509,,,,,
1996-03-29,8.3355,0.002200000000000202,0.00026396621385753674,,,,,
1996-04-01,8.3338,-0.0016999999999995907,-0.00020396777379895665,,,,,
1996-04-02,8.3339,9.999999999976694e-05,1.199925604627659e-05,,,,,
1996-04-03,8.3339,0.0,0.0,,,,,
1996-04-04,8.3338,-9.999999999976694e-05,-1.1999256046262727e-05,,,,,
1996-04-05,8.3325,-0.001300000000000523,-0.00015600343239199175,,,,,
1996-04-08,8.3311,-0.00140000000000029,-0.00016803091808425622,,,,,
1996-04-09,8.3312,0.0001000000000015433,1.2003144824201983e-05,,,,,
1996-04-10,8.3315,0.0002999999999993008,3.600857004343831e-05,,,,,
1996-04-11,8.3318,0.0002999999999993008,3.600727347308999e-05,,,,,
1996-04-12,8.3324,0.000600000000000378,7.201065760851075e-05,,,,,
1996-04-15,8.3322,-0.00019999999999953388,-2.4002976370182703e-05,,,,,
1996-04-16,8.3321,-9.999999999976694e-05,-1.2001704242089421e-05,,,,,
1996-04-17,8.3317,-0.0004000000000008441,-4.800825742954453e-05,,,,,
1996-04-18,8.3312,-0.0004999999999988347,-6.001356308315401e-05,,,,,
1996-04-19,8.3309,-0.0003000000000010772,-3.600986670746808e-05,,,,,
1996-04-22,8.3306,-0.0002999999999993008,-3.6011163464458825e-05,,,,,
1996-04-23,8.33,-0.000600000000000378,-7.202621757431912e-05,,,,,
1996-04-24,8.3302,0.00019999999999953388,2.4009315615598977e-05,,,,,
1996-04-25,8.3301,-9.999999999976694e-05,-1.2004585751845972e-05,,,,,
1996-04-26,8.3301,0.0,0.0,,,,,
1996-04-29,8.33,-9.999999999976694e-05,-1.2004729863633195e-05,,,,,
1996-04-30,8.3306,0.000600000000000378,7.202621757428539e-05,,,,,
1996-05-02,8.3301,-0.0005000000000006111,-6.0021487710646486e-05,,,,,
1996-05-03,8.3301,0.0,0.0,,,,,
1996-05-06,8.33,-9.999999999976694e-05,-1.2004729863633195e-05,,,,,
1996-05-07,8.33,0.0,0.0,,,,,
1996-05-08,8.33,0.0,0.0,,,,,
1996-05-09,8.33,0.0,0.0,,,,,
1996-05-10,8.3301,9.999999999976694e-05,1.200472986370403e-05,,,,,
1996-05-13,8.3302,9.999999999976694e-05,1.2004585751824119e-05,,,,,
1996-05-14,8.3302,0.0,0.0,,,,,
1996-05-15,8.33,-0.00019999999999953388,-2.4009315615501023e-05,,,,,
1996-05-16,8.3301,9.999999999976694e-05,1.200472986370403e-05,,,,,
1996-05-17,8.33,-9.999999999976694e-05,-1.2004729863633195e-05,,,,,
1996-05-20,8.3293,-0.000700000000000145,-8.403714446735656e-05,,,,,
1996-05-21,8.3284,-0.0008999999999996788,-0.00010805813538183698,,,,,
1996-05-22,8.3273,-0.001100000000000989,-0.00013208691338109044,,,,,
1996-05-23,8.3272,-9.999999999976694e-05,-1.2008766399576175e-05,,,,,
1996-05-24,8.3267,-0.0004999999999988347,-6.004599525027839e-05,,,,,
1996-05-27,8.3267,0.0,0.0,,,,,
1996-05-28,8.3257,-0.0010000000000012221,-0.0001201028081481352,,,,,
1996-05-29,8.3248,-0.0008999999999996788,-0.0001081048618211406,,,,,
1996-05-30,8.3262,0.00140000000000029,0.00016815806898069088,,,,,
1996-05-31,8.3263,9.999999999976694e-05,1.2010208677489197e-05,,,,,
1996-06-03,8.3255,-0.0007999999999999119,-9.608570852581232e-05,,,,,
1996-06-04,8.3254,-9.999999999976694e-05,-1.2011362749251844e-05,,,,,
1996-06-05,8.3249,-0.0005000000000006111,-6.005897793444879e-05,,,,,
1996-06-06,8.3239,-0.0009999999999994458,-0.0001201287781944136,,,,,
1996-06-07,8.3234,-0.0005000000000006111,-6.006980112704655e-05,,,,,
1996-06-10,8.3237,0.0003000000000010772,3.604231368025486e-05,,,,,
1996-06-11,8.3234,-0.0003000000000010772,-3.6042313680317064e-05,,,,,
1996-06-12,8.3239,0.0005000000000006111,6.006980112696541e-05,,,,,
1996-06-13,8.3239,0.0,0.0,,,,,
1996-06-14,8.3239,0.0,0.0,,,,,
1996-06-17,8.3217,-0.002200000000000202,-0.00026433411986474565,,,,,
1996-06-19,8.3224,0.000700000000000145,8.411389025689777e-05,,,,,
1996-06-20,8.3218,-0.000600000000000378,-7.209718703937746e-05,,,,,
1996-06-21,8.3212,-0.000600000000000378,-7.210238541852625e-05,,,,,
1996-06-24,8.3203,-0.0008999999999996788,-0.00010816332672859854,,,,,
1996-06-25,8.3201,-0.00019999999999953388,-2.403788370579907e-05,,,,,
1996-06-26,8.3206,0.0005000000000006111,6.0093625887176277e-05,,,,,
1996-06-27,8.3206,0.0,0.0,,,,,
1996-06-28,8.321,0.00039999999999906777,4.807230074935044e-05,,,,,
1996-07-01,8.3221,0.001100000000000989,0.00013218691248657402,,,,,
1996-07-02,8.3217,-0.0004000000000008441,-4.8065946487884644e-05,,,,,
1996-07-03,8.3211,-0.000600000000000378,-7.210325188794507e-05,,,,,
1996-07-04,8.3201,-0.0009999999999994458,-0.00012018364074742292,,,,,
1996-07-05,8.3202,9.999999999976694e-05,1.2019014080461651e-05,,,,,
1996-07-08,8.32,-0.00019999999999953388,-2.4038172619198208e-05,,,,,
1996-07-09,8.3187,-0.001300000000000523,-0.00015626220830304474,,,,,
1996-07-10,8.3172,-0.0015000000000000568,-0.00018033289501196456,,,,,
1996-07-11,8.3161,-0.0010999999999992127,-0.00013226479431055927,,,,,
1996-07-12,8.316,-9.999999999976694e-05,-1.2024939725095123e-05,,,,,
1996-07-15,8.3159,-0.0001000000000015433,-1.2025084326277473e-05,,,,,
1996-07-16,8.3165,0.000600000000000378,7.21483370122301e-05,,,,,
1996-07-17,8.3151,-0.00140000000000029,-0.0001683542176708664,,,,,
1996-07-18,8.3152,0.0001000000000015433,1.202624125880218e-05,,,,,
1996-07-19,8.3147,-0.0005000000000006111,-6.013265264994998e-05,,,,,
1996-07-22,8.3152,0.0005000000000006111,6.0132652649918226e-05,,,,,
1996-07-23,8.314,-0.001200000000000756,-0.00014432444159471455,,,,,
1996-07-24,8.3132,-0.0007999999999999119,-9.622786766467149e-05,,,,,
1996-07-25,8.313,-0.00019999999999953388,-2.4058413829833668e-05,,,,,
1996-07-26,8.3127,-0.0003000000000010772,-3.6088706043518305e-05,,,,,
1996-07-29,8.3114,-0.0012999999999987466,-0.00015639944449907217,,,,,
1996-07-30,8.3111,-0.0003000000000010772,-3.609565348575086e-05,,,,,
1996-07-31,8.3109,-0.00019999999999953388,-2.4064492841956904e-05,,,,,
1996-08-01,8.3107,-0.00019999999999953388,-2.406507195566112e-05,,,,,
1996-08-02,8.3105,-0.00020000000000131024,-2.406565109745499e-05,,,,,
1996-08-05,8.3104,-9.999999999976694e-05,-1.2033042735461791e-05,,,,,
1996-08-06,8.31,-0.00039999999999906777,-4.813361893530808e-05,,,,,
1996-08-07,8.3098,-0.00020000000000131024,-2.4067678312677428e-05,,,,,
1996-08-08,8.3095,-0.0002999999999993008,-3.610260360332167e-05,,,,,
1996-08-09,8.3095,0.0,0.0,,,,,
1996-08-12,8.309,-0.0005000000000006111,-6.017390259663806e-05,,,,,
1996-08-13,8.3086,-0.00039999999999906777,-4.814172926010156e-05,,,,,
1996-08-14,8.308,-0.000600000000000378,-7.221693971819688e-05,,,,,
1996-08-15,8.3074,-0.000600000000000378,-7.222215538128104e-05,,,,,
1996-08-16,8.3072,-0.00019999999999953388,-2.4075210960092256e-05,,,,,
1996-08-19,8.3069,-0.0002999999999993008,-3.611390325464375e-05,,,,,
1996-08-20,8.3066,-0.0003000000000010772,-3.611520751603784e-05,,,,,
1996-08-21,8.3065,-9.999999999976694e-05,-1.2038692357395264e-05,,,,,
1996-08-22,8.3071,0.000600000000000378,7.222998028857166e-05,,,,,
1996-08-23,8.3069,-0.00019999999999953388,-2.4076080415216008e-05,,,,,
1996-08-26,8.3071,0.00019999999999953388,2.407608041522303e-05,,,,,
1996-08-27,8.3071,0.0,0.0,,,,,
1996-08-28,8.3069,-0.00019999999999953388,-2.4076080415216008e-05,,,,,
1996-08-29,8.3066,-0.0003000000000010772,-3.611520751603784e-05,,,,,
1996-08-30,8.3064,-0.00019999999999953388,-2.4077529646537972e-05,,,,,
1996-09-02,8.3063,-9.999999999976694e-05,-1.2038982224573515e-05,,,,,
1996-09-03,8.3061,-0.00019999999999953388,-2.40783992690894e-05,,,,,
1996-09-04,8.306,-0.0001000000000015433,-1.2039417051764674e-05,,,,,
1996-09-05,8.3061,0.0001000000000015433,1.2039417051700176e-05,,,,,
1996-09-06,8.3059,-0.00020000000000131024,-2.4078979052615353e-05,,,,,
1996-09-09,8.3057,-0.00019999999999953388,-2.4079558863564805e-05,,,,,
1996-09-10,8.3055,-0.00019999999999953388,-2.408013870271494e-05,,,,,
1996-09-11,8.3054,-9.999999999976694e-05,-1.2040286799740486e-05,,,,,
1996-09-12,8.3053,-9.999999999976694e-05,-1.2040431769967634e-05,,,,,
1996-09-13,8.3052,-0.0001000000000015433,-1.2040576743969604e-05,,,,,
1996-09-16,8.305,-0.00019999999999953388,-2.4081588422663705e-05,,,,,
1996-09-17,8.3046,-0.00039999999999906777,-4.816491668394475e-05,,,,,
1996-09-18,8.3043,-0.0003000000000010772,-3.612520998180046e-05,,,,,
1996-09-19,8.3041,-0.00019999999999953388,-2.4084198358613174e-05,,,,,
1996-09-20,8.3036,-0.0005000000000006111,-6.0213033731555703e-05,,,,,
1996-09-23,8.303,-0.0005999999999986017,-7.226042660867608e-05,,,,,
1996-09-24,8.3024,-0.000600000000000378,-7.226564855541526e-05,,,,,
1996-09-25,8.3022,-0.00020000000000131024,-2.4089710081667466e-05,,,,,
1996-09-26,8.3025,0.0003000000000010772,3.613434750808295e-05,,,,,
1996-09-27,8.3021,-0.0004000000000008441,-4.8179420170118764e-05,,,,,
1996-10-02,8.3017,-0.00039999999999906777,-4.818174153825922e-05,,,,,
1996-10-03,8.3017,0.0,0.0,,,,,
1996-10-04,8.3015,-0.00019999999999953388,-2.409174135212597e-05,,,,,
1996-10-07,8.3007,-0.0007999999999999119,-9.637276994846918e-05,,,,,
1996-10-08,8.3007,0.0,0.0,,,,,
1996-10-09,8.3005,-0.00020000000000131024,-2.4094643761977394e-05,,,,,
1996-10-10,8.3005,0.0,0.0,,,,,
1996-10-11,8.2999,-0.000600000000000378,-7.228741479261755e-05,,,,,
1996-10-14,8.2993,-0.0005999999999986017,-7.229264064054827e-05,,,,,
1996-10-15,8.2988,-0.0005000000000006111,-6.0247859713075626e-05,,,,,
1996-10-16,8.2981,-0.000700000000000145,-8.435310213541679e-05,,,,,
1996-10-17,8.2975,-0.000600000000000378,-7.230832271953813e-05,,,,,
1996-10-18,8.297,-0.0004999999999988347,-6.0260929844192084e-05,,,,,
1996-10-21,8.2978,0.0007999999999999119,9.641574476571838e-05,,,,,
1996-10-22,8.2991,0.0012999999999987466,0.00015665576133592736,,,,,
1996-10-23,8.3001,0.0010000000000012221,0.0001204877344946345,,,,,
1996-10-24,8.3001,0.0,0.0,,,,,
1996-10-25,8.3006,0.0004999999999988347,6.0238423699110426e-05,,,,,
1996-10-28,8.301,0.0004000000000008441,4.818812645506746e-05,,,,,
1996-10-29,8.3012,0.00019999999999953388,2.4093192469635347e-05,,,,,
1996-10-30,8.3007,-0.0004999999999988347,-6.023406961253461e-05,,,,,
1996-10-31,8.3007,0.0,0.0,,,,,
1996-11-01,8.2997,-0.0010000000000012221,-0.00012047902474770269,,,,,
1996-11-04,8.2985,-0.0011999999999989797,-0.00014459399237139685,,,,,
1996-11-05,8.2979,-0.000600000000000378,-7.230483722520609e-05,,,,,
1996-11-06,8.2977,-0.00019999999999953388,-2.410277423047513e-05,,,,,
1996-11-07,8.2975,-0.00020000000000131024,-2.4103355188326406e-05,,,,,
1996-11-08,8.2973,-0.00019999999999953388,-2.4103936173934265e-05,,,,,
1996-11-11,8.297,-0.0002999999999993008,-3.615699367029939e-05,,,,,
1996-11-12,8.2966,-0.0004000000000008441,-4.821135860549468e-05,,,,,
1996-11-13,8.2967,9.999999999976694e-05,1.2053057559529765e-05,,,,,
1996-11-14,8.2981,0.00140000000000029,0.00016872755360973436,,,,,
1996-11-15,8.2994,0.001300000000000523,0.00015665009822675647,,,,,
1996-11-18,8.3,0.000600000000000378,7.229176961354451e-05,,,,,
1996-11-19,8.3002,0.00019999999999953388,2.409609522878177e-05,,,,,
1996-11-20,8.3002,0.0,0.0,,,,,
1996-11-21,8.3001,-9.999999999976694e-05,-1.2047975036681436e-05,,,,,
1996-11-22,8.3011,0.0009999999999994458,0.00012047321894910205,,,,,
1996-11-25,8.3017,0.000600000000000378,7.22769653627299e-05,,,,,
1996-11-27,8.3012,-0.0005000000000006111,-6.023044168810967e-05,,,,,
1996-11-28,8.301,-0.00019999999999953388,-2.4093192469562946e-05,,,,,
1996-11-29,8.3007,-0.0002999999999993008,-3.6140877142913725e-05,,,,,
1996-12-02,8.3012,0.0004999999999988347,6.0234069612510695e-05,,,,,
1996-12-03,8.3012,0.0,0.0,,,,,
1996-12-04,8.3011,-9.999999999976694e-05,-1.2046523674596565e-05,,,,,
1996-12-05,8.3013,0.00019999999999953388,2.409290223213303e-05,,,,,
1996-12-06,8.3013,0.0,0.0,,,,,
1996-12-09,8.3002,-0.0010999999999992127,-0.00013251814614452382,,,,,
1996-12-10,8.2996,-0.000600000000000378,-7.229002762225923e-05,,,,,
1996-12-11,8.2994,-0.00019999999999953388,-2.4097837220263948e-05,,,,,
1996-12-12,8.2992,-0.00019999999999953388,-2.409841793996378e-05,,,,,
1996-12-13,8.2995,0.0002999999999993008,3.6147409138304316e-05,,,,,
1996-12-16,8.299,-0.0005000000000006111,-6.024640782625883e-05,,,,,
1996-12-17,8.2986,-0.00039999999999906777,-4.8199739730659225e-05,,,,,
1996-12-18,8.2983,-0.0003000000000010772,-3.615132946924665e-05,,,,,
1996-12-19,8.2979,-0.00039999999999906777,-4.8203805699692984e-05,,,,,
1996-12-20,8.2975,-0.0004000000000008441,-4.820612941878961e-05,,,,,
1996-12-23,8.297,-0.0004999999999988347,-6.0260929844192084e-05,,,,,
1996-12-24,8.2977,0.000700000000000145,8.436428503257782e-05,,,,,
1996-12-25,8.298,0.0002999999999993008,3.615394349516748e-05,,,,,
1996-12-26,8.2979,-9.999999999976694e-05,-1.2051169264860814e-05,,,,,
1996-12-27,8.2977,-0.00019999999999953388,-2.410277423047513e-05,,,,,
1996-12-30,8.2982,0.0004999999999988347,6.0255846341681265e-05,,,,,
1996-12-31,8.2982,0.0,0.0,,,,,
1997-01-01,8.2982,0.0,0.0,,,,,
1997-01-02,8.2984,0.00020000000000131024,2.410132195888189e-05,,,,,
1997-01-03,8.2983,-0.0001000000000015433,-1.205058837030029e-05,,,,,
1997-01-06,8.2983,0.0,0.0,,,,,
1997-01-07,8.298,-0.0002999999999993008,-3.615263643484651e-05,,,,,
1997-01-08,8.2976,-0.0004000000000008441,-4.820554846803072e-05,,,,,
1997-01-09,8.2972,-0.00039999999999906777,-4.820787235478315e-05,,,,,
1997-01-10,8.2968,-0.0004000000000008441,-4.82101964660389e-05,,,,,
1997-01-13,8.2967,-9.999999999976694e-05,-1.2052912285057062e-05,,,,,
1997-01-14,8.2966,-9.999999999976694e-05,-1.2053057559490814e-05,,,,,
1997-01-15,8.2964,-0.00019999999999953388,-2.4106550956293415e-05,,,,,
1997-01-16,8.2962,-0.00019999999999953388,-2.4107132096116826e-05,,,,,
1997-01-17,8.2958,-0.0004000000000008441,-4.8216007724020974e-05,,,,,
1997-01-20,8.2956,-0.00019999999999953388,-2.410887568368091e-05,,,,,
1997-01-21,8.2956,0.0,0.0,,,,,
1997-01-22,8.2955,-9.999999999976694e-05,-1.2054655809525725e-05,,,,,
1997-01-23,8.2954,-9.999999999976694e-05,-1.205480112603769e-05,,,,,
1997-01-24,8.2954,0.0,0.0,,,,,
1997-01-27,8.2951,-0.0003000000000010772,-3.616527531226818e-05,,,,,
1997-01-28,8.2948,-0.0002999999999993008,-3.616658328644934e-05,,,,,
1997-01-29,8.2944,-0.0004000000000008441,-4.822414583926098e-05,,,,,
1997-01-30,8.294,-0.00039999999999906777,-4.8226471519486374e-05,,,,,
1997-01-31,8.2938,-0.00020000000000131024,-2.4114107960217002e-05,,,,,
1997-02-03,8.2934,-0.00039999999999906777,-4.822996046068493e-05,,,,,
1997-02-04,8.2931,-0.0002999999999993008,-3.617399692906795e-05,,,,,
1997-02-05,8.2927,-0.0004000000000008441,-4.823403153034113e-05,,,,,
1997-02-06,8.2925,-0.00019999999999953388,-2.411788823876643e-05,,,,,
1997-02-12,8.2916,-0.0008999999999996788,-0.00010853769585119,,,,,
1997-02-13,8.2916,0.0,0.0,,,,,
1997-02-14,8.2922,0.0005999999999986017,7.23597728216679e-05,,,,,
1997-02-17,8.2925,0.0003000000000010772,3.617792302957396e-05,,,,,
1997-02-18,8.2924,-9.999999999976694e-05,-1.2059162250123289e-05,,,,,
1997-02-19,8.2921,-0.0003000000000010772,-3.617835931545792e-05,,,,,
1997-02-20,8.2938,0.0016999999999995907,0.000204993398724498,,,,,
1997-02-21,8.2939,0.0001000000000015433,1.2057126666377133e-05,,,,,
1997-02-24,8.2941,0.00019999999999953388,2.4113817218456207e-05,,,,,
1997-02-25,8.2938,-0.0003000000000010772,-3.617094388483914e-05,,,,,
1997-02-26,8.294,0.00020000000000131024,2.411410796020359e-05,,,,,
1997-02-27,8.2948,0.0007999999999999119,9.64506173588042e-05,,,,,
1997-02-28,8.2948,0.0,0.0,,,,,
1997-03-03,8.2954,0.000600000000000378,7.233185859878935e-05,,,,,
1997-03-04,8.296,0.0005999999999986017,7.232662707916897e-05,,,,,
1997-03-05,8.2953,-0.000700000000000145,-8.438157352531568e-05,,,,,
1997-03-06,8.295,-0.0002999999999993008,-3.6165711292966174e-05,,,,,
1997-03-07,8.2957,0.000700000000000145,8.438462517140654e-05,,,,,
1997-03-10,8.2957,0.0,0.0,,,,,
1997-03-11,8.2953,-0.0004000000000008441,-4.8218913878463056e-05,,,,,
1997-03-12,8.2952,-9.999999999976694e-05,-1.2055091769497907e-05,,,,,
1997-03-13,8.2953,9.999999999976694e-05,1.2055091769567677e-05,,,,,
1997-03-14,8.2955,0.00020000000000131024,2.410974757226449e-05,,,,,
1997-03-17,8.2955,0.0,0.0,,,,,
1997-03-18,8.2958,0.0002999999999993008,3.616353149325612e-05,,,,,
1997-03-19,8.2958,0.0,0.0,,,,,
1997-03-20,8.2959,9.999999999976694e-05,1.205421988108061e-05,,,,,
1997-03-21,8.2959,0.0,0.0,,,,,
1997-03-24,8.2956,-0.0002999999999993008,-3.616309556488406e-05,,,,,
1997-03-25,8.2956,0.0,0.0,,,,,
1997-03-26,8.2968,0.0011999999999989797,0.00014464453630478198,,,,,
1997-03-27,8.2966,-0.00019999999999953388,-2.4105969844559656e-05,,,,,
1997-03-28,8.2964,-0.00019999999999953388,-2.4106550956293415e-05,,,,,
1997-03-31,8.2964,0.0,0.0,,,,,
1997-04-01,8.2955,-0.0008999999999996788,-0.00010848667131334942,,,,,
1997-04-02,8.2953,-0.00020000000000131024,-2.4109747572279426e-05,,,,,
1997-04-03,8.2963,0.0010000000000012221,0.00012054292548177772,,,,,
1997-04-04,8.2969,0.000600000000000378,7.231878121911557e-05,,,,,
1997-04-07,8.2968,-0.0001000000000015433,-1.205276701428711e-05,,,,,
1997-04-08,8.2966,-0.00019999999999953388,-2.4105969844559656e-05,,,,,
1997-04-09,8.2966,0.0,0.0,,,,,
1997-04-10,8.2965,-9.999999999976694e-05,-1.2053202837477344e-05,,,,,
1997-04-11,8.2965,0.0,0.0,,,,,
1997-04-14,8.2969,0.0004000000000008441,4.821193969636813e-05,,,,,
1997-04-15,8.2965,-0.0004000000000008441,-4.821193969626282e-05,,,,,
1997-04-16,8.2961,-0.0004000000000008441,-4.821426419945565e-05,,,,,
1997-04-17,8.2956,-0.0004999999999988347,-6.027109942327825e-05,,,,,
1997-04-18,8.2951,-0.0005000000000006111,-6.027473224778227e-05,,,,,
1997-04-21,8.2951,0.0,0.0,,,,,
1997-04-22,8.2948,-0.0002999999999993008,-3.616658328644934e-05,,,,,
1997-04-23,8.2949,9.999999999976694e-05,1.2055673098427825e-05,,,,,
1997-04-24,8.2946,-0.0002999999999993008,-3.616745532201224e-05,,,,,
1997-04-25,8.2948,0.00019999999999953388,2.411178222339302e-05,,,,,
1997-04-28,8.2943,-0.0005000000000006111,-6.0280545677875836e-05,,,,,
1997-04-29,8.2949,0.000600000000000378,7.233621877624439e-05,,,,,
1997-04-30,8.2949,0.0,0.0,,,,,
1997-05-05,8.2949,0.0,0.0,,,,,
1997-05-06,8.2947,-0.00019999999999953388,-2.411149153799915e-05,,,,,
1997-05-07,8.2943,-0.0004000000000008441,-4.822472723836035e-05,,,,,
1997-05-08,8.2938,-0.0005000000000006111,-6.0284179641127556e-05,,,,,
1997-05-09,8.2934,-0.00039999999999906777,-4.822996046068493e-05,,,,,
1997-05-12,8.2931,-0.0002999999999993008,-3.617399692906795e-05,,,,,
1997-05-13,8.293,-0.0001000000000015433,-1.2058289773058935e-05,,,,,
1997-05-14,8.2928,-0.00019999999999953388,-2.41170157616174e-05,,,,,
1997-05-15,8.2925,-0.0002999999999993008,-3.617661423452949e-05,,,,,
1997-05-16,8.2921,-0.0004000000000008441,-4.8237521565632615e-05,,,,,
1997-05-19,8.2918,-0.0002999999999993008,-3.6179668236266594e-05,,,,,
1997-05-20,8.2923,0.0004999999999988347,6.0298719876402776e-05,,,,,
1997-05-21,8.2919,-0.00039999999999906777,-4.823868502268537e-05,,,,,
1997-05-22,8.2921,0.00019999999999953388,2.411963338273678e-05,,,,,
1997-05-23,8.2923,0.00019999999999953388,2.4119051639903302e-05,,,,,
1997-05-26,8.2923,0.0,0.0,,,,,
1997-05-27,8.2918,-0.0004999999999988347,-6.029871987635895e-05,,,,,
1997-05-28,8.2916,-0.00019999999999953388,-2.41205060493684e-05,,,,,
1997-05-29,8.2924,0.0007999999999999119,9.647853360113163e-05,,,,,
1997-05-30,8.2924,0.0,0.0,,,,,
1997-06-02,8.2921,-0.0003000000000010772,-3.617835931545792e-05,,,,,
1997-06-03,8.2917,-0.00039999999999906777,-4.823984853614153e-05,,,,,
1997-06-04,8.2919,0.00019999999999953388,2.4120215153324826e-05,,,,,
1997-06-05,8.2915,-0.0004000000000008441,-4.824101210589006e-05,,,,,
1997-06-06,8.2921,0.000600000000000378,7.236064548862965e-05,,,,,
1997-06-09,8.2932,0.001100000000000989,0.00013264758570711462,,,,,
1997-06-10,8.2923,-0.0009000000000014552,-0.00010852853406709358,,,,,
1997-06-11,8.2922,-9.999999999976694e-05,-1.2059453103974573e-05,,,,,
1997-06-12,8.2923,9.999999999976694e-05,1.2059453104010869e-05,,,,,
1997-06-13,8.2935,0.001200000000000756,0.00014470209481540634,,,,,
1997-06-16,8.293,-0.0005000000000006111,-6.028999489370598e-05,,,,,
1997-06-17,8.2931,0.0001000000000015433,1.2058289773063504e-05,,,,,
1997-06-18,8.2928,-0.0003000000000010772,-3.617530553466719e-05,,,,,
1997-06-19,8.2925,-0.0002999999999993008,-3.617661423452949e-05,,,,,
1997-06-20,8.2915,-0.0010000000000012221,-0.0001205981670541468,,,,,
1997-06-23,8.2915,0.0,0.0,,,,,
1997-06-24,8.2916,0.0001000000000015433,1.2060471202883501e-05,,,,,
1997-06-25,8.2914,-0.00020000000000131024,-2.412108786234438e-05,,,,,
1997-06-26,8.291,-0.00039999999999906777,-4.824392127513883e-05,,,,,
1997-06-27,8.291,0.0,0.0,,,,,
1997-06-28,8.2908,-0.00019999999999953388,-2.412283346914412e-05,,,,,
1997-07-02,8.2907,-0.0001000000000015433,-1.2061634954898595e-05,,,,,
1997-07-03,8.291,0.0003000000000010772,3.6184468424119735e-05,,,,,
1997-07-04,8.2914,0.00039999999999906777,4.8243921275188094e-05,,,,,
1997-07-07,8.2917,0.0003000000000010772,3.618141361189462e-05,,,,,
1997-07-08,8.2918,9.999999999976694e-05,1.2060180299759792e-05,,,,,
1997-07-09,8.2919,9.999999999976694e-05,1.2060034853637933e-05,,,,,
1997-07-10,8.292,9.999999999976694e-05,1.2059889410846681e-05,,,,,
1997-07-11,8.2913,-0.000700000000000145,-8.442228029593638e-05,,,,,
1997-07-14,8.2906,-0.000700000000000145,-8.442940801912359e-05,,,,,
1997-07-15,8.291,0.0004000000000008441,4.824624886358954e-05,,,,,
1997-07-16,8.2916,0.000600000000000378,7.236500913759738e-05,,,,,
1997-07-17,8.2919,0.0002999999999993008,3.618054090292416e-05,,,,,
1997-07-18,8.291,-0.0008999999999996788,-0.0001085455500405199,,,,,
1997-07-21,8.2915,0.0004999999999988347,6.030453793464167e-05,,,,,
1997-07-22,8.2911,-0.00039999999999906777,-4.8243339413153994e-05,,,,,
1997-07-23,8.2909,-0.00019999999999953388,-2.4122542517079828e-05,,,,,
1997-07-24,8.2909,0.0,0.0,,,,,
1997-07-25,8.2908,-9.999999999976694e-05,-1.2061489473404505e-05,,,,,
1997-07-28,8.2905,-0.0003000000000010772,-3.6185341322361095e-05,,,,,
1997-07-29,8.2903,-0.00019999999999953388,-2.412428833460752e-05,,,,,
1997-07-30,8.2903,0.0,0.0,,,,,
1997-07-31,8.2901,-0.00019999999999953388,-2.412487032988872e-05,,,,,
1997-08-01,8.2903,0.00019999999999953388,2.4124870329849878e-05,,,,,
1997-08-04,8.2903,0.0,0.0,,,,,
1997-08-05,8.2905,0.00019999999999953388,2.412428833456082e-05,,10.7999,10.7999,,
1997-08-06,8.2903,-0.00019999999999953388,-2.412428833460752e-05,,10.3626,10.3626,-0.4372999999999987,
1997-08-07,8.29,-0.0003000000000010772,-3.6187523752189606e-05,,9.9679,9.9679,-0.3947000000000003,
1997-08-08,8.2903,0.0003000000000010772,3.618752375212647e-05,,9.6116,9.6116,-0.35630000000000095,
1997-08-11,8.2897,-0.000600000000000378,-7.237635708831218e-05,,9.2901,9.2901,-0.32149999999999856,
1997-08-12,8.2896,-9.999999999976694e-05,-1.2063235480487775e-05,,8.9999,8.9999,-0.29020000000000046,
1997-08-13,8.2891,-0.0005000000000006111,-6.031836032402564e-05,,8.9999,8.9999,0.0,
1997-08-14,8.2896,0.0005000000000006111,6.031836032397889e-05,,8.9999,8.9999,0.0,
1997-08-15,8.2893,-0.0002999999999993008,-3.6190579595997706e-05,,8.9999,8.9999,0.0,
1997-08-18,8.2889,-0.0004000000000008441,-4.825614361979455e-05,,8.9999,8.9999,0.0,
1997-08-19,8.2885,-0.00039999999999906777,-4.825847238732948e-05,,8.9999,8.9999,0.0,
1997-08-20,8.289,0.0004999999999988347,6.0322726605497906e-05,,8.9999,8.9999,0.0,
1997-08-21,8.29,0.0009999999999994458,0.00012063453781435688,,8.9999,8.9999,0.0,
1997-08-22,8.2891,-0.0008999999999996788,-0.00010857042914080531,,8.9999,8.9999,0.0,
1997-08-25,8.289,-9.999999999976694e-05,-1.2064108673658934e-05,,8.9999,8.9999,0.0,
1997-08-26,8.289,0.0,0.0,,8.9999,8.9999,0.0,
1997-08-27,8.289,0.0,0.0,,8.9999,8.9999,0.0,
1997-08-28,8.2892,0.00019999999999953388,2.412807180629744e-05,,8.9999,8.9999,0.0,
1997-08-29,8.2885,-0.0006999999999983686,-8.445079841160077e-05,,8.9999,8.9999,0.0,
1997-09-01,8.2884,-0.0001000000000015433,-1.2064981993397808e-05,,8.9999,8.9999,0.0,
1997-09-02,8.288,-0.00039999999999906777,-4.826138366315685e-05,,8.9999,8.9999,0.0,
1997-09-03,8.2883,0.0002999999999993008,3.619625610444662e-05,,8.9999,8.9999,0.0,
1997-09-04,8.2889,0.000600000000000378,7.238858193931314e-05,,8.9999,8.9999,0.0,
1997-09-05,8.2891,0.00019999999999953388,2.4128362891757436e-05,,8.9999,8.9999,0.0,
1997-09-08,8.2884,-0.000700000000000145,-8.445181727237251e-05,,8.9999,8.9999,0.0,
1997-09-09,8.2884,0.0,0.0,,8.9999,8.9999,0.0,
1997-09-10,8.2881,-0.0002999999999993008,-3.61958193867254e-05,,8.9999,8.9999,0.0,
1997-09-11,8.2887,0.000600000000000378,7.239032868373286e-05,,8.9999,8.9999,0.0,
1997-09-12,8.2889,0.00019999999999953388,2.4128945083548855e-05,,8.9999,8.9999,0.0,
1997-09-15,8.2881,-0.0007999999999999119,-9.651927376743227e-05,,8.9999,8.9999,0.0,
1997-09-16,8.2876,-0.0005000000000006111,-6.032927721325138e-05,,8.9999,8.9999,0.0,
1997-09-17,8.2871,-0.0004999999999988347,-6.033291705433344e-05,,8.9999,8.9999,0.0,
1997-09-18,8.2875,0.00039999999999906777,4.82666248448537e-05,,8.9999,8.9999,0.0,
1997-09-19,8.2873,-0.00019999999999953388,-2.4133021214016882e-05,,8.9999,8.9999,0.0,
1997-09-22,8.2864,-0.0008999999999996788,-0.00010860580327683377,,8.9999,8.9999,0.0,
1997-09-23,8.2859,-0.0005000000000006111,-6.034165446583635e-05,,8.9999,8.9999,0.0,
1997-09-24,8.2854,-0.0005000000000006111,-6.0345295800858694e-05,,8.9999,8.9999,0.0,
1997-09-25,8.2851,-0.0002999999999993008,-3.620892550398257e-05,,8.9999,8.9999,0.0,
1997-09-26,8.285,-9.999999999976694e-05,-1.2069933193088317e-05,,8.9999,8.9999,0.0,
1997-09-29,8.285,0.0,0.0,,8.9999,8.9999,0.0,
1997-09-30,8.2852,0.00019999999999953388,2.4139720704559634e-05,,8.9999,8.9999,0.0,
1997-10-05,8.285,-0.00019999999999953388,-2.4139720704585753e-05,,8.9999,8.9999,0.0,
1997-10-06,8.285,0.0,0.0,,8.9999,8.9999,0.0,
1997-10-07,8.2845,-0.0005000000000006111,-6.035185131146883e-05,,8.9999,8.9999,0.0,
1997-10-08,8.2845,0.0,0.0,,8.9999,8.9999,0.0,
1997-10-09,8.2843,-0.00019999999999953388,-2.4141760418262705e-05,,8.9999,8.9999,0.0,
1997-10-10,8.2841,-0.00019999999999953388,-2.4142343256899843e-05,,8.9999,8.9999,0.0,
1997-10-13,8.2835,-0.000600000000000378,-7.243052708455693e-05,,8.9999,8.9999,0.0,
1997-10-14,8.2831,-0.0004000000000008441,-4.828993276575694e-05,,8.9999,8.9999,0.0,
1997-10-15,8.2832,0.0001000000000015433,1.2072701810598362e-05,,8.9999,8.9999,0.0,
1997-10-16,8.2839,0.0006999999999983686,8.450483191570146e-05,,8.9999,8.9999,0.0,
1997-10-17,8.2842,0.0003000000000010772,3.621417060897518e-05,,8.9999,8.9999,0.0,
1997-10-20,8.2839,-0.0003000000000010772,-3.6214170609081356e-05,,8.9999,8.9999,0.0,
1997-10-21,8.2835,-0.00039999999999906777,-4.828760096054289e-05,,8.9999,8.9999,0.0,
1997-10-22,8.2832,-0.0002999999999993008,-3.62172309550883e-05,,8.9999,8.9999,0.0,
1997-10-23,8.283,-0.00020000000000131024,-2.414554937296398e-05,,8.9999,8.9999,0.0,
1997-10-24,8.2836,0.000600000000000378,7.243489916620715e-05,,8.9999,8.9999,0.0,
1997-10-27,8.2833,-0.0002999999999993008,-3.621679373109507e-05,,8.9999,8.9999,0.0,
1997-10-28,8.2834,9.999999999976694e-05,1.2072410317290777e-05,,9.0291,9.0291,0.02919999999999945,
1997-10-29,8.283,-0.0004000000000008441,-4.829051575214604e-05,,9.0554,9.0554,0.026300000000000878,
1997-10-30,8.2832,0.00020000000000131024,2.414554937305159e-05,,9.0792,9.0792,0.0237999999999996,
1997-10-31,8.2836,0.00039999999999906777,4.828934979320237e-05,,8.9257,8.9257,-0.1534999999999993,
1997-11-03,8.2834,-0.00019999999999953388,-2.4144383413904902e-05,,8.7871,8.7871,-0.13860000000000028,
1997-11-04,8.2829,-0.0005000000000006111,-6.036350906995979e-05,,8.6446,8.6446,-0.14250000000000007,
1997-11-05,8.2826,-0.0002999999999993008,-3.6219854520771234e-05,,8.516,8.516,-0.1286000000000005,
1997-11-06,8.2822,-0.0004000000000008441,-4.829518015055649e-05,,8.3999,8.3999,-0.11609999999999943,
1997-11-07,8.282,-0.00019999999999953388,-2.4148464762458302e-05,,8.3999,8.3999,0.0,
1997-11-10,8.2817,-0.0002999999999993008,-3.6223790582042033e-05,,8.3999,8.3999,0.0,
1997-11-11,8.2813,-0.0004000000000008441,-4.830042867574873e-05,,8.3999,8.3999,0.0,
1997-11-12,8.281,-0.0002999999999993008,-3.622685255450305e-05,,8.4291,8.4291,0.02919999999999945,
1997-11-13,8.2808,-0.00020000000000131024,-2.415196415980797e-05,,8.4554,8.4554,0.026299999999999102,
1997-11-14,8.2805,-0.0002999999999993008,-3.6229039994707106e-05,,8.4792,8.4792,0.023800000000001376,
1997-11-17,8.2806,9.999999999976694e-05,1.2076492503660937e-05,,8.5006,8.5006,0.021399999999999864,
1997-11-18,8.2805,-9.999999999976694e-05,-1.2076492503660056e-05,,8.5199,8.5199,0.01929999999999943,
1997-11-19,8.2804,-9.999999999976694e-05,-1.2076638347093407e-05,,8.5272,8.5272,0.00730000000000075,
1997-11-20,8.2803,-9.999999999976694e-05,-1.2076784193968511e-05,,8.5338,8.5338,0.006599999999998829,
1997-11-21,8.2803,0.0,0.0,,8.5398,8.5398,0.006000000000000227,
1997-11-24,8.2802,-9.999999999976694e-05,-1.2076930044507416e-05,,8.5378,8.5378,-0.0019999999999988916,
1997-11-25,8.2801,-0.0001000000000015433,-1.2077075898710122e-05,,8.5361,8.5361,-0.001700000000001367,
1997-11-26,8.2802,0.0001000000000015433,1.2077075898608741e-05,,8.5356,8.5356,-0.0004999999999988347,
1997-11-27,8.2801,-0.0001000000000015433,-1.2077075898710122e-05,,8.5352,8.5352,-0.0004000000000008441,
1997-11-28,8.2801,0.0,0.0,,8.5348,8.5348,-0.00039999999999906777,
1997-12-01,8.2796,-0.0004999999999988347,-6.0387567425810395e-05,,8.5388,8.5388,0.0039999999999995595,
1997-12-02,8.2796,0.0,0.0,,8.5425,8.5425,0.0037000000000002586,
1997-12-03,8.2799,0.0002999999999993008,3.6232978052747395e-05,,8.5425,8.5425,0.0,
1997-12-04,8.2801,0.00019999999999953388,2.415458937308401e-05,,8.5425,8.5425,0.0,
1997-12-05,8.28,-9.999999999976694e-05,-1.2077221756021511e-05,,8.7848,8.7848,0.24230000000000018,
1997-12-08,8.28,0.0,0.0,,9.0036,9.0036,0.21879999999999988,
1997-12-09,8.28,0.0,0.0,,9.201,9.201,0.19740000000000002,
1997-12-10,8.28,0.0,0.0,,9.3792,9.3792,0.17820000000000036,
1997-12-11,8.28,0.0,0.0,,9.5399,9.5399,0.1606999999999985,
1997-12-12,8.2796,-0.00039999999999906777,-4.831034566983495e-05,,9.5399,9.5399,0.0,
1997-12-15,8.2793,-0.0003000000000010772,-3.623429092923758e-05,,9.5399,9.5399,0.0,
1997-12-16,8.2788,-0.0004999999999988347,-6.0393402642893855e-05,,9.5399,9.5399,0.0,
1997-12-17,8.2787,-9.999999999976694e-05,-1.207911822448339e-05,,9.5399,9.5399,0.0,
1997-12-18,8.2791,0.00039999999999906777,4.8315597492120905e-05,,9.5399,9.5399,0.0,
1997-12-19,8.2792,9.999999999976694e-05,1.2078534632332275e-05,,9.5399,9.5399,0.0,
1997-12-22,8.2797,0.0005000000000006111,6.0390484893645245e-05,,9.5399,9.5399,0.0,
1997-12-23,8.2798,9.999999999976694e-05,1.2077659349732812e-05,,9.5399,9.5399,0.0,
1997-12-24,8.28,0.00019999999999953388,2.4154881098675418e-05,,9.5399,9.5399,0.0,
1997-12-25,8.2799,-9.999999999976694e-05,-1.2077367617107728e-05,,9.5399,9.5399,0.0,
1997-12-26,8.2793,-0.000600000000000378,-7.246726898191318e-05,,9.5399,9.5399,0.0,
1997-12-29,8.2793,0.0,0.0,,9.5399,9.5399,0.0,
1997-12-30,8.2794,0.0001000000000015433,1.2078242857477232e-05,,9.5399,9.5399,0.0,
1997-12-31,8.2798,0.00039999999999906777,4.831151264273395e-05,,9.5399,9.5399,0.0,
1998-01-04,8.2796,-0.00019999999999953388,-2.4155464571050044e-05,,9.5399,9.5399,0.0,
1998-01-05,8.2798,0.00019999999999953388,2.4155464571173745e-05,,9.5399,9.5399,0.0,
1998-01-06,8.28,0.00019999999999953388,2.4154881098675418e-05,,9.5399,9.5399,0.0,
1998-01-07,8.2799,-9.999999999976694e-05,-1.2077367617107728e-05,,9.5399,9.5399,0.0,
1998-01-08,8.28,9.999999999976694e-05,1.2077367617065476e-05,,9.5399,9.5399,0.0,
1998-01-09,8.2797,-0.0002999999999993008,-3.6232540448446224e-05,,9.2629,9.2629,-0.27699999999999925,
1998-01-12,8.2796,-9.999999999976694e-05,-1.2077805221349969e-05,,9.0665,9.0665,-0.19640000000000057,
1998-01-13,8.2794,-0.00019999999999953388,-2.4156048071626124e-05,,8.8357,8.8357,-0.23080000000000034,
1998-01-14,8.279,-0.0004000000000008441,-4.831384675797492e-05,,8.6857,8.6857,-0.14999999999999858,
1998-01-15,8.2789,-9.999999999976694e-05,-1.2078826421374236e-05,,8.5503,8.5503,-0.13540000000000063,
1998-01-16,8.2786,-0.0002999999999993008,-3.6237354677041696e-05,,8.5939,8.5939,0.04359999999999964,
1998-01-19,8.2789,0.0002999999999993008,3.623735467709289e-05,,8.6013,8.6013,0.007400000000000517,
1998-01-20,8.279,9.999999999976694e-05,1.2078826421397917e-05,,8.6399,8.6399,0.038600000000000634,
1998-01-21,8.2786,-0.00039999999999906777,-4.8316181098344874e-05,,8.6302,8.6302,-0.009700000000000486,
1998-01-22,8.2786,0.0,0.0,,8.6215,8.6215,-0.00870000000000104,
1998-01-23,8.2784,-0.00020000000000131024,-2.4158965997627854e-05,,8.6378,8.6378,0.01630000000000109,
1998-01-24,8.2782,-0.00019999999999953388,-2.4159549667074982e-05,,8.6526,8.6526,0.014799999999999258,
1998-01-25,8.2783,9.999999999976694e-05,1.2079847794036934e-05,,8.666,8.666,0.013400000000000745,
1998-01-26,8.2782,-9.999999999976694e-05,-1.207984779404131e-05,,8.6838,8.6838,0.017799999999999372,
1998-01-27,8.2789,0.000700000000000145,8.455587034170178e-05,,8.6999,8.6999,0.01609999999999978,
1998-02-04,8.2785,-0.0004000000000008441,-4.831676471893931e-05,,8.6999,8.6999,0.0,
1998-02-05,8.2789,0.0004000000000008441,4.831676471888262e-05,,8.6999,8.6999,0.0,
1998-02-06,8.2786,-0.0002999999999993008,-3.6237354677041696e-05,,8.6999,8.6999,0.0,
1998-02-09,8.2785,-0.0001000000000015433,-1.2079410041914682e-05,,8.6999,8.6999,0.0,
1998-02-10,8.2785,0.0,0.0,,8.6999,8.6999,0.0,
1998-02-11,8.2789,0.0004000000000008441,4.831676471888262e-05,,8.6999,8.6999,0.0,
1998-02-12,8.2792,0.0002999999999993008,3.623604157863975e-05,,8.6708,8.6708,-0.02909999999999968,
1998-02-13,8.2795,0.0003000000000010772,3.623472857588264e-05,,8.6445,8.6445,-0.026299999999999102,
1998-02-16,8.2796,9.999999999976694e-05,1.2077951096388702e-05,,8.6207,8.6207,-0.023800000000001376,
1998-02-17,8.2798,0.00019999999999953388,2.4155464571173745e-05,,8.6212,8.6212,0.0005000000000006111,
1998-02-18,8.2798,0.0,0.0,,8.6045,8.6045,-0.01670000000000016,
1998-02-19,8.2796,-0.00019999999999953388,-2.4155464571050044e-05,,8.6021,8.6021,-0.0023999999999997357,
1998-02-20,8.2795,-9.999999999976694e-05,-1.2077951096536272e-05,,8.6,8.6,-0.002100000000000435,
1998-02-23,8.2792,-0.0003000000000010772,-3.6234728575804646e-05,,8.598,8.598,-0.0019999999999988916,
1998-02-24,8.2791,-9.999999999976694e-05,-1.2078534632254143e-05,,8.5832,8.5832,-0.014800000000001035,
1998-02-25,8.2791,0.0,0.0,,8.5799,8.5799,-0.0032999999999994145,
1998-02-26,8.279,-9.999999999976694e-05,-1.2078680525093312e-05,,8.5799,8.5799,0.0,
1998-02-27,8.279,0.0,0.0,,8.5799,8.5799,0.0,
1998-03-02,8.2789,-9.999999999976694e-05,-1.2078826421374236e-05,,8.5799,8.5799,0.0,
1998-03-03,8.2789,0.0,0.0,,8.5799,8.5799,0.0,
1998-03-04,8.279,9.999999999976694e-05,1.2078826421397917e-05,,8.5799,8.5799,0.0,
1998-03-05,8.2791,9.999999999976694e-05,1.207868052497775e-05,,8.5799,8.5799,0.0,
1998-03-06,8.2791,0.0,0.0,,8.6091,8.6091,0.02919999999999945,
1998-03-09,8.2788,-0.0002999999999993008,-3.623647926754986e-05,,8.6354,8.6354,0.026300000000000878,
1998-03-10,8.2789,9.999999999976694e-05,1.2078972321148692e-05,,8.6592,8.6592,0.0237999999999996,
1998-03-11,8.2791,0.00019999999999953388,2.415750694651037e-05,,8.666,8.666,0.006800000000000139,
1998-03-12,8.2795,0.0004000000000008441,4.831326320800523e-05,,8.6722,8.6722,0.006199999999999761,
1998-03-13,8.2795,0.0,0.0,,8.6603,8.6603,-0.011900000000000688,
1998-03-16,8.2794,-9.999999999976694e-05,-1.2078096975164329e-05,,8.6496,8.6496,-0.010699999999999932,
1998-03-17,8.2792,-0.00020000000000131024,-2.4156631600624944e-05,,8.6399,8.6399,-0.00969999999999871,
1998-03-18,8.2791,-9.999999999976694e-05,-1.2078534632254143e-05,,8.6399,8.6399,0.0,
1998-03-19,8.279,-9.999999999976694e-05,-1.2078680525093312e-05,,8.6399,8.6399,0.0,
1998-03-20,8.2792,0.00019999999999953388,2.4157215157416507e-05,,8.6399,8.6399,0.0,
1998-03-21,8.2792,0.0,0.0,,8.6399,8.6399,0.0,
1998-03-23,8.2791,-9.999999999976694e-05,-1.2078534632254143e-05,,8.6399,8.6399,0.0,
1998-03-24,8.2795,0.0004000000000008441,4.831326320800523e-05,,8.6254,8.6254,-0.014499999999999957,
1998-03-25,8.2797,0.00019999999999953388,2.4155756317858627e-05,,8.6122,8.6122,-0.01320000000000121,
1998-03-26,8.2797,0.0,0.0,,8.6003,8.6003,-0.011899999999998911,
1998-03-27,8.2792,-0.0005000000000006111,-6.03904848936186e-05,,8.5896,8.5896,-0.010699999999999932,
1998-03-30,8.2792,0.0,0.0,,8.5799,8.5799,-0.009700000000000486,
1998-03-31,8.2791,-9.999999999976694e-05,-1.2078534632254143e-05,,8.2009,8.2009,-0.37899999999999956,
1998-04-01,8.2793,0.00019999999999953388,2.4156923375427813e-05,,7.8588,7.8588,-0.3421000000000012,
1998-04-02,8.2793,0.0,0.0,,7.5501,7.5501,-0.3087,
1998-04-03,8.2795,0.00020000000000131024,2.4156339832765935e-05,,7.2714,7.2714,-0.2786999999999997,
1998-04-06,8.2797,0.00019999999999953388,2.4155756317858627e-05,,7.0637,7.0637,-0.2077,
1998-04-07,8.2796,-9.999999999976694e-05,-1.2077805221349969e-05,,7.1032,7.1032,0.03950000000000031,
1998-04-08,8.2798,0.00019999999999953388,2.4155464571173745e-05,,7.1388,7.1388,0.03559999999999963,
1998-04-09,8.2795,-0.0002999999999993008,-3.623341566763549e-05,,7.1709,7.1709,0.032099999999999795,
1998-04-10,8.2795,0.0,0.0,,7.2,7.2,0.02910000000000057,
1998-04-13,8.2795,0.0,0.0,,7.2,7.2,0.0,
1998-04-14,8.2793,-0.00020000000000131024,-2.415633983273923e-05,,7.2,7.2,0.0,
1998-04-15,8.2791,-0.00019999999999953388,-2.415692337539429e-05,,7.2,7.2,0.0,
1998-04-16,8.2794,0.0003000000000010772,3.623516623281078e-05,,7.2,7.2,0.0,
1998-04-17,8.2797,0.0002999999999993008,3.623385329311091e-05,,7.2,7.2,0.0,
1998-04-20,8.2794,-0.0002999999999993008,-3.623385329299615e-05,,7.2,7.2,0.0,
1998-04-21,8.2794,0.0,0.0,,7.0736,7.0736,-0.1264000000000003,
1998-04-22,8.2793,-0.0001000000000015433,-1.207824285756721e-05,,6.9596,6.9596,-0.11399999999999988,
1998-04-23,8.2789,-0.00039999999999906777,-4.8314430321721824e-05,,7.0891,7.0891,0.12950000000000017,
1998-04-24,8.2789,0.0,0.0,,7.206,7.206,0.11690000000000023,
1998-04-27,8.2786,-0.0002999999999993008,-3.6237354677041696e-05,,7.3115,7.3115,0.10549999999999926,
1998-04-28,8.2787,9.999999999976694e-05,1.2079264131308189e-05,,7.4823,7.4823,0.17080000000000073,
1998-04-29,8.2782,-0.0005000000000006111,-6.0397779796097985e-05,,7.6365,7.6365,0.15419999999999945,
1998-04-30,8.2781,-9.999999999976694e-05,-1.2079993718522408e-05,,7.6365,7.6365,0.0,
1998-05-04,8.2779,-0.00019999999999953388,-2.4160425224649328e-05,,7.6365,7.6365,0.0,
1998-05-05,8.2785,0.0005999999999986017,7.247952456589137e-05,,7.6365,7.6365,0.0,
1998-05-06,8.2781,-0.00039999999999906777,-4.831909934132636e-05,,7.6365,7.6365,0.0,
1998-05-07,8.2783,0.00019999999999953388,2.4159841512604994e-05,,7.6365,7.6365,0.0,
1998-05-08,8.2786,0.0003000000000010772,3.623866787057595e-05,,7.6365,7.6365,0.0,
1998-05-11,8.2788,0.00019999999999953388,2.415838235575687e-05,,7.6365,7.6365,0.0,
1998-05-12,8.2782,-0.000600000000000378,-7.247689802051571e-05,,7.6365,7.6365,0.0,
1998-05-13,8.2786,0.0004000000000008441,4.8318515664710775e-05,,7.6365,7.6365,0.0,
1998-05-14,8.2789,0.0002999999999993008,3.623735467709289e-05,,7.375,7.375,-0.26149999999999984,
1998-05-15,8.2789,0.0,0.0,,7.1389,7.1389,-0.23610000000000042,
1998-05-18,8.279,9.999999999976694e-05,1.2078826421397917e-05,,6.9258,6.9258,-0.21309999999999985,
1998-05-19,8.2793,0.0002999999999993008,3.623560390039649e-05,,6.7335,6.7335,-0.19229999999999947,
1998-05-20,8.2796,0.0003000000000010772,3.6234290929167996e-05,,6.56,6.56,-0.17350000000000065,
1998-05-21,8.2796,0.0,0.0,,6.56,6.56,0.0,
1998-05-22,8.2795,-9.999999999976694e-05,-1.2077951096536272e-05,,6.56,6.56,0.0,
1998-05-25,8.2796,9.999999999976694e-05,1.2077951096388702e-05,,6.5668,6.5668,0.006800000000000139,
1998-05-26,8.2794,-0.00019999999999953388,-2.4156048071626124e-05,,6.5729,6.5729,0.006099999999999994,
1998-05-27,8.2796,0.00019999999999953388,2.4156048071648676e-05,,6.5784,6.5784,0.0055000000000005045,
1998-05-28,8.2797,9.999999999976694e-05,1.2077805221284432e-05,,6.5834,6.5834,0.004999999999999893,
1998-05-29,8.2795,-0.00019999999999953388,-2.4155756317840755e-05,,6.5879,6.5879,0.0045000000000001705,
1998-06-01,8.2793,-0.00020000000000131024,-2.415633983273923e-05,,6.5879,6.5879,0.0,
1998-06-02,8.2795,0.00020000000000131024,2.4156339832765935e-05,,6.5879,6.5879,0.0,
1998-06-03,8.2798,0.0002999999999993008,3.623341566748935e-05,,6.5879,6.5879,0.0,
1998-06-04,8.2799,9.999999999976694e-05,1.207751348173384e-05,,6.5879,6.5879,0.0,
1998-06-05,8.2795,-0.00039999999999906777,-4.8310929149198794e-05,,6.5879,6.5879,0.0,
1998-06-08,8.2794,-9.999999999976694e-05,-1.2078096975164329e-05,,6.5879,6.5879,0.0,
1998-06-09,8.2798,0.00039999999999906777,4.831151264273395e-05,,6.5879,6.5879,0.0,
1998-06-10,8.2799,9.999999999976694e-05,1.207751348173384e-05,,6.5879,6.5879,0.0,
1998-06-11,8.2797,-0.00019999999999953388,-2.415517283136502e-05,,6.5879,6.5879,0.0,
1998-06-12,8.2798,9.999999999976694e-05,1.2077659349732812e-05,,6.5879,6.5879,0.0,
1998-06-15,8.2799,9.999999999976694e-05,1.207751348173384e-05,,6.5879,6.5879,0.0,
1998-06-16,8.2799,0.0,0.0,,6.5879,6.5879,0.0,
1998-06-17,8.2799,0.0,0.0,,6.5879,6.5879,0.0,
1998-06-18,8.2799,0.0,0.0,,6.5879,6.5879,0.0,
1998-06-19,8.2798,-9.999999999976694e-05,-1.2077513481635697e-05,,6.5879,6.5879,0.0,
1998-06-22,8.2796,-0.00019999999999953388,-2.4155464571050044e-05,,6.6273,6.6273,0.03939999999999966,
1998-06-23,8.2796,0.0,0.0,,6.6021,6.6021,-0.02519999999999989,
1998-06-24,8.2798,0.00019999999999953388,2.4155464571173745e-05,,6.6765,6.6765,0.0743999999999998,
1998-06-25,8.2798,0.0,0.0,,6.6465,6.6465,-0.03000000000000025,
1998-06-26,8.2799,9.999999999976694e-05,1.207751348173384e-05,,6.6194,6.6194,-0.027099999999999902,
1998-06-29,8.2797,-0.00019999999999953388,-2.415517283136502e-05,,6.5714,6.5714,-0.04800000000000004,
1998-06-30,8.2798,9.999999999976694e-05,1.2077659349732812e-05,,6.5644,6.5644,-0.006999999999999673,
1998-07-01,8.2797,-9.999999999976694e-05,-1.2077659349716444e-05,,6.4999,6.4999,-0.06449999999999978,
1998-07-02,8.2799,0.00019999999999953388,2.4155172831371998e-05,,6.4999,6.4999,0.0,
1998-07-03,8.2799,0.0,0.0,,6.4999,6.4999,0.0,
1998-07-06,8.2798,-9.999999999976694e-05,-1.2077513481635697e-05,,6.4999,6.4999,0.0,
1998-07-07,8.2798,0.0,0.0,,6.4999,6.4999,0.0,
1998-07-08,8.2796,-0.00019999999999953388,-2.4155464571050044e-05,,6.4999,6.4999,0.0,
1998-07-09,8.2799,0.0002999999999993008,3.6232978052747395e-05,,6.4999,6.4999,0.0,
1998-07-10,8.2797,-0.00019999999999953388,-2.415517283136502e-05,,6.4999,6.4999,0.0,
1998-07-13,8.2797,0.0,0.0,,6.4999,6.4999,0.0,
1998-07-14,8.2796,-9.999999999976694e-05,-1.2077805221349969e-05,,6.257,6.257,-0.24290000000000056,
1998-07-15,8.2796,0.0,0.0,,6.0377,6.0377,-0.2192999999999996,
1998-07-16,8.2798,0.00019999999999953388,2.4155464571173745e-05,,5.8398,5.8398,-0.19789999999999974,
1998-07-17,8.2798,0.0,0.0,,5.6369,5.6369,-0.20290000000000052,
1998-07-20,8.2797,-9.999999999976694e-05,-1.2077659349716444e-05,,5.5412,5.5412,-0.0956999999999999,
1998-07-21,8.2798,9.999999999976694e-05,1.2077659349732812e-05,,5.525,5.525,-0.016199999999999548,
1998-07-22,8.2798,0.0,0.0,,5.5068,5.5068,-0.018200000000000216,
1998-07-23,8.2797,-9.999999999976694e-05,-1.2077659349716444e-05,,5.4903,5.4903,-0.016499999999999737,
1998-07-24,8.2796,-9.999999999976694e-05,-1.2077805221349969e-05,,5.49,5.49,-0.000300000000000189,
1998-07-27,8.2796,0.0,0.0,,5.5382,5.5382,0.048199999999999577,
1998-07-28,8.2799,0.0002999999999993008,3.6232978052747395e-05,,5.5903,5.5903,0.05210000000000026,
1998-07-29,8.2799,0.0,0.0,,5.6031,5.6031,0.012800000000000367,
1998-07-30,8.2799,0.0,0.0,,5.6147,5.6147,0.01159999999999961,
1998-07-31,8.2799,0.0,0.0,,5.6251,5.6251,0.010399999999999743,
1998-08-03,8.2799,0.0,0.0,,5.5134,5.5134,-0.11169999999999991,
1998-08-04,8.2799,0.0,0.0,,5.4344,5.4344,-0.07899999999999974,
1998-08-05,8.28,9.999999999976694e-05,1.2077367617065476e-05,,5.3849,5.3849,-0.0495000000000001,
1998-08-06,8.2799,-9.999999999976694e-05,-1.2077367617107728e-05,,5.3354,5.3354,-0.0495000000000001,
1998-08-07,8.2798,-9.999999999976694e-05,-1.2077513481635697e-05,,5.2907,5.2907,-0.04469999999999974,
1998-08-10,8.2801,0.0002999999999993008,3.6232102854792095e-05,,5.2867,5.2867,-0.004000000000000448,
1998-08-11,8.2799,-0.00019999999999953388,-2.4154589373089967e-05,,5.2577,5.2577,-0.028999999999999915,
1998-08-12,8.2799,0.0,0.0,,5.1824,5.1824,-0.07529999999999948,
1998-08-13,8.2798,-9.999999999976694e-05,-1.2077513481635697e-05,,5.1263,5.1263,-0.056100000000000705,
1998-08-14,8.2799,9.999999999976694e-05,1.207751348173384e-05,,5.1947,5.1947,0.06840000000000046,
1998-08-17,8.2799,0.0,0.0,,5.1374,5.1374,-0.057299999999999685,
1998-08-18,8.2799,0.0,0.0,,5.1958,5.1958,0.058399999999999785,
1998-08-19,8.2799,0.0,0.0,,5.2287,5.2287,0.03289999999999971,
1998-08-20,8.2799,0.0,0.0,,5.3031,5.3031,0.0743999999999998,
1998-08-21,8.2799,0.0,0.0,,5.251,5.251,-0.05209999999999937,
1998-08-24,8.28,9.999999999976694e-05,1.2077367617065476e-05,,5.2007,5.2007,-0.05030000000000001,
1998-08-25,8.2799,-9.999999999976694e-05,-1.2077367617107728e-05,,5.0987,5.0987,-0.10200000000000031,
1998-08-26,8.28,9.999999999976694e-05,1.2077367617065476e-05,,4.9873,4.9873,-0.11139999999999972,
1998-08-27,8.2799,-9.999999999976694e-05,-1.2077367617107728e-05,,4.8569,4.8569,-0.13039999999999985,
1998-08-28,8.28,9.999999999976694e-05,1.2077367617065476e-05,,4.7679,4.7679,-0.08900000000000041,
1998-08-31,8.28,0.0,0.0,,4.8901,4.8901,0.12220000000000031,
1998-09-01,8.28,0.0,0.0,,5.0004,5.0004,0.11029999999999962,
1998-09-02,8.2799,-9.999999999976694e-05,-1.2077367617107728e-05,,5.1291,5.1291,0.12870000000000026,
1998-09-03,8.28,9.999999999976694e-05,1.2077367617065476e-05,,5.1626,5.1626,0.033500000000000085,
1998-09-04,8.28,0.0,0.0,,5.1175,5.1175,-0.045100000000000584,
1998-09-07,8.2796,-0.00039999999999906777,-4.831034566983495e-05,,4.9579,4.9579,-0.1595999999999993,
1998-09-08,8.2799,0.0002999999999993008,3.6232978052747395e-05,,4.8139,4.8139,-0.14400000000000013,
1998-09-09,8.28,9.999999999976694e-05,1.2077367617065476e-05,,4.8054,4.8054,-0.008500000000000618,
1998-09-10,8.2798,-0.00019999999999953388,-2.415488109867465e-05,,4.8472,4.8472,0.04180000000000028,
1998-09-11,8.2798,0.0,0.0,,4.93,4.93,0.08279999999999976,
1998-09-14,8.279,-0.0007999999999999119,-9.662535940067898e-05,,5.0922,5.0922,0.16220000000000034,
1998-09-15,8.2788,-0.00019999999999953388,-2.4157798742447464e-05,,5.1074,5.1074,0.015200000000000102,
1998-09-16,8.2785,-0.0003000000000010772,-3.623779239777569e-05,,5.0484,5.0484,-0.05900000000000016,
1998-09-17,8.2784,-9.999999999976694e-05,-1.2079555955626422e-05,,5.0388,5.0388,-0.009599999999999831,
1998-09-18,8.2783,-9.999999999976694e-05,-1.207970187311299e-05,,4.9476,4.9476,-0.09119999999999973,
1998-09-21,8.2782,-9.999999999976694e-05,-1.207984779404131e-05,,4.8216,4.8216,-0.12600000000000033,
1998-09-22,8.2785,0.0002999999999993008,3.623910562275605e-05,,4.7865,4.7865,-0.03509999999999991,
1998-09-23,8.2786,0.0001000000000015433,1.2079410041938953e-05,,4.7548,4.7548,-0.03169999999999984,
1998-09-24,8.2785,-0.0001000000000015433,-1.2079410041914682e-05,,4.7,4.7,-0.05480000000000018,
1998-09-25,8.2783,-0.00019999999999953388,-2.4159257828687552e-05,,4.7,4.7,0.0,
1998-09-28,8.2782,-9.999999999976694e-05,-1.207984779404131e-05,,4.7,4.7,0.0,
1998-09-29,8.2783,9.999999999976694e-05,1.2079847794036934e-05,,4.7753,4.7753,0.07529999999999948,
1998-09-30,8.2782,-9.999999999976694e-05,-1.207984779404131e-05,,4.8433,4.8433,0.0680000000000005,
1998-10-05,8.278,-0.00019999999999953388,-2.416013336505587e-05,,4.9046,4.9046,0.06130000000000013,
1998-10-06,8.278,0.0,0.0,,4.96,4.96,0.05539999999999967,
1998-10-07,8.2779,-9.999999999976694e-05,-1.2080285578031916e-05,,4.9407,4.9407,-0.019300000000000317,
1998-10-08,8.2778,-0.0001000000000015433,-1.2080431513393395e-05,,4.8782,4.8782,-0.0625,
1998-10-09,8.2777,-9.999999999976694e-05,-1.2080577451752535e-05,,4.8643,4.8643,-0.01389999999999958,
1998-10-12,8.2777,0.0,0.0,,4.8275,4.8275,-0.03680000000000039,
1998-10-13,8.2775,-0.00019999999999953388,-2.4161592733302823e-05,,4.7821,4.7821,-0.045399999999999885,
1998-10-14,8.2776,9.999999999976694e-05,1.2080869339423524e-05,,4.7826,4.7826,0.0005000000000006111,
1998-10-15,8.2777,9.999999999976694e-05,1.208072339393239e-05,,4.7612,4.7612,-0.021400000000000752,
1998-10-16,8.2778,9.999999999976694e-05,1.2080577451771864e-05,,4.7529,4.7529,-0.008299999999999308,
1998-10-19,8.2776,-0.00019999999999953388,-2.416130084550868e-05,,4.7599,4.7599,0.006999999999999673,
1998-10-20,8.2778,0.00019999999999953388,2.4161300845528107e-05,,4.7492,4.7492,-0.010699999999999932,
1998-10-21,8.2779,0.0001000000000015433,1.208043151338603e-05,,4.7371,4.7371,-0.012100000000000222,
1998-10-22,8.2778,-0.0001000000000015433,-1.2080431513393395e-05,,4.7369,4.7369,-0.00019999999999953388,
1998-10-23,8.2782,0.0004000000000008441,4.8320850456383625e-05,,4.7285,4.7285,-0.008399999999999963,
1998-10-26,8.2778,-0.0004000000000008441,-4.832085045648094e-05,,4.6854,4.6854,-0.043100000000000804,
1998-10-27,8.2777,-9.999999999976694e-05,-1.2080577451752535e-05,,4.6902,4.6902,0.0048000000000003595,
1998-10-28,8.2776,-9.999999999976694e-05,-1.20807233938865e-05,,4.6911,4.6911,0.0008999999999996788,
1998-10-29,8.2778,0.00019999999999953388,2.4161300845528107e-05,,4.6935,4.6935,0.002400000000000624,
1998-10-30,8.2776,-0.00019999999999953388,-2.416130084550868e-05,,4.6874,4.6874,-0.006099999999999994,
1998-11-02,8.2778,0.00019999999999953388,2.4161300845528107e-05,,4.7032,4.7032,0.015799999999999592,
1998-11-03,8.2777,-9.999999999976694e-05,-1.2080577451752535e-05,,4.6757,4.6757,-0.027499999999999858,
1998-11-04,8.278,0.0003000000000010772,3.624129454307591e-05,,4.6932,4.6932,0.01750000000000007,
1998-11-05,8.2778,-0.00020000000000131024,-2.4160717091459494e-05,,4.706,4.706,0.012800000000000367,
1998-11-06,8.2777,-9.999999999976694e-05,-1.2080577451752535e-05,,4.7224,4.7224,0.01639999999999997,
1998-11-09,8.2779,0.00020000000000131024,2.416100896517722e-05,,4.73,4.73,0.007600000000000051,
1998-11-10,8.2777,-0.00020000000000131024,-2.416100896504227e-05,,4.7513,4.7513,0.02129999999999921,
1998-11-11,8.2776,-9.999999999976694e-05,-1.20807233938865e-05,,4.7469,4.7469,-0.004399999999999515,
1998-11-12,8.2777,9.999999999976694e-05,1.208072339393239e-05,,4.6913,4.6913,-0.055600000000000094,
1998-11-13,8.2775,-0.00019999999999953388,-2.4161592733302823e-05,,4.6594,4.6594,-0.03190000000000026,
1998-11-16,8.2775,0.0,0.0,,4.6454,4.6454,-0.013999999999999346,
1998-11-17,8.2778,0.0002999999999993008,3.6242170185096284e-05,,4.6449,4.6449,-0.0005000000000006111,
1998-11-18,8.2778,0.0,0.0,,4.6136,4.6136,-0.031299999999999883,
1998-11-19,8.2779,0.0001000000000015433,1.208043151338603e-05,,4.6174,4.6174,0.0038000000000000256,
1998-11-20,8.2779,0.0,0.0,,4.5977,4.5977,-0.019700000000000273,
1998-11-23,8.2777,-0.00020000000000131024,-2.416100896504227e-05,,4.5706,4.5706,-0.027099999999999902,
1998-11-24,8.2777,0.0,0.0,,4.5468,4.5468,-0.0237999999999996,
1998-11-25,8.2778,9.999999999976694e-05,1.2080577451771864e-05,,4.539,4.539,-0.007800000000000473,
1998-11-26,8.2777,-9.999999999976694e-05,-1.2080577451752535e-05,,4.51,4.51,-0.028999999999999915,
1998-11-27,8.2778,9.999999999976694e-05,1.2080577451771864e-05,,4.4901,4.4901,-0.019899999999999807,
1998-11-30,8.2778,0.0,0.0,,4.4739,4.4739,-0.016199999999999548,
1998-12-01,8.2782,0.0004000000000008441,4.8320850456383625e-05,,4.4691,4.4691,-0.0048000000000003595,
1998-12-02,8.2782,0.0,0.0,,4.458,4.458,-0.011099999999999888,
1998-12-03,8.278,-0.00019999999999953388,-2.416013336505587e-05,,4.4611,4.4611,0.0030999999999998806,
1998-12-04,8.2779,-9.999999999976694e-05,-1.2080285578031916e-05,,4.4639,4.4639,0.0027999999999996916,
1998-12-07,8.2777,-0.00020000000000131024,-2.416100896504227e-05,,4.4874,4.4874,0.0235000000000003,
1998-12-08,8.2775,-0.00019999999999953388,-2.4161592733302823e-05,,4.3765,4.3765,-0.1109,
1998-12-09,8.2775,0.0,0.0,,4.2923,4.2923,-0.08420000000000005,
1998-12-10,8.2775,0.0,0.0,,4.2088,4.2088,-0.08349999999999991,
1998-12-11,8.2774,-9.999999999976694e-05,-1.2081015288590714e-05,,4.1337,4.1337,-0.07509999999999994,
1998-12-14,8.2774,0.0,0.0,,4.0485,4.0485,-0.08520000000000039,
1998-12-15,8.2777,0.0002999999999993008,3.6242608021870776e-05,,4.0454,4.0454,-0.0030999999999998806,
1998-12-16,8.2778,9.999999999976694e-05,1.2080577451771864e-05,,4.0293,4.0293,-0.01609999999999978,
1998-12-17,8.2778,0.0,0.0,,4.0193,4.0193,-0.009999999999999787,
1998-12-18,8.2777,-9.999999999976694e-05,-1.2080577451752535e-05,,4.0205,4.0205,0.0011999999999998678,
1998-12-21,8.2776,-9.999999999976694e-05,-1.20807233938865e-05,,4.0154,4.0154,-0.0051000000000005485,
1998-12-22,8.2779,0.0003000000000010772,3.624173235897935e-05,,4.0196,4.0196,0.0041999999999999815,
1998-12-23,8.2782,0.0002999999999993008,3.6240418943019685e-05,,4.0275,4.0275,0.00790000000000024,
1998-12-24,8.2781,-9.999999999976694e-05,-1.2079993718522408e-05,,4.0369,4.0369,0.009400000000000297,
1998-12-25,8.2785,0.00039999999999906777,4.8319099341369755e-05,,4.0395,4.0395,0.0026000000000001577,
1998-12-28,8.2785,0.0,0.0,,4.0415,4.0415,0.0019999999999997797,
1998-12-29,8.2782,-0.0002999999999993008,-3.62391056227087e-05,,4.0436,4.0436,0.0020999999999995467,
1998-12-30,8.2786,0.0004000000000008441,4.8318515664710775e-05,,4.0529,4.0529,0.00930000000000053,
1998-12-31,8.2787,9.999999999976694e-05,1.2079264131308189e-05,,4.0526,4.0526,-0.000300000000000189,
1999-01-04,8.2789,0.00019999999999953388,2.415809054556953e-05,,4.0426,4.0426,-0.009999999999999787,
1999-01-05,8.2793,0.00039999999999906777,4.831443032175443e-05,,4.0392,4.0392,-0.0034000000000000696,
1999-01-06,8.2795,0.00020000000000131024,2.4156339832765935e-05,,4.0403,4.0403,0.001100000000000101,
1999-01-07,8.2795,0.0,0.0,,4.0369,4.0369,-0.0034000000000000696,
1999-01-08,8.2798,0.0002999999999993008,3.623341566748935e-05,,4.0381,4.0381,0.0011999999999998678,
1999-01-11,8.2796,-0.00019999999999953388,-2.4155464571050044e-05,,4.0451,4.0451,0.006999999999999673,
1999-01-12,8.2797,9.999999999976694e-05,1.2077805221284432e-05,,4.0499,4.0499,0.0048000000000003595,
1999-01-13,8.2795,-0.00019999999999953388,-2.4155756317840755e-05,,4.0499,4.0499,0.0,
1999-01-14,8.2794,-9.999999999976694e-05,-1.2078096975164329e-05,,4.0708,4.0708,0.02090000000000014,
1999-01-15,8.279,-0.0004000000000008441,-4.831384675797492e-05,,4.0688,4.0688,-0.0019999999999997797,
1999-01-18,8.279,0.0,0.0,,4.067,4.067,-0.0018000000000002458,
1999-01-19,8.2788,-0.00019999999999953388,-2.4157798742447464e-05,,4.0653,4.0653,-0.001700000000000479,
1999-01-20,8.2787,-9.999999999976694e-05,-1.207911822448339e-05,,4.0638,4.0638,-0.0015000000000000568,
1999-01-21,8.2791,0.00039999999999906777,4.8315597492120905e-05,,4.0427,4.0427,-0.021099999999999675,
1999-01-22,8.2789,-0.00019999999999953388,-2.4157506946361062e-05,,4.0361,4.0361,-0.006599999999999717,
1999-01-25,8.2787,-0.00019999999999953388,-2.4158090545639547e-05,,4.0301,4.0301,-0.006000000000000227,
1999-01-26,8.2784,-0.0003000000000010772,-3.623823012894635e-05,,4.0248,4.0248,-0.005300000000000082,
1999-01-27,8.278,-0.00039999999999906777,-4.831968303220301e-05,,4.0199,4.0199,-0.0049000000000001265,
1999-01-28,8.2778,-0.00020000000000131024,-2.4160717091459494e-05,,4.0199,4.0199,0.0,
1999-01-29,8.2778,0.0,0.0,,4.019,4.019,-0.0008999999999996788,
1999-02-01,8.2778,0.0,0.0,,4.0181,4.0181,-0.000900000000000567,
1999-02-02,8.2775,-0.0002999999999993008,-3.6242170185016697e-05,,4.0183,4.0183,0.00020000000000042206,
1999-02-03,8.2779,0.0004000000000008441,4.832260169839781e-05,,4.0181,4.0181,-0.00020000000000042206,
1999-02-04,8.2776,-0.0003000000000010772,-3.6241732358916804e-05,,4.0183,4.0183,0.00020000000000042206,
1999-02-05,8.2774,-0.00019999999999953388,-2.416188462809163e-05,,4.019,4.019,0.000700000000000145,
1999-02-08,8.2775,9.999999999976694e-05,1.208101528868935e-05,,4.0197,4.0197,0.000700000000000145,
1999-02-09,8.2775,0.0,0.0,,4.0197,4.0197,0.0,
1999-02-10,8.2774,-9.999999999976694e-05,-1.2081015288590714e-05,,4.0275,4.0275,0.007799999999999585,
1999-02-11,8.2776,0.00019999999999953388,2.4161884628211505e-05,,4.0343,4.0343,0.006800000000000139,
1999-02-12,8.2778,0.00019999999999953388,2.4161300845528107e-05,,4.0404,4.0404,0.006099999999999994,
1999-02-13,8.2784,0.000600000000000378,7.248040012355984e-05,,4.0404,4.0404,0.0,
1999-02-14,8.278,-0.00039999999999906777,-4.831968303220301e-05,,4.0404,4.0404,0.0,
1999-02-15,8.2782,0.00019999999999953388,2.4160133364979273e-05,,4.0518,4.0518,0.011400000000000077,
1999-02-23,8.2787,0.0005000000000006111,6.0397779796059015e-05,,4.062,4.062,0.010200000000000209,
1999-02-24,8.2788,9.999999999976694e-05,1.2079118224452115e-05,,4.0486,4.0486,-0.013399999999999856,
1999-02-25,8.2791,0.0002999999999993008,3.6236479267540574e-05,,4.0364,4.0364,-0.012199999999999989,
1999-02-26,8.2789,-0.00019999999999953388,-2.4157506946361062e-05,,4.0303,4.0303,-0.006099999999999994,
1999-03-01,8.279,9.999999999976694e-05,1.2078826421397917e-05,,4.031,4.031,0.0006999999999992568,
1999-03-02,8.2792,0.00019999999999953388,2.4157215157416507e-05,,4.0219,4.0219,-0.009100000000000108,
1999-03-03,8.2789,-0.0002999999999993008,-3.6236041578680986e-05,,4.0262,4.0262,0.004300000000000637,
1999-03-04,8.2786,-0.0002999999999993008,-3.6237354677041696e-05,,4.0285,4.0285,0.0022999999999999687,
1999-03-05,8.2783,-0.0003000000000010772,-3.623866787066471e-05,,4.0313,4.0313,0.0027999999999996916,
1999-03-08,8.2784,9.999999999976694e-05,1.2079701872970263e-05,,4.0244,4.0244,-0.006899999999999906,
1999-03-09,8.2786,0.00020000000000131024,2.4158965997669095e-05,,4.0251,4.0251,0.000700000000000145,
1999-03-10,8.2791,0.0004999999999988347,6.0394861623415355e-05,,4.0237,4.0237,-0.00140000000000029,
1999-03-11,8.2788,-0.0002999999999993008,-3.623647926754986e-05,,4.0306,4.0306,0.006899999999999906,
1999-03-12,8.2789,9.999999999976694e-05,1.2078972321148692e-05,,4.0511,4.0511,0.020500000000000185,
1999-03-15,8.2789,0.0,0.0,,4.0627,4.0627,0.011600000000000499,
1999-03-16,8.2789,0.0,0.0,,4.0724,4.0724,0.009699999999999598,
1999-03-17,8.2789,0.0,0.0,,4.0864,4.0864,0.014000000000000234,
1999-03-18,8.2788,-9.999999999976694e-05,-1.2078972321207935e-05,,4.0946,4.0946,0.008199999999999541,
1999-03-19,8.2788,0.0,0.0,,4.0877,4.0877,-0.006899999999999906,
1999-03-22,8.2793,0.0004999999999988347,6.039340264288819e-05,,4.087,4.087,-0.000700000000000145,
1999-03-23,8.2792,-9.999999999976694e-05,-1.2078388743078777e-05,,4.0766,4.0766,-0.010399999999999743,
1999-03-24,8.2795,0.0003000000000010772,3.623472857588264e-05,,4.0669,4.0669,-0.009699999999999598,
1999-03-25,8.2796,9.999999999976694e-05,1.2077951096388702e-05,,4.0582,4.0582,-0.008700000000000152,
1999-03-26,8.2798,0.00019999999999953388,2.4155464571173745e-05,,4.0457,4.0457,-0.012500000000000178,
1999-03-29,8.28,0.00019999999999953388,2.4154881098675418e-05,,4.0418,4.0418,-0.0038999999999997925,
1999-03-30,8.2797,-0.0002999999999993008,-3.6232540448446224e-05,,4.044,4.044,0.0021999999999993136,
1999-03-31,8.28,0.0002999999999993008,3.6232540448440965e-05,,4.0446,4.0446,0.000600000000000378,
1999-04-01,8.28,0.0,0.0,,4.0451,4.0451,0.0004999999999997229,
1999-04-02,8.2796,-0.00039999999999906777,-4.831034566983495e-05,,4.0499,4.0499,0.0048000000000003595,
1999-04-05,8.2794,-0.00019999999999953388,-2.4156048071626124e-05,,4.0499,4.0499,0.0,
1999-04-06,8.2795,9.999999999976694e-05,1.2078096975267662e-05,,4.0499,4.0499,0.0,
1999-04-07,8.2797,0.00019999999999953388,2.4155756317858627e-05,,4.0499,4.0499,0.0,
1999-04-08,8.2797,0.0,0.0,,4.0499,4.0499,0.0,
1999-04-09,8.2799,0.00019999999999953388,2.4155172831371998e-05,,4.0499,4.0499,0.0,
1999-04-12,8.2797,-0.00019999999999953388,-2.415517283136502e-05,,4.0499,4.0499,0.0,
1999-04-13,8.2797,0.0,0.0,,4.0499,4.0499,0.0,
1999-04-14,8.2797,0.0,0.0,,4.0427,4.0427,-0.007200000000000095,
1999-04-15,8.2794,-0.0002999999999993008,-3.623385329299615e-05,,4.0361,4.0361,-0.006599999999999717,
1999-04-16,8.2789,-0.0005000000000006111,-6.039267317931589e-05,,4.0374,4.0374,0.0012999999999996348,
1999-04-19,8.2787,-0.00019999999999953388,-2.4158090545639547e-05,,4.035,4.035,-0.0023999999999997357,
1999-04-20,8.2787,0.0,0.0,,4.0365,4.0365,0.0015000000000000568,
1999-04-21,8.2783,-0.0004000000000008441,-4.831793200198664e-05,,4.0378,4.0378,0.0012999999999996348,
1999-04-22,8.2783,0.0,0.0,,4.0433,4.0433,0.0055000000000005045,
1999-04-23,8.2783,0.0,0.0,,4.044,4.044,0.0006999999999992568,
1999-04-26,8.2784,9.999999999976694e-05,1.2079701872970263e-05,,4.0395,4.0395,-0.004499999999999282,
1999-04-27,8.2793,0.0008999999999996788,0.00010871075099622946,,4.0332,4.0332,-0.006300000000000416,
1999-04-28,8.2794,0.0001000000000015433,1.2078242857477232e-05,,4.0301,4.0301,-0.0030999999999998806,
1999-04-29,8.2791,-0.0003000000000010772,-3.623516623291941e-05,,4.0248,4.0248,-0.005300000000000082,
1999-04-30,8.2794,0.0003000000000010772,3.623516623281078e-05,,4.0253,4.0253,0.0004999999999997229,
1999-05-04,8.279,-0.0004000000000008441,-4.831384675797492e-05,,4.0248,4.0248,-0.0004999999999997229,
1999-05-05,8.2789,-9.999999999976694e-05,-1.2078826421374236e-05,,4.0243,4.0243,-0.0004999999999997229,
1999-05-06,8.2789,0.0,0.0,,4.0239,4.0239,-0.00039999999999995595,
1999-05-07,8.2786,-0.0002999999999993008,-3.6237354677041696e-05,,4.0186,4.0186,-0.005300000000000082,
1999-05-10,8.2783,-0.0003000000000010772,-3.623866787066471e-05,,4.0107,4.0107,-0.00790000000000024,
1999-05-11,8.2787,0.0004000000000008441,4.831793200203958e-05,,4.0086,4.0086,-0.0020999999999995467,
1999-05-12,8.2782,-0.0005000000000006111,-6.0397779796097985e-05,,4.0097,4.0097,0.0010999999999992127,
1999-05-13,8.2783,9.999999999976694e-05,1.2079847794036934e-05,,4.0107,4.0107,0.001000000000000334,
1999-05-14,8.2778,-0.0005000000000006111,-6.0400698250539756e-05,,4.0126,4.0126,0.0019000000000000128,
1999-05-17,8.2784,0.000600000000000378,7.248040012355984e-05,,4.013,4.013,0.00039999999999995595,
1999-05-18,8.279,0.000600000000000378,7.24751470959264e-05,,4.0106,4.0106,-0.0023999999999997357,
1999-05-19,8.279,0.0,0.0,,4.0115,4.0115,0.0008999999999996788,
1999-05-20,8.2783,-0.000700000000000145,-8.455484896899836e-05,,4.0124,4.0124,0.000900000000000567,
1999-05-21,8.278,-0.0002999999999993008,-3.623998115910593e-05,,4.0094,4.0094,-0.0030000000000001137,
1999-05-24,8.278,0.0,0.0,,4.0075,4.0075,-0.0019000000000000128,
1999-05-25,8.2785,0.0004999999999988347,6.0399238987731456e-05,,4.0094,4.0094,0.0019000000000000128,
1999-05-26,8.2789,0.0004000000000008441,4.831676471888262e-05,,4.008,4.008,-0.00140000000000029,
1999-05-27,8.279,9.999999999976694e-05,1.2078826421397917e-05,,4.0056,4.0056,-0.0023999999999997357,
1999-05-28,8.2788,-0.00019999999999953388,-2.4157798742447464e-05,,4.0051,4.0051,-0.0005000000000006111,
1999-05-31,8.2786,-0.00019999999999953388,-2.415838235582629e-05,,4.0046,4.0046,-0.0004999999999997229,
1999-06-01,8.2784,-0.00020000000000131024,-2.4158965997627854e-05,,4.0011,4.0011,-0.0034999999999998366,
1999-06-02,8.2784,0.0,0.0,,4.0007,4.0007,-0.00039999999999995595,
1999-06-03,8.2787,0.0003000000000010772,3.623823012883138e-05,,4.0012,4.0012,0.0004999999999997229,
1999-06-04,8.2784,-0.0003000000000010772,-3.623823012894635e-05,,3.9897,3.9897,-0.011499999999999844,
1999-06-07,8.2781,-0.0002999999999993008,-3.623954338563347e-05,,3.9664,3.9664,-0.023299999999999876,
1999-06-08,8.2781,0.0,0.0,,3.9626,3.9626,-0.0038000000000000256,
1999-06-09,8.2779,-0.00019999999999953388,-2.4160425224649328e-05,,3.9655,3.9655,0.0028999999999999027,
1999-06-10,8.2778,-0.0001000000000015433,-1.2080431513393395e-05,,3.9437,3.9437,-0.02179999999999982,
1999-06-11,8.2777,-9.999999999976694e-05,-1.2080577451752535e-05,,3.6475,3.6475,-0.29620000000000024,
1999-06-14,8.2777,0.0,0.0,,3.3872,3.3872,-0.2603,
1999-06-15,8.2776,-9.999999999976694e-05,-1.20807233938865e-05,,3.1359,3.1359,-0.2513000000000001,
1999-06-16,8.2781,0.0005000000000006111,6.040215758355379e-05,,2.9042,2.9042,-0.23170000000000002,
1999-06-17,8.2776,-0.0005000000000006111,-6.040215758351897e-05,,2.7097,2.7097,-0.19449999999999967,
1999-06-18,8.2775,-9.999999999976694e-05,-1.2080869339462218e-05,,2.7044,2.7044,-0.005300000000000082,
1999-06-21,8.2774,-9.999999999976694e-05,-1.2081015288590714e-05,,2.6999,2.6999,-0.0045000000000001705,
1999-06-22,8.2778,0.00039999999999906777,4.832318547363745e-05,,2.6999,2.6999,0.0,
1999-06-23,8.2781,0.0003000000000010772,3.624085673805207e-05,,2.6999,2.6999,0.0,
1999-06-24,8.2784,0.0002999999999993008,3.6239543385593706e-05,,2.6999,2.6999,0.0,
1999-06-25,8.2779,-0.0004999999999988347,-6.039996861019828e-05,,2.6999,2.6999,0.0,
1999-06-28,8.2775,-0.0004000000000008441,-4.8322601698432184e-05,,2.6956,2.6956,-0.0042999999999997485,
1999-06-29,8.278,0.0005000000000006111,6.0402887276414716e-05,,2.696,2.696,0.00039999999999995595,
1999-06-30,8.2786,0.000600000000000378,7.24786490297589e-05,,2.6963,2.6963,0.0002999999999997449,
1999-07-01,8.2787,9.999999999976694e-05,1.2079264131308189e-05,,2.6925,2.6925,-0.0038000000000000256,
1999-07-02,8.2786,-9.999999999976694e-05,-1.2079264131311624e-05,,2.6957,2.6957,0.0032000000000000917,
1999-07-05,8.2785,-0.0001000000000015433,-1.2079410041914682e-05,,2.6974,2.6974,0.0017000000000000348,
1999-07-06,8.2787,0.00020000000000131024,2.4158674173271416e-05,,2.6934,2.6934,-0.0040000000000000036,
1999-07-07,8.2782,-0.0005000000000006111,-6.0397779796097985e-05,,2.6894,2.6894,-0.0040000000000000036,
1999-07-08,8.2783,9.999999999976694e-05,1.2079847794036934e-05,,2.6862,2.6862,-0.0032000000000000917,
1999-07-09,8.2781,-0.00019999999999953388,-2.4159841512568094e-05,,2.6794,2.6794,-0.006800000000000139,
1999-07-12,8.2777,-0.0004000000000008441,-4.832143418966016e-05,,2.67,2.67,-0.009399999999999853,
1999-07-13,8.2776,-9.999999999976694e-05,-1.20807233938865e-05,,2.665,2.665,-0.004999999999999893,
1999-07-14,8.2775,-9.999999999976694e-05,-1.2080869339462218e-05,,2.6643,2.6643,-0.000700000000000145,
1999-07-15,8.2778,0.0002999999999993008,3.6242170185096284e-05,,2.6538,2.6538,-0.010499999999999954,
1999-07-16,8.2775,-0.0002999999999993008,-3.6242170185016697e-05,,2.6429,2.6429,-0.01089999999999991,
1999-07-19,8.2773,-0.00019999999999953388,-2.4162176529986118e-05,,2.6436,2.6436,0.000700000000000145,
1999-07-20,8.2773,0.0,0.0,,2.6407,2.6407,-0.0029000000000003467,
1999-07-21,8.2777,0.00039999999999906777,4.832376926330895e-05,,2.6294,2.6294,-0.011299999999999866,
1999-07-22,8.2773,-0.00039999999999906777,-4.8323769263274545e-05,,2.63,2.63,0.0005999999999999339,
1999-07-23,8.2773,0.0,0.0,,2.629,2.629,-0.0009999999999998899,
1999-07-26,8.2772,-9.999999999976694e-05,-1.2081307197506042e-05,,2.6227,2.6227,-0.006299999999999972,
1999-07-27,8.277,-0.00020000000000131024,-2.4163052278081636e-05,,2.618,2.618,-0.0047000000000001485,
1999-07-28,8.277,0.0,0.0,,2.62,2.62,0.002000000000000224,
1999-07-29,8.277,0.0,0.0,,2.6176,2.6176,-0.0024000000000001798,
1999-07-30,8.2773,0.0003000000000010772,3.624435947554438e-05,,2.6184,2.6184,0.0007999999999999119,
1999-08-02,8.2774,9.999999999976694e-05,1.2081161241285782e-05,,2.6192,2.6192,0.000800000000000356,
1999-08-03,8.2772,-0.00019999999999953388,-2.4162468438875265e-05,,2.6205,2.6205,0.0012999999999996348,
1999-08-04,8.2773,9.999999999976694e-05,1.2081307197656905e-05,,2.62,2.62,-0.0004999999999997229,
1999-08-05,8.2774,9.999999999976694e-05,1.2081161241285782e-05,,2.6188,2.6188,-0.001200000000000312,
1999-08-06,8.2774,0.0,0.0,,2.6167,2.6167,-0.0020999999999999908,
1999-08-09,8.2773,-9.999999999976694e-05,-1.2081161241383013e-05,,2.6169,2.6169,0.00019999999999997797,
1999-08-10,8.2774,9.999999999976694e-05,1.2081161241285782e-05,,2.6164,2.6164,-0.0004999999999997229,
1999-08-11,8.2771,-0.0002999999999993008,-3.624392159622553e-05,,2.6143,2.6143,-0.0020999999999999908,
1999-08-12,8.2772,9.999999999976694e-05,1.2081453157358636e-05,,2.6135,2.6135,-0.0007999999999999119,
1999-08-13,8.2771,-9.999999999976694e-05,-1.2081453157292872e-05,,2.6121,2.6121,-0.00140000000000029,
1999-08-16,8.277,-0.0001000000000015433,-1.2081599120743503e-05,,2.6105,2.6105,-0.0015999999999998238,
1999-08-17,8.2774,0.0004000000000008441,4.83255207169163e-05,,2.6058,2.6058,-0.0047000000000001485,
1999-08-18,8.277,-0.0004000000000008441,-4.832552071696066e-05,,2.6014,2.6014,-0.0043999999999999595,
1999-08-19,8.2772,0.00020000000000131024,2.416305227817423e-05,,2.5973,2.5973,-0.0040999999999997705,
1999-08-20,8.2774,0.00019999999999953388,2.4162468438871508e-05,,2.5947,2.5947,-0.0026000000000001577,
1999-08-23,8.2774,0.0,0.0,,2.5898,2.5898,-0.0049000000000001265,
1999-08-24,8.2772,-0.00019999999999953388,-2.4162468438875265e-05,,2.587,2.587,-0.0027999999999996916,
1999-08-25,8.2775,0.0002999999999993008,3.624348372761449e-05,,2.5849,2.5849,-0.0020999999999999908,
1999-08-26,8.2773,-0.00019999999999953388,-2.4162176529986118e-05,,2.583,2.583,-0.0019000000000000128,
1999-08-27,8.2773,0.0,0.0,,2.5809,2.5809,-0.0020999999999999908,
1999-08-30,8.2773,0.0,0.0,,2.5803,2.5803,-0.000600000000000378,
1999-08-31,8.2771,-0.00019999999999953388,-2.4162760354870097e-05,,2.5803,2.5803,0.0,
1999-09-01,8.277,-0.0001000000000015433,-1.2081599120743503e-05,,2.5803,2.5803,0.0,
1999-09-02,8.2771,0.0001000000000015433,1.2081599120835059e-05,,2.5802,2.5802,-9.999999999976694e-05,
1999-09-03,8.2773,0.00019999999999953388,2.4162760354970284e-05,,2.5802,2.5802,0.0,
1999-09-06,8.2775,0.00019999999999953388,2.41621765298779e-05,,2.5802,2.5802,0.0,
1999-09-07,8.2776,9.999999999976694e-05,1.2080869339423524e-05,,2.58,2.58,-0.00019999999999997797,
1999-09-08,8.2776,0.0,0.0,,2.5799,2.5799,-0.00010000000000021103,
1999-09-09,8.2776,0.0,0.0,,2.5799,2.5799,0.0,
1999-09-10,8.2774,-0.00019999999999953388,-2.416188462809163e-05,,2.5799,2.5799,0.0,
1999-09-13,8.2774,0.0,0.0,,2.5799,2.5799,0.0,
1999-09-14,8.2772,-0.00019999999999953388,-2.4162468438875265e-05,,2.5823,2.5823,0.0024000000000001798,
1999-09-15,8.2775,0.0002999999999993008,3.624348372761449e-05,,2.5829,2.5829,0.0005999999999999339,
1999-09-16,8.2773,-0.00019999999999953388,-2.4162176529986118e-05,,2.5826,2.5826,-0.000300000000000189,
1999-09-17,8.2771,-0.00019999999999953388,-2.4162760354870097e-05,,2.5823,2.5823,-0.0002999999999997449,
1999-09-20,8.2773,0.00019999999999953388,2.4162760354970284e-05,,2.5821,2.5821,-0.00019999999999997797,
1999-09-21,8.2775,0.00019999999999953388,2.41621765298779e-05,,2.5804,2.5804,-0.0017000000000000348,
1999-09-22,8.2775,0.0,0.0,,2.581,2.581,0.0005999999999999339,
1999-09-23,8.2777,0.00019999999999953388,2.41615927332062e-05,,2.5809,2.5809,-9.999999999976694e-05,
1999-09-24,8.2776,-9.999999999976694e-05,-1.20807233938865e-05,,2.5809,2.5809,0.0,
1999-09-27,8.2776,0.0,0.0,,2.582,2.582,0.0010999999999996568,
1999-09-28,8.2775,-9.999999999976694e-05,-1.2080869339462218e-05,,2.5818,2.5818,-0.00019999999999997797,
1999-09-29,8.2775,0.0,0.0,,2.5793,2.5793,-0.0024999999999999467,
1999-09-30,8.2775,0.0,0.0,,2.5778,2.5778,-0.0015000000000000568,
1999-10-08,8.2778,0.0002999999999993008,3.6242170185096284e-05,,2.5634,2.5634,-0.014399999999999746,
1999-10-09,8.278,0.00020000000000131024,2.4160717091487426e-05,,2.5643,2.5643,0.0008999999999996788,
1999-10-10,8.2777,-0.0003000000000010772,-3.624129454314254e-05,,2.5658,2.5658,0.0015000000000000568,
1999-10-11,8.2774,-0.0002999999999993008,-3.6242608021997364e-05,,2.5682,2.5682,0.0024000000000001798,
1999-10-12,8.2772,-0.00019999999999953388,-2.4162468438875265e-05,,2.5703,2.5703,0.0020999999999999908,
1999-10-13,8.2773,9.999999999976694e-05,1.2081307197656905e-05,,2.58,2.58,0.009700000000000042,
1999-10-14,8.2777,0.00039999999999906777,4.832376926330895e-05,,2.58,2.58,0.0,
1999-10-15,8.2774,-0.0002999999999993008,-3.6242608021997364e-05,,2.5813,2.5813,0.0013000000000000789,
1999-10-18,8.2775,9.999999999976694e-05,1.208101528868935e-05,,2.5836,2.5836,0.0022999999999999687,
1999-10-19,8.2774,-9.999999999976694e-05,-1.2081015288590714e-05,,2.5852,2.5852,0.0015999999999998238,
1999-10-20,8.2773,-9.999999999976694e-05,-1.2081161241383013e-05,,2.5869,2.5869,0.0017000000000000348,
1999-10-21,8.2774,9.999999999976694e-05,1.2081161241285782e-05,,2.5866,2.5866,-0.000300000000000189,
1999-10-22,8.2772,-0.00019999999999953388,-2.4162468438875265e-05,,2.5862,2.5862,-0.00039999999999995595,
1999-10-25,8.2773,9.999999999976694e-05,1.2081307197656905e-05,,2.5869,2.5869,0.000700000000000145,
1999-10-26,8.277,-0.0003000000000010772,-3.624435947561902e-05,,2.5875,2.5875,0.0005999999999999339,
1999-10-27,8.2773,0.0003000000000010772,3.624435947554438e-05,,2.5878,2.5878,0.000300000000000189,
1999-10-28,8.2775,0.00019999999999953388,2.41621765298779e-05,,2.5879,2.5879,9.999999999976694e-05,
1999-10-29,8.2776,9.999999999976694e-05,1.2080869339423524e-05,,2.5862,2.5862,-0.0017000000000000348,
1999-11-01,8.2778,0.00019999999999953388,2.4161300845528107e-05,,2.5795,2.5795,-0.006699999999999928,
1999-11-02,8.2779,0.0001000000000015433,1.208043151338603e-05,,2.5781,2.5781,-0.0013999999999998458,
1999-11-03,8.2781,0.00019999999999953388,2.4160425224680766e-05,,2.5757,2.5757,-0.0024000000000001798,
1999-11-04,8.2781,0.0,0.0,,2.5754,2.5754,-0.0002999999999997449,
1999-11-05,8.278,-9.999999999976694e-05,-1.2080139646556286e-05,,2.5757,2.5757,0.0002999999999997449,
1999-11-08,8.2779,-9.999999999976694e-05,-1.2080285578031916e-05,,2.5784,2.5784,0.0026999999999999247,
1999-11-09,8.2779,0.0,0.0,,2.5762,2.5762,-0.0021999999999997577,
1999-11-10,8.278,9.999999999976694e-05,1.2080285578108761e-05,,2.5752,2.5752,-0.0009999999999998899,
1999-11-11,8.2781,9.999999999976694e-05,1.2080139646606183e-05,,2.5757,2.5757,0.0004999999999997229,
1999-11-12,8.2782,9.999999999976694e-05,1.2079993718434213e-05,,2.5762,2.5762,0.000500000000000167,
1999-11-15,8.278,-0.00019999999999953388,-2.416013336505587e-05,,2.5768,2.5768,0.0005999999999999339,
1999-11-16,8.2781,9.999999999976694e-05,1.2080139646606183e-05,,2.5788,2.5788,0.002000000000000224,
1999-11-17,8.2781,0.0,0.0,,2.5802,2.5802,0.0013999999999998458,
1999-11-18,8.2781,0.0,0.0,,2.5802,2.5802,0.0,
1999-11-19,8.2784,0.0002999999999993008,3.6239543385593706e-05,,2.5785,2.5785,-0.0017000000000000348,
1999-11-21,8.2784,0.0,0.0,,2.5785,2.5785,0.0,
1999-11-22,8.2785,9.999999999976694e-05,1.2079555955678283e-05,,2.5782,2.5782,-0.000300000000000189,
1999-11-23,8.2785,0.0,0.0,,2.5783,2.5783,0.00010000000000021103,
1999-11-24,8.2784,-9.999999999976694e-05,-1.2079555955626422e-05,,2.5777,2.5777,-0.0005999999999999339,
1999-11-25,8.2785,9.999999999976694e-05,1.2079555955678283e-05,,2.5777,2.5777,0.0,
1999-11-26,8.2785,0.0,0.0,,2.579,2.579,0.0013000000000000789,
1999-11-29,8.2785,0.0,0.0,,2.5775,2.5775,-0.0015000000000000568,
1999-11-30,8.2789,0.0004000000000008441,4.831676471888262e-05,,2.5777,2.5777,0.00019999999999997797,
1999-12-01,8.2789,0.0,0.0,,2.5759,2.5759,-0.0018000000000002458,
1999-12-02,8.2789,0.0,0.0,,2.574,2.574,-0.0019000000000000128,
1999-12-03,8.2788,-9.999999999976694e-05,-1.2078972321207935e-05,,2.5742,2.5742,0.00019999999999997797,
1999-12-06,8.2787,-9.999999999976694e-05,-1.207911822448339e-05,,2.572,2.572,-0.0021999999999997577,
1999-12-07,8.279,0.0002999999999993008,3.623691696687693e-05,,2.5691,2.5691,-0.0028999999999999027,
1999-12-08,8.279,0.0,0.0,,2.5668,2.5668,-0.0022999999999999687,
1999-12-09,8.2795,0.0005000000000006111,6.039194373318686e-05,,2.5671,2.5671,0.0002999999999997449,
1999-12-10,8.2795,0.0,0.0,,2.5661,2.5661,-0.0009999999999998899,
1999-12-13,8.2795,0.0,0.0,,2.5649,2.5649,-0.0011999999999998678,
1999-12-14,8.2795,0.0,0.0,,2.5658,2.5658,0.0008999999999996788,
1999-12-15,8.2794,-9.999999999976694e-05,-1.2078096975164329e-05,,2.5677,2.5677,0.0019000000000000128,
1999-12-16,8.2794,0.0,0.0,,2.5684,2.5684,0.000700000000000145,
1999-12-17,8.2794,0.0,0.0,,2.5686,2.5686,0.00019999999999997797,
1999-12-21,8.2794,0.0,0.0,,2.5677,2.5677,-0.0009000000000001229,
1999-12-22,8.2796,0.00019999999999953388,2.4156048071648676e-05,,2.5665,2.5665,-0.0011999999999998678,
1999-12-23,8.2796,0.0,0.0,,2.5656,2.5656,-0.0009000000000001229,
1999-12-24,8.2795,-9.999999999976694e-05,-1.2077951096536272e-05,,2.5661,2.5661,0.000500000000000167,
1999-12-27,8.2794,-9.999999999976694e-05,-1.2078096975164329e-05,,2.5665,2.5665,0.00039999999999995595,
1999-12-28,8.2796,0.00019999999999953388,2.4156048071648676e-05,,2.5692,2.5692,0.0026999999999999247,
1999-12-29,8.2797,9.999999999976694e-05,1.2077805221284432e-05,,2.5751,2.5751,0.005900000000000016,
1999-12-30,8.2793,-0.0004000000000008441,-4.8312096150562116e-05,,2.5754,2.5754,0.000300000000000189,
1999-12-31,8.2793,0.0,0.0,,2.5752,2.5752,-0.00019999999999997797,
2000-01-03,8.2795,0.00020000000000131024,2.4156339832765935e-05,,2.5754,2.5754,0.00019999999999997797,
2000-01-04,8.2798,0.0002999999999993008,3.623341566748935e-05,,2.575,2.575,-0.00039999999999995595,
2000-01-05,8.2799,9.999999999976694e-05,1.207751348173384e-05,,2.5721,2.5721,-0.0029000000000003467,
2000-01-06,8.2798,-9.999999999976694e-05,-1.2077513481635697e-05,,2.5709,2.5709,-0.0011999999999998678,
2000-01-07,8.2797,-9.999999999976694e-05,-1.2077659349716444e-05,,2.5697,2.5697,-0.0011999999999998678,
2000-01-10,8.2794,-0.0002999999999993008,-3.623385329299615e-05,,2.5718,2.5718,0.0020999999999999908,
2000-01-11,8.2794,0.0,0.0,,2.5688,2.5688,-0.0030000000000001137,
2000-01-12,8.2795,9.999999999976694e-05,1.2078096975267662e-05,,2.5661,2.5661,-0.0026999999999999247,
2000-01-13,8.2796,9.999999999976694e-05,1.2077951096388702e-05,,2.5646,2.5646,-0.0015000000000000568,
2000-01-14,8.2798,0.00019999999999953388,2.4155464571173745e-05,,2.5619,2.5619,-0.0026999999999999247,
2000-01-17,8.2797,-9.999999999976694e-05,-1.2077659349716444e-05,,2.5588,2.5588,-0.0030999999999998806,
2000-01-18,8.2793,-0.0004000000000008441,-4.8312096150562116e-05,,2.5613,2.5613,0.0024999999999999467,
2000-01-19,8.2793,0.0,0.0,,2.5587,2.5587,-0.0026000000000001577,
2000-01-20,8.2797,0.0004000000000008441,4.831209615065127e-05,,2.5564,2.5564,-0.0022999999999999687,
2000-01-21,8.2794,-0.0002999999999993008,-3.623385329299615e-05,,2.5551,2.5551,-0.0013000000000000789,
2000-01-24,8.2795,9.999999999976694e-05,1.2078096975267662e-05,,2.5525,2.5525,-0.0025999999999997137,
2000-01-25,8.2789,-0.000600000000000378,-7.247077015451865e-05,,2.5493,2.5493,-0.0032000000000000917,
2000-01-26,8.2786,-0.0002999999999993008,-3.6237354677041696e-05,,2.5378,2.5378,-0.011500000000000288,
2000-01-27,8.2782,-0.0004000000000008441,-4.8318515664661586e-05,,2.5292,2.5292,-0.008599999999999941,
2000-01-28,8.2783,9.999999999976694e-05,1.2079847794036934e-05,,2.5227,2.5227,-0.00649999999999995,
2000-01-31,8.2781,-0.00019999999999953388,-2.4159841512568094e-05,,2.5178,2.5178,-0.0049000000000001265,
2000-02-01,8.2777,-0.0004000000000008441,-4.832143418966016e-05,,2.5121,2.5121,-0.005699999999999594,
2000-02-02,8.2774,-0.0002999999999993008,-3.6242608021997364e-05,,2.5106,2.5106,-0.0015000000000000568,
2000-02-03,8.2773,-9.999999999976694e-05,-1.2081161241383013e-05,,2.5082,2.5082,-0.0024000000000001798,
2000-02-04,8.2781,0.0007999999999999119,9.664520345300322e-05,,2.5052,2.5052,-0.0030000000000001137,
2000-02-12,8.2788,0.000700000000000145,8.45568917391189e-05,,2.5022,2.5022,-0.0029999999999996696,
2000-02-13,8.2784,-0.0004000000000008441,-4.831734835341255e-05,,2.5135,2.5135,0.011299999999999866,
2000-02-14,8.2781,-0.0002999999999993008,-3.623954338563347e-05,,2.5292,2.5292,0.015699999999999825,
2000-02-15,8.2779,-0.00019999999999953388,-2.4160425224649328e-05,,2.5315,2.5315,0.0022999999999999687,
2000-02-16,8.2777,-0.00020000000000131024,-2.416100896504227e-05,,2.5239,2.5239,-0.007600000000000051,
2000-02-17,8.2777,0.0,0.0,,2.5226,2.5226,-0.0012999999999996348,
2000-02-18,8.2772,-0.0004999999999988347,-6.040507646088301e-05,,2.5154,2.5154,-0.007200000000000095,
2000-02-21,8.2772,0.0,0.0,,2.5065,2.5065,-0.00890000000000013,
2000-02-22,8.2775,0.0002999999999993008,3.624348372761449e-05,,2.5066,2.5066,0.00010000000000021103,
2000-02-23,8.2773,-0.00019999999999953388,-2.4162176529986118e-05,,2.5111,2.5111,0.0044999999999997264,
2000-02-24,8.278,0.000700000000000145,8.456506380652166e-05,,2.5119,2.5119,0.0007999999999999119,
2000-02-25,8.278,0.0,0.0,,2.5077,2.5077,-0.0041999999999999815,
2000-02-28,8.2786,0.000600000000000378,7.24786490297589e-05,,2.5035,2.5035,-0.0041999999999999815,
2000-02-29,8.2786,0.0,0.0,,2.499,2.499,-0.0044999999999997264,
2000-03-01,8.2786,0.0,0.0,,2.494,2.494,-0.004999999999999893,
2000-03-02,8.2786,0.0,0.0,,2.4885,2.4885,-0.00550000000000006,
2000-03-03,8.2787,9.999999999976694e-05,1.2079264131308189e-05,,2.4854,2.4854,-0.0031000000000003247,
2000-03-06,8.2789,0.00019999999999953388,2.415809054556953e-05,,2.483,2.483,-0.0023999999999997357,
2000-03-07,8.2785,-0.0004000000000008441,-4.831676471893931e-05,,2.4809,2.4809,-0.0020999999999999908,
2000-03-08,8.2784,-9.999999999976694e-05,-1.2079555955626422e-05,,2.4804,2.4804,-0.000500000000000167,
2000-03-09,8.2786,0.00020000000000131024,2.4158965997669095e-05,,2.4787,2.4787,-0.0017000000000000348,
2000-03-10,8.2787,9.999999999976694e-05,1.2079264131308189e-05,,2.4772,2.4772,-0.0015000000000000568,
2000-03-13,8.2785,-0.00020000000000131024,-2.4158674173340768e-05,,2.4742,2.4742,-0.0029999999999996696,
2000-03-14,8.2781,-0.00039999999999906777,-4.831909934132636e-05,,2.4718,2.4718,-0.0024000000000001798,
2000-03-15,8.278,-9.999999999976694e-05,-1.2080139646556286e-05,,2.4658,2.4658,-0.005999999999999783,
2000-03-16,8.2778,-0.00020000000000131024,-2.4160717091459494e-05,,2.4615,2.4615,-0.0043000000000001926,
2000-03-17,8.2777,-9.999999999976694e-05,-1.2080577451752535e-05,,2.4569,2.4569,-0.0045999999999999375,
2000-03-20,8.2785,0.0007999999999999119,9.664053353091836e-05,,2.4543,2.4543,-0.0026000000000001577,
2000-03-21,8.2786,0.0001000000000015433,1.2079410041938953e-05,,2.4509,2.4509,-0.0034000000000000696,
2000-03-22,8.2783,-0.0003000000000010772,-3.623866787066471e-05,,2.4499,2.4499,-0.0009999999999998899,
2000-03-23,8.2783,0.0,0.0,,2.4488,2.4488,-0.001100000000000101,
2000-03-24,8.2787,0.0004000000000008441,4.831793200203958e-05,,2.4469,2.4469,-0.0019000000000000128,
2000-03-27,8.2789,0.00019999999999953388,2.415809054556953e-05,,2.445,2.445,-0.0019000000000000128,
2000-03-28,8.2792,0.0002999999999993008,3.623604157863975e-05,,2.4421,2.4421,-0.0028999999999999027,
2000-03-29,8.2795,0.0003000000000010772,3.623472857588264e-05,,2.4405,2.4405,-0.0015999999999998238,
2000-03-30,8.2789,-0.000600000000000378,-7.247077015451865e-05,,2.4386,2.4386,-0.0019000000000000128,
2000-03-31,8.2788,-9.999999999976694e-05,-1.2078972321207935e-05,,2.4385,2.4385,-0.00010000000000021103,
2000-04-03,8.2787,-9.999999999976694e-05,-1.207911822448339e-05,,2.4338,2.4338,-0.004699999999999704,
2000-04-04,8.2786,-9.999999999976694e-05,-1.2079264131311624e-05,,2.4323,2.4323,-0.0015000000000000568,
2000-04-05,8.2791,0.0004999999999988347,6.0394861623415355e-05,,2.4312,2.4312,-0.001100000000000101,
2000-04-06,8.2795,0.0004000000000008441,4.831326320800523e-05,,2.4293,2.4293,-0.0019000000000000128,
2000-04-07,8.2795,0.0,0.0,,2.4274,2.4274,-0.0019000000000000128,
2000-04-10,8.2795,0.0,0.0,,2.4277,2.4277,0.000300000000000189,
2000-04-11,8.2798,0.0002999999999993008,3.623341566748935e-05,,2.4264,2.4264,-0.0013000000000000789,
2000-04-12,8.2791,-0.000700000000000145,-8.454667887564109e-05,,2.4243,2.4243,-0.0020999999999999908,
2000-04-13,8.2796,0.0005000000000006111,6.039121430453507e-05,,2.423,2.423,-0.0013000000000000789,
2000-04-14,8.2794,-0.00019999999999953388,-2.4156048071626124e-05,,2.4231,2.4231,9.999999999976694e-05,
2000-04-17,8.2794,0.0,0.0,,2.4217,2.4217,-0.0013999999999998458,
2000-04-18,8.2794,0.0,0.0,,2.4205,2.4205,-0.0011999999999998678,
2000-04-19,8.279,-0.0004000000000008441,-4.831384675797492e-05,,2.4203,2.4203,-0.00019999999999997797,
2000-04-20,8.2793,0.0002999999999993008,3.623560390039649e-05,,2.42,2.42,-0.000300000000000189,
2000-04-21,8.2791,-0.00019999999999953388,-2.415692337539429e-05,,2.419,2.419,-0.0009999999999998899,
2000-04-24,8.2785,-0.000600000000000378,-7.247427166533484e-05,,2.4187,2.4187,-0.000300000000000189,
2000-04-25,8.2786,0.0001000000000015433,1.2079410041938953e-05,,2.4175,2.4175,-0.0011999999999998678,
2000-04-26,8.2791,0.0004999999999988347,6.0394861623415355e-05,,2.416,2.416,-0.0015000000000000568,
2000-04-27,8.2795,0.0004000000000008441,4.831326320800523e-05,,2.4105,2.4105,-0.00550000000000006,
2000-04-28,8.2798,0.0002999999999993008,3.623341566748935e-05,,2.4071,2.4071,-0.0034000000000000696,
2000-04-29,8.2799,9.999999999976694e-05,1.207751348173384e-05,,2.4038,2.4038,-0.0032999999999998586,
2000-04-30,8.2795,-0.00039999999999906777,-4.8310929149198794e-05,,2.3967,2.3967,-0.007099999999999884,
2000-05-08,8.2799,0.00039999999999906777,4.831092914924849e-05,,2.3903,2.3903,-0.006400000000000183,
2000-05-09,8.2798,-9.999999999976694e-05,-1.2077513481635697e-05,,2.3926,2.3926,0.0022999999999999687,
2000-05-10,8.279,-0.0007999999999999119,-9.662535940067898e-05,,2.3924,2.3924,-0.00019999999999997797,
2000-05-11,8.2785,-0.0005000000000006111,-6.039559114032984e-05,,2.3936,2.3936,0.001200000000000312,
2000-05-12,8.2782,-0.0002999999999993008,-3.62391056227087e-05,,2.3969,2.3969,0.0032999999999998586,
2000-05-15,8.2778,-0.0004000000000008441,-4.832085045648094e-05,,2.4001,2.4001,0.0032000000000000917,
2000-05-16,8.2777,-9.999999999976694e-05,-1.2080577451752535e-05,,2.3992,2.3992,-0.0009000000000001229,
2000-05-17,8.2772,-0.0004999999999988347,-6.040507646088301e-05,,2.3978,2.3978,-0.0013999999999998458,
2000-05-18,8.2768,-0.0004000000000008441,-4.832668842314465e-05,,2.397,2.397,-0.000800000000000356,
2000-05-19,8.2773,0.0005000000000006111,6.04079956206677e-05,,2.3955,2.3955,-0.0014999999999996128,
2000-05-22,8.2768,-0.0005000000000006111,-6.0407995620713375e-05,,2.3945,2.3945,-0.001000000000000334,
2000-05-23,8.277,0.00019999999999953388,2.416363614500948e-05,,2.3929,2.3929,-0.0015999999999998238,
2000-05-24,8.2768,-0.00019999999999953388,-2.4163636145044596e-05,,2.3914,2.3914,-0.0015000000000000568,
2000-05-25,8.2769,9.999999999976694e-05,1.2081891057779728e-05,,2.3913,2.3913,-9.999999999976694e-05,
2000-05-26,8.2773,0.0004000000000008441,4.832610456298304e-05,,2.3893,2.3893,-0.002000000000000224,
2000-05-29,8.2771,-0.00019999999999953388,-2.4162760354870097e-05,,2.3881,2.3881,-0.0011999999999998678,
2000-05-30,8.2768,-0.0003000000000010772,-3.6245235265827025e-05,,2.3848,2.3848,-0.0033000000000003027,
2000-05-31,8.2772,0.0004000000000008441,4.8326688423259606e-05,,2.3823,2.3823,-0.0024999999999999467,
2000-06-01,8.2773,9.999999999976694e-05,1.2081307197656905e-05,,2.3795,2.3795,-0.0027999999999996916,
2000-06-02,8.2771,-0.00019999999999953388,-2.4162760354870097e-05,,2.3789,2.3789,-0.000600000000000378,
2000-06-05,8.2771,0.0,0.0,,2.3766,2.3766,-0.0022999999999999687,
2000-06-06,8.277,-0.0001000000000015433,-1.2081599120743503e-05,,2.3768,2.3768,0.00019999999999997797,
2000-06-07,8.2773,0.0003000000000010772,3.624435947554438e-05,,2.3758,2.3758,-0.0009999999999998899,
2000-06-08,8.2773,0.0,0.0,,2.3765,2.3765,0.000700000000000145,
2000-06-09,8.2775,0.00019999999999953388,2.41621765298779e-05,,2.3756,2.3756,-0.0009000000000001229,
2000-06-12,8.2772,-0.0002999999999993008,-3.6243483727490753e-05,,2.3751,2.3751,-0.0004999999999997229,
2000-06-13,8.2771,-9.999999999976694e-05,-1.2081453157292872e-05,,2.3741,2.3741,-0.001000000000000334,
2000-06-14,8.277,-0.0001000000000015433,-1.2081599120743503e-05,,2.3736,2.3736,-0.0004999999999997229,
2000-06-15,8.2768,-0.00019999999999953388,-2.4163636145044596e-05,,2.3714,2.3714,-0.002200000000000202,
2000-06-16,8.2768,0.0,0.0,,2.3708,2.3708,-0.0005999999999999339,
2000-06-19,8.2768,0.0,0.0,,2.3716,2.3716,0.0007999999999999119,
2000-06-20,8.2768,0.0,0.0,,2.3713,2.3713,-0.0002999999999997449,
2000-06-21,8.277,0.00019999999999953388,2.416363614500948e-05,,2.371,2.371,-0.000300000000000189,
2000-06-22,8.2772,0.00020000000000131024,2.416305227817423e-05,,2.3701,2.3701,-0.0009000000000001229,
2000-06-23,8.2771,-9.999999999976694e-05,-1.2081453157292872e-05,,2.3697,2.3697,-0.00039999999999995595,
2000-06-26,8.2769,-0.00020000000000131024,-2.4163344208176812e-05,,2.3695,2.3695,-0.00019999999999997797,
2000-06-27,8.2773,0.0004000000000008441,4.832610456298304e-05,,2.3686,2.3686,-0.0009000000000001229,
2000-06-28,8.2774,9.999999999976694e-05,1.2081161241285782e-05,,2.3682,2.3682,-0.00039999999999995595,
2000-06-29,8.2775,9.999999999976694e-05,1.208101528868935e-05,,2.3672,2.3672,-0.0009999999999998899,
2000-06-30,8.278,0.0005000000000006111,6.0402887276414716e-05,,2.367,2.367,-0.00019999999999997797,
2000-07-03,8.2782,0.00019999999999953388,2.4160133364979273e-05,,2.3671,2.3671,0.00010000000000021103,
2000-07-04,8.2786,0.0004000000000008441,4.8318515664710775e-05,,2.3668,2.3668,-0.000300000000000189,
2000-07-05,8.2789,0.0002999999999993008,3.623735467709289e-05,,2.3674,2.3674,0.0005999999999999339,
2000-07-06,8.2787,-0.00019999999999953388,-2.4158090545639547e-05,,2.3675,2.3675,0.00010000000000021103,
2000-07-07,8.2791,0.00039999999999906777,4.8315597492120905e-05,,2.3672,2.3672,-0.000300000000000189,
2000-07-10,8.2793,0.00019999999999953388,2.4156923375427813e-05,,2.3662,2.3662,-0.0009999999999998899,
2000-07-11,8.2795,0.00020000000000131024,2.4156339832765935e-05,,2.365,2.365,-0.0011999999999998678,
2000-07-12,8.2794,-9.999999999976694e-05,-1.2078096975164329e-05,,2.3621,2.3621,-0.0029000000000003467,
2000-07-13,8.2795,9.999999999976694e-05,1.2078096975267662e-05,,2.3606,2.3606,-0.0015000000000000568,
2000-07-14,8.2791,-0.0004000000000008441,-4.831326320810681e-05,,2.3588,2.3588,-0.0017999999999998018,
2000-07-17,8.2796,0.0005000000000006111,6.039121430453507e-05,,2.3579,2.3579,-0.0009000000000001229,
2000-07-18,8.2791,-0.0005000000000006111,-6.039121430456723e-05,,2.358,2.358,0.00010000000000021103,
2000-07-19,8.2796,0.0005000000000006111,6.039121430453507e-05,,2.3574,2.3574,-0.0005999999999999339,
2000-07-20,8.2796,0.0,0.0,,2.3575,2.3575,9.999999999976694e-05,
2000-07-21,8.2796,0.0,0.0,,2.3571,2.3571,-0.00039999999999995595,
2000-07-24,8.2795,-9.999999999976694e-05,-1.2077951096536272e-05,,2.3571,2.3571,0.0,
2000-07-25,8.2798,0.0002999999999993008,3.623341566748935e-05,,2.3552,2.3552,-0.0019000000000000128,
2000-07-26,8.2797,-9.999999999976694e-05,-1.2077659349716444e-05,,2.3544,2.3544,-0.0007999999999999119,
2000-07-27,8.2796,-9.999999999976694e-05,-1.2077805221349969e-05,,2.3527,2.3527,-0.0017000000000000348,
2000-07-28,8.2793,-0.0003000000000010772,-3.623429092923758e-05,,2.352,2.352,-0.000700000000000145,
2000-07-31,8.2794,0.0001000000000015433,1.2078242857477232e-05,,2.3523,2.3523,0.000300000000000189,
2000-08-01,8.2792,-0.00020000000000131024,-2.4156631600624944e-05,,2.3506,2.3506,-0.0017000000000000348,
2000-08-02,8.2788,-0.00039999999999906777,-4.831501389990267e-05,,2.348,2.348,-0.0026000000000001577,
2000-08-03,8.2791,0.0002999999999993008,3.6236479267540574e-05,,2.3455,2.3455,-0.0024999999999999467,
2000-08-04,8.2796,0.0005000000000006111,6.039121430453507e-05,,2.3448,2.3448,-0.0006999999999997009,
2000-08-07,8.2798,0.00019999999999953388,2.4155464571173745e-05,,2.3419,2.3419,-0.0029000000000003467,
2000-08-08,8.2799,9.999999999976694e-05,1.207751348173384e-05,,2.3389,2.3389,-0.0029999999999996696,
2000-08-09,8.2799,0.0,0.0,,2.3378,2.3378,-0.001100000000000101,
2000-08-10,8.2798,-9.999999999976694e-05,-1.2077513481635697e-05,,2.3369,2.3369,-0.0009000000000001229,
2000-08-11,8.2799,9.999999999976694e-05,1.207751348173384e-05,,2.3322,2.3322,-0.0047000000000001485,
2000-08-14,8.2796,-0.0002999999999993008,-3.6232978052711494e-05,,2.3303,2.3303,-0.0019000000000000128,
2000-08-15,8.2795,-9.999999999976694e-05,-1.2077951096536272e-05,,2.3314,2.3314,0.001100000000000101,
2000-08-16,8.2788,-0.000700000000000145,-8.454974247567733e-05,,2.3283,2.3283,-0.0030999999999998806,
2000-08-17,8.2797,0.0008999999999996788,0.0001087054987934461,,2.3259,2.3259,-0.0024000000000001798,
2000-08-18,8.2799,0.00019999999999953388,2.4155172831371998e-05,,2.3248,2.3248,-0.0010999999999996568,
2000-08-21,8.2797,-0.00019999999999953388,-2.415517283136502e-05,,2.3258,2.3258,0.0009999999999998899,
2000-08-22,8.2799,0.00019999999999953388,2.4155172831371998e-05,,2.3229,2.3229,-0.0028999999999999027,
2000-08-23,8.2799,0.0,0.0,,2.3212,2.3212,-0.0017000000000000348,
2000-08-24,8.2793,-0.000600000000000378,-7.246726898191318e-05,,2.3187,2.3187,-0.0024999999999999467,
2000-08-25,8.2799,0.000600000000000378,7.246726898184583e-05,,2.3182,2.3182,-0.000500000000000167,
2000-08-28,8.2799,0.0,0.0,,2.3165,2.3165,-0.0017000000000000348,
2000-08-29,8.2799,0.0,0.0,,2.3189,2.3189,0.0024000000000001798,
2000-08-30,8.2799,0.0,0.0,,2.3188,2.3188,-0.00010000000000021103,
2000-08-31,8.2788,-0.0010999999999992127,-0.0001328606716249002,,2.318,2.318,-0.0007999999999999119,
2000-09-01,8.2786,-0.00019999999999953388,-2.415838235582629e-05,,2.3157,2.3157,-0.0022999999999999687,
2000-09-04,8.2787,9.999999999976694e-05,1.2079264131308189e-05,,2.3162,2.3162,0.0004999999999997229,
2000-09-05,8.2786,-9.999999999976694e-05,-1.2079264131311624e-05,,2.313,2.313,-0.0031999999999996476,
2000-09-06,8.279,0.00039999999999906777,4.831618109839685e-05,,2.3123,2.3123,-0.000700000000000145,
2000-09-07,8.2794,0.0004000000000008441,4.831384675788593e-05,,2.3115,2.3115,-0.0007999999999999119,
2000-09-08,8.279,-0.0004000000000008441,-4.831384675797492e-05,,2.3117,2.3117,0.00019999999999997797,
2000-09-11,8.2794,0.0004000000000008441,4.831384675788593e-05,,2.3093,2.3093,-0.0024000000000001798,
2000-09-12,8.2786,-0.0007999999999999119,-9.663002785629775e-05,,2.3082,2.3082,-0.001100000000000101,
2000-09-13,8.2787,9.999999999976694e-05,1.2079264131308189e-05,,2.307,2.307,-0.0011999999999998678,
2000-09-14,8.2777,-0.0010000000000012221,-0.00012079920770422821,,2.3065,2.3065,-0.0004999999999997229,
2000-09-15,8.2773,-0.00039999999999906777,-4.8323769263274545e-05,,2.3065,2.3065,0.0,
2000-09-18,8.2771,-0.00019999999999953388,-2.4162760354870097e-05,,2.3079,2.3079,0.0013999999999998458,
2000-09-19,8.2772,9.999999999976694e-05,1.2081453157358636e-05,,2.3075,2.3075,-0.00039999999999995595,
2000-09-20,8.2779,0.000700000000000145,8.456608542595523e-05,,2.3067,2.3067,-0.0007999999999999119,
2000-09-21,8.2775,-0.0004000000000008441,-4.8322601698432184e-05,,2.3061,2.3061,-0.000600000000000378,
2000-09-22,8.2778,0.0002999999999993008,3.6242170185096284e-05,,2.3017,2.3017,-0.0043999999999999595,
2000-09-25,8.2787,0.0009000000000014552,0.00010871863025259854,,2.3013,2.3013,-0.00039999999999995595,
2000-09-26,8.2793,0.0005999999999986017,7.247252086740598e-05,,2.3032,2.3032,0.0019000000000000128,
2000-09-27,8.2791,-0.00019999999999953388,-2.415692337539429e-05,,2.3028,2.3028,-0.00039999999999995595,
2000-09-28,8.2795,0.0004000000000008441,4.831326320800523e-05,,2.3034,2.3034,0.0005999999999999339,
2000-09-29,8.2799,0.00039999999999906777,4.831092914924849e-05,,2.3046,2.3046,0.001200000000000312,
2000-09-30,8.2798,-9.999999999976694e-05,-1.2077513481635697e-05,,2.3031,2.3031,-0.0015000000000000568,
2000-10-08,8.279,-0.0007999999999999119,-9.662535940067898e-05,,2.3012,2.3012,-0.0019000000000000128,
2000-10-09,8.2796,0.000600000000000378,7.246989482960114e-05,,2.3016,2.3016,0.00039999999999995595,
2000-10-10,8.279,-0.000600000000000378,-7.246989482966698e-05,,2.3009,2.3009,-0.000700000000000145,
2000-10-11,8.2789,-9.999999999976694e-05,-1.2078826421374236e-05,,2.3009,2.3009,0.0,
2000-10-12,8.2786,-0.0002999999999993008,-3.6237354677041696e-05,,2.301,2.301,0.00010000000000021103,
2000-10-13,8.2786,0.0,0.0,,2.3028,2.3028,0.0017999999999998018,
2000-10-16,8.2784,-0.00020000000000131024,-2.4158965997627854e-05,,2.3023,2.3023,-0.000500000000000167,
2000-10-17,8.2781,-0.0002999999999993008,-3.623954338563347e-05,,2.3021,2.3021,-0.00019999999999997797,
2000-10-18,8.2784,0.0002999999999993008,3.6239543385593706e-05,,2.3019,2.3019,-0.00019999999999997797,
2000-10-19,8.2781,-0.0002999999999993008,-3.623954338563347e-05,,2.3022,2.3022,0.000300000000000189,
2000-10-20,8.278,-9.999999999976694e-05,-1.2080139646556286e-05,,2.3012,2.3012,-0.0009999999999998899,
2000-10-23,8.2778,-0.00020000000000131024,-2.4160717091459494e-05,,2.3012,2.3012,0.0,
2000-10-24,8.2784,0.000600000000000378,7.248040012355984e-05,,2.3013,2.3013,9.999999999976694e-05,
2000-10-25,8.2784,0.0,0.0,,2.3013,2.3013,0.0,
2000-10-26,8.2782,-0.00019999999999953388,-2.4159549667074982e-05,,2.3011,2.3011,-0.00019999999999997797,
2000-10-27,8.2785,0.0002999999999993008,3.623910562275605e-05,,2.3029,2.3029,0.0018000000000002458,
2000-10-30,8.2788,0.0003000000000010772,3.623779239774437e-05,,2.3034,2.3034,0.0004999999999997229,
2000-10-31,8.278,-0.0007999999999999119,-9.663703138556089e-05,,2.3033,2.3033,-9.999999999976694e-05,
2000-11-01,8.2775,-0.0005000000000006111,-6.040288727648979e-05,,2.3033,2.3033,0.0,
2000-11-02,8.2773,-0.00019999999999953388,-2.4162176529986118e-05,,2.3031,2.3031,-0.00019999999999997797,
2000-11-03,8.277,-0.0003000000000010772,-3.624435947561902e-05,,2.3016,2.3016,-0.0015000000000000568,
2000-11-06,8.2768,-0.00019999999999953388,-2.4163636145044596e-05,,2.3031,2.3031,0.0015000000000000568,
2000-11-07,8.2771,0.0003000000000010772,3.624523526588248e-05,,2.303,2.303,-0.00010000000000021103,
2000-11-08,8.2769,-0.00020000000000131024,-2.4163344208176812e-05,,2.3028,2.3028,-0.00019999999999997797,
2000-11-09,8.2772,0.0003000000000010772,3.624479736538465e-05,,2.3027,2.3027,-9.999999999976694e-05,
2000-11-10,8.2768,-0.0004000000000008441,-4.832668842314465e-05,,2.3028,2.3028,9.999999999976694e-05,
2000-11-13,8.2772,0.0004000000000008441,4.8326688423259606e-05,,2.3033,2.3033,0.000500000000000167,
2000-11-14,8.2768,-0.0004000000000008441,-4.832668842314465e-05,,2.3031,2.3031,-0.00019999999999997797,
2000-11-15,8.2773,0.0005000000000006111,6.04079956206677e-05,,2.303,2.303,-0.00010000000000021103,
2000-11-16,8.2768,-0.0005000000000006111,-6.0407995620713375e-05,,2.3029,2.3029,-9.999999999976694e-05,
2000-11-17,8.2773,0.0005000000000006111,6.04079956206677e-05,,2.3045,2.3045,0.0015999999999998238,
2000-11-20,8.2769,-0.0004000000000008441,-4.832610456305774e-05,,2.3032,2.3032,-0.0013000000000000789,
2000-11-21,8.2779,0.0010000000000012221,0.00012081088279137435,,2.3032,2.3032,0.0,
2000-11-22,8.2786,0.000700000000000145,8.455893460788463e-05,,2.303,2.303,-0.00019999999999997797,
2000-11-23,8.2782,-0.0004000000000008441,-4.8318515664661586e-05,,2.3034,2.3034,0.00039999999999995595,
2000-11-24,8.278,-0.00019999999999953388,-2.416013336505587e-05,,2.3041,2.3041,0.000700000000000145,
2000-11-27,8.2779,-9.999999999976694e-05,-1.2080285578031916e-05,,2.3058,2.3058,0.0017000000000000348,
2000-11-28,8.278,9.999999999976694e-05,1.2080285578108761e-05,,2.3083,2.3083,0.0024999999999999467,
2000-11-29,8.2777,-0.0003000000000010772,-3.624129454314254e-05,,2.3116,2.3116,0.0032999999999998586,
2000-11-30,8.2774,-0.0002999999999993008,-3.6242608021997364e-05,,2.3146,2.3146,0.0030000000000001137,
2000-12-01,8.2777,0.0002999999999993008,3.6242608021870776e-05,,2.3176,2.3176,0.0030000000000001137,
2000-12-04,8.2775,-0.00019999999999953388,-2.4161592733302823e-05,,2.3217,2.3217,0.0040999999999997705,
2000-12-05,8.2771,-0.00039999999999906777,-4.832493688485341e-05,,2.3242,2.3242,0.0024999999999999467,
2000-12-06,8.277,-0.0001000000000015433,-1.2081599120743503e-05,,2.3282,2.3282,0.0040000000000000036,
2000-12-07,8.277,0.0,0.0,,2.3368,2.3368,0.008600000000000385,
2000-12-08,8.277,0.0,0.0,,2.3438,2.3438,0.006999999999999673,
2000-12-11,8.2769,-9.999999999976694e-05,-1.2081745087413842e-05,,2.3497,2.3497,0.005900000000000016,
2000-12-12,8.2773,0.0004000000000008441,4.832610456298304e-05,,2.3615,2.3615,0.011800000000000033,
2000-12-13,8.2771,-0.00019999999999953388,-2.4162760354870097e-05,,2.3713,2.3713,0.009800000000000253,
2000-12-14,8.277,-0.0001000000000015433,-1.2081599120743503e-05,,2.3785,2.3785,0.007199999999999651,
2000-12-15,8.2768,-0.00019999999999953388,-2.4163636145044596e-05,,2.3872,2.3872,0.008700000000000152,
2000-12-18,8.2768,0.0,0.0,,2.397,2.397,0.009799999999999809,
2000-12-19,8.2774,0.000600000000000378,7.248915686207757e-05,,2.4033,2.4033,0.006300000000000416,
2000-12-20,8.2772,-0.00019999999999953388,-2.4162468438875265e-05,,2.4159,2.4159,0.012599999999999945,
2000-12-21,8.2769,-0.0003000000000010772,-3.6244797365449174e-05,,2.4338,2.4338,0.017900000000000027,
2000-12-22,8.2768,-9.999999999976694e-05,-1.2081891057747983e-05,,2.4568,2.4568,0.022999999999999687,
2000-12-25,8.2777,0.0008999999999996788,0.00010873176488402893,,2.4882,2.4882,0.031400000000000095,
2000-12-26,8.277,-0.000700000000000145,-8.45681287389788e-05,,2.5273,2.5273,0.03909999999999991,
2000-12-27,8.2769,-9.999999999976694e-05,-1.2081745087413842e-05,,2.5655,2.5655,0.038200000000000234,
2000-12-28,8.277,9.999999999976694e-05,1.2081745087420048e-05,,2.6038,2.6038,0.0383,
2000-12-29,8.2781,0.001100000000000989,0.0001328895629285706,,2.6225,2.6225,0.01869999999999994,
2001-01-02,8.2774,-0.000700000000000145,-8.456404221157444e-05,,2.6162,2.6162,-0.006299999999999972,
2001-01-03,8.2779,0.0005000000000006111,6.04036169870376e-05,,2.5865,2.5865,-0.02970000000000006,
2001-01-04,8.2773,-0.000600000000000378,-7.248477822837996e-05,,2.5501,2.5501,-0.03639999999999999,
2001-01-05,8.2781,0.0007999999999999119,9.664520345300322e-05,,2.5252,2.5252,-0.024900000000000144,
2001-01-08,8.2775,-0.000600000000000378,-7.248302692301863e-05,,2.4984,2.4984,-0.026799999999999713,
2001-01-09,8.2778,0.0002999999999993008,3.6242170185096284e-05,,2.48,2.48,-0.018400000000000194,
2001-01-10,8.2771,-0.0006999999999983686,-8.456710706987501e-05,,2.4729,2.4729,-0.007099999999999884,
2001-01-11,8.2769,-0.00020000000000131024,-2.4163344208176812e-05,,2.4703,2.4703,-0.0026000000000001577,
2001-01-12,8.2767,-0.00019999999999953388,-2.4163928089240116e-05,,2.4617,2.4617,-0.008599999999999941,
2001-01-15,8.2768,9.999999999976694e-05,1.2082037031470015e-05,,2.4732,2.4732,0.011499999999999844,
2001-01-16,8.2767,-9.999999999976694e-05,-1.2082037031523878e-05,,2.477,2.477,0.0038000000000000256,
2001-01-17,8.2766,-9.999999999976694e-05,-1.2082183008963575e-05,,2.4849,2.4849,0.00790000000000024,
2001-01-18,8.2764,-0.00019999999999953388,-2.41648039641277e-05,,2.5004,2.5004,0.015499999999999847,
2001-01-19,8.2764,0.0,0.0,,2.5165,2.5165,0.016100000000000225,
2001-01-20,8.2764,0.0,0.0,,2.5272,2.5272,0.010699999999999932,
2001-01-21,8.2762,-0.00020000000000131024,-2.4165387916247847e-05,,2.5424,2.5424,0.015200000000000102,
2001-01-22,8.2762,0.0,0.0,,2.5435,2.5435,0.0010999999999996568,
2001-01-23,8.2782,0.002000000000000668,0.00024162760471320728,,2.5102,2.5102,-0.03329999999999966,
2001-01-31,8.2786,0.0004000000000008441,4.8318515664710775e-05,,2.4784,2.4784,-0.03180000000000005,
2001-02-01,8.2781,-0.0005000000000006111,-6.039850938325497e-05,,2.4616,2.4616,-0.01680000000000037,
2001-02-02,8.2772,-0.0008999999999996788,-0.00010872651065051574,,2.4494,2.4494,-0.012199999999999989,
2001-02-05,8.2774,0.00019999999999953388,2.4162468438871508e-05,,2.4441,2.4441,-0.005299999999999638,
2001-02-06,8.277,-0.0004000000000008441,-4.832552071696066e-05,,2.4657,2.4657,0.02159999999999984,
2001-02-07,8.2766,-0.00039999999999906777,-4.832785618562104e-05,,2.4903,2.4903,0.024599999999999955,
2001-02-08,8.2765,-9.999999999976694e-05,-1.2082328989845024e-05,,2.502,2.502,0.011699999999999822,
2001-02-09,8.2763,-0.00019999999999953388,-2.416509593652391e-05,,2.5141,2.5141,0.012100000000000222,
2001-02-12,8.2764,9.999999999976694e-05,1.2082620962201742e-05,,2.5232,2.5232,0.009100000000000108,
2001-02-13,8.2774,0.0009999999999994458,0.00012081818086682391,,2.5242,2.5242,0.0009999999999998899,
2001-02-14,8.2765,-0.0008999999999996788,-0.00010873570589241564,,2.5236,2.5236,-0.0005999999999999339,
2001-02-15,8.2764,-9.999999999976694e-05,-1.2082474974279253e-05,,2.5264,2.5264,0.0028000000000001357,
2001-02-16,8.2772,0.0007999999999999119,9.665571242791244e-05,,2.5258,2.5258,-0.000600000000000378,
2001-02-19,8.277,-0.00020000000000131024,-2.4163052278081636e-05,,2.5257,2.5257,-9.999999999976694e-05,
2001-02-20,8.2766,-0.00039999999999906777,-4.832785618562104e-05,,2.5278,2.5278,0.0020999999999999908,
2001-02-21,8.2767,9.999999999976694e-05,1.2082183008934994e-05,,2.5259,2.5259,-0.0019000000000000128,
2001-02-22,8.2772,0.0005000000000006111,6.040872545473621e-05,,2.5252,2.5252,-0.000700000000000145,
2001-02-23,8.2769,-0.0003000000000010772,-3.6244797365449174e-05,,2.5252,2.5252,0.0,
2001-02-26,8.2774,0.0005000000000006111,6.0407265804361167e-05,,2.5247,2.5247,-0.0004999999999997229,
2001-02-27,8.2776,0.00019999999999953388,2.4161884628211505e-05,,2.5251,2.5251,0.00039999999999995595,
2001-02-28,8.2781,0.0005000000000006111,6.040215758355379e-05,,2.5274,2.5274,0.0022999999999999687,
2001-03-01,8.2783,0.00019999999999953388,2.4159841512604994e-05,,2.5259,2.5259,-0.0015000000000000568,
2001-03-02,8.2778,-0.0005000000000006111,-6.0400698250539756e-05,,2.5232,2.5232,-0.0026999999999999247,
2001-03-05,8.2782,0.0004000000000008441,4.8320850456383625e-05,,2.519,2.519,-0.0041999999999999815,
2001-03-06,8.2777,-0.0005000000000006111,-6.040142790820229e-05,,2.5135,2.5135,-0.00550000000000006,
2001-03-07,8.2778,9.999999999976694e-05,1.2080577451771864e-05,,2.5079,2.5079,-0.005600000000000271,
2001-03-08,8.2773,-0.0004999999999988347,-6.040434671506078e-05,,2.5028,2.5028,-0.00509999999999966,
2001-03-09,8.277,-0.0003000000000010772,-3.624435947561902e-05,,2.4998,2.4998,-0.0030000000000001137,
2001-03-12,8.2774,0.0004000000000008441,4.83255207169163e-05,,2.4987,2.4987,-0.001100000000000101,
2001-03-13,8.2784,0.0009999999999994458,0.00012080358559728211,,2.4978,2.4978,-0.0009000000000001229,
2001-03-14,8.2783,-9.999999999976694e-05,-1.207970187311299e-05,,2.4969,2.4969,-0.0008999999999996788,
2001-03-15,8.2778,-0.0005000000000006111,-6.0400698250539756e-05,,2.4965,2.4965,-0.00039999999999995595,
2001-03-16,8.2776,-0.00019999999999953388,-2.416130084550868e-05,,2.496,2.496,-0.000500000000000167,
2001-03-19,8.2771,-0.0004999999999988347,-6.040580622435938e-05,,2.4958,2.4958,-0.00019999999999997797,
2001-03-20,8.2772,9.999999999976694e-05,1.2081453157358636e-05,,2.4952,2.4952,-0.0005999999999999339,
2001-03-21,8.2772,0.0,0.0,,2.4946,2.4946,-0.0005999999999999339,
2001-03-22,8.2771,-9.999999999976694e-05,-1.2081453157292872e-05,,2.4943,2.4943,-0.000300000000000189,
2001-03-23,8.2768,-0.0003000000000010772,-3.6245235265827025e-05,,2.4938,2.4938,-0.000500000000000167,
2001-03-26,8.2773,0.0005000000000006111,6.04079956206677e-05,,2.4918,2.4918,-0.0019999999999997797,
2001-03-27,8.2771,-0.00019999999999953388,-2.4162760354870097e-05,,2.4906,2.4906,-0.0011999999999998678,
2001-03-28,8.2773,0.00019999999999953388,2.4162760354970284e-05,,2.4892,2.4892,-0.00140000000000029,
2001-03-29,8.2777,0.00039999999999906777,4.832376926330895e-05,,2.4873,2.4873,-0.0019000000000000128,
2001-03-30,8.2779,0.00020000000000131024,2.416100896517722e-05,,2.4836,2.4836,-0.0036999999999998145,
2001-04-02,8.2777,-0.00020000000000131024,-2.416100896504227e-05,,2.4789,2.4789,-0.0047000000000001485,
2001-04-03,8.2776,-9.999999999976694e-05,-1.20807233938865e-05,,2.474,2.474,-0.004899999999999682,
2001-04-04,8.2772,-0.00039999999999906777,-4.8324353067069064e-05,,2.4683,2.4683,-0.005700000000000038,
2001-04-05,8.2771,-9.999999999976694e-05,-1.2081453157292872e-05,,2.4631,2.4631,-0.0052000000000003155,
2001-04-06,8.2768,-0.0003000000000010772,-3.6245235265827025e-05,,2.4588,2.4588,-0.0042999999999997485,
2001-04-09,8.2767,-9.999999999976694e-05,-1.2082037031523878e-05,,2.4558,2.4558,-0.0030000000000001137,
2001-04-10,8.277,0.0002999999999993008,3.624567317659381e-05,,2.453,2.453,-0.0028000000000001357,
2001-04-11,8.2769,-9.999999999976694e-05,-1.2081745087413842e-05,,2.4488,2.4488,-0.0041999999999999815,
2001-04-12,8.2769,0.0,0.0,,2.4462,2.4462,-0.0025999999999997137,
2001-04-13,8.2772,0.0003000000000010772,3.624479736538465e-05,,2.443,2.443,-0.0032000000000000917,
2001-04-16,8.2769,-0.0003000000000010772,-3.6244797365449174e-05,,2.4401,2.4401,-0.0028999999999999027,
2001-04-17,8.2769,0.0,0.0,,2.4351,2.4351,-0.0050000000000003375,
2001-04-18,8.2775,0.000600000000000378,7.248828109304562e-05,,2.4314,2.4314,-0.0036999999999998145,
2001-04-19,8.2775,0.0,0.0,,2.426,2.426,-0.005399999999999849,
2001-04-20,8.2773,-0.00019999999999953388,-2.4162176529986118e-05,,2.4209,2.4209,-0.0051000000000001044,
2001-04-23,8.2775,0.00019999999999953388,2.41621765298779e-05,,2.4159,2.4159,-0.004999999999999893,
2001-04-24,8.277,-0.0005000000000006111,-6.040653600560093e-05,,2.4131,2.4131,-0.0028000000000001357,
2001-04-25,8.2769,-9.999999999976694e-05,-1.2081745087413842e-05,,2.4096,2.4096,-0.0034999999999998366,
2001-04-26,8.2767,-0.00019999999999953388,-2.4163928089240116e-05,,2.4062,2.4062,-0.0034000000000000696,
2001-04-27,8.2769,0.00019999999999953388,2.41639280893069e-05,,2.4035,2.4035,-0.0026999999999999247,
2001-04-28,8.2773,0.0004000000000008441,4.832610456298304e-05,,2.4007,2.4007,-0.0028000000000001357,
2001-04-29,8.2778,0.0004999999999988347,6.040434671497839e-05,,2.395,2.395,-0.005700000000000038,
2001-04-30,8.2773,-0.0004999999999988347,-6.040434671506078e-05,,2.3804,2.3804,-0.014600000000000168,
2001-05-08,8.2774,9.999999999976694e-05,1.2081161241285782e-05,,2.3614,2.3614,-0.018999999999999684,
2001-05-09,8.2785,0.0010999999999992127,0.00013288314155296963,,2.3625,2.3625,0.0010999999999996568,
2001-05-10,8.2775,-0.0009999999999994458,-0.00012080212626422438,,2.3642,2.3642,0.0017000000000000348,
2001-05-11,8.2771,-0.00039999999999906777,-4.832493688485341e-05,,2.3679,2.3679,0.0037000000000002586,
2001-05-14,8.2771,0.0,0.0,,2.3769,2.3769,0.008999999999999897,
2001-05-15,8.2771,0.0,0.0,,2.3896,2.3896,0.012700000000000156,
2001-05-16,8.2769,-0.00020000000000131024,-2.4163344208176812e-05,,2.389,2.389,-0.000600000000000378,
2001-05-17,8.2769,0.0,0.0,,2.3881,2.3881,-0.0008999999999996788,
2001-05-18,8.2767,-0.00019999999999953388,-2.4163928089240116e-05,,2.3853,2.3853,-0.0028000000000001357,
2001-05-21,8.2768,9.999999999976694e-05,1.2082037031470015e-05,,2.3823,2.3823,-0.0030000000000001137,
2001-05-22,8.2778,0.0009999999999994458,0.00012081234233582246,,2.379,2.379,-0.0032999999999998586,
2001-05-23,8.2774,-0.00039999999999906777,-4.832318547369191e-05,,2.3754,2.3754,-0.0036000000000000476,
2001-05-24,8.2771,-0.0002999999999993008,-3.624392159622553e-05,,2.3734,2.3734,-0.0019999999999997797,
2001-05-25,8.277,-0.0001000000000015433,-1.2081599120743503e-05,,2.3741,2.3741,0.0006999999999997009,
2001-05-28,8.2771,0.0001000000000015433,1.2081599120835059e-05,,2.3751,2.3751,0.001000000000000334,
2001-05-29,8.2768,-0.0003000000000010772,-3.6245235265827025e-05,,2.3765,2.3765,0.0013999999999998458,
2001-05-30,8.2768,0.0,0.0,,2.3799,2.3799,0.0034000000000000696,
2001-05-31,8.2777,0.0008999999999996788,0.00010873176488402893,,2.3826,2.3826,0.0026999999999999247,
2001-06-01,8.277,-0.000700000000000145,-8.45681287389788e-05,,2.3847,2.3847,0.0020999999999999908,
2001-06-04,8.2777,0.000700000000000145,8.456812873897584e-05,,2.3852,2.3852,0.000500000000000167,
2001-06-05,8.277,-0.000700000000000145,-8.45681287389788e-05,,2.3849,2.3849,-0.000300000000000189,
2001-06-06,8.2769,-9.999999999976694e-05,-1.2081745087413842e-05,,2.3836,2.3836,-0.0013000000000000789,
2001-06-07,8.2772,0.0003000000000010772,3.624479736538465e-05,,2.3812,2.3812,-0.0023999999999997357,
2001-06-08,8.2767,-0.0005000000000006111,-6.04087254546953e-05,,2.377,2.377,-0.004200000000000426,
2001-06-11,8.2767,0.0,0.0,,2.3724,2.3724,-0.0045999999999999375,
2001-06-12,8.2767,0.0,0.0,,2.367,2.367,-0.005399999999999849,
2001-06-13,8.2771,0.0004000000000008441,4.8327272297523966e-05,,2.3607,2.3607,-0.006299999999999972,
2001-06-14,8.2779,0.0007999999999999119,9.66475385832191e-05,,2.3535,2.3535,-0.007200000000000095,
2001-06-15,8.2773,-0.000600000000000378,-7.248477822837996e-05,,2.3482,2.3482,-0.005300000000000082,
2001-06-18,8.277,-0.0003000000000010772,-3.624435947561902e-05,,2.3449,2.3449,-0.0032999999999998586,
2001-06-19,8.277,0.0,0.0,,2.3431,2.3431,-0.0017999999999998018,
2001-06-20,8.2779,0.0009000000000014552,0.00010872913770412048,,2.3438,2.3438,0.0006999999999997009,
2001-06-21,8.277,-0.0009000000000014552,-0.00010872913770404833,,2.3462,2.3462,0.0024000000000001798,
2001-06-22,8.2769,-9.999999999976694e-05,-1.2081745087413842e-05,,2.3493,2.3493,0.0030999999999998806,
2001-06-25,8.2767,-0.00019999999999953388,-2.4163928089240116e-05,,2.3505,2.3505,0.0011999999999998678,
2001-06-26,8.2768,9.999999999976694e-05,1.2082037031470015e-05,,2.35,2.35,-0.0004999999999997229,
2001-06-27,8.2768,0.0,0.0,,2.347,2.347,-0.0030000000000001137,
2001-06-28,8.2768,0.0,0.0,,2.3428,2.3428,-0.0041999999999999815,
2001-06-29,8.277,0.00019999999999953388,2.416363614500948e-05,,2.3387,2.3387,-0.004100000000000215,
2001-07-02,8.2767,-0.0002999999999993008,-3.624567317664155e-05,,2.334,2.334,-0.004699999999999704,
2001-07-03,8.277,0.0002999999999993008,3.624567317659381e-05,,2.33,2.33,-0.0040000000000000036,
2001-07-04,8.2767,-0.0002999999999993008,-3.624567317664155e-05,,2.325,2.325,-0.004999999999999893,
2001-07-05,8.2769,0.00019999999999953388,2.41639280893069e-05,,2.3195,2.3195,-0.00550000000000006,
2001-07-06,8.2767,-0.00019999999999953388,-2.4163928089240116e-05,,2.3127,2.3127,-0.006800000000000139,
2001-07-09,8.2768,9.999999999976694e-05,1.2082037031470015e-05,,2.3071,2.3071,-0.005599999999999827,
2001-07-10,8.2767,-9.999999999976694e-05,-1.2082037031523878e-05,,2.3017,2.3017,-0.0054000000000002935,
2001-07-11,8.277,0.0002999999999993008,3.624567317659381e-05,,2.2981,2.2981,-0.0036000000000000476,
2001-07-12,8.2769,-9.999999999976694e-05,-1.2081745087413842e-05,,2.2956,2.2956,-0.0024999999999999467,
2001-07-13,8.2769,0.0,0.0,,2.2948,2.2948,-0.0007999999999999119,
2001-07-16,8.2767,-0.00019999999999953388,-2.4163928089240116e-05,,2.2945,2.2945,-0.0002999999999997449,
2001-07-17,8.2767,0.0,0.0,,2.2965,2.2965,0.0019999999999997797,
2001-07-18,8.2769,0.00019999999999953388,2.41639280893069e-05,,2.2981,2.2981,0.0015999999999998238,
2001-07-19,8.277,9.999999999976694e-05,1.2081745087420048e-05,,2.3007,2.3007,0.0026000000000001577,
2001-07-20,8.2768,-0.00019999999999953388,-2.4163636145044596e-05,,2.3028,2.3028,0.0020999999999999908,
2001-07-23,8.2768,0.0,0.0,,2.3031,2.3031,0.000300000000000189,
2001-07-24,8.277,0.00019999999999953388,2.416363614500948e-05,,2.3023,2.3023,-0.000800000000000356,
2001-07-25,8.2773,0.0003000000000010772,3.624435947554438e-05,,2.3012,2.3012,-0.0010999999999996568,
2001-07-26,8.277,-0.0003000000000010772,-3.624435947561902e-05,,2.2995,2.2995,-0.0017000000000000348,
2001-07-27,8.2771,0.0001000000000015433,1.2081599120835059e-05,,2.2991,2.2991,-0.00039999999999995595,
2001-07-30,8.277,-0.0001000000000015433,-1.2081599120743503e-05,,2.2999,2.2999,0.0007999999999999119,
2001-07-31,8.2767,-0.0002999999999993008,-3.624567317664155e-05,,2.3005,2.3005,0.0005999999999999339,
2001-08-01,8.277,0.0002999999999993008,3.624567317659381e-05,,2.3015,2.3015,0.0009999999999998899,
2001-08-02,8.2769,-9.999999999976694e-05,-1.2081745087413842e-05,,2.3022,2.3022,0.000700000000000145,
2001-08-03,8.2768,-9.999999999976694e-05,-1.2081891057747983e-05,,2.3026,2.3026,0.00039999999999995595,
2001-08-06,8.2768,0.0,0.0,,2.3026,2.3026,0.0,
2001-08-07,8.277,0.00019999999999953388,2.416363614500948e-05,,2.3027,2.3027,0.00010000000000021103,
2001-08-08,8.2772,0.00020000000000131024,2.416305227817423e-05,,2.3031,2.3031,0.00039999999999995595,
2001-08-09,8.2773,9.999999999976694e-05,1.2081307197656905e-05,,2.3029,2.3029,-0.00019999999999997797,
2001-08-10,8.277,-0.0003000000000010772,-3.624435947561902e-05,,2.3032,2.3032,0.0002999999999997449,
2001-08-13,8.2768,-0.00019999999999953388,-2.4163636145044596e-05,,2.303,2.303,-0.00019999999999997797,
2001-08-14,8.2771,0.0003000000000010772,3.624523526588248e-05,,2.3025,2.3025,-0.0004999999999997229,
2001-08-15,8.2773,0.00019999999999953388,2.4162760354970284e-05,,2.3019,2.3019,-0.000600000000000378,
2001-08-16,8.2771,-0.00019999999999953388,-2.4162760354870097e-05,,2.3013,2.3013,-0.0005999999999999339,
2001-08-17,8.277,-0.0001000000000015433,-1.2081599120743503e-05,,2.3001,2.3001,-0.0011999999999998678,
2001-08-20,8.2768,-0.00019999999999953388,-2.4163636145044596e-05,,2.2992,2.2992,-0.0009000000000001229,
2001-08-21,8.2768,0.0,0.0,,2.2985,2.2985,-0.0006999999999997009,
2001-08-22,8.2768,0.0,0.0,,2.2975,2.2975,-0.001000000000000334,
2001-08-23,8.2769,9.999999999976694e-05,1.2081891057779728e-05,,2.2966,2.2966,-0.0008999999999996788,
2001-08-24,8.2768,-9.999999999976694e-05,-1.2081891057747983e-05,,2.2955,2.2955,-0.001100000000000101,
2001-08-27,8.2773,0.0005000000000006111,6.04079956206677e-05,,2.2944,2.2944,-0.001100000000000101,
2001-08-28,8.277,-0.0003000000000010772,-3.624435947561902e-05,,2.2933,2.2933,-0.001100000000000101,
2001-08-29,8.2768,-0.00019999999999953388,-2.4163636145044596e-05,,2.2922,2.2922,-0.001100000000000101,
2001-08-30,8.2769,9.999999999976694e-05,1.2081891057779728e-05,,2.2911,2.2911,-0.0010999999999996568,
2001-08-31,8.2767,-0.00019999999999953388,-2.4163928089240116e-05,,2.2901,2.2901,-0.001000000000000334,
2001-09-03,8.2769,0.00019999999999953388,2.41639280893069e-05,,2.2887,2.2887,-0.0013999999999998458,
2001-09-04,8.277,9.999999999976694e-05,1.2081745087420048e-05,,2.2874,2.2874,-0.0013000000000000789,
2001-09-05,8.2768,-0.00019999999999953388,-2.4163636145044596e-05,,2.286,2.286,-0.0013999999999998458,
2001-09-06,8.277,0.00019999999999953388,2.416363614500948e-05,,2.2845,2.2845,-0.0015000000000000568,
2001-09-07,8.2768,-0.00019999999999953388,-2.4163636145044596e-05,,2.2829,2.2829,-0.0015999999999998238,
2001-09-10,8.2767,-9.999999999976694e-05,-1.2082037031523878e-05,,2.2813,2.2813,-0.0016000000000002679,
2001-09-11,8.2767,0.0,0.0,,2.2799,2.2799,-0.0013999999999998458,
2001-09-12,8.2769,0.00019999999999953388,2.41639280893069e-05,,2.2781,2.2781,-0.0018000000000002458,
2001-09-13,8.2769,0.0,0.0,,2.2767,2.2767,-0.0013999999999998458,
2001-09-14,8.2768,-9.999999999976694e-05,-1.2081891057747983e-05,,2.2752,2.2752,-0.0015000000000000568,
2001-09-17,8.2766,-0.00019999999999953388,-2.4164220040541317e-05,,2.2732,2.2732,-0.0019999999999997797,
2001-09-18,8.2767,9.999999999976694e-05,1.2082183008934994e-05,,2.2706,2.2706,-0.0026000000000001577,
2001-09-19,8.2768,9.999999999976694e-05,1.2082037031470015e-05,,2.2678,2.2678,-0.0028000000000001357,
2001-09-20,8.2766,-0.00019999999999953388,-2.4164220040541317e-05,,2.2647,2.2647,-0.0030999999999998806,
2001-09-21,8.2766,0.0,0.0,,2.2617,2.2617,-0.0030000000000001137,
2001-09-24,8.2767,9.999999999976694e-05,1.2082183008934994e-05,,2.2589,2.2589,-0.0027999999999996916,
2001-09-25,8.277,0.0002999999999993008,3.624567317659381e-05,,2.2558,2.2558,-0.0031000000000003247,
2001-09-26,8.2772,0.00020000000000131024,2.416305227817423e-05,,2.2527,2.2527,-0.0030999999999998806,
2001-09-27,8.2769,-0.0003000000000010772,-3.6244797365449174e-05,,2.2493,2.2493,-0.0034000000000000696,
2001-09-28,8.2769,0.0,0.0,,2.2456,2.2456,-0.0036999999999998145,
2001-09-29,8.2768,-9.999999999976694e-05,-1.2081891057747983e-05,,2.2393,2.2393,-0.006299999999999972,
2001-09-30,8.2769,9.999999999976694e-05,1.2081891057779728e-05,,2.2286,2.2286,-0.010699999999999932,
2001-10-08,8.2768,-9.999999999976694e-05,-1.2081891057747983e-05,,2.222,2.222,-0.006600000000000161,
2001-10-09,8.2767,-9.999999999976694e-05,-1.2082037031523878e-05,,2.2263,2.2263,0.0043000000000001926,
2001-10-10,8.2769,0.00019999999999953388,2.41639280893069e-05,,2.2282,2.2282,0.0019000000000000128,
2001-10-11,8.2768,-9.999999999976694e-05,-1.2081891057747983e-05,,2.2313,2.2313,0.0030999999999998806,
2001-10-12,8.2766,-0.00019999999999953388,-2.4164220040541317e-05,,2.2351,2.2351,0.0038000000000000256,
2001-10-15,8.2765,-9.999999999976694e-05,-1.2082328989845024e-05,,2.2347,2.2347,-0.00039999999999995595,
2001-10-16,8.2766,9.999999999976694e-05,1.2082328989952621e-05,,2.2262,2.2262,-0.008500000000000174,
2001-10-17,8.2767,9.999999999976694e-05,1.2082183008934994e-05,,2.2151,2.2151,-0.011099999999999888,
2001-10-18,8.2769,0.00019999999999953388,2.41639280893069e-05,,2.2032,2.2032,-0.011900000000000244,
2001-10-19,8.277,9.999999999976694e-05,1.2081745087420048e-05,,2.1908,2.1908,-0.012399999999999967,
2001-10-22,8.2768,-0.00019999999999953388,-2.4163636145044596e-05,,2.1793,2.1793,-0.011499999999999844,
2001-10-23,8.277,0.00019999999999953388,2.416363614500948e-05,,2.1692,2.1692,-0.010099999999999998,
2001-10-24,8.2768,-0.00019999999999953388,-2.4163636145044596e-05,,2.1629,2.1629,-0.006299999999999972,
2001-10-25,8.2767,-9.999999999976694e-05,-1.2082037031523878e-05,,2.1573,2.1573,-0.005599999999999827,
2001-10-26,8.2769,0.00019999999999953388,2.41639280893069e-05,,2.1526,2.1526,-0.0047000000000001485,
2001-10-29,8.277,9.999999999976694e-05,1.2081745087420048e-05,,2.1497,2.1497,-0.0028999999999999027,
2001-10-30,8.277,0.0,0.0,,2.147,2.147,-0.0027000000000003688,
2001-10-31,8.2768,-0.00019999999999953388,-2.4163636145044596e-05,,2.1451,2.1451,-0.0019000000000000128,
2001-11-01,8.2768,0.0,0.0,,2.1432,2.1432,-0.0018999999999995687,
2001-11-02,8.2769,9.999999999976694e-05,1.2081891057779728e-05,,2.1422,2.1422,-0.001000000000000334,
2001-11-05,8.2769,0.0,0.0,,2.1403,2.1403,-0.0019000000000000128,
2001-11-06,8.2768,-9.999999999976694e-05,-1.2081891057747983e-05,,2.1394,2.1394,-0.0008999999999996788,
2001-11-07,8.2767,-9.999999999976694e-05,-1.2082037031523878e-05,,2.139,2.139,-0.00040000000000040004,
2001-11-08,8.2766,-9.999999999976694e-05,-1.2082183008963575e-05,,2.139,2.139,0.0,
2001-11-09,8.2766,0.0,0.0,,2.1391,2.1391,0.00010000000000021103,
2001-11-12,8.2766,0.0,0.0,,2.1395,2.1395,0.00039999999999995595,
2001-11-13,8.2765,-9.999999999976694e-05,-1.2082328989845024e-05,,2.1395,2.1395,0.0,
2001-11-14,8.2765,0.0,0.0,,2.1388,2.1388,-0.000700000000000145,
2001-11-15,8.2767,0.00019999999999953388,2.416451199877317e-05,,2.1386,2.1386,-0.00019999999999997797,
2001-11-16,8.277,0.0002999999999993008,3.624567317659381e-05,,2.1384,2.1384,-0.00019999999999997797,
2001-11-19,8.2771,0.0001000000000015433,1.2081599120835059e-05,,2.1384,2.1384,0.0,
2001-11-20,8.277,-0.0001000000000015433,-1.2081599120743503e-05,,2.1383,2.1383,-9.999999999976694e-05,
2001-11-21,8.2769,-9.999999999976694e-05,-1.2081745087413842e-05,,2.1382,2.1382,-0.00010000000000021103,
2001-11-22,8.2769,0.0,0.0,,2.1382,2.1382,0.0,
2001-11-23,8.2769,0.0,0.0,,2.1387,2.1387,0.000500000000000167,
2001-11-26,8.2769,0.0,0.0,,2.1387,2.1387,0.0,
2001-11-27,8.277,9.999999999976694e-05,1.2081745087420048e-05,,2.1386,2.1386,-0.00010000000000021103,
2001-11-28,8.277,0.0,0.0,,2.1389,2.1389,0.000300000000000189,
2001-11-29,8.2772,0.00020000000000131024,2.416305227817423e-05,,2.1395,2.1395,0.0005999999999999339,
2001-11-30,8.2774,0.00019999999999953388,2.4162468438871508e-05,,2.1395,2.1395,0.0,
2001-12-03,8.2772,-0.00019999999999953388,-2.4162468438875265e-05,,2.139,2.139,-0.000500000000000167,
2001-12-04,8.277,-0.00020000000000131024,-2.4163052278081636e-05,,2.1389,2.1389,-9.999999999976694e-05,
2001-12-05,8.2771,0.0001000000000015433,1.2081599120835059e-05,,2.1401,2.1401,0.0011999999999998678,
2001-12-06,8.2772,9.999999999976694e-05,1.2081453157358636e-05,,2.1396,2.1396,-0.0004999999999997229,
2001-12-07,8.2773,9.999999999976694e-05,1.2081307197656905e-05,,2.1398,2.1398,0.00019999999999997797,
2001-12-10,8.2772,-9.999999999976694e-05,-1.2081307197506042e-05,,2.1399,2.1399,9.999999999976694e-05,
2001-12-11,8.277,-0.00020000000000131024,-2.4163052278081636e-05,,2.141,2.141,0.001100000000000101,
2001-12-12,8.2768,-0.00019999999999953388,-2.4163636145044596e-05,,2.1403,2.1403,-0.000700000000000145,
2001-12-13,8.2768,0.0,0.0,,2.14,2.14,-0.0002999999999997449,
2001-12-14,8.2767,-9.999999999976694e-05,-1.2082037031523878e-05,,2.1404,2.1404,0.00039999999999995595,
2001-12-17,8.2768,9.999999999976694e-05,1.2082037031470015e-05,,2.1403,2.1403,-0.00010000000000021103,
2001-12-18,8.2769,9.999999999976694e-05,1.2081891057779728e-05,,2.1394,2.1394,-0.0008999999999996788,
2001-12-19,8.2768,-9.999999999976694e-05,-1.2081891057747983e-05,,2.1392,2.1392,-0.00019999999999997797,
2001-12-20,8.2767,-9.999999999976694e-05,-1.2082037031523878e-05,,2.1393,2.1393,9.999999999976694e-05,
2001-12-21,8.2766,-9.999999999976694e-05,-1.2082183008963575e-05,,2.139,2.139,-0.000300000000000189,
2001-12-24,8.2767,9.999999999976694e-05,1.2082183008934994e-05,,2.139,2.139,0.0,
2001-12-25,8.2766,-9.999999999976694e-05,-1.2082183008963575e-05,,2.1393,2.1393,0.000300000000000189,
2001-12-26,8.2767,9.999999999976694e-05,1.2082183008934994e-05,,2.1398,2.1398,0.000500000000000167,
2001-12-27,8.2766,-9.999999999976694e-05,-1.2082183008963575e-05,,2.1403,2.1403,0.0004999999999997229,
2001-12-28,8.2767,9.999999999976694e-05,1.2082183008934994e-05,,2.1398,2.1398,-0.0004999999999997229,
2001-12-29,8.2768,9.999999999976694e-05,1.2082037031470015e-05,,2.1397,2.1397,-0.00010000000000021103,
2001-12-30,8.2767,-9.999999999976694e-05,-1.2082037031523878e-05,,2.1409,2.1409,0.0011999999999998678,
2001-12-31,8.2766,-9.999999999976694e-05,-1.2082183008963575e-05,,2.1411,2.1411,0.00019999999999997797,
2002-01-01,8.2766,0.0,0.0,,2.1411,2.1411,0.0,
2002-01-02,8.2766,0.0,0.0,,2.1411,2.1411,0.0,
2002-01-04,8.2766,0.0,0.0,,2.1402,2.1402,-0.0008999999999996788,
2002-01-07,8.2768,0.00019999999999953388,2.416422004048745e-05,,2.1403,2.1403,9.999999999976694e-05,
2002-01-08,8.2767,-9.999999999976694e-05,-1.2082037031523878e-05,,2.1399,2.1399,-0.00039999999999995595,
2002-01-09,8.2766,-9.999999999976694e-05,-1.2082183008963575e-05,,2.1389,2.1389,-0.0009999999999998899,
2002-01-10,8.2767,9.999999999976694e-05,1.2082183008934994e-05,,2.1384,2.1384,-0.000500000000000167,
2002-01-11,8.2766,-9.999999999976694e-05,-1.2082183008963575e-05,,2.1383,2.1383,-9.999999999976694e-05,
2002-01-14,8.2768,0.00019999999999953388,2.416422004048745e-05,,2.1379,2.1379,-0.00039999999999995595,
2002-01-15,8.2767,-9.999999999976694e-05,-1.2082037031523878e-05,,2.1377,2.1377,-0.00019999999999997797,
2002-01-16,8.2768,9.999999999976694e-05,1.2082037031470015e-05,,2.1374,2.1374,-0.000300000000000189,
2002-01-17,8.2767,-9.999999999976694e-05,-1.2082037031523878e-05,,2.1371,2.1371,-0.0002999999999997449,
2002-01-18,8.2768,9.999999999976694e-05,1.2082037031470015e-05,,2.137,2.137,-0.00010000000000021103,
2002-01-21,8.2767,-9.999999999976694e-05,-1.2082037031523878e-05,,2.1368,2.1368,-0.00019999999999997797,
2002-01-22,8.2768,9.999999999976694e-05,1.2082037031470015e-05,,2.1367,2.1367,-0.00010000000000021103,
2002-01-23,8.2767,-9.999999999976694e-05,-1.2082037031523878e-05,,2.1364,2.1364,-0.0002999999999997449,
2002-01-24,8.2765,-0.00019999999999953388,-2.416451199883718e-05,,2.1364,2.1364,0.0,
2002-01-25,8.2767,0.00019999999999953388,2.416451199877317e-05,,2.1363,2.1363,-0.00010000000000021103,
2002-01-28,8.2765,-0.00019999999999953388,-2.416451199883718e-05,,2.1361,2.1361,-0.00019999999999997797,
2002-01-29,8.2767,0.00019999999999953388,2.416451199877317e-05,,2.1359,2.1359,-0.00019999999999997797,
2002-01-30,8.2766,-9.999999999976694e-05,-1.2082183008963575e-05,,2.1355,2.1355,-0.00039999999999995595,
2002-01-31,8.2765,-9.999999999976694e-05,-1.2082328989845024e-05,,2.1352,2.1352,-0.0002999999999997449,
2002-02-01,8.2765,0.0,0.0,,2.1349,2.1349,-0.000300000000000189,
2002-02-04,8.2766,9.999999999976694e-05,1.2082328989952621e-05,,2.1349,2.1349,0.0,
2002-02-05,8.2766,0.0,0.0,,2.1349,2.1349,0.0,
2002-02-06,8.2765,-9.999999999976694e-05,-1.2082328989845024e-05,,2.1354,2.1354,0.000500000000000167,
2002-02-07,8.2767,0.00019999999999953388,2.416451199877317e-05,,2.1353,2.1353,-0.00010000000000021103,
2002-02-08,8.2766,-9.999999999976694e-05,-1.2082183008963575e-05,,2.1352,2.1352,-9.999999999976694e-05,
2002-02-09,8.2766,0.0,0.0,,2.1357,2.1357,0.0004999999999997229,
2002-02-10,8.2766,0.0,0.0,,2.138,2.138,0.0022999999999999687,
2002-02-11,8.2766,0.0,0.0,,2.1375,2.1375,-0.0004999999999997229,
2002-02-19,8.2768,0.00019999999999953388,2.416422004048745e-05,,2.1383,2.1383,0.0007999999999999119,
2002-02-20,8.2768,0.0,0.0,,2.1386,2.1386,0.0002999999999997449,
2002-02-21,8.2768,0.0,0.0,,2.1379,2.1379,-0.0006999999999997009,
2002-02-22,8.2768,0.0,0.0,,2.0992,2.0992,-0.03869999999999996,
2002-02-25,8.2765,-0.0002999999999993008,-3.624654903035776e-05,,2.0622,2.0622,-0.037000000000000366,
2002-02-26,8.2765,0.0,0.0,,2.0274,2.0274,-0.03479999999999972,
2002-02-27,8.2767,0.00019999999999953388,2.416451199877317e-05,,1.9955,1.9955,-0.03190000000000004,
2002-02-28,8.2766,-9.999999999976694e-05,-1.2082183008963575e-05,,1.9661,1.9661,-0.029400000000000093,
2002-03-01,8.2765,-9.999999999976694e-05,-1.2082328989845024e-05,,1.962,1.962,-0.0040999999999999925,
2002-03-04,8.2766,9.999999999976694e-05,1.2082328989952621e-05,,1.9602,1.9602,-0.0018000000000000238,
2002-03-05,8.2767,9.999999999976694e-05,1.2082183008934994e-05,,1.9595,1.9595,-0.0006999999999999229,
2002-03-06,8.2765,-0.00019999999999953388,-2.416451199883718e-05,,1.9587,1.9587,-0.0007999999999999119,
2002-03-07,8.2766,9.999999999976694e-05,1.2082328989952621e-05,,1.9584,1.9584,-0.000300000000000189,
2002-03-08,8.2771,0.0005000000000006111,6.040945530634464e-05,,1.9583,1.9583,-9.999999999998899e-05,
2002-03-11,8.2771,0.0,0.0,,1.9579,1.9579,-0.00039999999999995595,
2002-03-12,8.2769,-0.00020000000000131024,-2.4163344208176812e-05,,1.9574,1.9574,-0.0004999999999999449,
2002-03-13,8.2767,-0.00019999999999953388,-2.4163928089240116e-05,,1.9569,1.9569,-0.0004999999999999449,
2002-03-14,8.2771,0.0004000000000008441,4.8327272297523966e-05,,1.9565,1.9565,-0.000400000000000178,
2002-03-15,8.2774,0.0002999999999993008,3.624392159613963e-05,,1.9557,1.9557,-0.0007999999999999119,
2002-03-18,8.2775,9.999999999976694e-05,1.208101528868935e-05,,1.9554,1.9554,-0.00029999999999996696,
2002-03-19,8.2773,-0.00019999999999953388,-2.4162176529986118e-05,,1.9547,1.9547,-0.0006999999999999229,
2002-03-20,8.2775,0.00019999999999953388,2.41621765298779e-05,,1.9542,1.9542,-0.000500000000000167,
2002-03-21,8.2774,-9.999999999976694e-05,-1.2081015288590714e-05,,1.9539,1.9539,-0.00029999999999996696,
2002-03-22,8.2772,-0.00019999999999953388,-2.4162468438875265e-05,,1.954,1.954,9.999999999998899e-05,
2002-03-25,8.277,-0.00020000000000131024,-2.4163052278081636e-05,,1.9537,1.9537,-0.00029999999999996696,
2002-03-26,8.2769,-9.999999999976694e-05,-1.2081745087413842e-05,,1.9536,1.9536,-9.999999999998899e-05,
2002-03-27,8.2771,0.00020000000000131024,2.416334420826131e-05,,1.9536,1.9536,0.0,
2002-03-28,8.2772,9.999999999976694e-05,1.2081453157358636e-05,,1.9534,1.9534,-0.00019999999999997797,
2002-03-29,8.2774,0.00019999999999953388,2.4162468438871508e-05,,1.9529,1.9529,-0.0004999999999999449,
2002-04-01,8.2774,0.0,0.0,,1.953,1.953,9.999999999998899e-05,
2002-04-02,8.2772,-0.00019999999999953388,-2.4162468438875265e-05,,1.9526,1.9526,-0.000400000000000178,
2002-04-03,8.2772,0.0,0.0,,1.9519,1.9519,-0.0006999999999999229,
2002-04-04,8.2773,9.999999999976694e-05,1.2081307197656905e-05,,1.9518,1.9518,-9.999999999998899e-05,
2002-04-05,8.2771,-0.00019999999999953388,-2.4162760354870097e-05,,1.9516,1.9516,-0.00019999999999997797,
2002-04-08,8.277,-0.0001000000000015433,-1.2081599120743503e-05,,1.9515,1.9515,-9.999999999998899e-05,
2002-04-09,8.277,0.0,0.0,,1.9516,1.9516,9.999999999998899e-05,
2002-04-10,8.2769,-9.999999999976694e-05,-1.2081745087413842e-05,,1.951,1.951,-0.0005999999999999339,
2002-04-11,8.2771,0.00020000000000131024,2.416334420826131e-05,,1.9511,1.9511,9.999999999998899e-05,
2002-04-12,8.2771,0.0,0.0,,1.9514,1.9514,0.00029999999999996696,
2002-04-15,8.2772,9.999999999976694e-05,1.2081453157358636e-05,,1.9512,1.9512,-0.00019999999999997797,
2002-04-16,8.2771,-9.999999999976694e-05,-1.2081453157292872e-05,,1.951,1.951,-0.00019999999999997797,
2002-04-17,8.2772,9.999999999976694e-05,1.2081453157358636e-05,,1.9512,1.9512,0.00019999999999997797,
2002-04-18,8.2772,0.0,0.0,,1.9512,1.9512,0.0,
2002-04-19,8.2772,0.0,0.0,,1.9508,1.9508,-0.00039999999999995595,
2002-04-22,8.2775,0.0002999999999993008,3.624348372761449e-05,,1.9507,1.9507,-9.999999999998899e-05,
2002-04-23,8.2772,-0.0002999999999993008,-3.6243483727490753e-05,,1.9506,1.9506,-0.00010000000000021103,
2002-04-24,8.2773,9.999999999976694e-05,1.2081307197656905e-05,,1.9505,1.9505,-9.999999999998899e-05,
2002-04-25,8.2774,9.999999999976694e-05,1.2081161241285782e-05,,1.9504,1.9504,-9.999999999998899e-05,
2002-04-26,8.2774,0.0,0.0,,1.95,1.95,-0.00039999999999995595,
2002-04-27,8.2774,0.0,0.0,,1.9498,1.9498,-0.00019999999999997797,
2002-04-28,8.2774,0.0,0.0,,1.95,1.95,0.00019999999999997797,
2002-04-29,8.2771,-0.0002999999999993008,-3.624392159622553e-05,,1.9499,1.9499,-9.999999999998899e-05,
2002-04-30,8.277,-0.0001000000000015433,-1.2081599120743503e-05,,1.9512,1.9512,0.0013000000000000789,
2002-05-08,8.2773,0.0003000000000010772,3.624435947554438e-05,,1.952,1.952,0.0007999999999999119,
2002-05-09,8.2773,0.0,0.0,,1.952,1.952,0.0,
2002-05-10,8.2772,-9.999999999976694e-05,-1.2081307197506042e-05,,1.952,1.952,0.0,
2002-05-13,8.2771,-9.999999999976694e-05,-1.2081453157292872e-05,,1.9521,1.9521,9.999999999998899e-05,
2002-05-14,8.2771,0.0,0.0,,1.9512,1.9512,-0.0008999999999999009,
2002-05-15,8.277,-0.0001000000000015433,-1.2081599120743503e-05,,1.9505,1.9505,-0.000700000000000145,
2002-05-16,8.2769,-9.999999999976694e-05,-1.2081745087413842e-05,,1.9506,1.9506,9.999999999998899e-05,
2002-05-17,8.2768,-9.999999999976694e-05,-1.2081891057747983e-05,,1.9501,1.9501,-0.0004999999999999449,
2002-05-20,8.2768,0.0,0.0,,1.9501,1.9501,0.0,
2002-05-21,8.2768,0.0,0.0,,1.9497,1.9497,-0.00039999999999995595,
2002-05-22,8.2769,9.999999999976694e-05,1.2081891057779728e-05,,1.9495,1.9495,-0.00019999999999997797,
2002-05-23,8.277,9.999999999976694e-05,1.2081745087420048e-05,,1.9495,1.9495,0.0,
2002-05-24,8.277,0.0,0.0,,1.9496,1.9496,9.999999999998899e-05,
2002-05-27,8.2771,0.0001000000000015433,1.2081599120835059e-05,,1.9499,1.9499,0.00029999999999996696,
2002-05-28,8.2769,-0.00020000000000131024,-2.4163344208176812e-05,,1.9503,1.9503,0.00039999999999995595,
2002-05-29,8.2766,-0.0002999999999993008,-3.624611109822581e-05,,1.9505,1.9505,0.00019999999999997797,
2002-05-30,8.2766,0.0,0.0,,1.9502,1.9502,-0.00029999999999996696,
2002-05-31,8.2766,0.0,0.0,,1.9505,1.9505,0.00029999999999996696,
2002-06-03,8.2765,-9.999999999976694e-05,-1.2082328989845024e-05,,1.9508,1.9508,0.000300000000000189,
2002-06-04,8.2767,0.00019999999999953388,2.416451199877317e-05,,1.9508,1.9508,0.0,
2002-06-05,8.2768,9.999999999976694e-05,1.2082037031470015e-05,,1.9509,1.9509,9.999999999998899e-05,
2002-06-06,8.2769,9.999999999976694e-05,1.2081891057779728e-05,,1.9513,1.9513,0.00039999999999995595,
2002-06-07,8.277,9.999999999976694e-05,1.2081745087420048e-05,,1.9512,1.9512,-9.999999999998899e-05,
2002-06-10,8.277,0.0,0.0,,1.9513,1.9513,9.999999999998899e-05,
2002-06-11,8.277,0.0,0.0,,1.9513,1.9513,0.0,
2002-06-12,8.2768,-0.00019999999999953388,-2.4163636145044596e-05,,1.9513,1.9513,0.0,
2002-06-13,8.2769,9.999999999976694e-05,1.2081891057779728e-05,,1.9511,1.9511,-0.00019999999999997797,
2002-06-14,8.2769,0.0,0.0,,1.951,1.951,-9.999999999998899e-05,
2002-06-17,8.2769,0.0,0.0,,1.951,1.951,0.0,
2002-06-18,8.2773,0.0004000000000008441,4.832610456298304e-05,,1.951,1.951,0.0,
2002-06-19,8.2775,0.00019999999999953388,2.41621765298779e-05,,1.9509,1.9509,-9.999999999998899e-05,
2002-06-20,8.2774,-9.999999999976694e-05,-1.2081015288590714e-05,,1.9509,1.9509,0.0,
2002-06-21,8.2772,-0.00019999999999953388,-2.4162468438875265e-05,,1.9507,1.9507,-0.00019999999999997797,
2002-06-24,8.2771,-9.999999999976694e-05,-1.2081453157292872e-05,,1.9507,1.9507,0.0,
2002-06-25,8.277,-0.0001000000000015433,-1.2081599120743503e-05,,1.9503,1.9503,-0.000400000000000178,
2002-06-26,8.2771,0.0001000000000015433,1.2081599120835059e-05,,1.9501,1.9501,-0.00019999999999997797,
2002-06-27,8.2772,9.999999999976694e-05,1.2081453157358636e-05,,1.9499,1.9499,-0.00019999999999997797,
2002-06-28,8.2771,-9.999999999976694e-05,-1.2081453157292872e-05,,1.9498,1.9498,-9.999999999998899e-05,
2002-07-01,8.2771,0.0,0.0,,1.9498,1.9498,0.0,
2002-07-02,8.277,-0.0001000000000015433,-1.2081599120743503e-05,,1.9501,1.9501,0.00029999999999996696,
2002-07-03,8.2769,-9.999999999976694e-05,-1.2081745087413842e-05,,1.9501,1.9501,0.0,
2002-07-04,8.2768,-9.999999999976694e-05,-1.2081891057747983e-05,,1.9499,1.9499,-0.00019999999999997797,
2002-07-05,8.2767,-9.999999999976694e-05,-1.2082037031523878e-05,,1.9499,1.9499,0.0,
2002-07-08,8.2766,-9.999999999976694e-05,-1.2082183008963575e-05,,1.9498,1.9498,-9.999999999998899e-05,
2002-07-09,8.2767,9.999999999976694e-05,1.2082183008934994e-05,,1.9497,1.9497,-9.999999999998899e-05,
2002-07-10,8.2766,-9.999999999976694e-05,-1.2082183008963575e-05,,1.9496,1.9496,-9.999999999998899e-05,
2002-07-11,8.2766,0.0,0.0,,1.9497,1.9497,9.999999999998899e-05,
2002-07-12,8.2768,0.00019999999999953388,2.416422004048745e-05,,1.9494,1.9494,-0.00029999999999996696,
2002-07-15,8.2767,-9.999999999976694e-05,-1.2082037031523878e-05,,1.9494,1.9494,0.0,
2002-07-16,8.2768,9.999999999976694e-05,1.2082037031470015e-05,,1.9492,1.9492,-0.00019999999999997797,
2002-07-17,8.2768,0.0,0.0,,1.9491,1.9491,-9.999999999998899e-05,
2002-07-18,8.2769,9.999999999976694e-05,1.2081891057779728e-05,,1.949,1.949,-9.999999999998899e-05,
2002-07-19,8.2768,-9.999999999976694e-05,-1.2081891057747983e-05,,1.9489,1.9489,-9.999999999998899e-05,
2002-07-22,8.2769,9.999999999976694e-05,1.2081891057779728e-05,,1.949,1.949,9.999999999998899e-05,
2002-07-23,8.277,9.999999999976694e-05,1.2081745087420048e-05,,1.9489,1.9489,-9.999999999998899e-05,
2002-07-24,8.277,0.0,0.0,,1.9489,1.9489,0.0,
2002-07-25,8.2769,-9.999999999976694e-05,-1.2081745087413842e-05,,1.9489,1.9489,0.0,
2002-07-26,8.2769,0.0,0.0,,1.949,1.949,9.999999999998899e-05,
2002-07-29,8.2768,-9.999999999976694e-05,-1.2081891057747983e-05,,1.949,1.949,0.0,
2002-07-30,8.2767,-9.999999999976694e-05,-1.2082037031523878e-05,,1.949,1.949,0.0,
2002-07-31,8.2766,-9.999999999976694e-05,-1.2082183008963575e-05,,1.9489,1.9489,-9.999999999998899e-05,
2002-08-01,8.2767,9.999999999976694e-05,1.2082183008934994e-05,,1.9492,1.9492,0.00029999999999996696,
2002-08-02,8.2766,-9.999999999976694e-05,-1.2082183008963575e-05,,1.9492,1.9492,0.0,
2002-08-05,8.2768,0.00019999999999953388,2.416422004048745e-05,,1.9494,1.9494,0.00019999999999997797,
2002-08-06,8.2767,-9.999999999976694e-05,-1.2082037031523878e-05,,1.9495,1.9495,9.999999999998899e-05,
2002-08-07,8.2768,9.999999999976694e-05,1.2082037031470015e-05,,1.9495,1.9495,0.0,
2002-08-08,8.2769,9.999999999976694e-05,1.2081891057779728e-05,,1.9495,1.9495,0.0,
2002-08-09,8.2767,-0.00019999999999953388,-2.4163928089240116e-05,,1.9495,1.9495,0.0,
2002-08-12,8.2766,-9.999999999976694e-05,-1.2082183008963575e-05,,1.9496,1.9496,9.999999999998899e-05,
2002-08-13,8.2768,0.00019999999999953388,2.416422004048745e-05,,1.9496,1.9496,0.0,
2002-08-14,8.2767,-9.999999999976694e-05,-1.2082037031523878e-05,,1.9498,1.9498,0.00019999999999997797,
2002-08-15,8.2766,-9.999999999976694e-05,-1.2082183008963575e-05,,1.9497,1.9497,-9.999999999998899e-05,
2002-08-16,8.2768,0.00019999999999953388,2.416422004048745e-05,,1.9498,1.9498,9.999999999998899e-05,
2002-08-19,8.2768,0.0,0.0,,1.9497,1.9497,-9.999999999998899e-05,
2002-08-20,8.2767,-9.999999999976694e-05,-1.2082037031523878e-05,,1.9513,1.9513,0.0016000000000000458,
2002-08-21,8.2768,9.999999999976694e-05,1.2082037031470015e-05,,1.9535,1.9535,0.0021999999999999797,
2002-08-22,8.2766,-0.00019999999999953388,-2.4164220040541317e-05,,1.9571,1.9571,0.0036000000000000476,
2002-08-23,8.2766,0.0,0.0,,1.961,1.961,0.0039000000000000146,
2002-08-26,8.2767,9.999999999976694e-05,1.2082183008934994e-05,,1.9645,1.9645,0.0034999999999998366,
2002-08-27,8.2766,-9.999999999976694e-05,-1.2082183008963575e-05,,1.9719,1.9719,0.007400000000000073,
2002-08-28,8.2767,9.999999999976694e-05,1.2082183008934994e-05,,1.9836,1.9836,0.011700000000000044,
2002-08-29,8.2768,9.999999999976694e-05,1.2082037031470015e-05,,1.9955,1.9955,0.011900000000000022,
2002-08-30,8.2767,-9.999999999976694e-05,-1.2082037031523878e-05,,2.0064,2.0064,0.010900000000000132,
2002-09-02,8.2768,9.999999999976694e-05,1.2082037031470015e-05,,2.0173,2.0173,0.01089999999999991,
2002-09-03,8.2769,9.999999999976694e-05,1.2081891057779728e-05,,2.0297,2.0297,0.012399999999999967,
2002-09-04,8.277,9.999999999976694e-05,1.2081745087420048e-05,,2.0389,2.0389,0.009199999999999875,
2002-09-05,8.2771,0.0001000000000015433,1.2081599120835059e-05,,2.0465,2.0465,0.007600000000000051,
2002-09-06,8.2772,9.999999999976694e-05,1.2081453157358636e-05,,2.0547,2.0547,0.008199999999999985,
2002-09-09,8.277,-0.00020000000000131024,-2.4163052278081636e-05,,2.0607,2.0607,0.006000000000000227,
2002-09-10,8.277,0.0,0.0,,2.0668,2.0668,0.006099999999999994,
2002-09-11,8.2769,-9.999999999976694e-05,-1.2081745087413842e-05,,2.0731,2.0731,0.006299999999999972,
2002-09-12,8.2769,0.0,0.0,,2.0789,2.0789,0.005799999999999805,
2002-09-13,8.2768,-9.999999999976694e-05,-1.2081891057747983e-05,,2.0824,2.0824,0.0034999999999998366,
2002-09-16,8.2768,0.0,0.0,,2.0892,2.0892,0.006800000000000139,
2002-09-17,8.2768,0.0,0.0,,2.0957,2.0957,0.00649999999999995,
2002-09-18,8.2769,9.999999999976694e-05,1.2081891057779728e-05,,2.1029,2.1029,0.007200000000000095,
2002-09-19,8.2769,0.0,0.0,,2.112,2.112,0.009100000000000108,
2002-09-20,8.2768,-9.999999999976694e-05,-1.2081891057747983e-05,,2.1348,2.1348,0.02279999999999971,
2002-09-23,8.277,0.00019999999999953388,2.416363614500948e-05,,2.1767,2.1767,0.04190000000000005,
2002-09-24,8.277,0.0,0.0,,2.2095,2.2095,0.03279999999999994,
2002-09-25,8.2769,-9.999999999976694e-05,-1.2081745087413842e-05,,2.2489,2.2489,0.0394000000000001,
2002-09-26,8.277,9.999999999976694e-05,1.2081745087420048e-05,,2.2882,2.2882,0.03929999999999989,
2002-09-27,8.2771,0.0001000000000015433,1.2081599120835059e-05,,2.3107,2.3107,0.02250000000000041,
2002-09-28,8.2771,0.0,0.0,,2.3106,2.3106,-0.00010000000000021103,
2002-09-29,8.2771,0.0,0.0,,2.3136,2.3136,0.0030000000000001137,
2002-09-30,8.2771,0.0,0.0,,2.3027,2.3027,-0.01089999999999991,
2002-10-08,8.2772,9.999999999976694e-05,1.2081453157358636e-05,,2.2927,2.2927,-0.010000000000000231,
2002-10-09,8.2772,0.0,0.0,,2.2796,2.2796,-0.013100000000000112,
2002-10-10,8.2771,-9.999999999976694e-05,-1.2081453157292872e-05,,2.2714,2.2714,-0.008199999999999985,
2002-10-11,8.277,-0.0001000000000015433,-1.2081599120743503e-05,,2.2631,2.2631,-0.008299999999999752,
2002-10-14,8.2769,-9.999999999976694e-05,-1.2081745087413842e-05,,2.2591,2.2591,-0.0040000000000000036,
2002-10-15,8.2768,-9.999999999976694e-05,-1.2081891057747983e-05,,2.2534,2.2534,-0.005700000000000038,
2002-10-16,8.2767,-9.999999999976694e-05,-1.2082037031523878e-05,,2.2514,2.2514,-0.002000000000000224,
2002-10-17,8.2767,0.0,0.0,,2.2492,2.2492,-0.0021999999999997577,
2002-10-18,8.2768,9.999999999976694e-05,1.2082037031470015e-05,,2.2472,2.2472,-0.002000000000000224,
2002-10-21,8.2767,-9.999999999976694e-05,-1.2082037031523878e-05,,2.245,2.245,-0.0021999999999997577,
2002-10-22,8.2768,9.999999999976694e-05,1.2082037031470015e-05,,2.243,2.243,-0.002000000000000224,
2002-10-23,8.2768,0.0,0.0,,2.2416,2.2416,-0.0013999999999998458,
2002-10-24,8.2768,0.0,0.0,,2.2412,2.2412,-0.00039999999999995595,
2002-10-25,8.277,0.00019999999999953388,2.416363614500948e-05,,2.2398,2.2398,-0.00140000000000029,
2002-10-28,8.2771,0.0001000000000015433,1.2081599120835059e-05,,2.2391,2.2391,-0.0006999999999997009,
2002-10-29,8.2771,0.0,0.0,,2.2386,2.2386,-0.000500000000000167,
2002-10-30,8.2772,9.999999999976694e-05,1.2081453157358636e-05,,2.2383,2.2383,-0.0002999999999997449,
2002-10-31,8.2771,-9.999999999976694e-05,-1.2081453157292872e-05,,2.2371,2.2371,-0.001200000000000312,
2002-11-01,8.2771,0.0,0.0,,2.2366,2.2366,-0.0004999999999997229,
2002-11-04,8.2771,0.0,0.0,,2.2363,2.2363,-0.000300000000000189,
2002-11-05,8.2772,9.999999999976694e-05,1.2081453157358636e-05,,2.2352,2.2352,-0.001100000000000101,
2002-11-06,8.277,-0.00020000000000131024,-2.4163052278081636e-05,,2.2344,2.2344,-0.0007999999999999119,
2002-11-07,8.2771,0.0001000000000015433,1.2081599120835059e-05,,2.2341,2.2341,-0.0002999999999997449,
2002-11-08,8.2771,0.0,0.0,,2.233,2.233,-0.001100000000000101,
2002-11-11,8.2772,9.999999999976694e-05,1.2081453157358636e-05,,2.2323,2.2323,-0.000700000000000145,
2002-11-12,8.277,-0.00020000000000131024,-2.4163052278081636e-05,,2.2321,2.2321,-0.00019999999999997797,
2002-11-13,8.2771,0.0001000000000015433,1.2081599120835059e-05,,2.2318,2.2318,-0.000300000000000189,
2002-11-14,8.2773,0.00019999999999953388,2.4162760354970284e-05,,2.2311,2.2311,-0.0006999999999997009,
2002-11-15,8.2772,-9.999999999976694e-05,-1.2081307197506042e-05,,2.2309,2.2309,-0.00019999999999997797,
2002-11-18,8.2773,9.999999999976694e-05,1.2081307197656905e-05,,2.2305,2.2305,-0.00039999999999995595,
2002-11-19,8.2773,0.0,0.0,,2.2298,2.2298,-0.000700000000000145,
2002-11-20,8.2772,-9.999999999976694e-05,-1.2081307197506042e-05,,2.2293,2.2293,-0.000500000000000167,
2002-11-21,8.277,-0.00020000000000131024,-2.4163052278081636e-05,,2.229,2.229,-0.0002999999999997449,
2002-11-22,8.277,0.0,0.0,,2.2288,2.2288,-0.00019999999999997797,
2002-11-25,8.2772,0.00020000000000131024,2.416305227817423e-05,,2.2286,2.2286,-0.00019999999999997797,
2002-11-26,8.2772,0.0,0.0,,2.2287,2.2287,9.999999999976694e-05,
2002-11-27,8.277,-0.00020000000000131024,-2.4163052278081636e-05,,2.2285,2.2285,-0.00019999999999997797,
2002-11-28,8.2771,0.0001000000000015433,1.2081599120835059e-05,,2.2284,2.2284,-9.999999999976694e-05,
2002-11-29,8.2772,9.999999999976694e-05,1.2081453157358636e-05,,2.2283,2.2283,-0.00010000000000021103,
2002-12-02,8.2772,0.0,0.0,,2.2283,2.2283,0.0,
2002-12-03,8.2772,0.0,0.0,,2.2283,2.2283,0.0,
2002-12-04,8.2771,-9.999999999976694e-05,-1.2081453157292872e-05,,2.2281,2.2281,-0.00019999999999997797,
2002-12-05,8.2772,9.999999999976694e-05,1.2081453157358636e-05,,2.2278,2.2278,-0.000300000000000189,
2002-12-06,8.277,-0.00020000000000131024,-2.4163052278081636e-05,,2.2287,2.2287,0.0009000000000001229,
2002-12-09,8.2772,0.00020000000000131024,2.416305227817423e-05,,2.232,2.232,0.0033000000000003027,
2002-12-10,8.2773,9.999999999976694e-05,1.2081307197656905e-05,,2.2365,2.2365,0.0044999999999997264,
2002-12-11,8.277,-0.0003000000000010772,-3.624435947561902e-05,,2.2425,2.2425,0.006000000000000227,
2002-12-12,8.2772,0.00020000000000131024,2.416305227817423e-05,,2.2492,2.2492,0.006699999999999928,
2002-12-13,8.2772,0.0,0.0,,2.2571,2.2571,0.007899999999999796,
2002-12-16,8.277,-0.00020000000000131024,-2.4163052278081636e-05,,2.2691,2.2691,0.01200000000000001,
2002-12-17,8.2772,0.00020000000000131024,2.416305227817423e-05,,2.2828,2.2828,0.013700000000000045,
2002-12-18,8.2773,9.999999999976694e-05,1.2081307197656905e-05,,2.2964,2.2964,0.013600000000000279,
2002-12-19,8.2773,0.0,0.0,,2.3101,2.3101,0.013699999999999601,
2002-12-20,8.2773,0.0,0.0,,2.3227,2.3227,0.012600000000000389,
2002-12-23,8.2774,9.999999999976694e-05,1.2081161241285782e-05,,2.3329,2.3329,0.010199999999999765,
2002-12-24,8.2775,9.999999999976694e-05,1.208101528868935e-05,,2.3406,2.3406,0.007699999999999818,
2002-12-25,8.2775,0.0,0.0,,2.3452,2.3452,0.0046000000000003816,
2002-12-26,8.2774,-9.999999999976694e-05,-1.2081015288590714e-05,,2.3506,2.3506,0.005399999999999849,
2002-12-27,8.2774,0.0,0.0,,2.3514,2.3514,0.0007999999999999119,
2002-12-30,8.2772,-0.00019999999999953388,-2.4162468438875265e-05,,2.3549,2.3549,0.0035000000000002807,
2002-12-31,8.2773,9.999999999976694e-05,1.2081307197656905e-05,,2.3533,2.3533,-0.0016000000000002679,
2003-01-02,8.277,-0.0003000000000010772,-3.624435947561902e-05,,2.3523,2.3523,-0.0009999999999998899,
2003-01-03,8.277,0.0,0.0,,2.3408,2.3408,-0.011499999999999844,
2003-01-06,8.2768,-0.00019999999999953388,-2.4163636145044596e-05,,2.331,2.331,-0.009800000000000253,
2003-01-07,8.2768,0.0,0.0,,2.3184,2.3184,-0.012599999999999945,
2003-01-08,8.2767,-9.999999999976694e-05,-1.2082037031523878e-05,,2.3089,2.3089,-0.009500000000000064,
2003-01-09,8.2766,-9.999999999976694e-05,-1.2082183008963575e-05,,2.2992,2.2992,-0.009700000000000042,
2003-01-10,8.2766,0.0,0.0,,2.2949,2.2949,-0.0042999999999997485,
2003-01-13,8.2766,0.0,0.0,,2.2886,2.2886,-0.006299999999999972,
2003-01-14,8.2768,0.00019999999999953388,2.416422004048745e-05,,2.2821,2.2821,-0.006500000000000394,
2003-01-15,8.2768,0.0,0.0,,2.2757,2.2757,-0.006399999999999739,
2003-01-16,8.277,0.00019999999999953388,2.416363614500948e-05,,2.2696,2.2696,-0.006099999999999994,
2003-01-17,8.277,0.0,0.0,,2.2635,2.2635,-0.006099999999999994,
2003-01-20,8.277,0.0,0.0,,2.2589,2.2589,-0.0045999999999999375,
2003-01-21,8.2772,0.00020000000000131024,2.416305227817423e-05,,2.2545,2.2545,-0.0043999999999999595,
2003-01-22,8.277,-0.00020000000000131024,-2.4163052278081636e-05,,2.2505,2.2505,-0.0040000000000000036,
2003-01-23,8.277,0.0,0.0,,2.2463,2.2463,-0.0041999999999999815,
2003-01-24,8.2765,-0.0004999999999988347,-6.041018517539953e-05,,2.2482,2.2482,0.0019000000000000128,
2003-01-27,8.2768,0.0002999999999993008,3.624654903043322e-05,,2.2512,2.2512,0.0029999999999996696,
2003-01-28,8.2768,0.0,0.0,,2.261,2.261,0.009800000000000253,
2003-01-29,8.2767,-9.999999999976694e-05,-1.2082037031523878e-05,,2.2732,2.2732,0.012199999999999989,
2003-01-30,8.2767,0.0,0.0,,2.2876,2.2876,0.014399999999999746,
2003-01-31,8.2767,0.0,0.0,,2.2996,2.2996,0.01200000000000001,
2003-02-08,8.2767,0.0,0.0,,2.3051,2.3051,0.00550000000000006,
2003-02-09,8.2767,0.0,0.0,,2.3034,2.3034,-0.0017000000000000348,
2003-02-10,8.277,0.0002999999999993008,3.624567317659381e-05,,2.2992,2.2992,-0.0041999999999999815,
2003-02-11,8.2773,0.0003000000000010772,3.624435947554438e-05,,2.292,2.292,-0.007200000000000095,
2003-02-12,8.2775,0.00019999999999953388,2.41621765298779e-05,,2.2841,2.2841,-0.007899999999999796,
2003-02-13,8.2775,0.0,0.0,,2.2785,2.2785,-0.005599999999999827,
2003-02-14,8.2773,-0.00019999999999953388,-2.4162176529986118e-05,,2.2743,2.2743,-0.0041999999999999815,
2003-02-17,8.2773,0.0,0.0,,2.2699,2.2699,-0.004400000000000404,
2003-02-18,8.2774,9.999999999976694e-05,1.2081161241285782e-05,,2.2659,2.2659,-0.0040000000000000036,
2003-02-19,8.2772,-0.00019999999999953388,-2.4162468438875265e-05,,2.261,2.261,-0.004899999999999682,
2003-02-20,8.2775,0.0002999999999993008,3.624348372761449e-05,,2.2566,2.2566,-0.0043999999999999595,
2003-02-21,8.2775,0.0,0.0,,2.2519,2.2519,-0.0047000000000001485,
2003-02-24,8.2775,0.0,0.0,,2.2476,2.2476,-0.0043000000000001926,
2003-02-25,8.2775,0.0,0.0,,2.2421,2.2421,-0.005499999999999616,
2003-02-26,8.2775,0.0,0.0,,2.2364,2.2364,-0.005700000000000038,
2003-02-27,8.2774,-9.999999999976694e-05,-1.2081015288590714e-05,,2.2264,2.2264,-0.010000000000000231,
2003-02-28,8.2774,0.0,0.0,,2.2133,2.2133,-0.013100000000000112,
2003-03-01,8.2774,0.0,0.0,,2.1937,2.1937,-0.019599999999999618,
2003-03-02,8.2774,0.0,0.0,,2.1775,2.1775,-0.016199999999999992,
2003-03-03,8.2775,9.999999999976694e-05,1.208101528868935e-05,,2.1638,2.1638,-0.013700000000000045,
2003-03-04,8.2775,0.0,0.0,,2.1495,2.1495,-0.01429999999999998,
2003-03-05,8.2773,-0.00019999999999953388,-2.4162176529986118e-05,,2.1335,2.1335,-0.016000000000000014,
2003-03-06,8.2775,0.00019999999999953388,2.41621765298779e-05,,2.1206,2.1206,-0.012900000000000134,
2003-03-07,8.2775,0.0,0.0,,2.1046,2.1046,-0.016000000000000014,
2003-03-08,8.2775,0.0,0.0,,2.0911,2.0911,-0.013500000000000068,
2003-03-10,8.2774,-9.999999999976694e-05,-1.2081015288590714e-05,,2.0819,2.0819,-0.009199999999999875,
2003-03-11,8.2772,-0.00019999999999953388,-2.4162468438875265e-05,,2.0787,2.0787,-0.0032000000000000917,
2003-03-12,8.277,-0.00020000000000131024,-2.4163052278081636e-05,,2.0774,2.0774,-0.0013000000000000789,
2003-03-13,8.277,0.0,0.0,,2.0772,2.0772,-0.00019999999999997797,
2003-03-14,8.277,0.0,0.0,,2.074,2.074,-0.0032000000000000917,
2003-03-15,8.277,0.0,0.0,,2.0692,2.0692,-0.0047999999999999154,
2003-03-17,8.277,0.0,0.0,,2.0639,2.0639,-0.005300000000000082,
2003-03-18,8.277,0.0,0.0,,2.0579,2.0579,-0.005999999999999783,
2003-03-19,8.2772,0.00020000000000131024,2.416305227817423e-05,,2.0507,2.0507,-0.007200000000000095,
2003-03-20,8.2771,-9.999999999976694e-05,-1.2081453157292872e-05,,2.0442,2.0442,-0.00649999999999995,
2003-03-21,8.2771,0.0,0.0,,2.0371,2.0371,-0.007099999999999884,
2003-03-24,8.2773,0.00019999999999953388,2.4162760354970284e-05,,2.0291,2.0291,-0.008000000000000007,
2003-03-25,8.2773,0.0,0.0,,2.02,2.02,-0.009100000000000108,
2003-03-26,8.2771,-0.00019999999999953388,-2.4162760354870097e-05,,2.0111,2.0111,-0.00890000000000013,
2003-03-27,8.2774,0.0002999999999993008,3.624392159613963e-05,,2.0026,2.0026,-0.00849999999999973,
2003-03-28,8.2772,-0.00019999999999953388,-2.4162468438875265e-05,,1.9958,1.9958,-0.006800000000000139,
2003-03-31,8.2771,-9.999999999976694e-05,-1.2081453157292872e-05,,1.9891,1.9891,-0.006699999999999928,
2003-04-01,8.2774,0.0002999999999993008,3.624392159613963e-05,,1.9835,1.9835,-0.005600000000000049,
2003-04-02,8.2773,-9.999999999976694e-05,-1.2081161241383013e-05,,1.9799,1.9799,-0.0036000000000000476,
2003-04-03,8.277,-0.0003000000000010772,-3.624435947561902e-05,,1.9781,1.9781,-0.0018000000000000238,
2003-04-04,8.277,0.0,0.0,,1.9758,1.9758,-0.0022999999999999687,
2003-04-07,8.277,0.0,0.0,,1.9738,1.9738,-0.0020000000000000018,
2003-04-08,8.2772,0.00020000000000131024,2.416305227817423e-05,,1.9721,1.9721,-0.0017000000000000348,
2003-04-09,8.2772,0.0,0.0,,1.9694,1.9694,-0.0026999999999999247,
2003-04-10,8.2774,0.00019999999999953388,2.4162468438871508e-05,,1.9655,1.9655,-0.0039000000000000146,
2003-04-11,8.2773,-9.999999999976694e-05,-1.2081161241383013e-05,,1.9618,1.9618,-0.0037000000000000366,
2003-04-14,8.2772,-9.999999999976694e-05,-1.2081307197506042e-05,,1.9587,1.9587,-0.0030999999999998806,
2003-04-15,8.2774,0.00019999999999953388,2.4162468438871508e-05,,1.9562,1.9562,-0.0025000000000001688,
2003-04-16,8.2772,-0.00019999999999953388,-2.4162468438875265e-05,,1.9542,1.9542,-0.0020000000000000018,
2003-04-17,8.2772,0.0,0.0,,1.9529,1.9529,-0.0012999999999998568,
2003-04-18,8.2771,-9.999999999976694e-05,-1.2081453157292872e-05,,1.9519,1.9519,-0.001000000000000112,
2003-04-21,8.277,-0.0001000000000015433,-1.2081599120743503e-05,,1.951,1.951,-0.0008999999999999009,
2003-04-22,8.2769,-9.999999999976694e-05,-1.2081745087413842e-05,,1.9496,1.9496,-0.0014000000000000679,
2003-04-23,8.277,9.999999999976694e-05,1.2081745087420048e-05,,1.9481,1.9481,-0.0015000000000000568,
2003-04-24,8.2772,0.00020000000000131024,2.416305227817423e-05,,1.9469,1.9469,-0.0011999999999998678,
2003-04-25,8.2772,0.0,0.0,,1.9463,1.9463,-0.000600000000000156,
2003-04-28,8.277,-0.00020000000000131024,-2.4163052278081636e-05,,1.9493,1.9493,0.0030000000000001137,
2003-04-29,8.277,0.0,0.0,,1.9565,1.9565,0.007199999999999873,
2003-04-30,8.277,0.0,0.0,,1.9633,1.9633,0.006800000000000139,
2003-05-06,8.277,0.0,0.0,,1.97,1.97,0.006699999999999928,
2003-05-07,8.277,0.0,0.0,,1.9762,1.9762,0.006199999999999983,
2003-05-08,8.277,0.0,0.0,,1.9803,1.9803,0.0040999999999999925,
2003-05-09,8.277,0.0,0.0,,1.9828,1.9828,0.0024999999999999467,
2003-05-12,8.2768,-0.00019999999999953388,-2.4163636145044596e-05,,1.986,1.986,0.0032000000000000917,
2003-05-13,8.277,0.00019999999999953388,2.416363614500948e-05,,1.9901,1.9901,0.0040999999999999925,
2003-05-14,8.277,0.0,0.0,,1.9938,1.9938,0.0037000000000000366,
2003-05-15,8.2769,-9.999999999976694e-05,-1.2081745087413842e-05,,1.9981,1.9981,0.0042999999999999705,
2003-05-16,8.2768,-9.999999999976694e-05,-1.2081891057747983e-05,,2.0033,2.0033,0.005199999999999871,
2003-05-19,8.277,0.00019999999999953388,2.416363614500948e-05,,2.0072,2.0072,0.0039000000000002366,
2003-05-20,8.2768,-0.00019999999999953388,-2.4163636145044596e-05,,2.0112,2.0112,0.0040000000000000036,
2003-05-21,8.2768,0.0,0.0,,2.0156,2.0156,0.0043999999999999595,
2003-05-22,8.2769,9.999999999976694e-05,1.2081891057779728e-05,,2.0203,2.0203,0.0047000000000001485,
2003-05-23,8.2768,-9.999999999976694e-05,-1.2081891057747983e-05,,2.0249,2.0249,0.0045999999999999375,
2003-05-26,8.2768,0.0,0.0,,2.0307,2.0307,0.005799999999999805,
2003-05-27,8.2768,0.0,0.0,,2.038,2.038,0.007299999999999862,
2003-05-28,8.2768,0.0,0.0,,2.0464,2.0464,0.008400000000000407,
2003-05-29,8.277,0.00019999999999953388,2.416363614500948e-05,,2.0571,2.0571,0.010699999999999932,
2003-05-30,8.277,0.0,0.0,,2.0696,2.0696,0.012499999999999734,
2003-06-02,8.2768,-0.00019999999999953388,-2.4163636145044596e-05,,2.0819,2.0819,0.0123000000000002,
2003-06-03,8.2768,0.0,0.0,,2.0935,2.0935,0.011600000000000055,
2003-06-04,8.2769,9.999999999976694e-05,1.2081891057779728e-05,,2.104,2.104,0.010499999999999954,
2003-06-05,8.277,9.999999999976694e-05,1.2081745087420048e-05,,2.1117,2.1117,0.007699999999999818,
2003-06-06,8.277,0.0,0.0,,2.1175,2.1175,0.005800000000000249,
2003-06-09,8.277,0.0,0.0,,2.123,2.123,0.00550000000000006,
2003-06-10,8.277,0.0,0.0,,2.1276,2.1276,0.0045999999999999375,
2003-06-11,8.2768,-0.00019999999999953388,-2.4163636145044596e-05,,2.131,2.131,0.0033999999999996255,
2003-06-12,8.277,0.00019999999999953388,2.416363614500948e-05,,2.1344,2.1344,0.0034000000000000696,
2003-06-13,8.277,0.0,0.0,,2.1372,2.1372,0.0028000000000001357,
2003-06-16,8.2768,-0.00019999999999953388,-2.4163636145044596e-05,,2.1407,2.1407,0.0034999999999998366,
2003-06-17,8.2769,9.999999999976694e-05,1.2081891057779728e-05,,2.1453,2.1453,0.0046000000000003816,
2003-06-18,8.2768,-9.999999999976694e-05,-1.2081891057747983e-05,,2.149,2.149,0.0036999999999998145,
2003-06-19,8.2768,0.0,0.0,,2.1533,2.1533,0.0043000000000001926,
2003-06-20,8.277,0.00019999999999953388,2.416363614500948e-05,,2.1575,2.1575,0.0041999999999999815,
2003-06-23,8.2772,0.00020000000000131024,2.416305227817423e-05,,2.1618,2.1618,0.0042999999999997485,
2003-06-24,8.2773,9.999999999976694e-05,1.2081307197656905e-05,,2.1663,2.1663,0.0045000000000001705,
2003-06-25,8.2773,0.0,0.0,,2.171,2.171,0.004699999999999704,
2003-06-26,8.2775,0.00019999999999953388,2.41621765298779e-05,,2.1811,2.1811,0.010099999999999998,
2003-06-27,8.2775,0.0,0.0,,2.1941,2.1941,0.013000000000000345,
2003-06-30,8.2774,-9.999999999976694e-05,-1.2081015288590714e-05,,2.2099,2.2099,0.015800000000000036,
2003-07-01,8.2774,0.0,0.0,,2.2254,2.2254,0.015499999999999847,
2003-07-02,8.2774,0.0,0.0,,2.2397,2.2397,0.01429999999999998,
2003-07-03,8.2775,9.999999999976694e-05,1.208101528868935e-05,,2.2521,2.2521,0.012399999999999967,
2003-07-04,8.2775,0.0,0.0,,2.2619,2.2619,0.009799999999999809,
2003-07-07,8.2776,9.999999999976694e-05,1.2080869339423524e-05,,2.2675,2.2675,0.005600000000000271,
2003-07-08,8.2773,-0.0002999999999993008,-3.6243045869414703e-05,,2.2716,2.2716,0.0040999999999997705,
2003-07-09,8.2773,0.0,0.0,,2.2744,2.2744,0.0028000000000001357,
2003-07-10,8.2773,0.0,0.0,,2.274,2.274,-0.00039999999999995595,
2003-07-11,8.2773,0.0,0.0,,2.2705,2.2705,-0.0034999999999998366,
2003-07-14,8.2772,-9.999999999976694e-05,-1.2081307197506042e-05,,2.2628,2.2628,-0.007700000000000262,
2003-07-15,8.2771,-9.999999999976694e-05,-1.2081453157292872e-05,,2.252,2.252,-0.010800000000000143,
2003-07-16,8.2771,0.0,0.0,,2.2401,2.2401,-0.0118999999999998,
2003-07-17,8.277,-0.0001000000000015433,-1.2081599120743503e-05,,2.2269,2.2269,-0.013199999999999878,
2003-07-18,8.277,0.0,0.0,,2.2135,2.2135,-0.0134000000000003,
2003-07-21,8.277,0.0,0.0,,2.201,2.201,-0.012499999999999734,
2003-07-22,8.2768,-0.00019999999999953388,-2.4163636145044596e-05,,2.1903,2.1903,-0.010699999999999932,
2003-07-23,8.277,0.00019999999999953388,2.416363614500948e-05,,2.1784,2.1784,-0.011900000000000244,
2003-07-24,8.277,0.0,0.0,,2.1678,2.1678,-0.01059999999999972,
2003-07-25,8.2772,0.00020000000000131024,2.416305227817423e-05,,2.162,2.162,-0.005800000000000249,
2003-07-28,8.2772,0.0,0.0,,2.1556,2.1556,-0.006399999999999739,
2003-07-29,8.2775,0.0002999999999993008,3.624348372761449e-05,,2.1506,2.1506,-0.0050000000000003375,
2003-07-30,8.2775,0.0,0.0,,2.1467,2.1467,-0.0038999999999997925,
2003-07-31,8.2773,-0.00019999999999953388,-2.4162176529986118e-05,,2.1428,2.1428,-0.0039000000000002366,
2003-08-01,8.2773,0.0,0.0,,2.1368,2.1368,-0.005999999999999783,
2003-08-04,8.2772,-9.999999999976694e-05,-1.2081307197506042e-05,,2.1313,2.1313,-0.00550000000000006,
2003-08-05,8.2775,0.0002999999999993008,3.624348372761449e-05,,2.1266,2.1266,-0.0047000000000001485,
2003-08-06,8.2775,0.0,0.0,,2.1212,2.1212,-0.005399999999999849,
2003-08-07,8.2773,-0.00019999999999953388,-2.4162176529986118e-05,,2.1181,2.1181,-0.0030999999999998806,
2003-08-08,8.2773,0.0,0.0,,2.112,2.112,-0.006099999999999994,
2003-08-11,8.2772,-9.999999999976694e-05,-1.2081307197506042e-05,,2.1081,2.1081,-0.0039000000000002366,
2003-08-12,8.2772,0.0,0.0,,2.1008,2.1008,-0.007299999999999862,
2003-08-13,8.277,-0.00020000000000131024,-2.4163052278081636e-05,,2.0965,2.0965,-0.0043000000000001926,
2003-08-14,8.277,0.0,0.0,,2.0933,2.0933,-0.0031999999999996476,
2003-08-15,8.277,0.0,0.0,,2.0925,2.0925,-0.000800000000000356,
2003-08-18,8.2768,-0.00019999999999953388,-2.4163636145044596e-05,,2.0905,2.0905,-0.0019999999999997797,
2003-08-19,8.2768,0.0,0.0,,2.0898,2.0898,-0.000700000000000145,
2003-08-20,8.2767,-9.999999999976694e-05,-1.2082037031523878e-05,,2.0876,2.0876,-0.0021999999999997577,
2003-08-21,8.2768,9.999999999976694e-05,1.2082037031470015e-05,,2.0883,2.0883,0.0006999999999997009,
2003-08-22,8.2766,-0.00019999999999953388,-2.4164220040541317e-05,,2.0953,2.0953,0.007000000000000117,
2003-08-23,8.2766,0.0,0.0,,2.0953,2.0953,0.0,
2003-08-25,8.2766,0.0,0.0,,2.1097,2.1097,0.01440000000000019,
2003-08-26,8.2768,0.00019999999999953388,2.416422004048745e-05,,2.1527,2.1527,0.042999999999999705,
2003-08-27,8.2768,0.0,0.0,,2.2122,2.2122,0.05950000000000033,
2003-08-28,8.277,0.00019999999999953388,2.416363614500948e-05,,2.3434,2.3434,0.13119999999999976,
2003-08-29,8.2771,0.0001000000000015433,1.2081599120835059e-05,,2.4805,2.4805,0.13710000000000022,
2003-09-01,8.2771,0.0,0.0,,2.6226,2.6226,0.14209999999999967,
2003-09-02,8.277,-0.0001000000000015433,-1.2081599120743503e-05,,2.7383,2.7383,0.11570000000000036,
2003-09-03,8.277,0.0,0.0,,2.8355,2.8355,0.09719999999999995,
2003-09-04,8.2768,-0.00019999999999953388,-2.4163636145044596e-05,,2.8691,2.8691,0.03359999999999985,
2003-09-05,8.277,0.00019999999999953388,2.416363614500948e-05,,2.8844,2.8844,0.01529999999999987,
2003-09-08,8.277,0.0,0.0,,2.8734,2.8734,-0.010999999999999677,
2003-09-09,8.2769,-9.999999999976694e-05,-1.2081745087413842e-05,,2.8589,2.8589,-0.014499999999999957,
2003-09-10,8.277,9.999999999976694e-05,1.2081745087420048e-05,,2.8444,2.8444,-0.014500000000000401,
2003-09-11,8.277,0.0,0.0,,2.836,2.836,-0.008399999999999963,
2003-09-12,8.2772,0.00020000000000131024,2.416305227817423e-05,,2.8276,2.8276,-0.008399999999999963,
2003-09-15,8.2772,0.0,0.0,,2.8249,2.8249,-0.0026999999999999247,
2003-09-16,8.2774,0.00019999999999953388,2.4162468438871508e-05,,2.8229,2.8229,-0.0019999999999997797,
2003-09-17,8.2774,0.0,0.0,,2.8183,2.8183,-0.0046000000000003816,
2003-09-18,8.2775,9.999999999976694e-05,1.208101528868935e-05,,2.8136,2.8136,-0.004699999999999704,
2003-09-19,8.2775,0.0,0.0,,2.8095,2.8095,-0.004100000000000215,
2003-09-21,8.2775,0.0,0.0,,2.8095,2.8095,0.0,
2003-09-22,8.2773,-0.00019999999999953388,-2.4162176529986118e-05,,2.808,2.808,-0.0015000000000000568,
2003-09-23,8.2773,0.0,0.0,,2.81,2.81,0.002000000000000224,
2003-09-24,8.2772,-9.999999999976694e-05,-1.2081307197506042e-05,,2.8221,2.8221,0.012099999999999778,
2003-09-25,8.277,-0.00020000000000131024,-2.4163052278081636e-05,,2.8459,2.8459,0.023800000000000043,
2003-09-26,8.277,0.0,0.0,,2.8793,2.8793,0.03340000000000032,
2003-09-27,8.277,0.0,0.0,,2.9295,2.9295,0.0501999999999998,
2003-09-28,8.277,0.0,0.0,,2.9922,2.9922,0.06269999999999998,
2003-09-29,8.2771,0.0001000000000015433,1.2081599120835059e-05,,3.0549,3.0549,0.06269999999999998,
2003-09-30,8.277,-0.0001000000000015433,-1.2081599120743503e-05,,3.0899,3.0899,0.03500000000000014,
2003-10-08,8.277,0.0,0.0,,3.1441,3.1441,0.054199999999999804,
2003-10-09,8.2771,0.0001000000000015433,1.2081599120835059e-05,,3.1782,3.1782,0.03410000000000002,
2003-10-10,8.2771,0.0,0.0,,3.1985,3.1985,0.020300000000000207,
2003-10-13,8.277,-0.0001000000000015433,-1.2081599120743503e-05,,3.2086,3.2086,0.010099999999999998,
2003-10-14,8.2768,-0.00019999999999953388,-2.4163636145044596e-05,,3.2246,3.2246,0.016000000000000014,
2003-10-15,8.2767,-9.999999999976694e-05,-1.2082037031523878e-05,,3.2128,3.2128,-0.011800000000000033,
2003-10-16,8.2767,0.0,0.0,,3.196,3.196,-0.016799999999999926,
2003-10-17,8.2766,-9.999999999976694e-05,-1.2082183008963575e-05,,3.1633,3.1633,-0.03270000000000017,
2003-10-20,8.2766,0.0,0.0,,3.1273,3.1273,-0.03600000000000003,
2003-10-21,8.2766,0.0,0.0,,3.0902,3.0902,-0.03710000000000013,
2003-10-22,8.2765,-9.999999999976694e-05,-1.2082328989845024e-05,,3.056,3.056,-0.034199999999999786,
2003-10-23,8.2766,9.999999999976694e-05,1.2082328989952621e-05,,3.0252,3.0252,-0.03080000000000016,
2003-10-24,8.2766,0.0,0.0,,3.0012,3.0012,-0.02400000000000002,
2003-10-27,8.2768,0.00019999999999953388,2.416422004048745e-05,,2.9727,2.9727,-0.028499999999999748,
2003-10-28,8.2767,-9.999999999976694e-05,-1.2082037031523878e-05,,2.9423,2.9423,-0.030400000000000205,
2003-10-29,8.2766,-9.999999999976694e-05,-1.2082183008963575e-05,,2.9295,2.9295,-0.012799999999999923,
2003-10-30,8.2766,0.0,0.0,,2.9364,2.9364,0.006899999999999906,
2003-10-31,8.2766,0.0,0.0,,2.9955,2.9955,0.05909999999999993,
2003-11-03,8.2766,0.0,0.0,,3.0761,3.0761,0.0806,
2003-11-04,8.2766,0.0,0.0,,3.1826,3.1826,0.10650000000000004,
2003-11-05,8.2767,9.999999999976694e-05,1.2082183008934994e-05,,3.332,3.332,0.14939999999999998,
2003-11-06,8.2767,0.0,0.0,,3.3802,3.3802,0.04820000000000002,
2003-11-07,8.2769,0.00019999999999953388,2.41639280893069e-05,,3.349,3.349,-0.031199999999999672,
2003-11-10,8.277,9.999999999976694e-05,1.2081745087420048e-05,,3.2916,3.2916,-0.05740000000000034,
2003-11-11,8.277,0.0,0.0,,3.2169,3.2169,-0.07469999999999999,
2003-11-12,8.2769,-9.999999999976694e-05,-1.2081745087413842e-05,,3.0953,3.0953,-0.12159999999999993,
2003-11-13,8.277,9.999999999976694e-05,1.2081745087420048e-05,,3.0136,3.0136,-0.0817000000000001,
2003-11-14,8.277,0.0,0.0,,2.9323,2.9323,-0.0812999999999997,
2003-11-17,8.277,0.0,0.0,,2.8452,2.8452,-0.08709999999999996,
2003-11-18,8.2769,-9.999999999976694e-05,-1.2081745087413842e-05,,2.7546,2.7546,-0.09060000000000024,
2003-11-19,8.2767,-0.00019999999999953388,-2.4163928089240116e-05,,2.661,2.661,-0.0935999999999999,
2003-11-20,8.2767,0.0,0.0,,2.5583,2.5583,-0.10270000000000001,
2003-11-21,8.2769,0.00019999999999953388,2.41639280893069e-05,,2.4757,2.4757,-0.08260000000000023,
2003-11-24,8.277,9.999999999976694e-05,1.2081745087420048e-05,,2.3858,2.3858,-0.08989999999999965,
2003-11-25,8.2771,0.0001000000000015433,1.2081599120835059e-05,,2.3082,2.3082,-0.07760000000000034,
2003-11-26,8.277,-0.0001000000000015433,-1.2081599120743503e-05,,2.2523,2.2523,-0.05589999999999984,
2003-11-27,8.277,0.0,0.0,,2.2191,2.2191,-0.033199999999999896,
2003-11-28,8.2772,0.00020000000000131024,2.416305227817423e-05,,2.1949,2.1949,-0.0242,
2003-12-01,8.277,-0.00020000000000131024,-2.4163052278081636e-05,,2.1879,2.1879,-0.007000000000000117,
2003-12-02,8.2772,0.00020000000000131024,2.416305227817423e-05,,2.1831,2.1831,-0.0047999999999999154,
2003-12-03,8.2772,0.0,0.0,,2.1772,2.1772,-0.005900000000000016,
2003-12-04,8.2771,-9.999999999976694e-05,-1.2081453157292872e-05,,2.1691,2.1691,-0.008100000000000218,
2003-12-05,8.277,-0.0001000000000015433,-1.2081599120743503e-05,,2.1602,2.1602,-0.008899999999999686,
2003-12-08,8.2769,-9.999999999976694e-05,-1.2081745087413842e-05,,2.1538,2.1538,-0.006400000000000183,
2003-12-09,8.2771,0.00020000000000131024,2.416334420826131e-05,,2.149,2.149,-0.0047999999999999154,
2003-12-10,8.2771,0.0,0.0,,2.1451,2.1451,-0.0039000000000002366,
2003-12-11,8.277,-0.0001000000000015433,-1.2081599120743503e-05,,2.1432,2.1432,-0.0018999999999995687,
2003-12-12,8.2771,0.0001000000000015433,1.2081599120835059e-05,,2.1418,2.1418,-0.00140000000000029,
2003-12-15,8.2771,0.0,0.0,,2.1406,2.1406,-0.0011999999999998678,
2003-12-16,8.2772,9.999999999976694e-05,1.2081453157358636e-05,,2.1392,2.1392,-0.0013999999999998458,
2003-12-17,8.2771,-9.999999999976694e-05,-1.2081453157292872e-05,,2.1389,2.1389,-0.000300000000000189,
2003-12-18,8.2771,0.0,0.0,,2.1403,2.1403,0.0013999999999998458,
2003-12-19,8.2769,-0.00020000000000131024,-2.4163344208176812e-05,,2.1422,2.1422,0.0019000000000000128,
2003-12-22,8.277,9.999999999976694e-05,1.2081745087420048e-05,,2.141,2.141,-0.0011999999999998678,
2003-12-23,8.2769,-9.999999999976694e-05,-1.2081745087413842e-05,,2.1413,2.1413,0.000300000000000189,
2003-12-24,8.2769,0.0,0.0,,2.1413,2.1413,0.0,
2003-12-25,8.277,9.999999999976694e-05,1.2081745087420048e-05,,2.1411,2.1411,-0.00020000000000042206,
2003-12-26,8.2768,-0.00019999999999953388,-2.4163636145044596e-05,,2.1418,2.1418,0.000700000000000145,
2003-12-29,8.2768,0.0,0.0,,2.1429,2.1429,0.001100000000000101,
2003-12-30,8.2769,9.999999999976694e-05,1.2081891057779728e-05,,2.1432,2.1432,0.000300000000000189,
2003-12-31,8.2767,-0.00019999999999953388,-2.4163928089240116e-05,,2.1442,2.1442,0.0009999999999998899,
2004-01-02,8.2767,0.0,0.0,,2.141,2.141,-0.0032000000000000917,
2004-01-05,8.2769,0.00019999999999953388,2.41639280893069e-05,,2.1374,2.1374,-0.0036000000000000476,
2004-01-06,8.2769,0.0,0.0,,2.1337,2.1337,-0.0036999999999998145,
2004-01-07,8.2771,0.00020000000000131024,2.416334420826131e-05,,2.1302,2.1302,-0.0035000000000002807,
2004-01-08,8.2772,9.999999999976694e-05,1.2081453157358636e-05,,2.1249,2.1249,-0.005300000000000082,
2004-01-09,8.2772,0.0,0.0,,2.1208,2.1208,-0.0040999999999997705,
2004-01-12,8.277,-0.00020000000000131024,-2.4163052278081636e-05,,2.1156,2.1156,-0.005199999999999871,
2004-01-13,8.277,0.0,0.0,,2.1101,2.1101,-0.00550000000000006,
2004-01-14,8.2768,-0.00019999999999953388,-2.4163636145044596e-05,,2.1053,2.1053,-0.0047999999999999154,
2004-01-15,8.2768,0.0,0.0,,2.1007,2.1007,-0.0046000000000003816,
2004-01-16,8.2767,-9.999999999976694e-05,-1.2082037031523878e-05,,2.0991,2.0991,-0.0015999999999998238,
2004-01-17,8.2767,0.0,0.0,,2.2809,2.2809,0.18179999999999996,
2004-01-18,8.2767,0.0,0.0,,2.5308,2.5308,0.24990000000000023,
2004-01-19,8.2767,0.0,0.0,,2.7743,2.7743,0.24350000000000005,
2004-01-20,8.2767,0.0,0.0,,2.9811,2.9811,0.20679999999999987,
2004-01-21,8.2767,0.0,0.0,,3.1849,3.1849,0.20379999999999976,
2004-01-29,8.2771,0.0004000000000008441,4.8327272297523966e-05,,3.2067,3.2067,0.021800000000000264,
2004-01-30,8.277,-0.0001000000000015433,-1.2081599120743503e-05,,3.0891,3.0891,-0.11759999999999993,
2004-02-02,8.2768,-0.00019999999999953388,-2.4163636145044596e-05,,2.9738,2.9738,-0.11529999999999996,
2004-02-03,8.277,0.00019999999999953388,2.416363614500948e-05,,2.8744,2.8744,-0.09940000000000015,
2004-02-04,8.2772,0.00020000000000131024,2.416305227817423e-05,,2.6989,2.6989,-0.1755,
2004-02-05,8.2772,0.0,0.0,,2.5551,2.5551,-0.14380000000000015,
2004-02-06,8.2773,9.999999999976694e-05,1.2081307197656905e-05,,2.4728,2.4728,-0.08230000000000004,
2004-02-09,8.2773,0.0,0.0,,2.3926,2.3926,-0.08020000000000005,
2004-02-10,8.2773,0.0,0.0,,2.3187,2.3187,-0.07389999999999963,
2004-02-11,8.2772,-9.999999999976694e-05,-1.2081307197506042e-05,,2.2917,2.2917,-0.027000000000000135,
2004-02-12,8.2771,-9.999999999976694e-05,-1.2081453157292872e-05,,2.2701,2.2701,-0.021600000000000286,
2004-02-13,8.2772,9.999999999976694e-05,1.2081453157358636e-05,,2.2474,2.2474,-0.022699999999999942,
2004-02-16,8.2772,0.0,0.0,,2.2244,2.2244,-0.022999999999999687,
2004-02-17,8.2772,0.0,0.0,,2.202,2.202,-0.022400000000000198,
2004-02-18,8.277,-0.00020000000000131024,-2.4163052278081636e-05,,2.1809,2.1809,-0.02110000000000012,
2004-02-19,8.277,0.0,0.0,,2.1639,2.1639,-0.016999999999999904,
2004-02-20,8.2771,0.0001000000000015433,1.2081599120835059e-05,,2.1488,2.1488,-0.015099999999999891,
2004-02-23,8.2772,9.999999999976694e-05,1.2081453157358636e-05,,2.1357,2.1357,-0.013100000000000112,
2004-02-24,8.2772,0.0,0.0,,2.1232,2.1232,-0.012499999999999734,
2004-02-25,8.2771,-9.999999999976694e-05,-1.2081453157292872e-05,,2.111,2.111,-0.012199999999999989,
2004-02-26,8.277,-0.0001000000000015433,-1.2081599120743503e-05,,2.097,2.097,-0.014000000000000234,
2004-02-27,8.277,0.0,0.0,,2.0835,2.0835,-0.013500000000000068,
2004-03-01,8.2769,-9.999999999976694e-05,-1.2081745087413842e-05,,2.0694,2.0694,-0.014100000000000001,
2004-03-02,8.2768,-9.999999999976694e-05,-1.2081891057747983e-05,,2.0556,2.0556,-0.013799999999999812,
2004-03-03,8.2768,0.0,0.0,,2.0403,2.0403,-0.015300000000000313,
2004-03-04,8.2768,0.0,0.0,,2.0252,2.0252,-0.015099999999999891,
2004-03-05,8.277,0.00019999999999953388,2.416363614500948e-05,,2.0097,2.0097,-0.015499999999999847,
2004-03-08,8.2771,0.0001000000000015433,1.2081599120835059e-05,,1.9944,1.9944,-0.015300000000000091,
2004-03-09,8.2771,0.0,0.0,,1.9784,1.9784,-0.016000000000000014,
2004-03-10,8.2771,0.0,0.0,,1.9655,1.9655,-0.012899999999999912,
2004-03-11,8.2771,0.0,0.0,,1.9539,1.9539,-0.011600000000000055,
2004-03-12,8.2772,9.999999999976694e-05,1.2081453157358636e-05,,1.9427,1.9427,-0.011199999999999877,
2004-03-15,8.2771,-9.999999999976694e-05,-1.2081453157292872e-05,,1.932,1.932,-0.010700000000000154,
2004-03-16,8.2773,0.00019999999999953388,2.4162760354970284e-05,,1.9232,1.9232,-0.008799999999999919,
2004-03-17,8.2773,0.0,0.0,,1.9132,1.9132,-0.010000000000000009,
2004-03-18,8.2774,9.999999999976694e-05,1.2081161241285782e-05,,1.9011,1.9011,-0.0121,
2004-03-19,8.2774,0.0,0.0,,1.8896,1.8896,-0.011500000000000066,
2004-03-22,8.2772,-0.00019999999999953388,-2.4162468438875265e-05,,1.8777,1.8777,-0.011900000000000022,
2004-03-23,8.2773,9.999999999976694e-05,1.2081307197656905e-05,,1.8653,1.8653,-0.012399999999999967,
2004-03-24,8.2774,9.999999999976694e-05,1.2081161241285782e-05,,1.8542,1.8542,-0.011099999999999888,
2004-03-25,8.2772,-0.00019999999999953388,-2.4162468438875265e-05,,1.8508,1.8508,-0.0034000000000000696,
2004-03-26,8.2771,-9.999999999976694e-05,-1.2081453157292872e-05,,1.8564,1.8564,0.005600000000000049,
2004-03-29,8.277,-0.0001000000000015433,-1.2081599120743503e-05,,1.863,1.863,0.006599999999999939,
2004-03-30,8.2771,0.0001000000000015433,1.2081599120835059e-05,,1.8707,1.8707,0.00770000000000004,
2004-03-31,8.2771,0.0,0.0,,1.8793,1.8793,0.008599999999999941,
2004-04-01,8.277,-0.0001000000000015433,-1.2081599120743503e-05,,1.8833,1.8833,0.0040000000000000036,
2004-04-02,8.2769,-9.999999999976694e-05,-1.2081745087413842e-05,,1.8826,1.8826,-0.0006999999999999229,
2004-04-05,8.2769,0.0,0.0,,1.8781,1.8781,-0.0044999999999999485,
2004-04-06,8.2769,0.0,0.0,,1.8728,1.8728,-0.005300000000000082,
2004-04-07,8.2769,0.0,0.0,,1.8665,1.8665,-0.006299999999999972,
2004-04-08,8.2769,0.0,0.0,,1.8612,1.8612,-0.005300000000000082,
2004-04-09,8.2769,0.0,0.0,,1.8546,1.8546,-0.006599999999999939,
2004-04-12,8.2769,0.0,0.0,,1.8479,1.8479,-0.006699999999999928,
2004-04-13,8.277,9.999999999976694e-05,1.2081745087420048e-05,,1.8489,1.8489,0.0009999999999998899,
2004-04-14,8.2769,-9.999999999976694e-05,-1.2081745087413842e-05,,1.8741,1.8741,0.02520000000000011,
2004-04-15,8.2772,0.0003000000000010772,3.624479736538465e-05,,1.9121,1.9121,0.03799999999999981,
2004-04-16,8.2771,-9.999999999976694e-05,-1.2081453157292872e-05,,1.9598,1.9598,0.047700000000000076,
2004-04-19,8.2769,-0.00020000000000131024,-2.4163344208176812e-05,,2.0145,2.0145,0.05469999999999997,
2004-04-20,8.2768,-9.999999999976694e-05,-1.2081891057747983e-05,,2.0707,2.0707,0.05620000000000003,
2004-04-21,8.2768,0.0,0.0,,2.1184,2.1184,0.047699999999999854,
2004-04-22,8.2769,9.999999999976694e-05,1.2081891057779728e-05,,2.179,2.179,0.06059999999999999,
2004-04-23,8.277,9.999999999976694e-05,1.2081745087420048e-05,,2.2454,2.2454,0.06640000000000024,
2004-04-25,8.277,0.0,0.0,,2.2454,2.2454,0.0,
2004-04-26,8.2769,-9.999999999976694e-05,-1.2081745087413842e-05,,2.3138,2.3138,0.06840000000000002,
2004-04-27,8.2768,-9.999999999976694e-05,-1.2081891057747983e-05,,2.3693,2.3693,0.05549999999999988,
2004-04-28,8.2768,0.0,0.0,,2.4034,2.4034,0.03410000000000002,
2004-04-29,8.2768,0.0,0.0,,2.4144,2.4144,0.01100000000000012,
2004-04-30,8.2769,9.999999999976694e-05,1.2081891057779728e-05,,2.4368,2.4368,0.022399999999999753,
2004-05-08,8.2771,0.00020000000000131024,2.416334420826131e-05,,2.4347,2.4347,-0.0020999999999999908,
2004-05-09,8.2771,0.0,0.0,,2.3937,2.3937,-0.040999999999999925,
2004-05-10,8.277,-0.0001000000000015433,-1.2081599120743503e-05,,2.3573,2.3573,-0.03639999999999999,
2004-05-11,8.2769,-9.999999999976694e-05,-1.2081745087413842e-05,,2.3254,2.3254,-0.03189999999999982,
2004-05-12,8.2773,0.0004000000000008441,4.832610456298304e-05,,2.2801,2.2801,-0.04530000000000012,
2004-05-13,8.2773,0.0,0.0,,2.2441,2.2441,-0.03600000000000003,
2004-05-14,8.2772,-9.999999999976694e-05,-1.2081307197506042e-05,,2.2325,2.2325,-0.011600000000000055,
2004-05-17,8.2772,0.0,0.0,,2.218,2.218,-0.014499999999999957,
2004-05-18,8.2772,0.0,0.0,,2.2025,2.2025,-0.015499999999999847,
2004-05-19,8.2771,-9.999999999976694e-05,-1.2081453157292872e-05,,2.1892,2.1892,-0.01330000000000009,
2004-05-20,8.2769,-0.00020000000000131024,-2.4163344208176812e-05,,2.1807,2.1807,-0.008500000000000174,
2004-05-21,8.2771,0.00020000000000131024,2.416334420826131e-05,,2.1757,2.1757,-0.004999999999999893,
2004-05-24,8.2771,0.0,0.0,,2.1595,2.1595,-0.016199999999999992,
2004-05-25,8.2771,0.0,0.0,,2.1445,2.1445,-0.015000000000000124,
2004-05-26,8.2769,-0.00020000000000131024,-2.4163344208176812e-05,,2.1304,2.1304,-0.014100000000000001,
2004-05-27,8.2769,0.0,0.0,,2.1201,2.1201,-0.010299999999999976,
2004-05-28,8.2768,-9.999999999976694e-05,-1.2081891057747983e-05,,2.1123,2.1123,-0.007800000000000029,
2004-05-31,8.2769,9.999999999976694e-05,1.2081891057779728e-05,,2.1196,2.1196,0.007300000000000306,
2004-06-01,8.2768,-9.999999999976694e-05,-1.2081891057747983e-05,,2.1451,2.1451,0.025499999999999634,
2004-06-02,8.2767,-9.999999999976694e-05,-1.2082037031523878e-05,,2.183,2.183,0.037900000000000045,
2004-06-03,8.2767,0.0,0.0,,2.2342,2.2342,0.051200000000000134,
2004-06-04,8.2768,9.999999999976694e-05,1.2082037031470015e-05,,2.3103,2.3103,0.07609999999999983,
2004-06-07,8.2767,-9.999999999976694e-05,-1.2082037031523878e-05,,2.3779,2.3779,0.0676000000000001,
2004-06-08,8.2767,0.0,0.0,,2.4285,2.4285,0.0506000000000002,
2004-06-09,8.2767,0.0,0.0,,2.4642,2.4642,0.03569999999999984,
2004-06-10,8.2767,0.0,0.0,,2.483,2.483,0.01880000000000015,
2004-06-11,8.2768,9.999999999976694e-05,1.2082037031470015e-05,,2.4814,2.4814,-0.0016000000000002679,
2004-06-14,8.2767,-9.999999999976694e-05,-1.2082037031523878e-05,,2.4588,2.4588,-0.02259999999999973,
2004-06-15,8.2766,-9.999999999976694e-05,-1.2082183008963575e-05,,2.4271,2.4271,-0.031700000000000284,
2004-06-16,8.2766,0.0,0.0,,2.3936,2.3936,-0.03349999999999964,
2004-06-17,8.2766,0.0,0.0,,2.3647,2.3647,-0.028900000000000148,
2004-06-18,8.2766,0.0,0.0,,2.3439,2.3439,-0.02079999999999993,
2004-06-21,8.2766,0.0,0.0,,2.3539,2.3539,0.009999999999999787,
2004-06-22,8.2766,0.0,0.0,,2.3731,2.3731,0.019200000000000106,
2004-06-23,8.2766,0.0,0.0,,2.3948,2.3948,0.021700000000000053,
2004-06-24,8.2767,9.999999999976694e-05,1.2082183008934994e-05,,2.4147,2.4147,0.019899999999999807,
2004-06-25,8.2766,-9.999999999976694e-05,-1.2082183008963575e-05,,2.434,2.434,0.019300000000000317,
2004-06-28,8.2767,9.999999999976694e-05,1.2082183008934994e-05,,2.4391,2.4391,0.00509999999999966,
2004-06-29,8.2766,-9.999999999976694e-05,-1.2082183008963575e-05,,2.4377,2.4377,-0.0013999999999998458,
2004-06-30,8.2766,0.0,0.0,,2.4392,2.4392,0.0015000000000000568,
2004-07-01,8.2766,0.0,0.0,,2.4409,2.4409,0.0017000000000000348,
2004-07-02,8.2767,9.999999999976694e-05,1.2082183008934994e-05,,2.4365,2.4365,-0.0043999999999999595,
2004-07-05,8.2766,-9.999999999976694e-05,-1.2082183008963575e-05,,2.4252,2.4252,-0.01130000000000031,
2004-07-06,8.2768,0.00019999999999953388,2.416422004048745e-05,,2.4173,2.4173,-0.007899999999999796,
2004-07-07,8.2768,0.0,0.0,,2.4046,2.4046,-0.012700000000000156,
2004-07-08,8.2768,0.0,0.0,,2.3899,2.3899,-0.014699999999999935,
2004-07-09,8.2769,9.999999999976694e-05,1.2081891057779728e-05,,2.3724,2.3724,-0.01750000000000007,
2004-07-12,8.2769,0.0,0.0,,2.3517,2.3517,-0.02069999999999972,
2004-07-13,8.2768,-9.999999999976694e-05,-1.2081891057747983e-05,,2.3295,2.3295,-0.02220000000000022,
2004-07-14,8.2768,0.0,0.0,,2.3086,2.3086,-0.020899999999999697,
2004-07-15,8.2767,-9.999999999976694e-05,-1.2082037031523878e-05,,2.2887,2.2887,-0.01990000000000025,
2004-07-16,8.2767,0.0,0.0,,2.2721,2.2721,-0.016599999999999948,
2004-07-19,8.2766,-9.999999999976694e-05,-1.2082183008963575e-05,,2.2527,2.2527,-0.019400000000000084,
2004-07-20,8.2766,0.0,0.0,,2.2347,2.2347,-0.017999999999999794,
2004-07-21,8.2767,9.999999999976694e-05,1.2082183008934994e-05,,2.222,2.222,-0.012700000000000156,
2004-07-22,8.2766,-9.999999999976694e-05,-1.2082183008963575e-05,,2.2146,2.2146,-0.007400000000000073,
2004-07-23,8.2766,0.0,0.0,,2.2596,2.2596,0.04499999999999993,
2004-07-26,8.2766,0.0,0.0,,2.3069,2.3069,0.04730000000000034,
2004-07-27,8.2767,9.999999999976694e-05,1.2082183008934994e-05,,2.3524,2.3524,0.04549999999999965,
2004-07-28,8.2767,0.0,0.0,,2.3888,2.3888,0.03639999999999999,
2004-07-29,8.2768,9.999999999976694e-05,1.2082037031470015e-05,,2.4237,2.4237,0.034900000000000375,
2004-07-30,8.2769,9.999999999976694e-05,1.2081891057779728e-05,,2.4215,2.4215,-0.002200000000000202,
2004-08-02,8.2769,0.0,0.0,,2.4185,2.4185,-0.0030000000000001137,
2004-08-03,8.277,9.999999999976694e-05,1.2081745087420048e-05,,2.4131,2.4131,-0.005399999999999849,
2004-08-04,8.277,0.0,0.0,,2.4098,2.4098,-0.0032999999999998586,
2004-08-05,8.277,0.0,0.0,,2.4038,2.4038,-0.006000000000000227,
2004-08-06,8.2769,-9.999999999976694e-05,-1.2081745087413842e-05,,2.3993,2.3993,-0.0044999999999997264,
2004-08-09,8.2769,0.0,0.0,,2.3736,2.3736,-0.025700000000000056,
2004-08-10,8.2769,0.0,0.0,,2.3494,2.3494,-0.0242,
2004-08-11,8.277,9.999999999976694e-05,1.2081745087420048e-05,,2.3278,2.3278,-0.021600000000000286,
2004-08-12,8.2769,-9.999999999976694e-05,-1.2081745087413842e-05,,2.3072,2.3072,-0.02059999999999995,
2004-08-13,8.2769,0.0,0.0,,2.2906,2.2906,-0.016599999999999948,
2004-08-16,8.2768,-9.999999999976694e-05,-1.2081891057747983e-05,,2.2782,2.2782,-0.012399999999999967,
2004-08-17,8.2768,0.0,0.0,,2.2722,2.2722,-0.005999999999999783,
2004-08-18,8.2767,-9.999999999976694e-05,-1.2082037031523878e-05,,2.2663,2.2663,-0.005900000000000016,
2004-08-19,8.2767,0.0,0.0,,2.2617,2.2617,-0.0046000000000003816,
2004-08-20,8.2768,9.999999999976694e-05,1.2082037031470015e-05,,2.257,2.257,-0.004699999999999704,
2004-08-23,8.2767,-9.999999999976694e-05,-1.2082037031523878e-05,,2.2545,2.2545,-0.0024999999999999467,
2004-08-24,8.2767,0.0,0.0,,2.2515,2.2515,-0.0030000000000001137,
2004-08-25,8.2767,0.0,0.0,,2.2497,2.2497,-0.0018000000000002458,
2004-08-26,8.2766,-9.999999999976694e-05,-1.2082183008963575e-05,,2.2477,2.2477,-0.0019999999999997797,
2004-08-27,8.2766,0.0,0.0,,2.2455,2.2455,-0.002200000000000202,
2004-08-30,8.2767,9.999999999976694e-05,1.2082183008934994e-05,,2.24,2.24,-0.005499999999999616,
2004-08-31,8.2767,0.0,0.0,,2.2334,2.2334,-0.006600000000000161,
2004-09-01,8.2766,-9.999999999976694e-05,-1.2082183008963575e-05,,2.2227,2.2227,-0.010699999999999932,
2004-09-02,8.2766,0.0,0.0,,2.2097,2.2097,-0.0129999999999999,
2004-09-03,8.2767,9.999999999976694e-05,1.2082183008934994e-05,,2.1941,2.1941,-0.015600000000000058,
2004-09-06,8.2767,0.0,0.0,,2.1773,2.1773,-0.01680000000000037,
2004-09-07,8.2766,-9.999999999976694e-05,-1.2082183008963575e-05,,2.1622,2.1622,-0.015099999999999891,
2004-09-08,8.2767,9.999999999976694e-05,1.2082183008934994e-05,,2.1505,2.1505,-0.011699999999999822,
2004-09-09,8.2767,0.0,0.0,,2.1412,2.1412,-0.009300000000000086,
2004-09-10,8.2768,9.999999999976694e-05,1.2082037031470015e-05,,2.1308,2.1308,-0.010400000000000187,
2004-09-13,8.2766,-0.00019999999999953388,-2.4164220040541317e-05,,2.1236,2.1236,-0.007199999999999651,
2004-09-14,8.2766,0.0,0.0,,2.1166,2.1166,-0.007000000000000117,
2004-09-15,8.2767,9.999999999976694e-05,1.2082183008934994e-05,,2.1096,2.1096,-0.007000000000000117,
2004-09-16,8.2768,9.999999999976694e-05,1.2082037031470015e-05,,2.1025,2.1025,-0.007099999999999884,
2004-09-17,8.2766,-0.00019999999999953388,-2.4164220040541317e-05,,2.098,2.098,-0.0045000000000001705,
2004-09-20,8.2767,9.999999999976694e-05,1.2082183008934994e-05,,2.0949,2.0949,-0.0030999999999998806,
2004-09-21,8.2767,0.0,0.0,,2.0921,2.0921,-0.0028000000000001357,
2004-09-22,8.2766,-9.999999999976694e-05,-1.2082183008963575e-05,,2.0889,2.0889,-0.0031999999999996476,
2004-09-23,8.2766,0.0,0.0,,2.0856,2.0856,-0.0033000000000003027,
2004-09-24,8.2766,0.0,0.0,,2.0854,2.0854,-0.00019999999999997797,
2004-09-27,8.2766,0.0,0.0,,2.0976,2.0976,0.012199999999999989,
2004-09-28,8.2766,0.0,0.0,,2.1158,2.1158,0.018200000000000216,
2004-09-29,8.2766,0.0,0.0,,2.1633,2.1633,0.047499999999999876,
2004-09-30,8.2766,0.0,0.0,,2.213,2.213,0.04970000000000008,
2004-10-08,8.2766,0.0,0.0,,2.2338,2.2338,0.02079999999999993,
2004-10-09,8.2766,0.0,0.0,,2.2423,2.2423,0.008500000000000174,
2004-10-10,8.2766,0.0,0.0,,2.2449,2.2449,0.0025999999999997137,
2004-10-11,8.2767,9.999999999976694e-05,1.2082183008934994e-05,,2.2281,2.2281,-0.016799999999999926,
2004-10-12,8.2765,-0.00019999999999953388,-2.416451199883718e-05,,2.2074,2.2074,-0.020700000000000163,
2004-10-13,8.2765,0.0,0.0,,2.1996,2.1996,-0.007799999999999585,
2004-10-14,8.2765,0.0,0.0,,2.1909,2.1909,-0.008700000000000152,
2004-10-15,8.2765,0.0,0.0,,2.1819,2.1819,-0.008999999999999897,
2004-10-18,8.2765,0.0,0.0,,2.1729,2.1729,-0.009000000000000341,
2004-10-19,8.2765,0.0,0.0,,2.16,2.16,-0.01289999999999969,
2004-10-20,8.2765,0.0,0.0,,2.1492,2.1492,-0.010800000000000143,
2004-10-21,8.2765,0.0,0.0,,2.1331,2.1331,-0.01609999999999978,
2004-10-22,8.2765,0.0,0.0,,2.12,2.12,-0.013100000000000112,
2004-10-25,8.2765,0.0,0.0,,2.1073,2.1073,-0.012700000000000156,
2004-10-26,8.2765,0.0,0.0,,2.0966,2.0966,-0.010699999999999932,
2004-10-27,8.2765,0.0,0.0,,2.0865,2.0865,-0.010099999999999998,
2004-10-28,8.2765,0.0,0.0,,2.0807,2.0807,-0.005799999999999805,
2004-10-29,8.2765,0.0,0.0,,2.0743,2.0743,-0.006400000000000183,
2004-11-01,8.2765,0.0,0.0,,2.1075,2.1075,0.033199999999999896,
2004-11-02,8.2765,0.0,0.0,,2.1438,2.1438,0.03630000000000022,
2004-11-03,8.2765,0.0,0.0,,2.1772,2.1772,0.033399999999999874,
2004-11-04,8.2765,0.0,0.0,,2.2075,2.2075,0.030299999999999994,
2004-11-05,8.2765,0.0,0.0,,2.236,2.236,0.028500000000000192,
2004-11-08,8.2765,0.0,0.0,,2.2235,2.2235,-0.012500000000000178,
2004-11-09,8.2765,0.0,0.0,,2.2022,2.2022,-0.021300000000000097,
2004-11-10,8.2765,0.0,0.0,,2.1884,2.1884,-0.013799999999999812,
2004-11-11,8.2765,0.0,0.0,,2.1732,2.1732,-0.015200000000000102,
2004-11-12,8.2765,0.0,0.0,,2.1557,2.1557,-0.01750000000000007,
2004-11-15,8.2765,0.0,0.0,,2.1486,2.1486,-0.007099999999999884,
2004-11-16,8.2765,0.0,0.0,,2.1427,2.1427,-0.005900000000000016,
2004-11-17,8.2765,0.0,0.0,,2.1277,2.1277,-0.015000000000000124,
2004-11-18,8.2765,0.0,0.0,,2.1098,2.1098,-0.017900000000000027,
2004-11-19,8.2765,0.0,0.0,,2.092,2.092,-0.017799999999999816,
2004-11-22,8.2765,0.0,0.0,,2.061,2.061,-0.03100000000000014,
2004-11-23,8.2765,0.0,0.0,,2.0261,2.0261,-0.03489999999999993,
2004-11-24,8.2765,0.0,0.0,,2.0084,2.0084,-0.01770000000000005,
2004-11-25,8.2765,0.0,0.0,,1.9944,1.9944,-0.014000000000000012,
2004-11-26,8.2765,0.0,0.0,,1.9821,1.9821,-0.012299999999999978,
2004-11-29,8.2765,0.0,0.0,,1.9734,1.9734,-0.00869999999999993,
2004-11-30,8.2765,0.0,0.0,,1.9608,1.9608,-0.012599999999999945,
2004-12-01,8.2765,0.0,0.0,,1.9545,1.9545,-0.006300000000000194,
2004-12-02,8.2765,0.0,0.0,,1.9479,1.9479,-0.006599999999999939,
2004-12-03,8.2765,0.0,0.0,,1.9408,1.9408,-0.007099999999999884,
2004-12-06,8.2765,0.0,0.0,,1.9321,1.9321,-0.008700000000000152,
2004-12-07,8.2765,0.0,0.0,,1.92,1.92,-0.0121,
2004-12-08,8.2765,0.0,0.0,,1.9081,1.9081,-0.011900000000000022,
2004-12-09,8.2765,0.0,0.0,,1.8947,1.8947,-0.013399999999999856,
2004-12-10,8.2765,0.0,0.0,,1.8814,1.8814,-0.01330000000000009,
2004-12-13,8.2765,0.0,0.0,,1.8676,1.8676,-0.013800000000000034,
2004-12-14,8.2765,0.0,0.0,,1.8645,1.8645,-0.0030999999999998806,
2004-12-15,8.2765,0.0,0.0,,1.8614,1.8614,-0.0031000000000001027,
2004-12-16,8.2765,0.0,0.0,,1.8575,1.8575,-0.0039000000000000146,
2004-12-17,8.2765,0.0,0.0,,1.8551,1.8551,-0.0023999999999999577,
2004-12-20,8.2765,0.0,0.0,,1.8534,1.8534,-0.0017000000000000348,
2004-12-21,8.2765,0.0,0.0,,1.8458,1.8458,-0.007599999999999829,
2004-12-22,8.2765,0.0,0.0,,1.8388,1.8388,-0.007000000000000117,
2004-12-23,8.2765,0.0,0.0,,1.8342,1.8342,-0.0045999999999999375,
2004-12-24,8.2765,0.0,0.0,,1.8304,1.8304,-0.0038000000000000256,
2004-12-27,8.2765,0.0,0.0,,1.8294,1.8294,-0.001000000000000112,
2004-12-28,8.2765,0.0,0.0,,1.8348,1.8348,0.005400000000000071,
2004-12-29,8.2765,0.0,0.0,,1.8518,1.8518,0.016999999999999904,
2004-12-30,8.2765,0.0,0.0,,1.8682,1.8682,0.016400000000000192,
2004-12-31,8.2765,0.0,0.0,,1.8842,1.8842,0.016000000000000014,
2005-01-04,8.2765,0.0,0.0,,1.8984,1.8984,0.01419999999999999,
2005-01-05,8.2765,0.0,0.0,,1.9088,1.9088,0.010399999999999965,
2005-01-06,8.2765,0.0,0.0,,1.9024,1.9024,-0.006399999999999961,
2005-01-07,8.2765,0.0,0.0,,1.8955,1.8955,-0.006900000000000128,
2005-01-10,8.2765,0.0,0.0,,1.882,1.882,-0.013500000000000068,
2005-01-11,8.2765,0.0,0.0,,1.8679,1.8679,-0.014100000000000001,
2005-01-12,8.2765,0.0,0.0,,1.8532,1.8532,-0.014699999999999935,
2005-01-13,8.2765,0.0,0.0,,1.8444,1.8444,-0.008799999999999919,
2005-01-14,8.2765,0.0,0.0,,1.8362,1.8362,-0.008199999999999985,
2005-01-17,8.2765,0.0,0.0,,1.8321,1.8321,-0.0040999999999999925,
2005-01-18,8.2765,0.0,0.0,,1.8289,1.8289,-0.0032000000000000917,
2005-01-19,8.2765,0.0,0.0,,1.8282,1.8282,-0.0006999999999999229,
2005-01-20,8.2765,0.0,0.0,,1.8283,1.8283,9.999999999998899e-05,
2005-01-21,8.2765,0.0,0.0,,1.8289,1.8289,0.0005999999999999339,
2005-01-24,8.2765,0.0,0.0,,1.8307,1.8307,0.0018000000000000238,
2005-01-25,8.2765,0.0,0.0,,1.8332,1.8332,0.0024999999999999467,
2005-01-26,8.2765,0.0,0.0,,1.8342,1.8342,0.001000000000000112,
2005-01-27,8.2765,0.0,0.0,,1.8339,1.8339,-0.00029999999999996696,
2005-01-28,8.2765,0.0,0.0,,1.8335,1.8335,-0.000400000000000178,
2005-01-31,8.2765,0.0,0.0,,1.8356,1.8356,0.0020999999999999908,
2005-02-01,8.2765,0.0,0.0,,1.8364,1.8364,0.0008000000000001339,
2005-02-02,8.2765,0.0,0.0,,1.8384,1.8384,0.0020000000000000018,
2005-02-03,8.2765,0.0,0.0,,1.8541,1.8541,0.015700000000000047,
2005-02-04,8.2765,0.0,0.0,,1.8934,1.8934,0.03929999999999989,
2005-02-05,8.2765,0.0,0.0,,2.0152,2.0152,0.12180000000000013,
2005-02-06,8.2765,0.0,0.0,,2.1432,2.1432,0.1280000000000001,
2005-02-07,8.2765,0.0,0.0,,2.2642,2.2642,0.121,
2005-02-08,8.2765,0.0,0.0,,2.3494,2.3494,0.08519999999999994,
2005-02-16,8.2765,0.0,0.0,,2.3151,2.3151,-0.0343,
2005-02-17,8.2765,0.0,0.0,,2.2281,2.2281,-0.08700000000000019,
2005-02-18,8.2765,0.0,0.0,,2.1383,2.1383,-0.08979999999999988,
2005-02-21,8.2765,0.0,0.0,,2.0519,2.0519,-0.08640000000000025,
2005-02-22,8.2765,0.0,0.0,,1.981,1.981,-0.07089999999999974,
2005-02-23,8.2765,0.0,0.0,,1.9691,1.9691,-0.011900000000000022,
2005-02-24,8.2765,0.0,0.0,,1.9536,1.9536,-0.01550000000000007,
2005-02-25,8.2765,0.0,0.0,,1.9295,1.9295,-0.02410000000000001,
2005-02-28,8.2765,0.0,0.0,,1.9063,1.9063,-0.023199999999999887,
2005-03-01,8.2765,0.0,0.0,,1.885,1.885,-0.021300000000000097,
2005-03-02,8.2765,0.0,0.0,,1.868,1.868,-0.016999999999999904,
2005-03-03,8.2765,0.0,0.0,,1.8559,1.8559,-0.0121,
2005-03-04,8.2765,0.0,0.0,,1.8504,1.8504,-0.00550000000000006,
2005-03-07,8.2765,0.0,0.0,,1.8462,1.8462,-0.0041999999999999815,
2005-03-08,8.2765,0.0,0.0,,1.8482,1.8482,0.0020000000000000018,
2005-03-09,8.2765,0.0,0.0,,1.8475,1.8475,-0.000700000000000145,
2005-03-10,8.2765,0.0,0.0,,1.8465,1.8465,-0.0009999999999998899,
2005-03-11,8.2765,0.0,0.0,,1.8455,1.8455,-0.001000000000000112,
2005-03-14,8.2765,0.0,0.0,,1.8423,1.8423,-0.0031999999999998696,
2005-03-15,8.2765,0.0,0.0,,1.8357,1.8357,-0.006599999999999939,
2005-03-16,8.2765,0.0,0.0,,1.8308,1.8308,-0.0049000000000001265,
2005-03-17,8.2765,0.0,0.0,,1.8278,1.8278,-0.0029999999999998916,
2005-03-18,8.2765,0.0,0.0,,1.8176,1.8176,-0.010199999999999987,
2005-03-21,8.2765,0.0,0.0,,1.7859,1.7859,-0.03170000000000006,
2005-03-22,8.2765,0.0,0.0,,1.7387,1.7387,-0.04720000000000013,
2005-03-23,8.2765,0.0,0.0,,1.6876,1.6876,-0.05109999999999992,
2005-03-24,8.2765,0.0,0.0,,1.6302,1.6302,-0.057399999999999896,
2005-03-25,8.2765,0.0,0.0,,1.5804,1.5804,-0.049800000000000066,
2005-03-28,8.2765,0.0,0.0,,1.5454,1.5454,-0.03499999999999992,
2005-03-29,8.2765,0.0,0.0,,1.5262,1.5262,-0.019200000000000106,
2005-03-30,8.2765,0.0,0.0,,1.5099,1.5099,-0.01629999999999998,
2005-03-31,8.2765,0.0,0.0,,1.4968,1.4968,-0.013100000000000112,
2005-04-01,8.2765,0.0,0.0,,1.4829,1.4829,-0.013899999999999801,
2005-04-04,8.2765,0.0,0.0,,1.4609,1.4609,-0.02200000000000002,
2005-04-05,8.2765,0.0,0.0,,1.4427,1.4427,-0.018199999999999994,
2005-04-06,8.2765,0.0,0.0,,1.4218,1.4218,-0.02090000000000014,
2005-04-07,8.2765,0.0,0.0,,1.3884,1.3884,-0.033399999999999874,
2005-04-08,8.2765,0.0,0.0,,1.3668,1.3668,-0.021600000000000064,
2005-04-11,8.2765,0.0,0.0,,1.3482,1.3482,-0.01859999999999995,
2005-04-12,8.2765,0.0,0.0,,1.3289,1.3289,-0.019300000000000095,
2005-04-13,8.2765,0.0,0.0,,1.3155,1.3155,-0.013400000000000079,
2005-04-14,8.2765,0.0,0.0,,1.3101,1.3101,-0.005399999999999849,
2005-04-15,8.2765,0.0,0.0,,1.3025,1.3025,-0.007600000000000051,
2005-04-18,8.2765,0.0,0.0,,1.2932,1.2932,-0.009300000000000086,
2005-04-19,8.2765,0.0,0.0,,1.2835,1.2835,-0.00969999999999982,
2005-04-20,8.2765,0.0,0.0,,1.2728,1.2728,-0.010700000000000154,
2005-04-21,8.2765,0.0,0.0,,1.2651,1.2651,-0.00770000000000004,
2005-04-22,8.2765,0.0,0.0,,1.2574,1.2574,-0.007699999999999818,
2005-04-25,8.2765,0.0,0.0,,1.248,1.248,-0.009400000000000075,
2005-04-26,8.2765,0.0,0.0,,1.2381,1.2381,-0.00990000000000002,
2005-04-27,8.2765,0.0,0.0,,1.2295,1.2295,-0.008599999999999941,
2005-04-28,8.2765,0.0,0.0,,1.2268,1.2268,-0.0027000000000001467,
2005-04-29,8.2765,0.0,0.0,,1.2269,1.2269,0.00010000000000021103,
2005-04-30,8.2765,0.0,0.0,,1.2257,1.2257,-0.0012000000000000899,
2005-05-08,8.2765,0.0,0.0,,1.2232,1.2232,-0.0024999999999999467,
2005-05-09,8.2765,0.0,0.0,,1.2166,1.2166,-0.006600000000000161,
2005-05-10,8.2765,0.0,0.0,,1.2066,1.2066,-0.010000000000000009,
2005-05-11,8.2765,0.0,0.0,,1.1958,1.1958,-0.01079999999999992,
2005-05-12,8.2765,0.0,0.0,,1.1877,1.1877,-0.008099999999999996,
2005-05-13,8.2765,0.0,0.0,,1.181,1.181,-0.006699999999999928,
2005-05-16,8.2765,0.0,0.0,,1.1744,1.1744,-0.006599999999999939,
2005-05-17,8.2765,0.0,0.0,,1.1658,1.1658,-0.008600000000000163,
2005-05-18,8.2765,0.0,0.0,,1.1571,1.1571,-0.00869999999999993,
2005-05-19,8.2765,0.0,0.0,,1.1494,1.1494,-0.00770000000000004,
2005-05-20,8.2765,0.0,0.0,,1.1428,1.1428,-0.006599999999999939,
2005-05-23,8.2765,0.0,0.0,,1.1383,1.1383,-0.0044999999999999485,
2005-05-24,8.2765,0.0,0.0,,1.1359,1.1359,-0.0024000000000001798,
2005-05-25,8.2765,0.0,0.0,,1.1335,1.1335,-0.0023999999999999577,
2005-05-26,8.2765,0.0,0.0,,1.1318,1.1318,-0.0017000000000000348,
2005-05-27,8.2765,0.0,0.0,,1.1302,1.1302,-0.0015999999999998238,
2005-05-30,8.2765,0.0,0.0,,1.1283,1.1283,-0.0019000000000000128,
2005-05-31,8.2765,0.0,0.0,,1.1262,1.1262,-0.0020999999999999908,
2005-06-01,8.2765,0.0,0.0,,1.1235,1.1235,-0.0027000000000001467,
2005-06-02,8.2765,0.0,0.0,,1.1169,1.1169,-0.006599999999999939,
2005-06-03,8.2765,0.0,0.0,,1.1104,1.1104,-0.00649999999999995,
2005-06-06,8.2765,0.0,0.0,,1.1052,1.1052,-0.0052000000000000934,
2005-06-07,8.2765,0.0,0.0,,1.1004,1.1004,-0.0047999999999999154,
2005-06-08,8.2765,0.0,0.0,,1.0975,1.0975,-0.0029000000000001247,
2005-06-09,8.2765,0.0,0.0,,1.0969,1.0969,-0.0005999999999999339,
2005-06-10,8.2765,0.0,0.0,,1.0965,1.0965,-0.00039999999999995595,
2005-06-13,8.2765,0.0,0.0,,1.0955,1.0955,-0.001000000000000112,
2005-06-14,8.2765,0.0,0.0,,1.0946,1.0946,-0.0008999999999999009,
2005-06-15,8.2765,0.0,0.0,,1.0935,1.0935,-0.001100000000000101,
2005-06-16,8.2765,0.0,0.0,,1.0928,1.0928,-0.0006999999999999229,
2005-06-17,8.2765,0.0,0.0,,1.0921,1.0921,-0.0006999999999999229,
2005-06-20,8.2765,0.0,0.0,,1.0911,1.0911,-0.001000000000000112,
2005-06-21,8.2765,0.0,0.0,,1.0911,1.0911,0.0,
2005-06-22,8.2765,0.0,0.0,,1.0905,1.0905,-0.0005999999999999339,
2005-06-23,8.2765,0.0,0.0,,1.0894,1.0894,-0.001100000000000101,
2005-06-24,8.2765,0.0,0.0,,1.0882,1.0882,-0.0011999999999998678,
2005-06-27,8.2765,0.0,0.0,,1.0884,1.0884,0.00019999999999997797,
2005-06-28,8.2765,0.0,0.0,,1.0875,1.0875,-0.0009000000000001229,
2005-06-29,8.2765,0.0,0.0,,1.089,1.089,0.0015000000000000568,
2005-06-30,8.2765,0.0,0.0,,1.0926,1.0926,0.0036000000000000476,
2005-07-01,8.2765,0.0,0.0,,1.0981,1.0981,0.00550000000000006,
2005-07-04,8.2765,0.0,0.0,,1.1071,1.1071,0.008999999999999897,
2005-07-05,8.2765,0.0,0.0,,1.1186,1.1186,0.011500000000000066,
2005-07-06,8.2765,0.0,0.0,,1.1294,1.1294,0.01079999999999992,
2005-07-07,8.2765,0.0,0.0,,1.1387,1.1387,0.009300000000000086,
2005-07-08,8.2765,0.0,0.0,,1.1461,1.1461,0.007399999999999851,
2005-07-11,8.2765,0.0,0.0,,1.1509,1.1509,0.0048000000000001375,
2005-07-12,8.2765,0.0,0.0,,1.1538,1.1538,0.0028999999999999027,
2005-07-13,8.2765,0.0,0.0,,1.1561,1.1561,0.0022999999999999687,
2005-07-14,8.2765,0.0,0.0,,1.1602,1.1602,0.0040999999999999925,
2005-07-15,8.2765,0.0,0.0,,1.1648,1.1648,0.0046000000000001595,
2005-07-18,8.2765,0.0,0.0,,1.1726,1.1726,0.007800000000000029,
2005-07-19,8.2765,0.0,0.0,,1.1789,1.1789,0.006299999999999972,
2005-07-20,8.2765,0.0,0.0,,1.1909,1.1909,0.01200000000000001,
2005-07-21,8.2765,0.0,0.0,,1.1992,1.1992,0.008299999999999974,
2005-07-22,8.11,-0.16650000000000098,-0.020322305590761744,,1.2071,1.2071,0.007900000000000018,
2005-07-25,8.1111,0.001100000000000989,0.00013562582089833024,,1.2208,1.2208,0.013700000000000045,
2005-07-26,8.1097,-0.00140000000000029,-0.00017261787377646448,,1.2336,1.2336,0.012799999999999923,
2005-07-27,8.1099,0.00019999999999953388,2.466152063057834e-05,,1.2408,1.2408,0.007199999999999873,
2005-07-28,8.1128,0.0029000000000003467,0.0003575237205756117,,1.2469,1.2469,0.006099999999999994,
2005-07-29,8.108,-0.004799999999999471,-0.0005918327258958559,,1.2513,1.2513,0.0044000000000001815,
2005-08-01,8.1056,-0.0023999999999997357,-0.00029604776453452853,,1.2456,1.2456,-0.005700000000000038,
2005-08-02,8.1046,-0.0010000000000012221,-0.00012337910713866343,,1.2402,1.2402,-0.005400000000000071,
2005-08-03,8.1032,-0.00140000000000029,-0.00017275632763021152,,1.2353,1.2353,-0.004899999999999904,
2005-08-04,8.1051,0.001900000000000901,0.0002344477839999286,,1.2314,1.2314,-0.0039000000000000146,
2005-08-05,8.1027,-0.0023999999999997357,-0.0002961537059368407,,1.2273,1.2273,-0.0040999999999999925,
2005-08-08,8.1037,0.0009999999999994458,0.0001234080364878254,,1.2315,1.2315,0.0041999999999999815,
2005-08-09,8.109,0.005300000000000082,0.0006538084574189426,,1.2358,1.2358,0.0042999999999999705,
2005-08-10,8.107,-0.002000000000000668,-0.0002466699568502386,,1.2401,1.2401,0.0042999999999999705,
2005-08-11,8.1062,-0.0007999999999999119,-9.868502216084803e-05,,1.2433,1.2433,0.0032000000000000917,
2005-08-12,8.1002,-0.006000000000000227,-0.0007404482518180093,,1.2456,1.2456,0.0022999999999999687,
2005-08-15,8.098,-0.0021999999999984254,-0.00027163512162159257,,1.2455,1.2455,-9.999999999998899e-05,
2005-08-16,8.0971,-0.0009000000000014552,-0.00011114472907583763,,1.2452,1.2452,-0.00029999999999996696,
2005-08-17,8.1002,0.0030999999999998806,0.0003827798506975356,,1.2437,1.2437,-0.0015000000000000568,
2005-08-18,8.0997,-0.0004999999999988347,-6.172877612300235e-05,,1.2424,1.2424,-0.0013000000000000789,
2005-08-19,8.1007,0.0009999999999994458,0.00012345374203971942,,1.2404,1.2404,-0.0020000000000000018,
2005-08-22,8.1047,0.0039999999999995595,0.0004936626163171547,,1.238,1.238,-0.0023999999999999577,
2005-08-23,8.1056,0.0009000000000014552,0.00011104051139409495,,1.2348,1.2348,-0.0032000000000000917,
2005-08-24,8.1012,-0.004400000000000404,-0.0005429819715310573,,1.2316,1.2316,-0.0031999999999998696,
2005-08-25,8.1005,-0.000700000000000145,-8.641068535226658e-05,,1.2281,1.2281,-0.0035000000000000586,
2005-08-26,8.1002,-0.0003000000000010772,-3.7035436744732577e-05,,1.2248,1.2248,-0.0032999999999998586,
2005-08-29,8.0965,-0.0036999999999984823,-0.0004568832002026338,,1.2236,1.2236,-0.0012000000000000899,
2005-08-30,8.0954,-0.001100000000000989,-0.00013587040454713764,,1.2239,1.2239,0.00029999999999996696,
2005-08-31,8.0973,0.001900000000000901,0.00023467365031406233,,1.2224,1.2224,-0.0015000000000000568,
2005-09-01,8.0998,0.0024999999999995026,0.00030869723837640507,,1.2201,1.2201,-0.0022999999999999687,
2005-09-02,8.0949,-0.004899999999999238,-0.0006051362667449017,,1.2179,1.2179,-0.0021999999999999797,
2005-09-05,8.0935,-0.00140000000000029,-0.00017296335690873403,,1.2145,1.2145,-0.0034000000000000696,
2005-09-06,8.0916,-0.001900000000000901,-0.00023478384547868112,,1.2133,1.2133,-0.0011999999999998678,
2005-09-07,8.0913,-0.0002999999999993008,-3.707617300157239e-05,,1.2129,1.2129,-0.00039999999999995595,
2005-09-08,8.0925,0.0011999999999989797,0.00014829644486441618,,1.2142,1.2142,0.0012999999999998568,
2005-09-09,8.0945,0.002000000000000668,0.000247111881161235,,1.2143,1.2143,9.999999999998899e-05,
2005-09-12,8.0956,0.0010999999999992127,0.00013588551048989873,,1.2157,1.2157,0.0014000000000000679,
2005-09-13,8.0924,-0.0031999999999996476,-0.00039535458879187826,,1.2163,1.2163,0.0005999999999999339,
2005-09-14,8.094,0.0015999999999998238,0.00019769683255219583,,1.2148,1.2148,-0.0014999999999998348,
2005-09-15,8.0912,-0.0027999999999988034,-0.00034599511009219587,,1.2124,1.2124,-0.0024000000000001798,
2005-09-16,8.0887,-0.002500000000001279,-0.00030902539816639405,,1.2085,1.2085,-0.0039000000000000146,
2005-09-19,8.0871,-0.0015999999999998238,-0.0001978263832660798,,1.2051,1.2051,-0.0033999999999998476,
2005-09-20,8.0908,0.0037000000000002586,0.0004574141346542597,,1.2003,1.2003,-0.0048000000000001375,
2005-09-21,8.089,-0.0017999999999993577,-0.00022249966098783,,1.1957,1.1957,-0.0045999999999999375,
2005-09-22,8.0911,0.002100000000000435,0.0002595781252021397,,1.1901,1.1901,-0.005600000000000049,
2005-09-23,8.0881,-0.0030000000000001137,-0.0003708465232375187,,1.1887,1.1887,-0.0013999999999998458,
2005-09-26,8.091,0.0028999999999985704,0.00035848718792212746,,1.1839,1.1839,-0.0048000000000001375,
2005-09-27,8.0929,0.001900000000000901,0.00023480125417598818,,1.1788,1.1788,-0.005099999999999882,
2005-09-28,8.092,-0.0008999999999996788,-0.00011121477437947727,,1.1751,1.1751,-0.0037000000000000366,
2005-09-29,8.0939,0.0018999999999991246,0.0002347722411143889,,1.1626,1.1626,-0.012499999999999956,
2005-09-30,8.093,-0.0008999999999996788,-0.00011120103304856662,,1.1557,1.1557,-0.006900000000000128,
2005-10-08,8.093,0.0,0.0,,1.1503,1.1503,-0.005399999999999849,
2005-10-09,8.093,0.0,0.0,,1.1466,1.1466,-0.0037000000000000366,
2005-10-10,8.0876,-0.005399999999999849,-0.0006674660025561058,,1.1407,1.1407,-0.005900000000000016,
2005-10-11,8.0864,-0.001200000000000756,-0.0001483862992707109,,1.1394,1.1394,-0.0013000000000000789,
2005-10-12,8.0879,0.0015000000000000568,0.00018547943395396427,,1.1335,1.1335,-0.005900000000000016,
2005-10-13,8.0895,0.0015999999999998238,0.00019780681756245268,,1.1276,1.1276,-0.005900000000000016,
2005-10-14,8.0885,-0.0009999999999994458,-0.00012362467564264434,,1.1216,1.1216,-0.006000000000000005,
2005-10-17,8.0896,0.001100000000000989,0.00013598630268021194,,1.1187,1.1187,-0.0028999999999999027,
2005-10-18,8.0877,-0.001900000000000901,-0.00023489704817705468,,1.1175,1.1175,-0.0012000000000000899,
2005-10-19,8.091,0.0032999999999994145,0.0004079437835877132,,1.1169,1.1169,-0.0005999999999999339,
2005-10-20,8.0924,0.00140000000000029,0.00017301679541911283,,1.1165,1.1165,-0.00039999999999995595,
2005-10-21,8.0905,-0.0018999999999991246,-0.00023481576339586988,,1.1163,1.1163,-0.00019999999999997797,
2005-10-24,8.0885,-0.002000000000000668,-0.0002472340701141347,,1.1148,1.1148,-0.0015000000000000568,
2005-10-25,8.0916,0.0030999999999998806,0.0003831867587878916,,1.1147,1.1147,-9.999999999998899e-05,
2005-10-26,8.0901,-0.0015000000000000568,-0.00018539461296353574,,1.1147,1.1147,0.0,
2005-10-27,8.0867,-0.0033999999999991815,-0.0004203550825952428,,1.1159,1.1159,0.0011999999999998678,
2005-10-28,8.0862,-0.0005000000000006111,-6.183182980905987e-05,,1.1172,1.1172,0.0013000000000000789,
2005-10-31,8.084,-0.002200000000000202,-0.00027210547965694434,,1.1186,1.1186,0.0014000000000000679,
2005-11-01,8.0845,0.0005000000000006111,6.184865635772289e-05,,1.1166,1.1166,-0.0020000000000000018,
2005-11-02,8.086,0.0015000000000000568,0.0001855230208469743,,1.1151,1.1151,-0.0015000000000000568,
2005-11-03,8.0851,-0.0008999999999996788,-0.00011130968220203744,,1.1131,1.1131,-0.0020000000000000018,
2005-11-04,8.0841,-0.0010000000000012221,-0.00012369195770680282,,1.1102,1.1102,-0.0028999999999999027,
2005-11-07,8.0856,0.0015000000000000568,0.00018553219964536594,,1.1077,1.1077,-0.0025000000000001688,
2005-11-08,8.0877,0.002100000000000435,0.00025968726379911453,,1.1071,1.1071,-0.0005999999999999339,
2005-11-09,8.0867,-0.0009999999999994458,-0.00012365219127436234,,1.1052,1.1052,-0.0019000000000000128,
2005-11-10,8.0857,-0.0010000000000012221,-0.00012366748302981807,,1.1037,1.1037,-0.0015000000000000568,
2005-11-11,8.0847,-0.0009999999999994458,-0.000123682778567506,,1.1044,1.1044,0.000700000000000145,
2005-11-14,8.0856,0.0008999999999996788,0.00011131518907249662,,1.1073,1.1073,0.0028999999999999027,
2005-11-15,8.0831,-0.0024999999999995026,-0.0003092394589449896,,1.11,1.11,0.0027000000000001467,
2005-11-16,8.0845,0.00140000000000029,0.00017318587836166215,,1.1133,1.1133,0.0032999999999998586,
2005-11-17,8.0835,-0.0009999999999994458,-0.00012370113820815191,,1.116,1.116,0.0027000000000001467,
2005-11-18,8.0845,0.0009999999999994458,0.00012370113820811714,,1.1182,1.1182,0.0021999999999999797,
2005-11-21,8.0832,-0.001300000000000523,-0.0001608144637520296,,1.1306,1.1306,0.012399999999999967,
2005-11-22,8.0833,9.999999999976694e-05,1.2371261559588882e-05,,1.1492,1.1492,0.01859999999999995,
2005-11-23,8.0839,0.000600000000000378,7.422435551935519e-05,,1.1766,1.1766,0.02740000000000009,
2005-11-24,8.0816,-0.0022999999999999687,-0.0002845566194079689,,1.2091,1.2091,0.03249999999999997,
2005-11-25,8.0805,-0.0010999999999992127,-0.00013612092508986825,,1.2402,1.2402,0.031099999999999905,
2005-11-28,8.0815,0.0009999999999994458,0.00012374706116510326,,1.2686,1.2686,0.02839999999999998,
2005-11-29,8.0825,0.0009999999999994458,0.00012373174972480456,,1.2974,1.2974,0.02880000000000016,
2005-11-30,8.0796,-0.0029000000000003467,-0.0003588642603526957,,1.3246,1.3246,0.02719999999999989,
2005-12-01,8.0804,0.0007999999999999119,9.900990107088047e-05,,1.36,1.36,0.0354000000000001,
2005-12-02,8.0798,-0.0005999999999986017,-7.425650676033662e-05,,1.4125,1.4125,0.05249999999999999,
2005-12-05,8.0806,0.0007999999999999119,9.90074503913991e-05,,1.4617,1.4617,0.04919999999999991,
2005-12-06,8.0808,0.00019999999999953388,2.4750331036792994e-05,,1.5199,1.5199,0.05820000000000003,
2005-12-07,8.078,-0.00280000000000058,-0.00034656039161630995,,1.5696,1.5696,0.04970000000000008,
2005-12-08,8.0771,-0.0008999999999996788,-0.00011141992323544676,,1.6035,1.6035,0.03389999999999982,
2005-12-09,8.078,0.0008999999999996788,0.00011141992323542646,,1.6207,1.6207,0.017200000000000104,
2005-12-12,8.0765,-0.0015000000000000568,-0.0001857067695454982,,1.6308,1.6308,0.010099999999999998,
2005-12-13,8.077,0.0005000000000006111,6.190608848363168e-05,,1.6271,1.6271,-0.0037000000000000366,
2005-12-14,8.0751,-0.0018999999999991246,-0.00023526352718996384,,1.6188,1.6188,-0.008299999999999974,
2005-12-15,8.0746,-0.0005000000000006111,-6.192065489273693e-05,,1.611,1.611,-0.007800000000000029,
2005-12-16,8.074,-0.000600000000000378,-7.430984732751774e-05,,1.5951,1.5951,-0.015900000000000025,
2005-12-19,8.0735,-0.0005000000000006111,-6.192909121042319e-05,,1.5816,1.5816,-0.013500000000000068,
2005-12-20,8.073,-0.0004999999999988347,-6.193292666009697e-05,,1.5705,1.5705,-0.011099999999999888,
2005-12-21,8.074,0.0009999999999994458,0.00012386201787060753,,1.5604,1.5604,-0.010099999999999998,
2005-12-22,8.0765,0.0024999999999995026,0.0003095879409265006,,1.5511,1.5511,-0.009300000000000086,
2005-12-23,8.0775,0.0010000000000012221,0.00012380834484070278,,1.547,1.547,-0.0040999999999999925,
2005-12-26,8.0762,-0.001300000000000523,-0.00016095383754892177,,1.5363,1.5363,-0.010699999999999932,
2005-12-27,8.0755,-0.000700000000000145,-8.66781825365779e-05,,1.5322,1.5322,-0.0040999999999999925,
2005-12-28,8.074,-0.0015000000000000568,-0.00018576426568175258,,1.5299,1.5299,-0.0022999999999999687,
2005-12-29,8.0725,-0.0015000000000000568,-0.00018579878045586512,,1.524,1.524,-0.005900000000000016,
2005-12-30,8.0709,-0.0015999999999998238,-0.0001982234232242255,,1.5204,1.5204,-0.0036000000000000476,
2005-12-31,8.0702,-0.000700000000000145,-8.673510484894032e-05,,1.519,1.519,-0.0014000000000000679,
2006-01-04,8.0702,0.0,0.0,,1.5161,1.5161,-0.0028999999999999027,
2006-01-05,8.0678,-0.0023999999999997357,-0.00029743462854049966,,1.5103,1.5103,-0.005800000000000027,
2006-01-06,8.0675,-0.0002999999999993008,-3.7185549699584195e-05,,1.5061,1.5061,-0.0041999999999999815,
2006-01-09,8.0665,-0.0010000000000012221,-0.00012396181991834883,,1.4999,1.4999,-0.006199999999999983,
2006-01-10,8.0691,0.002600000000001046,0.0003222687749452282,,1.4932,1.4932,-0.006699999999999928,
2006-01-11,8.0705,0.0013999999999985135,0.00017348633219047203,,1.4852,1.4852,-0.008000000000000007,
2006-01-12,8.0685,-0.0019999999999988916,-0.00024784683192719616,,1.4782,1.4782,-0.007000000000000117,
2006-01-13,8.0698,0.001300000000000523,0.00016110742802062742,,1.4722,1.4722,-0.006000000000000005,
2006-01-16,8.0673,-0.002500000000001279,-0.0003098450180022374,,1.4662,1.4662,-0.006000000000000005,
2006-01-17,8.0676,0.0003000000000010772,3.7186471565987945e-05,,1.4615,1.4615,-0.0046999999999999265,
2006-01-18,8.0704,0.0027999999999988034,0.00034700706755423064,,1.4565,1.4565,-0.0050000000000001155,
2006-01-19,8.0687,-0.0016999999999995907,-0.00021066850150093687,,1.4517,1.4517,-0.0047999999999999154,
2006-01-20,8.0648,-0.0038999999999997925,-0.0004834660893129375,,1.4543,1.4543,0.0025999999999999357,
2006-01-23,8.0645,-0.0002999999999993008,-3.719938249448255e-05,,1.4627,1.4627,0.008399999999999963,
2006-01-24,8.0625,-0.002000000000000668,-0.00024803125320935947,,1.4865,1.4865,0.023800000000000043,
2006-01-25,8.063,0.0005000000000006111,6.201358099410541e-05,,1.5979,1.5979,0.11140000000000017,
2006-01-26,8.062,-0.0010000000000012221,-0.0001240310079110771,,1.9786,1.9786,0.3806999999999998,
2006-01-27,8.0608,-0.0011999999999989797,-0.00014885751881989792,,2.17,2.17,0.19140000000000001,
2006-01-28,8.0608,0.0,0.0,,2.2303,2.2303,0.06030000000000024,
2006-02-05,8.0608,0.0,0.0,,2.2752,2.2752,0.04489999999999972,
2006-02-06,8.056,-0.004800000000001248,-0.0005956517598929709,,2.1522,2.1522,-0.12299999999999978,
2006-02-07,8.0566,0.000600000000000378,7.447587605707234e-05,,1.8605,1.8605,-0.29170000000000007,
2006-02-08,8.0545,-0.0020999999999986585,-0.00026068983643473824,,1.683,1.683,-0.1775,
2006-02-09,8.0558,0.0012999999999987466,0.0001613874357175965,,1.5856,1.5856,-0.09740000000000015,
2006-02-10,8.0516,-0.004199999999999093,-0.0005214994468611192,,1.4939,1.4939,-0.09169999999999989,
2006-02-13,8.0472,-0.004400000000000404,-0.0005466246067483604,,1.4671,1.4671,-0.026799999999999935,
2006-02-14,8.0477,0.0005000000000006111,6.213148266355183e-05,,1.447,1.447,-0.020100000000000007,
2006-02-15,8.0481,0.00039999999999906777,4.970240684907301e-05,,1.4283,1.4283,-0.01870000000000016,
2006-02-16,8.0495,0.00140000000000029,0.00017393897270775598,,1.4079,1.4079,-0.020399999999999974,
2006-02-17,8.0493,-0.00019999999999953388,-2.4846572416518627e-05,,1.386,1.386,-0.02190000000000003,
2006-02-20,8.0483,-0.0010000000000012221,-0.0001242421232093395,,1.3691,1.3691,-0.016899999999999915,
2006-02-21,8.0485,0.00020000000000131024,2.4849659561072867e-05,,1.353,1.353,-0.016100000000000003,
2006-02-22,8.0497,0.0011999999999989797,0.00014908499114466193,,1.3347,1.3347,-0.018299999999999983,
2006-02-23,8.049,-0.000700000000000145,-8.696354369499154e-05,,1.3234,1.3234,-0.011300000000000088,
2006-02-24,8.0432,-0.005799999999998917,-0.0007208461554229074,,1.3185,1.3185,-0.004899999999999904,
2006-02-27,8.042,-0.001200000000000756,-0.0001492054810915146,,1.3154,1.3154,-0.0031000000000001027,
2006-02-28,8.0415,-0.0005000000000006111,-6.217552151724319e-05,,1.3219,1.3219,0.006500000000000172,
2006-03-01,8.039,-0.0024999999999995026,-0.0003109356077412295,,1.3389,1.3389,0.016999999999999904,
2006-03-02,8.0394,0.0004000000000008441,4.975619465668908e-05,,1.353,1.353,0.014100000000000001,
2006-03-03,8.038,-0.00140000000000029,-0.00017415751347093548,,1.3678,1.3678,0.014799999999999924,
2006-03-06,8.0382,0.00019999999999953388,2.4881501848570554e-05,,1.3858,1.3858,0.018000000000000016,
2006-03-07,8.0425,0.004300000000000637,0.0005348026021863346,,1.3976,1.3976,0.011800000000000033,
2006-03-08,8.0475,0.004999999999999005,0.000621504059781687,,1.4114,1.4114,0.013800000000000034,
2006-03-09,8.048,0.0005000000000006111,6.21291665573761e-05,,1.4222,1.4222,0.01079999999999992,
2006-03-10,8.0492,0.001200000000000756,0.0001490942526928487,,1.4295,1.4295,0.007300000000000084,
2006-03-13,8.0503,0.0010999999999992127,0.00013665020674068383,,1.4303,1.4303,0.0007999999999999119,
2006-03-14,8.0475,-0.00280000000000058,-0.00034787362599083887,,1.4278,1.4278,-0.0024999999999999467,
2006-03-15,8.0388,-0.008699999999999264,-0.001081665870740912,,1.4185,1.4185,-0.009299999999999864,
2006-03-16,8.035,-0.0038000000000000256,-0.000472819130609224,,1.4126,1.4126,-0.005900000000000016,
2006-03-17,8.0286,-0.006399999999999295,-0.0007968326326147013,,1.4119,1.4119,-0.000700000000000145,
2006-03-20,8.025,-0.0036000000000004917,-0.000448497540781532,,1.411,1.411,-0.0008999999999999009,
2006-03-21,8.0272,0.002200000000000202,0.00027410573177190237,,1.4116,1.4116,0.0005999999999999339,
2006-03-22,8.0306,0.0033999999999991815,0.0004234702201805932,,1.4162,1.4162,0.0045999999999999375,
2006-03-23,8.0296,-0.0009999999999994458,-0.00012453145057867416,,1.4409,1.4409,0.024700000000000166,
2006-03-24,8.0338,0.004199999999999093,0.0005229279101195636,,1.4872,1.4872,0.04630000000000001,
2006-03-27,8.0245,-0.009299999999999642,-0.0011582796484993889,,1.532,1.532,0.04479999999999995,
2006-03-28,8.0212,-0.0032999999999994145,-0.00041132515833227333,,1.574,1.574,0.04200000000000004,
2006-03-29,8.028,0.006800000000000139,0.0008473943133502605,,1.6083,1.6083,0.0343,
2006-03-30,8.027,-0.0010000000000012221,-0.00012457178465202383,,1.626,1.626,0.017699999999999827,
2006-03-31,8.017,-0.009999999999999787,-0.001246572088625152,,1.6254,1.6254,-0.0005999999999999339,
2006-04-03,8.021,0.004000000000001336,0.0004988153239731683,,1.6232,1.6232,-0.0021999999999999797,
2006-04-04,8.0194,-0.0016000000000016001,-0.00019949627257528332,,1.6191,1.6191,-0.0040999999999999925,
2006-04-05,8.0116,-0.007799999999999585,-0.0009731146672719699,,1.6128,1.6128,-0.006299999999999972,
2006-04-06,8.0098,-0.0017999999999993577,-0.00022469946541162956,,1.6073,1.6073,-0.00550000000000006,
2006-04-07,8.013,0.0031999999999996476,0.0003994308164047913,,1.6013,1.6013,-0.006000000000000005,
2006-04-10,8.004,-0.009000000000000341,-0.0011238060744466127,,1.5907,1.5907,-0.010599999999999943,
2006-04-11,8.011,0.006999999999999673,0.0008741805114927116,,1.5755,1.5755,-0.015200000000000102,
2006-04-12,8.012,0.0010000000000012221,0.00012482057059225103,,1.5594,1.5594,-0.016100000000000003,
2006-04-13,8.0248,0.012800000000000367,0.0015963287835665829,,1.5424,1.5424,-0.016999999999999904,
2006-04-14,8.0163,-0.008500000000001506,-0.0010597777952323548,,1.5284,1.5284,-0.014000000000000012,
2006-04-17,8.0158,-0.0004999999999988347,-6.237486045634555e-05,,1.5281,1.5281,-0.00029999999999996696,
2006-04-18,8.014,-0.001800000000001134,-0.00022458171749695325,,1.5453,1.5453,0.017199999999999882,
2006-04-19,8.0128,-0.0011999999999989797,-0.0001497491704196745,,1.5758,1.5758,0.030500000000000194,
2006-04-20,8.0126,-0.00019999999999953388,-2.4960375405317148e-05,,1.6108,1.6108,0.03499999999999992,
2006-04-21,8.021,0.008399999999999963,0.0010477997166598932,,1.6517,1.6517,0.040899999999999936,
2006-04-24,8.0185,-0.002500000000001279,-0.00031173041806120737,,1.6854,1.6854,0.03370000000000006,
2006-04-25,8.016,-0.0024999999999995026,-0.00031182762421746486,,1.717,1.717,0.03160000000000007,
2006-04-26,8.022,0.006000000000000227,0.0007482230053521344,,1.7484,1.7484,0.03139999999999987,
2006-04-27,8.0205,-0.0015000000000000568,-0.00018700327310225396,,1.7871,1.7871,0.03869999999999996,
2006-04-28,8.0165,-0.0039999999999995595,-0.000498846428003859,,1.835,1.835,0.047900000000000054,
2006-04-29,8.0165,0.0,0.0,,1.9247,1.9247,0.08970000000000011,
2006-04-30,8.0165,0.0,0.0,,1.936,1.936,0.011299999999999866,
2006-05-08,8.009,-0.007500000000000284,-0.0009360083052097942,,1.9179,1.9179,-0.018100000000000005,
2006-05-09,8.0065,-0.0024999999999995026,-0.00031219756115073293,,1.895,1.895,-0.02289999999999992,
2006-05-10,8.0048,-0.001700000000001367,-0.00021235002859103358,,1.8599,1.8599,-0.03509999999999991,
2006-05-11,8.0062,0.00140000000000029,0.00017487977060379867,,1.7962,1.7962,-0.06370000000000009,
2006-05-12,8.0082,0.002000000000000668,0.0002497752036165391,,1.7778,1.7778,-0.018399999999999972,
2006-05-15,7.9982,-0.010000000000000675,-0.0012495003624853633,,1.7695,1.7695,-0.008299999999999974,
2006-05-16,8.015,0.016800000000000814,0.0020982696979779387,,1.7537,1.7537,-0.015800000000000036,
2006-05-17,8.006,-0.009000000000000341,-0.001123525491134395,,1.7354,1.7354,-0.018299999999999983,
2006-05-18,8.018,0.012000000000000455,0.0014977536499334854,,1.7071,1.7071,-0.028299999999999992,
2006-05-19,8.015,-0.0030000000000001137,-0.00037422815879896134,,1.6925,1.6925,-0.014600000000000168,
2006-05-22,8.0226,0.007600000000000051,0.00094777280502148,,1.6763,1.6763,-0.016199999999999992,
2006-05-23,8.0176,-0.005000000000000782,-0.0006234336432147754,,1.6614,1.6614,-0.014899999999999913,
2006-05-24,8.023,0.005399999999999849,0.00067329154819572,,1.6453,1.6453,-0.016100000000000003,
2006-05-25,8.0268,0.0038000000000000256,0.000473526158706611,,1.645,1.645,-0.00029999999999996696,
2006-05-26,8.0216,-0.0052000000000003155,-0.0006480397026471529,,1.6379,1.6379,-0.007100000000000106,
2006-05-29,8.0282,0.006600000000000605,0.0008224402013762393,,1.6309,1.6309,-0.006999999999999895,
2006-05-30,8.0284,0.00019999999999953388,2.491187424615889e-05,,1.6256,1.6256,-0.005300000000000082,
2006-05-31,8.0188,-0.009599999999998943,-0.0011964705550167026,,1.6245,1.6245,-0.0010999999999998789,
2006-06-01,8.021,0.002200000000000202,0.0002743176366034601,,1.6327,1.6327,0.008199999999999985,
2006-06-02,8.0214,0.00039999999999906777,4.986785020711816e-05,,1.6569,1.6569,0.0242,
2006-06-05,8.0096,-0.011799999999999145,-0.0014721479796767076,,1.681,1.681,0.02410000000000001,
2006-06-06,8.0148,0.005199999999998539,0.0006490102821354438,,1.7063,1.7063,0.025299999999999878,
2006-06-07,8.0168,0.002000000000000668,0.0002495072245285594,,1.7316,1.7316,0.0253000000000001,
2006-06-08,8.0174,0.000600000000000378,7.484002947211646e-05,,1.7571,1.7571,0.025500000000000078,
2006-06-09,8.018,0.000600000000000378,7.483442886118216e-05,,1.7736,1.7736,0.01649999999999996,
2006-06-12,8.0161,-0.001900000000000901,-0.00023699490571895836,,1.7884,1.7884,0.014799999999999924,
2006-06-13,8.0073,-0.00879999999999903,-0.0010983937097922775,,1.8065,1.8065,0.018100000000000005,
2006-06-14,8.0051,-0.002200000000000202,-0.00027478704177299313,,1.8312,1.8312,0.024699999999999944,
2006-06-15,7.9999,-0.0052000000000003155,-0.0006497969613207175,,1.8733,1.8733,0.042100000000000026,
2006-06-16,7.9976,-0.0022999999999999687,-0.0002875449308763764,,1.9246,1.9246,0.05130000000000012,
2006-06-19,8.0018,0.004199999999999093,0.0005250197002980909,,1.9733,1.9733,0.048699999999999966,
2006-06-20,8.0036,0.001800000000001134,0.00022492408906862855,,2.0647,2.0647,0.09140000000000015,
2006-06-21,7.999,-0.004600000000000826,-0.0005749065935159734,,2.121,2.121,0.056299999999999795,
2006-06-22,7.9975,-0.0015000000000000568,-0.0001875410251488029,,2.1428,2.1428,0.02179999999999982,
2006-06-23,8.0026,0.00509999999999966,0.000637496037239816,,2.1447,2.1447,0.0019000000000000128,
2006-06-26,8.0038,0.001200000000000756,0.00014994002427143557,,2.144,2.144,-0.0006999999999997009,
2006-06-27,7.9991,-0.004699999999999704,-0.0005873935518108933,,2.111,2.111,-0.03299999999999992,
2006-06-28,7.9995,0.00039999999999995595,5.000437539333566e-05,,2.0872,2.0872,-0.023800000000000043,
2006-06-29,8.0001,0.0005999999999994898,7.500187508191585e-05,,2.0671,2.0671,-0.02010000000000023,
2006-06-30,7.9956,-0.0045000000000001705,-0.0005626512273569058,,2.0701,2.0701,0.0030000000000001137,
2006-07-03,7.9924,-0.0031999999999996476,-0.00040030023051419386,,2.0707,2.0707,0.0005999999999999339,
2006-07-04,7.9935,0.001100000000000101,0.0001376212789691602,,2.0737,2.0737,0.0030000000000001137,
2006-07-05,7.9944,0.0008999999999996788,0.00011258514263294011,,2.0811,2.0811,0.007400000000000073,
2006-07-06,7.996,0.001600000000000712,0.0002001200727111256,,2.085,2.085,0.0038999999999997925,
2006-07-07,7.9936,-0.002400000000000624,-0.0003001951290869019,,2.0746,2.0746,-0.010399999999999743,
2006-07-10,7.9908,-0.0027999999999996916,-0.0003503415866267787,,2.0632,2.0632,-0.011400000000000077,
2006-07-11,7.9925,0.0016999999999995907,0.00021272202941939218,,2.0467,2.0467,-0.01650000000000018,
2006-07-12,7.9916,-0.0008999999999996788,-0.0001126119082026756,,2.0284,2.0284,-0.018299999999999983,
2006-07-13,7.9948,0.0031999999999996476,0.0004003402945928792,,2.0071,2.0071,-0.021300000000000097,
2006-07-14,7.9956,0.0007999999999999119,0.00010006003610516897,,1.9849,1.9849,-0.022199999999999775,
2006-07-17,7.997,0.00140000000000029,0.00017508097539826645,,1.9805,1.9805,-0.0044000000000001815,
2006-07-18,8.0016,0.0045999999999999375,0.0005750503327494372,,2.0056,2.0056,0.0250999999999999,
2006-07-19,8.0024,0.0007999999999999119,9.997500633164248e-05,,2.0544,2.0544,0.048799999999999955,
2006-07-20,7.9918,-0.010600000000000165,-0.0013254806807377602,,2.15,2.15,0.09560000000000013,
2006-07-21,7.9897,-0.0020999999999995467,-0.00026280386848365824,,2.2862,2.2862,0.1362000000000001,
2006-07-24,7.9845,-0.0052000000000003155,-0.0006510498408278037,,2.4177,2.4177,0.13149999999999995,
2006-07-25,7.987,0.002500000000000391,0.0003130576364672802,,2.5247,2.5247,0.1070000000000002,
2006-07-26,7.9877,0.000700000000000145,8.763857855847555e-05,,2.6075,2.6075,0.08279999999999976,
2006-07-27,7.9808,-0.006899999999999906,-0.0008642014502846342,,2.6563,2.6563,0.048799999999999955,
2006-07-28,7.9792,-0.001600000000000712,-0.00020050125380463143,,2.6755,2.6755,0.019200000000000106,
2006-07-31,7.9732,-0.005999999999999339,-0.0007522379432474067,,2.6834,2.6834,0.007899999999999796,
2006-08-01,7.973,-0.00020000000000042206,-2.5084346115163886e-05,,2.6826,2.6826,-0.0007999999999999119,
2006-08-02,7.972,-0.0009999999999994458,-0.00012543116981001917,,2.679,2.679,-0.0036000000000000476,
2006-08-03,7.9762,0.0041999999999999815,0.0005267052202876977,,2.6758,2.6758,-0.0031999999999996476,
2006-08-04,7.9772,0.0009999999999994458,0.00012536512609330073,,2.6706,2.6706,-0.0052000000000003155,
2006-08-07,7.9699,-0.007299999999999862,-0.0009155270249635591,,2.6518,2.6518,-0.018799999999999706,
2006-08-08,7.974,0.004100000000000215,0.0005143032871975193,,2.6405,2.6405,-0.01130000000000031,
2006-08-09,7.9775,0.0034999999999998366,0.000438830211098256,,2.6278,2.6278,-0.012699999999999712,
2006-08-10,7.9688,-0.008700000000000152,-0.0010911623214426348,,2.6141,2.6141,-0.013700000000000045,
2006-08-11,7.9725,0.0037000000000002586,0.00046420305325689217,,2.5984,2.5984,-0.01570000000000027,
2006-08-14,7.9928,0.020299999999999763,0.002543016534596026,,2.5807,2.5807,-0.017699999999999605,
2006-08-15,7.995,0.002200000000000202,0.0002752098492457355,,2.5568,2.5568,-0.023900000000000254,
2006-08-16,7.9827,-0.012299999999999756,-0.0015396461855927501,,2.5238,2.5238,-0.03299999999999992,
2006-08-17,7.9748,-0.00790000000000024,-0.0009901301137900944,,2.4972,2.4972,-0.02660000000000018,
2006-08-18,7.9736,-0.0011999999999998678,-0.00015048531542533828,,2.4729,2.4729,-0.024299999999999766,
2006-08-21,7.9698,-0.0038000000000000256,-0.0004766862867337949,,2.4462,2.4462,-0.026699999999999946,
2006-08-22,7.9672,-0.0026000000000001577,-0.00032628474908286955,,2.4464,2.4464,0.00019999999999997797,
2006-08-23,7.9703,0.0030999999999998806,0.0003890196127491195,,2.4402,2.4402,-0.006200000000000205,
2006-08-24,7.9708,0.0004999999999997229,6.273092825017127e-05,,2.4217,2.4217,-0.01849999999999996,
2006-08-25,7.9715,0.000700000000000145,8.781668899093114e-05,,2.3942,2.3942,-0.027499999999999858,
2006-08-28,7.9719,0.00039999999999995595,5.017750292703635e-05,,2.3519,2.3519,-0.042300000000000004,
2006-08-29,7.9669,-0.004999999999999893,-0.0006273998248315515,,2.2818,2.2818,-0.07010000000000005,
2006-08-30,7.9598,-0.00709999999999944,-0.0008915846308813545,,2.2282,2.2282,-0.05359999999999987,
2006-08-31,7.9585,-0.001300000000000523,-0.00016333402472502813,,2.1949,2.1949,-0.03330000000000011,
2006-09-01,7.959,0.0004999999999997229,6.282393594030512e-05,,2.1808,2.1808,-0.014100000000000001,
2006-09-04,7.9499,-0.00909999999999922,-0.0011440138529353135,,2.1859,2.1859,0.0051000000000001044,
2006-09-05,7.9425,-0.007400000000000517,-0.0009312628092428125,,2.2004,2.2004,0.014499999999999957,
2006-09-06,7.9471,0.0045999999999999375,0.0005789950821300254,,2.2039,2.2039,0.0034999999999998366,
2006-09-07,7.9508,0.0037000000000002586,0.0004654702906428287,,2.2017,2.2017,-0.0021999999999997577,
2006-09-08,7.9568,0.006000000000000227,0.0007543564440301528,,2.183,2.183,-0.018700000000000383,
2006-09-11,7.9608,0.0039999999999995595,0.0005025883404782042,,2.1608,2.1608,-0.022199999999999775,
2006-09-12,7.9552,-0.005600000000000271,-0.00070369442461512,,2.1352,2.1352,-0.025599999999999845,
2006-09-13,7.9555,0.000300000000000189,3.771047157386394e-05,,2.1128,2.1128,-0.022400000000000198,
2006-09-14,7.9476,-0.007899999999999352,-0.000993517068977026,,2.0972,2.0972,-0.015600000000000058,
2006-09-15,7.9459,-0.001700000000000479,-0.00021392393198267284,,2.091,2.091,-0.006199999999999761,
2006-09-18,7.9431,-0.0027999999999996916,-0.00035244509144488704,,2.085,2.085,-0.006000000000000227,
2006-09-19,7.9342,-0.008900000000000574,-0.0011210975332293825,,2.0747,2.0747,-0.010299999999999976,
2006-09-20,7.9299,-0.0042999999999997485,-0.0005421045133736769,,2.0627,2.0627,-0.01200000000000001,
2006-09-21,7.9264,-0.0034999999999998366,-0.0004414649138630164,,2.0447,2.0447,-0.017999999999999794,
2006-09-22,7.9188,-0.007600000000000051,-0.0009592811176641788,,2.0375,2.0375,-0.007200000000000095,
2006-09-25,7.9196,0.0007999999999999119,0.00010102030516729011,,2.0687,2.0687,0.031200000000000117,
2006-09-26,7.915,-0.0045999999999999375,-0.0005810061674309452,,2.1252,2.1252,0.05649999999999977,
2006-09-27,7.9072,-0.007800000000000473,-0.0009859565208216582,,2.1844,2.1844,0.05920000000000014,
2006-09-28,7.8998,-0.007399999999999629,-0.0009362941153411389,,2.2357,2.2357,0.0512999999999999,
2006-09-29,7.9087,0.008899999999999686,0.0011259766505743616,,2.3081,2.3081,0.07240000000000002,
2006-09-30,7.9087,0.0,0.0,,2.3458,2.3458,0.03770000000000007,
2006-10-08,7.9087,0.0,0.0,2.293,2.345,2.293,-0.05279999999999996,0.052000000000000046
2006-10-09,7.9103,0.001600000000000712,0.00020228838807214108,2.296,2.3286,2.296,0.0029999999999996696,0.03259999999999996
2006-10-10,7.9128,0.0024999999999995026,0.0003159937080347648,2.2971,2.3179,2.2971,0.001100000000000101,0.02079999999999993
2006-10-11,7.9164,0.0036000000000004917,0.0004548555911946543,2.2932,2.2865,2.2932,-0.0038999999999997925,-0.006699999999999928
2006-10-12,7.9174,0.0009999999999994458,0.00012631206675956178,2.2904,2.2613,2.2904,-0.0028000000000001357,-0.029100000000000126
2006-10-13,7.9116,-0.005799999999999805,-0.0007328321763308098,2.2919,2.2511,2.2919,0.0015000000000000568,-0.04079999999999995
2006-10-16,7.9148,0.0031999999999996476,0.0004043876110307067,2.3144,2.2498,2.3144,0.022499999999999964,-0.06459999999999999
2006-10-17,7.911,-0.0038000000000000256,-0.0004802284968886127,2.379,2.2603,2.379,0.06459999999999999,-0.11870000000000003
2006-10-18,7.9085,-0.0024999999999995026,-0.0003160656178527852,2.4628,2.2936,2.4628,0.0838000000000001,-0.16920000000000002
2006-10-19,7.909,0.0004999999999997229,6.322111587381905e-05,2.4922,2.3446,2.4922,0.02939999999999987,-0.14760000000000018
2006-10-20,7.8995,-0.009500000000000064,-0.0012018852065135966,2.4901,2.3951,2.4901,-0.0020999999999999908,-0.0950000000000002
2006-10-23,7.8998,0.000300000000000189,3.797636604615288e-05,2.4775,2.4384,2.4775,-0.012599999999999945,-0.03909999999999991
2006-10-24,7.9049,0.00509999999999966,0.0006453776632289925,2.4782,2.4626,2.4782,0.000700000000000145,-0.015600000000000058
2006-10-25,7.9007,-0.0041999999999999815,-0.0005314572175503004,2.4322,2.4732,2.4322,-0.04600000000000026,0.040999999999999925
2006-10-26,7.894,-0.006699999999999484,-0.0008483859018359946,2.3887,2.4474,2.3887,-0.04349999999999987,0.058699999999999974
2006-10-27,7.8871,-0.006899999999999906,-0.0008744638130035684,2.3696,2.4079,2.3696,-0.019099999999999895,0.0383
2006-10-30,7.8781,-0.009000000000000341,-0.001141755382450505,2.3931,2.3698,2.3931,0.023499999999999854,-0.023299999999999876
2006-10-31,7.8792,0.001100000000000101,0.00013961782815424278,2.4514,2.359,2.4514,0.05830000000000002,-0.09240000000000004
2006-11-01,7.872,-0.007200000000000095,-0.0009142161234032132,2.4803,2.3606,2.4803,0.028900000000000148,-0.11970000000000036
2006-11-02,7.875,0.0030000000000001137,0.00038102496174455735,2.488,2.3871,2.488,0.007699999999999818,-0.10089999999999977
2006-11-03,7.8729,-0.002100000000000435,-0.000266702228544556,2.4527,2.4215,2.4527,-0.03529999999999989,-0.031200000000000117
2006-11-06,7.8804,0.007500000000000284,0.0009521815196380093,2.5751,2.4394,2.5751,0.12239999999999984,-0.13569999999999993
2006-11-07,7.8829,0.002500000000000391,0.0003171924687039926,2.6931,2.4792,2.6931,0.11799999999999988,-0.21389999999999976
2006-11-08,7.8719,-0.01100000000000012,-0.0013964000542614416,2.8443,2.5393,2.8443,0.15120000000000022,-0.30500000000000016
2006-11-09,7.8697,-0.002200000000000202,-0.0002795141554002047,2.9405,2.6231,2.9405,0.09620000000000006,-0.3174000000000001
2006-11-10,7.8667,-0.0030000000000001137,-0.0003812816192196048,3.1975,2.7231,3.1975,0.2569999999999997,-0.4743999999999997
2006-11-13,7.8644,-0.0022999999999999687,-0.00029241439141432387,3.2409,2.8793,3.2409,0.043400000000000105,-0.3615999999999997
2006-11-14,7.8703,0.00590000000000046,0.0007499348925005454,3.6395,3.0426,3.6395,0.39860000000000007,-0.5968999999999998
2006-11-15,7.8715,0.0011999999999998678,0.00015246032884720577,3.6929,3.2378,3.6929,0.05339999999999989,-0.45509999999999984
2006-11-16,7.8733,0.0018000000000002458,0.00022864691934378547,3.5343,3.403,3.5343,-0.15859999999999985,-0.13129999999999997
2006-11-17,7.8745,0.0011999999999998678,0.00015240224060787702,3.8258,3.5014,3.8258,0.2915000000000001,-0.32440000000000024
2006-11-20,7.869,-0.0055000000000005045,-0.0006987010796520591,3.9409,3.6258,3.9409,0.11509999999999998,-0.31510000000000016
2006-11-21,7.8695,0.0005000000000006111,6.353845667240614e-05,4.0016,3.7403,4.0016,0.060699999999999754,-0.26129999999999987
2006-11-22,7.8655,-0.004000000000000448,-0.0005084207290962021,3.7091,3.8182,3.7091,-0.2925,0.1091000000000002
2006-11-23,7.8596,-0.005899999999999572,-0.0007503927195187211,3.7165,3.8164,3.7165,0.007400000000000073,0.09989999999999988
2006-11-24,7.8526,-0.007000000000000561,-0.0008910274134909643,3.8861,3.8339,3.8861,0.16959999999999997,-0.052200000000000024
2006-11-27,7.8402,-0.012399999999999523,-0.0015803429063943242,3.1747,3.8493,3.1747,-0.7113999999999998,0.6745999999999999
2006-11-28,7.8487,0.00849999999999973,0.0010835687437192724,3.0728,3.6704,3.0728,-0.1019000000000001,0.5975999999999999
2006-11-29,7.8394,-0.009299999999999642,-0.0011856121632828095,2.5137,3.469,2.5137,-0.5590999999999999,0.9552999999999998
2006-11-30,7.8436,0.0041999999999999815,0.0005356118217697293,2.427,3.1882,2.427,-0.0867,0.7612000000000001
2006-12-01,7.8331,-0.010500000000000398,-0.0013395678389122006,2.3851,2.9232,2.3851,-0.04190000000000005,0.5381
2006-12-04,7.824,-0.009100000000000108,-0.0011624120717964057,2.3543,2.6489,2.3543,-0.03080000000000016,0.2946
2006-12-05,7.8279,0.0038999999999997925,0.0004983420646325449,2.3165,2.5008,2.3165,-0.037799999999999834,0.1842999999999999
2006-12-06,7.8226,-0.005299999999999194,-0.0006772946810138942,2.2959,2.3753,2.2959,-0.02059999999999995,0.07940000000000014
2006-12-07,7.8305,0.007899999999999352,0.0010093848082165903,2.2643,2.3409,2.2643,-0.03160000000000007,0.0766
2006-12-08,7.8266,-0.0038999999999997925,-0.0004981765564068096,2.2463,2.3087,2.2463,-0.017999999999999794,0.06239999999999979
2006-12-11,7.8377,0.011099999999999888,0.0014172356068148672,2.2424,2.282,2.2424,-0.0039000000000002366,0.03960000000000008
2006-12-12,7.8324,-0.005300000000000082,-0.0006764475277246183,2.2101,2.261,2.2101,-0.03229999999999977,0.050899999999999945
2006-12-13,7.8254,-0.006999999999999673,-0.0008941231164466737,2.2283,2.239,2.2283,0.018199999999999772,0.010699999999999932
2006-12-14,7.8197,-0.005700000000000038,-0.000728662680609372,2.0627,2.2272,2.0627,-0.16559999999999997,0.16449999999999987
2006-12-15,7.8185,-0.0011999999999998678,-0.00015347034855104822,2.0486,2.1817,2.0486,-0.014100000000000001,0.13310000000000022
2006-12-18,7.8255,0.006999999999999673,0.0008949118469921874,2.0248,2.1383,2.0248,-0.023800000000000043,0.11350000000000016
2006-12-19,7.827,0.0015000000000000568,0.00019166267428106398,2.0222,2.0944,2.0222,-0.0025999999999997137,0.0721999999999996
2006-12-20,7.8198,-0.007200000000000095,-0.0009203160401090605,1.9789,2.0519,1.9789,-0.043300000000000116,0.07299999999999973
2006-12-21,7.819,-0.0007999999999999119,-0.00010230964021504942,1.9016,2.0053,1.9016,-0.07730000000000015,0.10370000000000013
2006-12-22,7.8189,-9.999999999976694e-05,-1.2789441037637144e-05,2.052,1.9702,2.052,0.1504000000000001,-0.0818000000000001
2006-12-25,7.8221,0.0031999999999996476,0.0004091810043664006,2.2896,1.9806,2.2896,0.23760000000000003,-0.30900000000000016
2006-12-26,7.822,-9.999999999976694e-05,-1.2784372383388097e-05,2.2841,2.0498,2.2841,-0.00550000000000006,-0.23430000000000017
2006-12-27,7.823,0.001000000000000334,0.0001278363696213056,2.2785,2.1158,2.2785,-0.005599999999999827,-0.16270000000000007
2006-12-28,7.8149,-0.008100000000000662,-0.001035944816682371,2.0753,2.1765,2.0753,-0.20320000000000027,0.10119999999999996
2006-12-29,7.8087,-0.006199999999999761,-0.0007936711545937175,1.9641,2.1918,1.9641,-0.11119999999999997,0.22770000000000024
2006-12-30,7.8087,0.0,0.0,1.9182,2.1516,1.9182,-0.04590000000000005,0.23340000000000027
2006-12-31,7.8087,0.0,0.0,1.6321,2.0675,1.6321,-0.2860999999999998,0.4353999999999998
2007-01-04,7.8073,-0.00140000000000029,-0.00017930327916894319,1.5238,1.9045,1.5238,-0.10830000000000006,0.38070000000000004
2007-01-05,7.8097,0.002400000000000624,0.0003073573693915231,1.5057,1.7545,1.5057,-0.018100000000000005,0.2487999999999999
2007-01-08,7.8135,0.0038000000000000256,0.000486456049328636,1.4524,1.6426,1.4524,-0.053300000000000125,0.19020000000000015
2007-01-09,7.8078,-0.005700000000000038,-0.0007297728425892346,1.4405,1.5499,1.4405,-0.011900000000000022,0.10940000000000016
2007-01-10,7.8081,0.0002999999999993008,3.8422377197087156e-05,1.4262,1.4717,1.4262,-0.01429999999999998,0.045500000000000096
2007-01-11,7.7977,-0.010399999999999743,-0.0013328379883883721,1.4122,1.4498,1.4122,-0.014000000000000012,0.03760000000000008
2007-01-12,7.8012,0.0034999999999998366,0.0004487495988479669,1.4047,1.429,1.4047,-0.00749999999999984,0.02429999999999999
2007-01-15,7.7938,-0.007399999999999629,-0.0009490221937025867,1.38,1.4122,1.38,-0.024700000000000166,0.032200000000000006
2007-01-16,7.7895,-0.0042999999999997485,-0.000551872852237325,1.3733,1.3959,1.3733,-0.006699999999999928,0.022599999999999953
2007-01-17,7.7798,-0.009700000000000486,-0.0012460420513491569,1.4986,1.3801,1.4986,0.12529999999999997,-0.11849999999999983
2007-01-18,7.7758,-0.0039999999999995595,-0.0005142842562372366,1.5048,1.4003,1.5048,0.006199999999999983,-0.10449999999999982
2007-01-19,7.7788,0.0030000000000001137,0.00038573798583027867,1.5485,1.4258,1.5485,0.04370000000000007,-0.12270000000000003
2007-01-22,7.78,0.0011999999999998678,0.00015425354171002626,1.7726,1.4595,1.7726,0.22409999999999997,-0.31309999999999993
2007-01-23,7.7815,0.0015000000000000568,0.00019278347262749874,1.9648,1.5541,1.9648,0.19220000000000015,-0.41070000000000007
2007-01-24,7.7755,-0.006000000000000227,-0.0007713569836724753,2.0061,1.6788,2.0061,0.04129999999999989,-0.3272999999999999
2007-01-25,7.7735,-0.0019999999999997797,-0.00025725127159679373,2.0159,1.784,2.0159,0.009799999999999809,-0.23189999999999977
2007-01-26,7.7817,0.008199999999999541,0.0010543099104571504,2.0703,1.8793,2.0703,0.054400000000000226,-0.19100000000000006
2007-01-29,7.7836,0.0019000000000000128,0.00024413278374815845,2.103,1.9737,2.103,0.03270000000000017,-0.1293000000000002
2007-01-30,7.7796,-0.0039999999999995595,-0.000514033115050449,2.1022,2.0293,2.1022,-0.000800000000000356,-0.07289999999999974
2007-01-31,7.7776,-0.002000000000000668,-0.0002571156777592893,2.0919,2.0573,2.0919,-0.010299999999999976,-0.03459999999999974
2007-02-01,7.7615,-0.01609999999999978,-0.002072192824692999,2.0817,2.0713,2.0817,-0.010199999999999765,-0.010400000000000187
2007-02-02,7.7613,-0.00019999999999953388,-2.5768546913004886e-05,1.9916,2.0801,1.9916,-0.09010000000000007,0.0884999999999998
2007-02-05,7.764,0.0026999999999999247,0.00034781936931579905,2.0718,2.0563,2.0718,0.08020000000000005,-0.015500000000000291
2007-02-06,7.7595,-0.0045000000000001705,-0.0005797661772214429,2.1745,2.0528,2.1745,0.10270000000000001,-0.12170000000000014
2007-02-07,7.7496,-0.00990000000000002,-0.0012766699995042945,2.5376,2.0755,2.5376,0.36309999999999976,-0.46209999999999996
2007-02-08,7.7526,0.0030000000000001137,0.0003870418440544698,3.5244,2.1938,3.5244,0.9868000000000001,-1.3306
2007-02-09,7.7575,0.0049000000000001265,0.0006318463663056707,4.1485,2.5529,4.1485,0.6241000000000003,-1.5956000000000001
2007-02-12,7.7632,0.005700000000000038,0.0007345029871410005,4.4692,3.0363,4.4692,0.32069999999999954,-1.4328999999999996
2007-02-13,7.7662,0.0030000000000001137,0.00038636393386985235,3.4622,3.558,3.4622,-1.0069999999999997,0.09579999999999966
2007-02-14,7.7552,-0.01100000000000012,-0.0014173981524346721,3.9964,3.7006,3.9964,0.5341999999999998,-0.29579999999999984
2007-02-15,7.7502,-0.004999999999999893,-0.0006449366250866787,3.4817,3.9648,3.4817,-0.5146999999999999,0.48309999999999986
2007-02-16,7.7408,-0.009400000000000297,-0.0012136080503167542,2.1513,3.6258,2.1513,-1.3304,1.4745
2007-02-17,7.7408,0.0,0.0,1.5133,3.1448,1.5133,-0.6379999999999999,1.6315
2007-02-25,7.7408,0.0,0.0,2.9102,2.5333,2.9102,1.3969,-0.3769
2007-02-26,7.7498,0.008999999999999453,0.001161995147079412,2.6662,2.4884,2.6662,-0.24400000000000022,-0.17779999999999996
2007-02-27,7.7471,-0.0026999999999999247,-0.0003484567916576356,2.5313,2.2888,2.5313,-0.13490000000000002,-0.24249999999999972
2007-02-28,7.7409,-0.006199999999999761,-0.0008006198774766773,1.9919,2.3335,1.9919,-0.5393999999999999,0.3415999999999999
2007-03-01,7.7472,0.006300000000000416,0.0008135278500861839,1.7584,2.2946,1.7584,-0.23350000000000004,0.5362
2007-03-02,7.7453,-0.0019000000000000128,-0.00024527997541079624,1.6838,2.281,1.6838,-0.0746,0.5972000000000002
2007-03-05,7.7403,-0.004999999999999893,-0.0006457612457707023,1.6676,2.0571,1.6676,-0.016199999999999992,0.3895000000000002
2007-03-06,7.7453,0.004999999999999893,0.0006457612457705665,1.6145,1.8742,1.6145,-0.053099999999999925,0.25970000000000004
2007-03-07,7.7436,-0.001700000000000479,-0.00021951203853431633,1.5498,1.7155,1.5498,-0.06469999999999998,0.16569999999999996
2007-03-08,7.7386,-0.004999999999999893,-0.0006459030594914441,1.5316,1.6363,1.5316,-0.018199999999999994,0.10470000000000002
2007-03-09,7.7436,0.004999999999999893,0.0006459030594914932,1.4956,1.5867,1.4956,-0.03600000000000003,0.09109999999999996
2007-03-12,7.7474,0.0038000000000000256,0.0004906074593274969,1.477,1.5471,1.477,-0.01859999999999995,0.07009999999999983
2007-03-13,7.7397,-0.007699999999999818,-0.00099437604644766,1.4605,1.5115,1.4605,-0.01650000000000018,0.051000000000000156
2007-03-14,7.7387,-0.001000000000000334,-0.00012921232186678425,1.4419,1.4822,1.4419,-0.01859999999999995,0.0403
2007-03-15,7.742,0.0033000000000003027,0.00042633731678612863,1.4426,1.4613,1.4426,0.000700000000000145,0.01869999999999994
2007-03-16,7.739,-0.0030000000000001137,-0.00038757186713430096,1.5164,1.4501,1.5164,0.07379999999999987,-0.06630000000000003
2007-03-19,7.7351,-0.0038999999999997925,-0.0005040680986393379,1.6647,1.4606,1.6647,0.1483000000000001,-0.20410000000000017
2007-03-20,7.7395,0.004399999999999515,0.0005686738421124048,1.7033,1.5072,1.7033,0.03859999999999997,-0.19609999999999994
2007-03-21,7.7355,-0.0039999999999995595,-0.0005169628548087633,1.7584,1.5619,1.7584,0.05509999999999993,-0.1964999999999999
2007-03-22,7.731,-0.0045000000000001705,-0.0005819028386485693,1.8069,1.6263,1.8069,0.04849999999999999,-0.18059999999999987
2007-03-23,7.7359,0.0049000000000001265,0.0006336111520641094,1.865,1.6951,1.865,0.05810000000000004,-0.16989999999999994
2007-03-26,7.7393,0.0034000000000000696,0.000439412744870213,1.9487,1.7612,1.9487,0.08370000000000011,-0.1875
2007-03-27,7.7343,-0.004999999999999893,-0.0006462620429664646,1.9582,1.8199,1.9582,0.009499999999999842,-0.13829999999999987
2007-03-28,7.7318,-0.002500000000000391,-0.00032328770947739985,1.9658,1.8703,1.9658,0.007600000000000051,-0.09549999999999992
2007-03-29,7.7303,-0.0015000000000000568,-0.0001940228047556337,1.9729,1.9094,1.9729,0.007100000000000106,-0.06350000000000011
2007-03-30,7.7342,0.0039000000000006807,0.000504381012341804,1.9704,1.9397,1.9704,-0.0025000000000001688,-0.03069999999999995
2007-04-02,7.7306,-0.0036000000000004917,-0.00046557343968601535,1.9442,1.9568,1.9442,-0.0262,0.012600000000000167
2007-04-03,7.7277,-0.0029000000000003467,-0.0003752029697989991,1.9476,1.9536,1.9476,0.0034000000000000696,0.006000000000000005
2007-04-04,7.7349,0.007200000000000095,0.0009312794123070782,1.9553,1.9509,1.9553,0.00770000000000004,-0.0043999999999999595
2007-04-05,7.7268,-0.008099999999999774,-0.0010477503432355015,1.9923,1.9502,1.9923,0.03699999999999992,-0.042100000000000026
2007-04-06,7.7251,-0.0016999999999995907,-0.00022003766615862308,2.1854,1.9575,2.1854,0.19310000000000005,-0.2279
2007-04-09,7.729,0.0038999999999997925,0.0005047204408914662,2.2959,2.011,2.2959,0.11050000000000004,-0.28489999999999993
2007-04-10,7.7304,0.00140000000000029,0.00018111957822771474,2.3751,2.0908,2.3751,0.07920000000000016,-0.2843
2007-04-11,7.727,-0.0034000000000000696,-0.0004399187515149329,2.3681,2.1779,2.3681,-0.007000000000000117,-0.19019999999999992
2007-04-12,7.7264,-0.000600000000000378,-7.765281430646787e-05,2.3879,2.2568,2.3879,0.01980000000000004,-0.1311
2007-04-13,7.7244,-0.0019999999999997797,-0.0002588862727069473,2.4901,2.3273,2.4901,0.10219999999999985,-0.16279999999999983
2007-04-16,7.722,-0.0023999999999997357,-0.00031075202238883186,2.9612,2.3879,2.9612,0.47109999999999985,-0.5732999999999997
2007-04-17,7.7308,0.008799999999999919,0.0011389522871310764,2.9549,2.5404,2.9549,-0.006299999999999972,-0.41449999999999987
2007-04-18,7.7238,-0.007000000000000561,-0.0009058792176690678,3.3773,2.673,3.3773,0.4224000000000001,-0.7042999999999999
2007-04-19,7.7199,-0.0038999999999997925,-0.0005050603265930549,4.0704,2.9059,4.0704,0.6931000000000003,-1.1645000000000003
2007-04-20,7.723,0.0030999999999998806,0.00040147900221320726,4.2113,3.2761,4.2113,0.14089999999999936,-0.9351999999999996
2007-04-23,7.729,0.006000000000000227,0.0007765985376071859,4.4717,3.6176,4.4717,0.26040000000000063,-0.8541000000000003
2007-04-24,7.7293,0.000300000000000189,3.8814099873572437e-05,4.7138,3.9338,4.7138,0.24209999999999976,-0.7799999999999998
2007-04-25,7.7203,-0.009000000000000341,-0.0011650788393300796,4.7253,4.2767,4.7253,0.011499999999999844,-0.4485999999999999
2007-04-26,7.7199,-0.00039999999999995595,-5.1812800363914966e-05,4.3519,4.5115,4.3519,-0.3734000000000002,0.1596000000000002
2007-04-27,7.7139,-0.006000000000000227,-0.0007775143259941854,3.672,4.4717,3.672,-0.6798999999999995,0.7997000000000001
2007-04-28,7.7139,0.0,0.0,2.2483,4.2015,2.2483,-1.4237000000000002,1.9532000000000003
2007-04-29,7.7139,0.0,0.0,2.0869,3.6657,2.0869,-0.1614,1.5788000000000002
2007-04-30,7.7055,-0.008399999999999963,-0.0010895366656242253,1.8459,3.1147,1.8459,-0.24099999999999988,1.2688
2007-05-08,7.6951,-0.010399999999999743,-0.0013505969353008475,1.7977,2.557,1.7977,-0.04820000000000002,0.7592999999999999
2007-05-09,7.6971,0.0019999999999997797,0.000259871884623979,1.7957,2.1451,1.7957,-0.0020000000000000018,0.3493999999999997
2007-05-10,7.6965,-0.0005999999999994898,-7.795447462621322e-05,1.872,1.9066,1.872,0.07630000000000003,0.034599999999999964
2007-05-11,7.6835,-0.0129999999999999,-0.0016905075547421307,3.0215,1.8553,3.0215,1.1495,-1.1662000000000001
2007-05-14,7.6739,-0.009600000000000719,-0.0012502117872067236,3.1985,2.1072,3.1985,0.17700000000000005,-1.0913
2007-05-15,7.6948,0.02090000000000014,0.0027198153238459878,3.055,2.4183,3.055,-0.14349999999999996,-0.6367000000000003
2007-05-16,7.684,-0.010799999999999699,-0.0014045311435790708,2.9977,2.6646,2.9977,-0.05730000000000013,-0.33309999999999995
2007-05-17,7.6785,-0.0055000000000005045,-0.0007160293226996548,2.8732,2.8653,2.8732,-0.12449999999999983,-0.00790000000000024
2007-05-18,7.6804,0.0019000000000000128,0.00024741355301385594,2.5784,3.0101,2.5784,-0.2948000000000004,0.4317000000000002
2007-05-21,7.6652,-0.015200000000000102,-0.0019810245244213163,2.5142,2.8908,2.5142,-0.06419999999999959,0.3765999999999998
2007-05-22,7.6551,-0.010099999999999554,-0.0013185122305980055,2.479,2.753,2.479,-0.03520000000000012,0.274
2007-05-23,7.654,-0.001100000000000101,-0.00014370537809443103,2.4026,2.6397,2.4026,-0.07640000000000002,0.23709999999999987
2007-05-24,7.6525,-0.0015000000000000568,-0.00019599516607999703,2.374,2.5304,2.374,-0.02859999999999996,0.1564000000000001
2007-05-25,7.6523,-0.00019999999999953388,-2.6135591449830294e-05,2.3541,2.4414,2.3541,-0.01990000000000025,0.08729999999999993
2007-05-28,7.6512,-0.001100000000000101,-0.0001437579641120833,2.3385,2.4059,2.3385,-0.015600000000000058,0.06740000000000013
2007-05-29,7.6538,0.0026000000000001577,0.0003397582522066088,2.3078,2.3717,2.3078,-0.03069999999999995,0.06390000000000029
2007-05-30,7.6488,-0.005000000000000782,-0.0006534837449759591,2.3211,2.342,2.3211,0.01330000000000009,0.02090000000000014
2007-05-31,7.6506,0.0018000000000002458,0.0002353033463149877,2.4683,2.3308,2.4683,0.14720000000000022,-0.13750000000000018
2007-06-01,7.6497,-0.0008999999999996788,-0.00011764475219937299,2.8158,2.3602,2.8158,0.3474999999999997,-0.4556
2007-06-04,7.6522,0.0024999999999995026,0.000326756810885263,2.8437,2.4741,2.8437,0.027900000000000258,-0.36960000000000015
2007-06-05,7.6427,-0.009500000000000064,-0.0012422443064913624,2.8228,2.5848,2.8228,-0.02090000000000014,-0.238
2007-06-06,7.6398,-0.0028999999999994586,-0.00037951906230099844,2.7825,2.6772,2.7825,-0.04029999999999978,-0.10530000000000017
2007-06-07,7.6502,0.010399999999999743,0.0013603664622433833,2.4934,2.7461,2.4934,-0.28910000000000036,0.25270000000000037
2007-06-08,7.6656,0.015400000000000524,0.0020109958591694025,2.3407,2.7231,2.3407,-0.15269999999999984,0.3824000000000001
2007-06-11,7.6785,0.012899999999999245,0.001681428436889747,2.2923,2.6127,2.2923,-0.0484,0.3203999999999998
2007-06-12,7.6475,-0.030999999999999694,-0.004045418540689047,2.2733,2.5004,2.2733,-0.019000000000000128,0.22710000000000008
2007-06-13,7.6282,-0.019300000000000317,-0.0025268904560170648,2.2666,2.4017,2.2666,-0.006699999999999928,0.1351
2007-06-14,7.6258,-0.0023999999999997357,-0.000314671564154142,3.2694,2.3182,3.2694,1.0028000000000001,-0.9512
2007-06-15,7.6238,-0.0019999999999997797,-0.00026230196352257834,4.2764,2.5407,4.2764,1.0069999999999997,-1.7356999999999996
2007-06-18,7.6213,-0.002500000000000391,-0.00032797423728415465,4.3086,3.0038,4.3086,0.03220000000000045,-1.3048000000000002
2007-06-19,7.6195,-0.0017999999999993577,-0.00023620807416520657,4.0318,3.4171,4.0318,-0.2768000000000006,-0.6146999999999996
2007-06-20,7.618,-0.0015000000000000568,-0.000196882691366102,3.0003,3.7255,3.0003,-1.0314999999999994,0.7251999999999996
2007-06-21,7.6208,0.0027999999999996916,0.0003674830080466258,2.3143,3.7607,2.3143,-0.6860000000000004,1.4464000000000001
2007-06-22,7.6224,0.0015999999999998238,0.00020992967433038003,2.2034,3.4631,2.2034,-0.1109,1.2597
2007-06-25,7.6192,-0.0031999999999996476,-0.00041990342838260923,2.0187,3.029,2.0187,-0.18469999999999986,1.0103
2007-06-26,7.6184,-0.0007999999999999119,-0.00010500341270742532,1.9597,2.6008,1.9597,-0.05899999999999994,0.6411
2007-06-27,7.6165,-0.0019000000000000128,-0.0002494273030805325,1.8487,2.2409,1.8487,-0.11099999999999999,0.3921999999999999
2007-06-28,7.6178,0.0012999999999996348,0.0001706675072901216,1.7813,2.0354,1.7813,-0.0673999999999999,0.2541
2007-06-29,7.6155,-0.0022999999999999687,-0.0003019700284872744,2.8411,1.9398,2.8411,1.0597999999999999,-0.9013
2007-07-02,7.6075,-0.008000000000000007,-0.0010510412844326243,3.5784,2.1382,3.5784,0.7372999999999998,-1.4402
2007-07-03,7.5951,-0.012399999999999523,-0.001631300270985797,3.9778,2.5244,3.9778,0.3994,-1.4533999999999998
2007-07-04,7.6007,0.005599999999999383,0.0007370457960107676,2.4292,2.9498,2.4292,-1.5486,0.5206000000000004
2007-07-05,7.606,0.005300000000000082,0.0006970611920539099,2.4034,2.977,2.4034,-0.025799999999999823,0.5735999999999999
2007-07-06,7.6135,0.007500000000000284,0.0009855777925821324,2.3688,3.0051,2.3688,-0.034600000000000186,0.6363000000000003
2007-07-09,7.6085,-0.004999999999999893,-0.0006569439206179491,2.7629,2.866,2.7629,0.39410000000000034,0.10309999999999997
2007-07-10,7.5845,-0.02400000000000002,-0.00315935232844218,3.7785,2.7606,3.7785,1.0156,-1.0179
2007-07-11,7.5712,-0.01330000000000009,-0.0017551156877141567,3.9055,2.8467,3.9055,0.12699999999999978,-1.0588000000000002
2007-07-12,7.5762,0.004999999999999893,0.000660179328676781,3.2488,3.1702,3.2488,-0.6566999999999998,-0.07860000000000023
2007-07-13,7.5731,-0.0030999999999998806,-0.0004092598395000526,3.1911,3.2982,3.1911,-0.057700000000000085,0.10709999999999997
2007-07-16,7.5681,-0.004999999999999893,-0.0006604496581179301,2.8813,3.3861,2.8813,-0.3098000000000001,0.5047999999999999
2007-07-17,7.5651,-0.0030000000000001137,-0.0003964792693282922,2.8011,3.3287,2.8011,-0.08020000000000005,0.5276000000000001
2007-07-18,7.5661,0.0009999999999994458,0.00013217722341330568,2.2269,3.1086,2.2269,-0.5741999999999998,0.8816999999999999
2007-07-19,7.5636,-0.0024999999999995026,-0.00033047582209192144,2.1786,2.7757,2.1786,-0.04830000000000023,0.5971000000000002
2007-07-20,7.5712,0.007600000000000051,0.0010043080369483064,2.1186,2.5593,2.1186,-0.06000000000000005,0.4407000000000001
2007-07-23,7.5642,-0.007000000000000561,-0.0009249838787342888,2.1548,2.3711,2.1548,0.03620000000000001,0.21630000000000038
2007-07-24,7.5725,0.008300000000000196,0.001096672436113697,2.1526,2.2465,2.1526,-0.0021999999999997577,0.0939000000000001
2007-07-25,7.5596,-0.012900000000000134,-0.0017049851805099412,2.1492,2.1543,2.1492,-0.0034000000000000696,0.0051000000000001044
2007-07-26,7.5789,0.019300000000000317,0.0025497916512834127,2.1224,2.1438,2.1224,-0.026800000000000157,0.021400000000000308
2007-07-27,7.5697,-0.009199999999999875,-0.001214633844855707,2.1271,2.1358,2.1271,0.0047000000000001485,0.008700000000000152
2007-07-30,7.5824,0.012699999999999712,0.0016763356860135378,2.1021,2.1356,2.1021,-0.02499999999999991,0.033500000000000085
2007-07-31,7.5737,-0.008700000000000152,-0.0011480527253803262,2.6896,2.1235,2.6896,0.5874999999999999,-0.5661
2007-08-01,7.566,-0.007699999999999818,-0.0010171932949690236,2.715,2.2574,2.715,0.025399999999999867,-0.4575999999999998
2007-08-02,7.5723,0.006300000000000416,0.0008323260027483172,2.1912,2.3839,2.1912,-0.5238,0.19270000000000032
2007-08-03,7.5683,-0.004000000000000448,-0.0005283806577100943,2.0342,2.3745,2.0342,-0.15700000000000003,0.34030000000000005
2007-08-06,7.5598,-0.00849999999999973,-0.0011237367408295455,2.0067,2.3256,2.0067,-0.027499999999999858,0.3189000000000002
2007-08-07,7.569,0.009199999999999875,0.0012162235119841948,2.0513,2.2835,2.0513,0.04459999999999997,0.23220000000000018
2007-08-08,7.5759,0.006899999999999906,0.0009111978920179847,2.147,2.1713,2.147,0.0956999999999999,0.02430000000000021
2007-08-09,7.5648,-0.011099999999999888,-0.0014662468695157912,2.16,2.0849,2.16,0.013000000000000345,-0.07509999999999994
2007-08-10,7.5698,0.004999999999999893,0.000660737671547988,2.2593,2.0868,2.2593,0.09929999999999994,-0.17249999999999988
2007-08-13,7.5787,0.008900000000000574,0.0011750339669303921,2.1831,2.1394,2.1831,-0.07620000000000005,-0.04369999999999985
2007-08-14,7.5845,0.005799999999999805,0.0007650100615788395,2.1284,2.1652,2.1284,-0.05469999999999997,0.036799999999999944
2007-08-15,7.5921,0.007600000000000051,0.0010015419310370176,2.0857,2.1683,2.0857,-0.04269999999999996,0.08259999999999978
2007-08-16,7.5981,0.005999999999999339,0.00078998305644902,1.9783,2.1511,1.9783,-0.10740000000000016,0.17280000000000006
2007-08-17,7.6003,0.002200000000000202,0.0002895041603544321,1.974,2.1089,1.974,-0.0042999999999999705,0.13490000000000024
2007-08-20,7.5973,-0.0030000000000001137,-0.00039479918394566386,1.9747,2.0543,1.9747,0.0006999999999999229,0.07960000000000012
2007-08-21,7.597,-0.0002999999999993008,-3.948849240023631e-05,1.9643,2.0189,1.9643,-0.010399999999999965,0.05459999999999998
2007-08-22,7.5987,0.0016999999999995907,0.00022374750845206013,2.1983,1.9907,2.1983,0.2340000000000002,-0.20760000000000023
2007-08-23,7.5847,-0.014000000000000234,-0.0018441197581007631,2.3812,2.0268,2.3812,0.18290000000000006,-0.35440000000000005
2007-08-24,7.5691,-0.015600000000000058,-0.0020588902467681617,2.4498,2.1193,2.4498,0.0686,-0.33050000000000024
2007-08-27,7.5629,-0.006199999999999761,-0.0008194555044865637,2.3673,2.2157,2.3673,-0.08250000000000002,-0.15160000000000018
2007-08-28,7.5545,-0.008399999999999963,-0.00111130232242253,2.4415,2.2774,2.4415,0.07419999999999982,-0.1640999999999999
2007-08-29,7.5505,-0.0039999999999995595,-0.0005296259640517037,2.443,2.3624,2.443,0.0015000000000000568,-0.0806
2007-08-30,7.5567,0.006199999999999761,0.0008208007239046189,2.6883,2.4024,2.6883,0.24529999999999985,-0.2858999999999998
2007-08-31,7.5607,0.0039999999999995595,0.0005291915399933903,2.4961,2.4691,2.4961,-0.1921999999999997,-0.027000000000000135
2007-09-03,7.5546,-0.006099999999999994,-0.0008071292440319058,2.4963,2.4695,2.4963,0.00019999999999997797,-0.026800000000000157
2007-09-04,7.5556,0.001000000000000334,0.00013236092195478163,2.2348,2.4906,2.2348,-0.2615000000000003,0.25580000000000025
2007-09-05,7.5546,-0.001000000000000334,-0.00013236092195477038,2.3683,2.4229,2.3683,0.13350000000000017,0.05459999999999976
2007-09-06,7.541,-0.01359999999999939,-0.0018018500330628153,2.4385,2.409,2.4385,0.07019999999999982,-0.02950000000000008
2007-09-07,7.5411,9.999999999976694e-05,1.3260752813101286e-05,2.8066,2.3794,2.8066,0.3681000000000001,-0.4272
2007-09-10,7.5252,-0.015900000000000247,-0.0021106716184846916,3.61,2.4869,3.61,0.8033999999999999,-1.1231
2007-09-11,7.5298,0.0045999999999999375,0.0006110926792627718,3.8512,2.7792,3.8512,0.24120000000000008,-1.072
2007-09-12,7.5263,-0.0034999999999998366,-0.0004649278449327473,3.891,3.1132,3.891,0.03980000000000006,-0.7778
2007-09-13,7.5169,-0.009400000000000297,-0.001249734261784462,4.0208,3.4016,4.0208,0.12980000000000036,-0.6192000000000002
2007-09-14,7.5222,0.005300000000000082,0.000704829440513475,5.7509,3.6927,5.7509,1.7300999999999993,-2.0582
2007-09-17,7.523,0.0007999999999999119,0.00010634621018717843,5.9463,4.306,5.9463,0.19540000000000024,-1.6402999999999999
2007-09-18,7.5266,0.0036000000000004917,0.00047841804016935264,5.9535,4.7929,5.9535,0.007200000000000095,-1.1605999999999996
2007-09-19,7.517,-0.009599999999999831,-0.0012762904229218013,6.4762,5.2088,6.4762,0.5227000000000004,-1.2674000000000003
2007-09-20,7.5175,0.0004999999999997229,6.651368521524138e-05,6.7893,5.7285,6.7893,0.3130999999999995,-1.0607999999999995
2007-09-21,7.505,-0.012500000000000178,-0.001664170795121795,6.9608,6.2263,6.9608,0.17149999999999999,-0.7344999999999997
2007-09-24,7.5109,0.00590000000000046,0.0007858337234026737,6.9561,6.4524,6.9561,-0.004699999999999704,-0.5037000000000003
2007-09-25,7.5135,0.0025999999999992696,0.0003461036748161754,7.0296,6.6526,7.0296,0.07350000000000012,-0.37700000000000067
2007-09-26,7.5089,-0.0045999999999999375,-0.0006124188070842756,4.8686,6.8706,4.8686,-2.1610000000000005,2.002
2007-09-27,7.5157,0.006800000000000139,0.0009051822297167169,3.3056,6.4338,3.3056,-1.5629999999999997,3.1281999999999996
2007-09-28,7.5108,-0.0049000000000001265,-0.0006521811697575163,2.038,5.6225,2.038,-1.2676000000000003,3.5845
2007-09-29,7.5108,0.0,0.0,1.9525,4.5688,1.9525,-0.08549999999999991,2.6163000000000007
2007-09-30,7.5108,0.0,0.0,1.9878,3.5857,1.9878,0.03530000000000011,1.5979
2007-10-08,7.5102,-0.0005999999999994898,-7.98881566231784e-05,2.0299,2.6851,2.0299,0.042100000000000026,0.6551999999999998
2007-10-09,7.5232,0.0129999999999999,0.0017294827837175575,2.0418,2.2015,2.0418,0.0118999999999998,0.15969999999999995
2007-10-10,7.5176,-0.005600000000000271,-0.0007446412768951455,2.0736,2.0065,2.0736,0.03180000000000005,-0.06709999999999994
2007-10-11,7.5143,-0.0032999999999994145,-0.0004390662594900119,2.1003,2.0221,2.1003,0.026699999999999946,-0.07819999999999983
2007-10-12,7.5114,-0.0029000000000003467,-0.00038600531569363505,2.2317,2.0515,2.2317,0.13140000000000018,-0.18020000000000014
2007-10-13,7.5114,0.0,0.0,2.2317,2.0515,2.2317,0.0,-0.18020000000000014
2007-10-15,7.5153,0.0038999999999997925,0.0005190760562955067,2.3043,2.1024,2.3043,0.0726,-0.2019000000000002
2007-10-16,7.5136,-0.0016999999999995907,-0.00022623079629911736,2.3111,2.1666,2.3111,0.006800000000000139,-0.1445000000000003
2007-10-17,7.5156,0.0019999999999997797,0.00026614856569951963,2.3622,2.2163,2.3622,0.05109999999999992,-0.14590000000000014
2007-10-18,7.5113,-0.0042999999999997485,-0.0005723070117411451,2.3765,2.271,2.3765,0.01429999999999998,-0.10550000000000015
2007-10-19,7.5074,-0.0039000000000006807,-0.0005193525521732277,2.4901,2.3213,2.4901,0.11359999999999992,-0.16880000000000006
2007-10-22,7.5055,-0.0019000000000000128,-0.00025311565522242725,3.1127,2.3841,3.1127,0.6225999999999998,-0.7285999999999997
2007-10-23,7.501,-0.004499999999999282,-0.000599740130594406,5.6935,2.5322,5.6935,2.5808000000000004,-3.1613
2007-10-24,7.4938,-0.007200000000000095,-0.000960332989215403,7.9953,3.4017,7.9953,2.3018,-4.5936
2007-10-25,7.4867,-0.007100000000000328,-0.0009478990062574545,8.747,4.6789,8.747,0.7516999999999996,-4.0681
2007-10-26,7.481,-0.005700000000000038,-0.000761640101758484,10.0824,6.0392,10.0824,1.3354,-4.0432
2007-10-29,7.4718,-0.009199999999999875,-0.0012305389172470923,2.9373,7.5432,2.9373,-7.145099999999999,4.6059
2007-10-30,7.472,0.00020000000000042206,2.6766953520782888e-05,2.8277,7.1004,2.8277,-0.10959999999999992,4.2726999999999995
2007-10-31,7.4692,-0.00280000000000058,-0.00037480256375370033,2.9119,6.2396,2.9119,0.08420000000000005,3.3277
2007-11-01,7.4552,-0.014000000000000234,-0.0018761228734792384,2.9994,5.1804,2.9994,0.08749999999999991,2.1809999999999996
2007-11-02,7.4624,0.007200000000000095,0.0009653028046181076,3.0685,4.1125,3.0685,0.06909999999999972,1.044
2007-11-05,7.4562,-0.006199999999999761,-0.0008311772360599096,3.0522,2.986,3.0522,-0.01629999999999976,-0.06619999999999981
2007-11-06,7.4577,0.0015000000000000568,0.00020115462824056473,3.0424,3.0028,3.0424,-0.009799999999999809,-0.03960000000000008
2007-11-07,7.4476,-0.010099999999999554,-0.0013552228463470754,3.0081,3.0275,3.0081,-0.0343,0.01939999999999964
2007-11-08,7.4251,-0.022500000000000853,-0.003025680228221867,2.6551,3.0266,2.6551,-0.3530000000000002,0.37150000000000016
2007-11-09,7.4162,-0.008899999999999686,-0.0011993559953445499,2.8027,2.9398,2.8027,0.14760000000000018,0.13709999999999978
2007-11-10,7.4162,0.0,0.0,2.8027,2.9398,2.8027,0.0,0.13709999999999978
2007-11-12,7.414,-0.002200000000000202,-0.00029669188765331166,2.4014,2.8707,2.4014,-0.4013,0.4692999999999996
2007-11-13,7.4309,0.01690000000000058,0.002276877217231501,2.2729,2.739,2.2729,-0.12850000000000028,0.46609999999999996
2007-11-14,7.4321,0.0011999999999998678,0.00016147480355336476,2.1487,2.5844,2.1487,-0.12420000000000009,0.4357000000000002
2007-11-15,7.4307,-0.00140000000000029,-0.0001883898059774805,2.1499,2.4178,2.1499,0.001200000000000312,0.2679
2007-11-16,7.4336,0.0029000000000003467,0.0003901966506052018,2.0724,2.3251,2.0724,-0.07750000000000012,0.2526999999999999
2007-11-19,7.4303,-0.0033000000000003027,-0.00044402882880260306,3.0408,2.2091,3.0408,0.9683999999999999,-0.8317000000000001
2007-11-20,7.4255,-0.004799999999999471,-0.0006462122762875035,3.9973,2.4115,3.9973,0.9565000000000001,-1.5857999999999999
2007-11-21,7.415,-0.010500000000000398,-0.0014150468989674691,4.277,2.8271,4.277,0.27970000000000006,-1.4499
2007-11-22,7.4119,-0.0030999999999998806,-0.00041815889298117524,2.2612,3.275,2.2612,-2.0158,1.0137999999999998
2007-11-23,7.3992,-0.012699999999999712,-0.0017149304390009043,2.763,3.2013,2.763,0.5017999999999998,0.4382999999999999
2007-11-26,7.3942,-0.005000000000000782,-0.0006759771506746029,2.7718,3.2567,2.7718,0.008799999999999919,0.4849000000000001
2007-11-27,7.3872,-0.006999999999999673,-0.0009471363366513035,2.7198,3.1501,2.7198,-0.0519999999999996,0.4302999999999999
2007-11-28,7.3899,0.0026999999999999247,0.0003654302982380061,2.114,2.9128,2.114,-0.6058000000000003,0.7988
2007-11-29,7.3983,0.008399999999999963,0.0011360410196525265,2.929,2.5193,2.929,0.815,-0.40969999999999995
2007-11-30,7.3997,0.00140000000000029,0.00018921475931567167,3.0539,2.6479,3.0539,0.12490000000000023,-0.40600000000000014
2007-12-03,7.4143,0.014599999999999724,0.0019711090491532895,4.1335,2.7534,4.1335,1.0795999999999997,-1.3800999999999997
2007-12-04,7.4094,-0.0049000000000001265,-0.0006611035272524129,4.2877,3.112,4.2877,0.15420000000000034,-1.1757
2007-12-05,7.3982,-0.011199999999999655,-0.0015127369912497479,4.1806,3.472,4.1806,-0.10709999999999997,-0.7086000000000001
2007-12-06,7.4205,0.022299999999999542,0.0030097129752910553,4.0401,3.832,4.0401,-0.1405000000000003,-0.20809999999999995
2007-12-07,7.4091,-0.011400000000000077,-0.0015374659121771632,2.6161,3.9857,2.6161,-1.424,1.3696000000000002
2007-12-08,7.4091,0.0,0.0,2.6161,3.9857,2.6161,0.0,1.3696000000000002
2007-12-10,7.3953,-0.013799999999999812,-0.0018643111503342526,2.4939,3.736,2.4939,-0.12219999999999986,1.2421000000000002
2007-12-11,7.3797,-0.015600000000000058,-0.0021116759115975626,4.1013,3.3631,4.1013,1.6074000000000002,-0.7382
2007-12-12,7.3647,-0.01499999999999968,-0.002034671492208493,4.3563,3.392,4.3563,0.2549999999999999,-0.9643000000000002
2007-12-13,7.3568,-0.00790000000000024,-0.0010732603006930583,4.8123,3.5622,4.8123,0.4559999999999995,-1.2500999999999998
2007-12-14,7.3589,0.002100000000000435,0.0002854094625816639,3.4585,3.8202,3.4585,-1.3537999999999997,0.3616999999999999
2007-12-17,7.379,0.02009999999999934,0.0027276630269226637,3.2059,3.9018,3.2059,-0.2525999999999997,0.6959
2007-12-18,7.3751,-0.0038999999999997925,-0.0005286666202389735,2.9164,3.9333,2.9164,-0.2895000000000003,1.0169000000000001
2007-12-19,7.3698,-0.005300000000000082,-0.0007188926650240383,2.4268,3.6458,2.4268,-0.4895999999999998,1.2189999999999999
2007-12-20,7.3649,-0.0049000000000001265,-0.0006650967010699228,2.3875,3.2308,2.3875,-0.03929999999999989,0.8432999999999997
2007-12-21,7.3572,-0.007699999999999818,-0.0010460465153911593,2.1818,2.7804,2.1818,-0.20570000000000022,0.5986000000000002
2007-12-24,7.3315,-0.025699999999999612,-0.003499292139508633,2.0822,2.5433,2.0822,-0.09960000000000013,0.46110000000000007
2007-12-25,7.3261,-0.005399999999999849,-0.00073681915788473,2.0216,2.335,2.0216,-0.06059999999999999,0.3134000000000001
2007-12-26,7.3298,0.0036999999999993705,0.0005049161195976526,2.3803,2.224,2.3803,0.35870000000000024,-0.15629999999999988
2007-12-27,7.3079,-0.021899999999999586,-0.0029922756089445974,2.3181,2.2211,2.3181,-0.062200000000000255,-0.09699999999999998
2007-12-28,7.3046,-0.0033000000000003027,-0.0004516681000651699,2.4898,2.2184,2.4898,0.17169999999999996,-0.27139999999999986
2007-12-29,7.3046,0.0,0.0,2.6005,2.2947,2.6005,0.11070000000000002,-0.3057999999999996
2008-01-02,7.2996,-0.004999999999999893,-0.0006847345551771435,2.8624,2.4436,2.8624,0.26190000000000024,-0.41880000000000006
2008-01-03,7.2775,-0.02210000000000001,-0.003032155494881676,2.937,2.5867,2.937,0.07459999999999978,-0.35029999999999983
2008-01-04,7.2779,0.00039999999999995595,5.496241945954336e-05,2.8432,2.703,2.8432,-0.09379999999999988,-0.1402000000000001
2008-01-07,7.2695,-0.008399999999999963,-0.0011548456677575435,2.7214,2.7831,2.7214,-0.12179999999999991,0.06170000000000009
2008-01-08,7.2791,0.009599999999999831,0.0013197148032550573,2.3719,2.8157,2.3719,-0.3494999999999999,0.4438
2008-01-09,7.2723,-0.006799999999999251,-0.0009346180429358962,2.3985,2.7428,2.3985,0.026599999999999735,0.34430000000000005
2008-01-10,7.2805,0.008199999999999541,0.0011269310191597609,2.4238,2.647,2.4238,0.0253000000000001,0.22319999999999984
2008-01-11,7.2672,-0.01330000000000009,-0.0018284682397198266,2.0358,2.5541,2.0358,-0.3879999999999999,0.5183
2008-01-14,7.2566,-0.010600000000000165,-0.0014596733474808617,2.007,2.3923,2.007,-0.028799999999999937,0.3853
2008-01-15,7.2454,-0.011199999999999655,-0.0015446148430256412,2.2437,2.2613,2.2437,0.2366999999999999,0.017599999999999838
2008-01-16,7.2418,-0.0036000000000004917,-0.0004969904569690092,2.5686,2.2653,2.5686,0.32489999999999997,-0.3033000000000001
2008-01-17,7.2545,0.0127000000000006,0.0017521716919760007,2.735,2.3117,2.735,0.16639999999999988,-0.4232999999999998
2008-01-18,7.2571,0.0026000000000001577,0.00035833402627150535,2.6494,2.3938,2.6494,-0.0855999999999999,-0.2555999999999998
2008-01-21,7.2598,0.0026999999999999247,0.0003719802480052291,2.7233,2.5091,2.7233,0.07390000000000008,-0.21419999999999995
2008-01-22,7.2556,-0.0041999999999999815,-0.0005786957462020947,4.4169,2.6264,4.4169,1.6936,-1.7905000000000002
2008-01-23,7.235,-0.02059999999999995,-0.0028432244182300948,4.8248,2.9461,4.8248,0.4078999999999997,-1.8786999999999998
2008-01-24,7.2293,-0.005700000000000038,-0.0007881474105292592,5.193,3.4746,5.193,0.36819999999999986,-1.7183999999999995
2008-01-25,7.2065,-0.022800000000000153,-0.0031588161318976665,3.5719,3.9899,3.5719,-1.6210999999999998,0.41800000000000015
2008-01-28,7.1996,-0.006899999999999906,-0.0009579276178333143,3.0046,4.0764,3.0046,-0.5672999999999999,1.0717999999999996
2008-01-29,7.202,0.0023999999999997357,0.0003332963034964888,2.9959,4.0126,2.9959,-0.008700000000000152,1.0167000000000002
2008-01-30,7.1998,-0.002200000000000202,-0.0003055173682613305,3.2497,3.7863,3.2497,0.2538,0.5366000000000004
2008-01-31,7.1853,-0.014499999999999957,-0.0020159755456487915,3.2285,3.4875,3.2285,-0.021199999999999886,0.2589999999999999
2008-02-01,7.1903,0.004999999999999893,0.0006956231672586619,3.1306,3.1774,3.1306,-0.0979000000000001,0.046800000000000175
2008-02-02,7.1903,0.0,0.0,2.9576,3.0658,2.9576,-0.17300000000000004,0.10820000000000007
2008-02-03,7.1903,0.0,0.0,2.9082,3.0202,2.9082,-0.04939999999999989,0.1120000000000001
2008-02-04,7.1923,0.002000000000000668,0.0002781138337840657,2.8894,3.0001,2.8894,-0.018799999999999706,0.11070000000000002
2008-02-05,7.1846,-0.007700000000000706,-0.0010711628704717113,2.5757,2.9391,2.5757,-0.3137000000000003,0.36339999999999995
2008-02-13,7.1952,0.010600000000000165,0.001474290590961446,2.5974,2.8114,2.5974,0.021700000000000053,0.21399999999999997
2008-02-14,7.189,-0.006199999999999761,-0.0008620570325713321,2.5956,2.7417,2.5956,-0.0017999999999998018,0.14609999999999967
2008-02-15,7.1763,-0.012699999999999712,-0.001768150099019829,2.604,2.6977,2.604,0.008399999999999963,0.09370000000000012
2008-02-18,7.1667,-0.009600000000000719,-0.0013386322852332122,2.5594,2.6403,2.5594,-0.04459999999999997,0.08089999999999975
2008-02-19,7.1574,-0.009299999999999642,-0.0012985110836633102,2.5772,2.5897,2.5772,0.017799999999999816,0.012500000000000178
2008-02-20,7.1452,-0.012199999999999989,-0.0017059839412257368,2.6436,2.5913,2.6436,0.06640000000000024,-0.052300000000000235
2008-02-21,7.1503,0.00509999999999966,0.0007135112750679148,3.8456,2.6006,3.8456,1.202,-1.245
2008-02-22,7.1463,-0.0039999999999995595,-0.0005595736195142052,3.7484,2.9067,3.7484,-0.09719999999999995,-0.8417000000000003
2008-02-25,7.146,-0.000300000000000189,-4.198064692795827e-05,4.4083,3.18,4.4083,0.6598999999999995,-1.2282999999999995
2008-02-26,7.1505,0.0045000000000001705,0.0006295247296349124,4.2134,3.5808,4.2134,-0.19489999999999963,-0.6326
2008-02-27,7.1455,-0.004999999999999893,-0.0006994963911406093,2.8717,3.8751,2.8717,-1.3417,1.0034
2008-02-28,7.1209,-0.0246000000000004,-0.003448666009820949,2.8214,3.8019,2.8214,-0.05030000000000001,0.9804999999999997
2008-02-29,7.1058,-0.015099999999999447,-0.0021227699565241017,2.8255,3.5545,2.8255,0.0040999999999997705,0.7290000000000001
2008-03-03,7.1058,0.0,0.0,2.8168,3.3333,2.8168,-0.008699999999999708,0.5164999999999997
2008-03-04,7.1175,0.011699999999999378,0.0016451881966881474,2.6216,3.0417,2.6216,-0.19520000000000026,0.42010000000000014
2008-03-05,7.1172,-0.0002999999999993008,-4.2150519511313066e-05,2.5884,2.7684,2.5884,-0.033199999999999896,0.18000000000000016
2008-03-06,7.1168,-0.0004000000000008441,-5.6203456527510033e-05,2.5764,2.7151,2.5764,-0.01200000000000001,0.13870000000000005
2008-03-07,7.109,-0.007799999999999585,-0.0010965992466707047,2.3757,2.6628,2.3757,-0.20069999999999988,0.2870999999999997
2008-03-10,7.108,-0.001000000000000334,-0.00014067665494119457,2.3203,2.5708,2.3203,-0.055400000000000116,0.25050000000000017
2008-03-11,7.1029,-0.00509999999999966,-0.0007177589341913805,2.5213,2.4762,2.5213,0.20100000000000007,-0.04510000000000014
2008-03-12,7.1069,0.004000000000000448,0.0005629917529668317,2.6727,2.4629,2.6727,0.15139999999999976,-0.2098
2008-03-13,7.097,-0.00990000000000002,-0.001393983568334298,2.5808,2.4998,2.5808,-0.09189999999999987,-0.08099999999999996
2008-03-14,7.0882,-0.008800000000000807,-0.001240729933860875,2.5485,2.5016,2.5485,-0.03229999999999977,-0.046900000000000386
2008-03-17,7.0815,-0.006699999999999484,-0.000945679936670888,2.5233,2.5304,2.5233,-0.025200000000000333,0.007100000000000328
2008-03-18,7.087,0.005499999999999616,0.0007763701558047194,2.4829,2.5614,2.4829,-0.04039999999999999,0.07850000000000001
2008-03-19,7.0648,-0.022199999999999775,-0.003137412655663545,2.4586,2.5497,2.4586,-0.024299999999999766,0.09109999999999996
2008-03-20,7.0512,-0.013600000000000279,-0.0019268920668699056,2.4349,2.5046,2.4349,-0.023700000000000276,0.0697000000000001
2008-03-21,7.0593,0.008100000000000662,0.0011480813422219658,2.4193,2.4821,2.4193,-0.015600000000000058,0.06280000000000019
2008-03-24,7.0518,-0.007500000000000284,-0.0010629930630810566,2.3971,2.457,2.3971,-0.022199999999999775,0.05989999999999984
2008-03-25,7.0436,-0.00820000000000043,-0.001163500280240521,2.3832,2.4251,2.3832,-0.013900000000000023,0.04190000000000005
2008-03-26,7.0252,-0.01839999999999975,-0.002615718539042408,2.4676,2.4073,2.4676,0.08440000000000003,-0.0602999999999998
2008-03-27,7.013,-0.012199999999999989,-0.0017381150106700726,2.3846,2.4142,2.3846,-0.08300000000000018,0.029600000000000293
2008-03-28,7.0137,0.000700000000000145,9.980964882416298e-05,2.3876,2.4034,2.3876,0.0030000000000001137,0.015800000000000036
2008-03-31,7.019,0.005300000000000082,0.0007553785446867881,2.8836,2.3974,2.8836,0.496,-0.48619999999999974
2008-04-01,7.0218,0.0027999999999996916,0.00039883767835404495,3.1008,2.5208,3.1008,0.21720000000000006,-0.5800000000000001
2008-04-02,7.0292,0.007400000000000517,0.001053305911915566,3.1539,2.6801,3.1539,0.05310000000000015,-0.4738000000000002
2008-04-03,7.0192,-0.010000000000000675,-0.0014236499087416307,2.7796,2.8262,2.7796,-0.3743000000000003,0.0466000000000002
2008-04-07,7.002,-0.017199999999999882,-0.00245342889733857,3.2093,2.8822,3.2093,0.42969999999999997,-0.3270999999999997
2008-04-08,7.0015,-0.0004999999999997229,-7.1410718779142e-05,3.4941,3.0396,3.4941,0.28480000000000016,-0.4544999999999999
2008-04-09,7.0025,0.001000000000000334,0.00014281633843179933,3.9241,3.1939,3.9241,0.43000000000000016,-0.7302
2008-04-10,6.992,-0.010500000000000398,-0.0015005897988922697,3.455,3.3916,3.455,-0.4691000000000001,-0.06340000000000012
2008-04-11,7.0012,0.009199999999999875,0.001314924581309022,2.8371,3.4446,2.8371,-0.6179000000000001,0.6074999999999999
2008-04-14,6.9993,-0.0019000000000000128,-0.00027141887956345153,3.0032,3.3851,3.0032,0.16610000000000014,0.3818999999999999
2008-04-15,6.9963,-0.0030000000000001137,-0.0004287061713605833,3.216,3.3309,3.216,0.2128000000000001,0.1149
2008-04-16,7.0047,0.008399999999999963,0.001199914435805405,3.3166,3.2702,3.3166,0.10060000000000002,-0.04640000000000022
2008-04-17,6.9895,-0.015200000000000102,-0.0021723293903787217,3.3252,3.1859,3.3252,0.008599999999999941,-0.13929999999999998
2008-04-18,7.0006,0.011100000000000776,0.0015868367387219594,2.8635,3.1756,2.8635,-0.4617,0.31210000000000004
2008-04-21,7.0078,0.007199999999999207,0.0010279547462970354,2.8147,3.1474,2.8147,-0.048799999999999955,0.3327
2008-04-22,6.9912,-0.016599999999999504,-0.0023715990828676527,2.7908,3.0763,2.7908,-0.023900000000000254,0.28549999999999986
2008-04-23,6.9837,-0.007500000000000284,-0.0010733530429633345,2.6984,2.9845,2.6984,-0.09240000000000004,0.28610000000000024
2008-04-24,6.989,0.005300000000000082,0.0007586222067577928,2.6875,2.8633,2.6875,-0.01089999999999991,0.17580000000000018
2008-04-25,6.9949,0.00590000000000046,0.0008438275946037563,2.8919,2.7575,2.8919,0.20440000000000014,-0.1344000000000003
2008-04-28,6.998,0.0030999999999998806,0.00044308185590063043,2.8548,2.7791,2.8548,-0.03710000000000013,-0.07569999999999988
2008-04-29,6.9898,-0.00820000000000043,-0.001172450412407659,2.9408,2.7917,2.9408,0.08599999999999985,-0.1490999999999998
2008-04-30,7.0002,0.010400000000000631,0.0014867765426406826,2.8442,2.8269,2.8442,-0.09660000000000002,-0.01729999999999965
2008-05-04,7.0002,0.0,0.0,2.8024,2.8448,2.8024,-0.04179999999999984,0.042400000000000215
2008-05-05,7.0016,0.0013999999999994017,0.00019997428968631588,2.9475,2.8572,2.9475,0.14509999999999978,-0.0902999999999996
2008-05-06,6.9888,-0.012799999999999478,-0.001829826677076116,2.9511,2.8812,2.9511,0.0036000000000000476,-0.06989999999999963
2008-05-07,6.9848,-0.004000000000000448,-0.0005725081738787377,3.0324,2.9096,3.0324,0.08130000000000015,-0.1227999999999998
2008-05-08,7.001,0.016200000000000436,0.0023166364805996768,3.0113,2.9386,3.0113,-0.02110000000000012,-0.07269999999999976
2008-05-09,7.0005,-0.0005000000000006111,-7.142091921766519e-05,2.9447,2.9748,2.9447,-0.06659999999999977,0.030100000000000016
2008-05-12,6.982,-0.018499999999999517,-0.002646166392998534,3.128,2.9942,3.128,0.18330000000000002,-0.13379999999999992
2008-05-13,6.9887,0.006699999999999484,0.0009591502950673593,3.2881,3.0473,3.2881,0.1600999999999999,-0.24080000000000013
2008-05-14,6.9987,0.010000000000000675,0.0014298585446540135,3.3722,3.1178,3.3722,0.08409999999999984,-0.25439999999999996
2008-05-15,7.0,0.0012999999999996348,0.0001857315327475559,3.4828,3.19,3.4828,0.11060000000000025,-0.29280000000000017
2008-05-16,6.9895,-0.010500000000000398,-0.0015011261262672026,3.9612,3.287,3.9612,0.4783999999999997,-0.6741999999999999
2008-05-19,6.9712,-0.018299999999999983,-0.0026216465480055446,3.9409,3.4887,3.9409,-0.020299999999999763,-0.45219999999999994
2008-05-20,6.978,0.006800000000000139,0.0009749663835417853,3.951,3.64,3.951,0.010099999999999998,-0.31099999999999994
2008-05-21,6.9597,-0.018299999999999983,-0.0026259727955102387,3.76,3.7598,3.76,-0.19100000000000028,-0.00019999999999997797
2008-05-22,6.9428,-0.016899999999999693,-0.0024312186044825254,3.8651,3.8149,3.8651,0.1051000000000002,-0.0501999999999998
2008-05-23,6.9498,0.006999999999999673,0.0010077308196288224,3.5336,3.8639,3.5336,-0.33150000000000013,0.33030000000000026
2008-05-26,6.9399,-0.00990000000000002,-0.0014255169912210611,3.4797,3.7667,3.4797,-0.05390000000000006,0.28700000000000037
2008-05-27,6.9432,0.0033000000000003027,0.00047539815490081795,3.4238,3.673,3.4238,-0.05589999999999984,0.2492000000000001
2008-05-28,6.9408,-0.0023999999999997357,-0.0003457216974797621,3.0743,3.5711,3.0743,-0.3494999999999999,0.4967999999999999
2008-05-29,6.9402,-0.000600000000000378,-8.644910314439453e-05,3.2011,3.4259,3.2011,0.1267999999999998,0.2248000000000001
2008-05-30,6.9472,0.006999999999999673,0.001008108154561888,3.1339,3.3131,3.1339,-0.0671999999999997,0.1791999999999998
2008-06-02,6.9372,-0.009999999999999787,-0.001440465807542017,3.1369,3.2431,3.1369,0.0029999999999996696,0.1062000000000003
2008-06-03,6.9295,-0.007699999999999818,-0.001110574367573457,3.1201,3.1817,3.1201,-0.016799999999999926,0.06160000000000032
2008-06-04,6.9356,0.006099999999999994,0.0008799071616605996,3.2773,3.1367,3.2773,0.1572,-0.14060000000000006
2008-06-05,6.9394,0.0038000000000000256,0.0005477477614426748,3.3075,3.1789,3.3075,0.030200000000000227,-0.12860000000000005
2008-06-06,6.9238,-0.015600000000000058,-0.0022505635905919457,3.3309,3.2085,3.3309,0.023400000000000087,-0.12240000000000029
2008-06-07,6.9238,0.0,0.0,3.3309,3.2085,3.3309,0.0,-0.12240000000000029
2008-06-10,6.9199,-0.0038999999999997925,-0.0005634332011201637,4.991,3.2501,4.991,1.6600999999999995,-1.7408999999999994
2008-06-11,6.9209,0.0009999999999994458,0.00014450031815196158,4.1237,3.6784,4.1237,-0.8672999999999993,-0.4453000000000005
2008-06-12,6.9015,-0.019399999999999196,-0.0028070396947674926,3.5518,3.8622,3.5518,-0.5719000000000003,0.3104
2008-06-13,6.9018,0.0002999999999993008,4.346786638654087e-05,3.356,3.8719,3.356,-0.1958000000000002,0.5159000000000002
2008-06-15,6.9018,0.0,0.0,3.356,3.8719,3.356,0.0,0.5159000000000002
2008-06-16,6.9028,0.001000000000000334,0.00014487924340425456,3.3501,3.8224,3.3501,-0.005900000000000016,0.47230000000000016
2008-06-17,6.8919,-0.010900000000000354,-0.0015803174071889184,3.2258,3.7566,3.2258,-0.12429999999999986,0.5308000000000002
2008-06-18,6.8823,-0.009599999999999831,-0.0013939105798360545,3.1923,3.4521,3.1923,-0.033500000000000085,0.25980000000000025
2008-06-19,6.8796,-0.0026999999999999247,-0.0003923876840614805,3.3777,3.2921,3.3777,0.1854,-0.0855999999999999
2008-06-20,6.8826,0.0030000000000001137,0.0004359768129395733,3.2246,3.2741,3.2246,-0.1530999999999998,0.049499999999999655
2008-06-23,6.8676,-0.01499999999999968,-0.0021817873122200347,3.0668,3.2365,3.0668,-0.15779999999999994,0.16969999999999974
2008-06-24,6.8736,0.005999999999999339,0.0008732862313792111,3.1053,3.1842,3.1053,0.03849999999999998,0.07889999999999997
2008-06-25,6.8684,-0.005199999999999427,-0.0007568039947885409,3.1663,3.1526,3.1663,0.06099999999999994,-0.013700000000000045
2008-06-26,6.8634,-0.004999999999999893,-0.0007282366799647708,3.2893,3.1509,3.2893,0.12299999999999978,-0.13839999999999986
2008-06-27,6.861,-0.002400000000000624,-0.00034974206879197055,3.2921,3.1463,3.2921,0.0028000000000001357,-0.14579999999999993
2008-06-30,6.8591,-0.0019000000000000128,-0.00027696591309767115,3.2936,3.1803,3.2936,0.0015000000000000568,-0.11330000000000018
2008-07-01,6.8608,0.001700000000000479,0.00024781521858038564,2.9996,3.2276,2.9996,-0.29400000000000004,0.22799999999999976
2008-07-02,6.8621,0.0012999999999996348,0.00018946432662014765,3.1575,3.1951,3.1575,0.15790000000000015,0.037599999999999856
2008-07-03,6.8529,-0.009199999999999875,-0.0013415969930601396,2.9005,3.1905,2.9005,-0.2570000000000001,0.29000000000000004
2008-07-04,6.8639,0.01100000000000012,0.0016038729671703374,2.8995,3.1093,2.8995,-0.0009999999999998899,0.2098
2008-07-07,6.8567,-0.007200000000000095,-0.0010495168813159587,3.0316,3.0385,3.0316,0.13209999999999988,0.006899999999999906
2008-07-08,6.8581,0.00140000000000029,0.00020415901141283995,3.196,2.9972,3.196,0.1644000000000001,-0.1988000000000003
2008-07-09,6.8632,0.00509999999999966,0.0007433698315544473,3.1309,3.0433,3.1309,-0.06510000000000016,-0.08760000000000012
2008-07-10,6.8489,-0.014299999999999535,-0.002085749839071962,2.9269,3.0447,2.9269,-0.20400000000000018,0.11780000000000035
2008-07-11,6.8397,-0.009200000000000763,-0.0013441844140727782,2.7678,3.034,2.7678,-0.15910000000000002,0.2662
2008-07-14,6.8266,-0.013099999999999667,-0.001917125192960391,3.0097,2.9843,3.0097,0.24190000000000023,-0.025399999999999867
2008-07-15,6.823,-0.0035999999999996035,-0.0005274879972267312,3.0576,2.9891,3.0576,0.04789999999999983,-0.06849999999999978
2008-07-16,6.8128,-0.010200000000000209,-0.0014960621162633677,2.906,2.9817,2.906,-0.15159999999999973,0.07569999999999988
2008-07-17,6.8189,0.006099999999999994,0.0008949728070839832,3.0402,2.9453,3.0402,0.13419999999999987,-0.09489999999999998
2008-07-18,6.8238,0.0049000000000001265,0.000718332912209609,3.1625,2.9692,3.1625,0.12230000000000008,-0.19330000000000025
2008-07-21,6.8271,0.0032999999999994145,0.00048348461482870125,3.0678,3.0464,3.0678,-0.0947,-0.021399999999999864
2008-07-22,6.8219,-0.005199999999999427,-0.0007619606200580471,3.0253,3.0462,3.0253,-0.04249999999999998,0.020899999999999697
2008-07-23,6.8279,0.005999999999999339,0.0008791338168232496,2.9716,3.0395,2.9716,-0.05370000000000008,0.06789999999999985
2008-07-24,6.8297,0.0018000000000002458,0.0002635895048063604,3.0842,3.0436,3.0842,0.11260000000000003,-0.04059999999999997
2008-07-25,6.8255,-0.0041999999999999815,-0.0006151502918219587,3.0816,3.0548,3.0816,-0.0026000000000001577,-0.026799999999999713
2008-07-28,6.8277,0.002200000000000202,0.0003222687749452282,3.161,3.0425,3.161,0.07940000000000014,-0.11850000000000005
2008-07-29,6.8205,-0.007200000000000095,-0.0010550842848026168,3.4189,3.0669,3.4189,0.2578999999999998,-0.35199999999999987
2008-07-30,6.8351,0.014599999999999724,0.0021383176957569475,3.4256,3.1573,3.4256,0.006700000000000372,-0.2683
2008-07-31,6.8388,0.0037000000000002586,0.000541177000022284,3.7695,3.2435,3.7695,0.34389999999999965,-0.5259999999999998
2008-08-01,6.8423,0.0034999999999998366,0.0005116547757644539,3.7905,3.3962,3.7905,0.02100000000000035,-0.3943000000000003
2008-08-04,6.8471,0.0048000000000003595,0.000701272546161717,3.8679,3.5409,3.8679,0.07739999999999991,-0.32699999999999996
2008-08-05,6.8501,0.0030000000000001137,0.00043804573897884396,3.9556,3.678,3.9556,0.08769999999999989,-0.27760000000000007
2008-08-06,6.8525,0.0023999999999997357,0.00035029848708152125,3.7928,3.7739,3.7928,-0.16279999999999983,-0.01890000000000036
2008-08-07,6.8555,0.0030000000000001137,0.00043770061976874524,3.2452,3.8265,3.2452,-0.5476000000000001,0.5812999999999997
2008-08-08,6.8585,0.0030000000000001137,0.0004375091217520416,3.1664,3.6896,3.1664,-0.0788000000000002,0.5232000000000001
2008-08-11,6.8638,0.005300000000000082,0.0007724652956930058,3.1493,3.547,3.1493,-0.01709999999999967,0.39769999999999994
2008-08-12,6.8659,0.0020999999999995467,0.00030590617659164896,3.1176,3.4021,3.1176,-0.031700000000000284,0.2845
2008-08-13,6.8628,-0.0030999999999998806,-0.0004516086814755583,3.1478,3.2621,3.1478,0.030200000000000227,0.11430000000000007
2008-08-14,6.863,0.00020000000000042206,2.9142199363981903e-05,3.2425,3.1608,3.2425,0.0947,-0.0817000000000001
2008-08-15,6.8649,0.0018999999999991246,0.0002768085449531388,2.7893,3.1638,2.7893,-0.45320000000000027,0.3745000000000003
2008-08-18,6.8665,0.001600000000000712,0.00023304251674872276,3.2775,3.0728,3.2775,0.48819999999999997,-0.20469999999999988
2008-08-19,6.8599,-0.006600000000000605,-0.0009616506161302565,3.1142,3.1114,3.1142,-0.1633,-0.0027999999999996916
2008-08-20,6.8529,-0.006999999999999673,-0.0010209440242727565,3.1087,3.1127,3.1087,-0.00550000000000006,0.0040000000000000036
2008-08-21,6.8518,-0.001100000000000101,-0.00016052887000265085,3.0214,3.106,3.0214,-0.08729999999999993,0.08460000000000001
2008-08-22,6.8357,-0.01609999999999978,-0.0023525125004866107,3.0949,3.0673,3.0949,0.07350000000000012,-0.02760000000000007
2008-08-25,6.8397,0.0039999999999995595,0.0005849920461663902,3.0003,3.116,3.0003,-0.0945999999999998,0.11569999999999991
2008-08-26,6.84,0.000300000000000189,4.386061098528629e-05,3.0351,3.0648,3.0351,0.03479999999999972,0.02970000000000006
2008-08-27,6.8415,0.0015000000000000568,0.00021927420326858636,3.0317,3.0489,3.0317,-0.0034000000000000696,0.017200000000000326
2008-08-28,6.8326,-0.008899999999999686,-0.0013017311935347975,3.2155,3.0318,3.2155,0.18380000000000019,-0.18369999999999997
2008-08-29,6.8345,0.0019000000000000128,0.00027803996637776064,3.0584,3.0781,3.0584,-0.15710000000000024,0.019700000000000273
2008-09-01,6.832,-0.002500000000000391,-0.00036585812430196146,3.1008,3.0591,3.1008,0.042400000000000215,-0.04170000000000007
2008-09-02,6.8359,0.0038999999999997925,0.0005706802223962561,3.0702,3.0617,3.0702,-0.030600000000000183,-0.00849999999999973
2008-09-03,6.8398,0.0039000000000006807,0.0005703547322219543,3.043,3.0672,3.043,-0.02719999999999967,0.0242
2008-09-04,6.841,0.0011999999999998678,0.00017542833797402525,3.1553,3.0684,3.1553,0.11229999999999984,-0.08689999999999998
2008-09-05,6.8436,0.0026000000000001577,0.00037998918949557164,3.0098,3.0671,3.0098,-0.14550000000000018,0.05730000000000013
2008-09-08,6.8455,0.0019000000000000128,0.0002775931233172753,2.9246,3.055,2.9246,-0.08519999999999994,0.1304000000000003
2008-09-09,6.8399,-0.005600000000000271,-0.0008183904471270592,3.0546,3.0238,3.0546,0.13000000000000034,-0.03080000000000016
2008-09-10,6.8406,0.000700000000000145,0.0001023354410455014,3.0,3.0258,3.0,-0.054600000000000204,0.025799999999999823
2008-09-11,6.8457,0.00509999999999966,0.00074527085275892,3.0104,3.0157,3.0104,0.010400000000000187,0.005299999999999638
2008-09-12,6.8458,9.999999999976694e-05,1.4607603257654377e-05,3.0213,2.9964,3.0213,0.01089999999999991,-0.024900000000000144
2008-09-15,6.8458,0.0,0.0,3.0213,2.9964,3.0213,0.0,-0.024900000000000144
2008-09-16,6.8203,-0.025500000000000078,-0.003731866383898892,2.9946,3.0002,2.9946,-0.026699999999999946,0.005599999999999827
2008-09-17,6.829,0.008700000000000152,0.0012747908212422702,3.0968,3.0054,3.0968,0.10219999999999985,-0.09140000000000015
2008-09-18,6.8201,-0.008899999999999686,-0.0013041154744803073,3.2109,3.0216,3.2109,0.11410000000000009,-0.18930000000000025
2008-09-19,6.8276,0.007500000000000284,0.0010990864035690477,3.3333,3.0744,3.3333,0.12239999999999984,-0.25890000000000013
2008-09-22,6.8243,-0.0033000000000003027,-0.000483449199638724,3.4429,3.1554,3.4429,0.10959999999999992,-0.28749999999999964
2008-09-23,6.8009,-0.023399999999999643,-0.0034348153430423627,3.4229,3.251,3.4229,-0.020000000000000018,-0.17189999999999994
2008-09-24,6.8129,0.011999999999999567,0.001762917496639792,3.3263,3.335,3.3263,-0.09660000000000002,0.008700000000000152
2008-09-25,6.8197,0.006800000000000139,0.0009976087560640535,3.3419,3.3708,3.3419,0.015600000000000058,0.028900000000000148
2008-09-26,6.8183,-0.00140000000000029,-0.00020530869701098736,3.4247,3.3976,3.4247,0.0828000000000002,-0.027099999999999902
2008-09-27,6.8183,0.0,0.0,3.4531,3.4094,3.4531,0.02839999999999998,-0.04369999999999985
2008-09-28,6.8183,0.0,0.0,3.2467,3.4155,3.2467,-0.20639999999999992,0.16880000000000006
2008-10-06,6.8321,0.013799999999999812,0.002021919460438055,3.5519,3.3734,3.5519,0.3051999999999997,-0.17849999999999966
2008-10-07,6.8345,0.002400000000000624,0.0003512212290799838,3.7313,3.4224,3.7313,0.17940000000000023,-0.30889999999999995
2008-10-08,6.8319,-0.0026000000000001577,-0.0003804952337657734,3.3576,3.5016,3.3576,-0.3736999999999999,0.14399999999999968
2008-10-09,6.831,-0.0008999999999996788,-0.00013174362709253431,3.3075,3.4762,3.3075,-0.05010000000000003,0.16869999999999985
2008-10-10,6.8327,0.0016999999999995907,0.00024883450438332685,3.42,3.4379,3.42,0.11249999999999982,0.017900000000000027
2008-10-13,6.8287,-0.0039999999999995595,-0.000585591537368896,3.3231,3.4636,3.3231,-0.09689999999999976,0.14049999999999985
2008-10-14,6.8278,-0.000900000000000567,-0.00013180536759837115,3.15,3.417,3.15,-0.17310000000000025,0.2669999999999999
2008-10-15,6.8272,-0.0005999999999994898,-8.787989752994234e-05,3.2242,3.3065,3.2242,0.07420000000000027,0.08230000000000004
2008-10-16,6.8295,0.0022999999999999687,0.0003368310092109886,3.2,3.2794,3.2,-0.0242,0.07939999999999969
2008-10-17,6.8311,0.0015999999999998238,0.00023425032682543973,3.0825,3.2523,3.0825,-0.11750000000000016,0.16979999999999995
2008-10-20,6.8297,-0.00140000000000029,-0.00020496603491769702,3.0017,3.1806,3.0017,-0.08079999999999998,0.17890000000000006
2008-10-21,6.8309,0.0011999999999998678,0.00017568774476758132,2.9921,3.1169,2.9921,-0.009599999999999831,0.12479999999999958
2008-10-22,6.8339,0.0030000000000001137,0.00043908436979666666,2.9171,3.0833,2.9171,-0.07500000000000018,0.1661999999999999
2008-10-23,6.8368,0.0029000000000003467,0.000424265040341895,2.9958,3.0238,2.9958,0.07869999999999999,0.028000000000000025
2008-10-24,6.8357,-0.001100000000000101,-0.0001609069303161498,2.9807,2.9934,2.9807,-0.015099999999999891,0.012699999999999712
2008-10-27,6.836,0.000300000000000189,4.38862760370971e-05,2.9171,2.9845,2.9171,-0.0636000000000001,0.06740000000000013
2008-10-28,6.8369,0.0008999999999996788,0.00013164727326299286,2.8953,2.9656,2.8953,-0.02179999999999982,0.07029999999999959
2008-10-29,6.8318,-0.00509999999999966,-0.0007462304735146765,2.9342,2.9438,2.9342,0.038899999999999935,0.009599999999999831
2008-10-30,6.827,-0.0048000000000003595,-0.0007028436169496834,2.9138,2.9459,2.9138,-0.020399999999999974,0.032099999999999795
2008-10-31,6.8258,-0.0011999999999998678,-0.0001757881171760074,2.8018,2.9295,2.8018,-0.1120000000000001,0.12769999999999992
2008-11-03,6.8288,0.0030000000000001137,0.00043941236627514235,2.8763,2.8869,2.8763,0.07450000000000001,0.01059999999999972
2008-11-04,6.8261,-0.0026999999999999247,-0.00039546243988429567,2.9363,2.8788,2.9363,0.06000000000000005,-0.05750000000000011
2008-11-05,6.824,-0.002100000000000435,-0.0003076900559803063,2.8658,2.891,2.8658,-0.07050000000000001,0.02519999999999989
2008-11-06,6.8252,0.0011999999999998678,0.00017583448159474348,2.8462,2.8755,2.8462,-0.019600000000000062,0.029300000000000104
2008-11-07,6.8277,0.002500000000000391,0.0003662225648677729,2.7877,2.8644,2.7877,-0.058499999999999996,0.07669999999999977
2008-11-10,6.8252,-0.002500000000000391,-0.00036622256486780355,2.7898,2.857,2.7898,0.0020999999999999908,0.06720000000000015
2008-11-11,6.8265,0.001300000000000523,0.0001904524716965724,2.7813,2.838,2.7813,-0.008500000000000174,0.056700000000000195
2008-11-12,6.8291,0.0026000000000001577,0.0003807961614894666,2.7804,2.8103,2.7804,-0.0008999999999996788,0.029899999999999594
2008-11-13,6.8295,0.00039999999999995595,5.857115665073104e-05,2.6842,2.7954,2.6842,-0.09620000000000006,0.11119999999999974
2008-11-14,6.8289,-0.000600000000000378,-8.78580214939487e-05,2.7121,2.7605,2.7121,0.027899999999999814,0.0484
2008-11-17,6.8303,0.00140000000000029,0.00020499004405869663,2.6925,2.7437,2.6925,-0.019600000000000062,0.051200000000000134
2008-11-18,6.828,-0.0022999999999999687,-0.0003367915511799483,2.6252,2.7238,2.6252,-0.06729999999999992,0.09860000000000024
2008-11-19,6.8293,0.0012999999999996348,0.00019037437911247225,2.6267,2.693,2.6267,0.0015000000000000568,0.06630000000000003
2008-11-20,6.8307,0.00140000000000029,0.0002049780387850319,2.5938,2.6655,2.5938,-0.03290000000000015,0.07170000000000032
2008-11-21,6.8317,0.0009999999999994458,0.0001463871650346882,2.5067,2.6464,2.5067,-0.08709999999999996,0.13969999999999994
2008-11-24,6.8304,-0.0012999999999996348,-0.00019030749356581866,2.5888,2.6056,2.5888,0.08210000000000006,0.016799999999999926
2008-11-25,6.8284,-0.0019999999999997797,-0.0002928514970998621,2.5696,2.5899,2.5696,-0.019200000000000106,0.020300000000000207
2008-11-26,6.8272,-0.0011999999999998678,-0.00017575207286222834,2.5353,2.5793,2.5353,-0.0343,0.04400000000000004
2008-11-27,6.8292,0.0019999999999997797,0.0002929029633428849,1.9808,2.5611,1.9808,-0.5545,0.5803000000000003
2008-11-28,6.8349,0.005700000000000038,0.0008343030760357436,2.0983,2.4175,2.0983,0.11750000000000016,0.31919999999999993
2008-12-01,6.8505,0.015600000000000058,0.0022798028200491025,1.9767,2.3258,1.9767,-0.12160000000000015,0.3491000000000002
2008-12-02,6.8527,0.0021999999999993136,0.00032109288617277967,1.9683,2.2037,1.9683,-0.008399999999999963,0.23540000000000005
2008-12-03,6.8502,-0.0024999999999995026,-0.0003648862689995817,1.9761,2.0922,1.9761,0.007800000000000029,0.11610000000000009
2008-12-04,6.8502,0.0,0.0,1.9708,2.0013,1.9708,-0.00529999999999986,0.03049999999999997
2008-12-05,6.8482,-0.0019999999999997797,-0.0002920049077572682,1.85,1.9968,1.85,-0.12080000000000002,0.14679999999999982
2008-12-08,6.8509,0.0026999999999999247,0.00039418648450797826,1.8408,1.9472,1.8408,-0.009200000000000097,0.10640000000000005
2008-12-09,6.8479,-0.0030000000000001137,-0.0004379945758693699,1.7475,1.9169,1.7475,-0.09329999999999994,0.1694
2008-12-10,6.8475,-0.00039999999999995595,-5.8413773984498716e-05,1.5742,1.8669,1.5742,-0.1733,0.29269999999999996
2008-12-11,6.8471,-0.00039999999999995595,-5.841718635281983e-05,1.4579,1.7793,1.4579,-0.11630000000000007,0.32140000000000013
2008-12-12,6.8451,-0.0019999999999997797,-0.0002921371312461011,1.535,1.6711,1.535,0.07709999999999995,0.1361000000000001
2008-12-15,6.8442,-0.000900000000000567,-0.00013148955772714158,1.5212,1.6126,1.5212,-0.013799999999999812,0.09139999999999993
2008-12-16,6.8433,-0.0008999999999996788,-0.00013150684950454737,1.5107,1.5552,1.5107,-0.010500000000000176,0.044499999999999984
2008-12-17,6.8353,-0.008000000000000007,-0.0011697104838430921,1.4511,1.5189,1.4511,-0.059599999999999875,0.06779999999999986
2008-12-18,6.8322,-0.0030999999999998806,-0.0004536308839450916,1.3975,1.489,1.3975,-0.05360000000000009,0.09150000000000014
2008-12-19,6.8357,0.0034999999999998366,0.0005121489148300522,1.4008,1.465,1.4008,0.0033000000000000806,0.06420000000000003
2008-12-22,6.8377,0.0019999999999997797,0.0002925388000442339,1.3775,1.4396,1.3775,-0.0233000000000001,0.062100000000000044
2008-12-23,6.8389,0.0011999999999998678,0.0001754822109412031,1.3667,1.4134,1.3667,-0.01079999999999992,0.046699999999999964
2008-12-24,6.8397,0.0007999999999999119,0.00011697103518078494,1.2051,1.3878,1.2051,-0.16159999999999997,0.18269999999999986
2008-12-25,6.8366,-0.0030999999999998806,-0.00045333899564820664,1.2082,1.3393,1.2082,0.0030999999999998806,0.1311
2008-12-26,6.8362,-0.00039999999999995595,-5.851032708938603e-05,1.2044,1.3066,1.2044,-0.0038000000000000256,0.10220000000000007
2008-12-29,6.8357,-0.0004999999999997229,-7.314272342873621e-05,1.1617,1.2607,1.1617,-0.04269999999999996,0.09899999999999998
2008-12-30,6.8353,-0.00039999999999995595,-5.8518030885005014e-05,1.0757,1.2181,1.0757,-0.08599999999999985,0.14239999999999986
2008-12-31,6.8346,-0.000700000000000145,-0.0001024147946381172,1.0058,1.1614,1.0058,-0.06990000000000007,0.15559999999999996
2009-01-04,6.8346,0.0,0.0,0.9857,1.1147,0.9857,-0.020100000000000007,0.129
2009-01-05,6.8367,0.002100000000000435,0.0003072129229139987,0.9983,1.0685,0.9983,0.012599999999999945,0.07020000000000004
2009-01-06,6.8384,0.0016999999999995907,0.00024862706799321746,0.99,1.0347,0.99,-0.008299999999999974,0.04469999999999996
2009-01-07,6.8389,0.0004999999999997229,7.311384560138964e-05,1.0038,1.0053,1.0038,0.013800000000000034,0.0015000000000000568
2009-01-08,6.8375,-0.0013999999999994017,-0.00020473224019329017,0.988,0.995,0.988,-0.015800000000000036,0.007000000000000006
2009-01-09,6.8363,-0.001200000000000756,-0.00017551814463883934,0.9439,0.992,0.9439,-0.04410000000000003,0.04810000000000003
2009-01-12,6.8382,0.0019000000000000128,0.0002778895041466646,0.9263,0.979,0.9263,-0.01759999999999995,0.05269999999999997
2009-01-13,6.8395,0.001300000000000523,0.00019009043975459723,0.9217,0.9667,0.9217,-0.0046000000000000485,0.04500000000000004
2009-01-14,6.8399,0.00039999999999995595,5.84820971847125e-05,0.9203,0.9538,0.9203,-0.0013999999999999568,0.033499999999999974
2009-01-15,6.8392,-0.000700000000000145,-0.00010234591465971544,0.9004,0.9404,0.9004,-0.01990000000000003,0.040000000000000036
2009-01-16,6.8383,-0.0008999999999996788,-0.00013160299781370835,0.9121,0.9242,0.9121,0.011700000000000044,0.0121
2009-01-19,6.836,-0.0022999999999999687,-0.0003363974787286653,0.9075,0.9204,0.9075,-0.0046000000000000485,0.012900000000000023
2009-01-20,6.8385,0.0024999999999995026,0.00036564408612428,0.8815,0.915,0.8815,-0.026000000000000023,0.033500000000000085
2009-01-21,6.8396,0.001100000000000101,0.00016084105283201863,0.9371,0.9031,0.9371,0.055600000000000094,-0.03400000000000003
2009-01-22,6.8373,-0.0022999999999999687,-0.00033633352904261947,1.0254,0.9086,1.0254,0.08830000000000005,-0.11680000000000013
2009-01-23,6.838,0.000700000000000145,0.00010237435385128388,1.0267,0.9382,1.0267,0.0012999999999998568,-0.08849999999999991
2009-01-24,6.838,0.0,0.0,0.9833,0.9629,0.9833,-0.043399999999999994,-0.020399999999999974
2009-02-01,6.838,0.0,0.0,0.9258,0.9508,0.9258,-0.057499999999999996,0.025000000000000022
2009-02-02,6.8397,0.0016999999999995907,0.00024857980636420416,0.9083,0.9535,0.9083,-0.01749999999999996,0.04520000000000002
2009-02-03,6.8398,0.00010000000000065512,1.4620417413306914e-05,0.9314,0.9454,0.9314,0.02310000000000001,0.014000000000000012
2009-02-04,6.8348,-0.004999999999999893,-0.0007312828489056792,0.9404,0.9327,0.9404,0.009000000000000008,-0.00770000000000004
2009-02-05,6.836,0.0011999999999998678,0.00017555666136326694,0.9399,0.9234,0.9399,-0.000500000000000056,-0.01649999999999996
2009-02-06,6.8371,0.001100000000000101,0.0001608998694332017,0.9358,0.9342,0.9358,-0.0040999999999999925,-0.0015999999999999348
2009-02-09,6.8346,-0.002500000000000391,-0.00036571897099333165,0.9375,0.9386,0.9375,0.0017000000000000348,0.0010999999999999899
2009-02-10,6.833,-0.0015999999999998238,-0.00023413035314304406,0.9395,0.9443,0.9395,0.0020000000000000018,0.0048000000000000265
2009-02-11,6.8337,0.000700000000000145,0.00010243877462927019,0.9348,0.9443,0.9348,-0.0047000000000000375,0.009500000000000064
2009-02-12,6.8327,-0.001000000000000334,-0.00014634431917481735,0.9325,0.9397,0.9325,-0.0022999999999999687,0.007199999999999984
2009-02-13,6.8334,0.000700000000000145,0.00010244327212763454,0.9575,0.939,0.9575,0.025000000000000022,-0.018500000000000072
2009-02-16,6.8343,0.0008999999999996788,0.00013169735965821137,0.9525,0.9454,0.9525,-0.0050000000000000044,-0.007099999999999995
2009-02-17,6.8352,0.000900000000000567,0.00013168001774779218,0.9533,0.9496,0.9533,0.0008000000000000229,-0.0037000000000000366
2009-02-18,6.8363,0.0010999999999992127,0.00016091869983156642,0.9538,0.9561,0.9538,0.0004999999999999449,0.0022999999999999687
2009-02-19,6.8369,0.000600000000000378,8.77629231467859e-05,0.95,0.9625,0.95,-0.0038000000000000256,0.012500000000000067
2009-02-20,6.8357,-0.0011999999999998678,-0.0001755335493002275,0.9742,0.9637,0.9742,0.0242,-0.010499999999999954
2009-02-23,6.8337,-0.0019999999999997797,-0.0002926244040369762,0.9938,0.9705,0.9938,0.019600000000000062,-0.023299999999999987
2009-02-24,6.8358,0.0020999999999995467,0.00030725337671748116,0.9558,0.9819,0.9558,-0.038000000000000034,0.026100000000000012
2009-02-25,6.8361,0.000300000000000189,4.388563404483535e-05,0.9483,0.9795,0.9483,-0.007499999999999951,0.031200000000000006
2009-02-26,6.8371,0.001000000000000334,0.0001462715387448831,0.9404,0.9759,0.9404,-0.007900000000000018,0.035499999999999976
2009-02-27,6.8379,0.0007999999999999119,0.00011700182828693733,0.9488,0.9724,0.9488,0.008399999999999963,0.023600000000000065
2009-03-02,6.8389,0.0009999999999994458,0.000146233037228315,0.9471,0.9627,0.9471,-0.0016999999999999238,0.015599999999999947
2009-03-03,6.8392,0.000300000000000189,4.386574159399442e-05,0.9475,0.9542,0.9475,0.00039999999999995595,0.006700000000000039
2009-03-04,6.8395,0.000300000000000189,4.386381747515613e-05,0.9433,0.9531,0.9433,-0.0041999999999999815,0.00979999999999992
2009-03-05,6.8365,-0.0030000000000001137,-0.0004387247803626246,0.9421,0.9541,0.9421,-0.0011999999999999789,0.0119999999999999
2009-03-06,6.837,0.0004999999999997229,7.313416465766239e-05,0.9275,0.9535,0.9275,-0.014600000000000057,0.026000000000000023
2009-03-09,6.8355,-0.0015000000000000568,-0.00021941854174698845,0.9617,0.9488,0.9617,0.03420000000000001,-0.012900000000000023
2009-03-10,6.8358,0.000300000000000189,4.388756007823826e-05,0.945,0.9522,0.945,-0.016700000000000048,0.007200000000000095
2009-03-11,6.8347,-0.001100000000000101,-0.000160930471068925,0.9475,0.9508,0.9475,0.0025000000000000577,0.0032999999999999696
2009-03-12,6.8339,-0.0007999999999999119,-0.00011705661163737933,0.9383,0.9529,0.9383,-0.009199999999999986,0.014599999999999946
2009-03-13,6.8334,-0.0004999999999997229,-7.316734105828254e-05,0.9392,0.9507,0.9392,0.0009000000000000119,0.011499999999999955
2009-03-16,6.8349,0.0015000000000000568,0.00021948596475375302,0.9592,0.9535,0.9592,0.020000000000000018,-0.005700000000000038
2009-03-17,6.8327,-0.002200000000000202,-0.0003219292368815011,0.9446,0.9585,0.9446,-0.014600000000000057,0.013900000000000023
2009-03-18,6.8319,-0.0007999999999999119,-0.00011709087729083185,0.9188,0.9556,0.9188,-0.025800000000000045,0.036800000000000055
2009-03-19,6.8301,-0.0018000000000002458,-0.00026350461285537844,0.9588,0.9437,0.9588,0.040000000000000036,-0.015100000000000002
2009-03-20,6.8293,-0.0007999999999999119,-0.00011713545264280523,0.9667,0.9519,0.9667,0.007900000000000018,-0.014800000000000035
2009-03-23,6.8304,0.001100000000000101,0.00016105771025399674,0.9633,0.9591,0.9633,-0.0033999999999999586,-0.0042000000000000925
2009-03-24,6.8301,-0.000300000000000189,-4.392225761110484e-05,0.9383,0.9593,0.9383,-0.025000000000000022,0.02100000000000002
2009-03-25,6.8328,0.0026999999999999247,0.00039523088585103196,0.9329,0.958,0.9329,-0.005400000000000071,0.02510000000000001
2009-03-26,6.8321,-0.000700000000000145,-0.00010245226830971729,0.9292,0.9595,0.9292,-0.0036999999999999256,0.030299999999999994
2009-03-27,6.8317,-0.00039999999999995595,-5.854886636425062e-05,0.9528,0.951,0.9528,0.023599999999999954,-0.0018000000000000238
2009-03-30,6.834,0.0022999999999999687,0.00033660917797364806,0.9433,0.9519,0.9433,-0.009499999999999953,0.008599999999999941
2009-03-31,6.8359,0.0019000000000000128,0.0002779830155648767,0.9354,0.9468,0.9354,-0.007900000000000018,0.011399999999999966
2009-04-01,6.8349,-0.0009999999999994458,-0.0001462972176877281,0.9425,0.9456,0.9425,0.007099999999999995,0.0030999999999999917
2009-04-02,6.8341,-0.0007999999999999119,-0.00011705318617509001,0.9408,0.9495,0.9408,-0.0017000000000000348,0.008700000000000041
2009-04-03,6.832,-0.002100000000000435,-0.0003073298185333824,0.9408,0.955,0.9408,0.0,0.01419999999999999
2009-04-07,6.834,0.0019999999999997797,0.0002926972068313773,0.9475,0.953,0.9475,0.006700000000000039,0.005499999999999949
2009-04-08,6.837,0.0030000000000001137,0.0004388852385567769,0.9438,0.9548,0.9438,-0.0037000000000000366,0.01100000000000001
2009-04-09,6.8358,-0.0011999999999998678,-0.00017553098166887466,0.94,0.9577,0.94,-0.0038000000000000256,0.01770000000000005
2009-04-10,6.8347,-0.001100000000000101,-0.000160930471068925,0.9371,0.9568,0.9371,-0.0028999999999999027,0.01969999999999994
2009-04-13,6.8332,-0.0015000000000000568,-0.000219492388153604,0.9229,0.9532,0.9229,-0.01419999999999999,0.030299999999999994
2009-04-14,6.8296,-0.0035999999999996035,-0.0005269783768057934,0.9163,0.9444,0.9163,-0.00660000000000005,0.028100000000000014
2009-04-15,6.8293,-0.000300000000000189,-4.39274026530016e-05,0.9175,0.9354,0.9175,0.0011999999999999789,0.017900000000000027
2009-04-16,6.8301,0.0007999999999999119,0.00011713545264275516,0.9208,0.9291,0.9208,0.0032999999999999696,0.008300000000000085
2009-04-17,6.8311,0.001000000000000334,0.00014640002368543126,0.92,0.9252,0.92,-0.0007999999999999119,0.005199999999999982
2009-04-20,6.8329,0.0018000000000002458,0.0002634660436785697,0.9125,0.9209,0.9125,-0.007500000000000062,0.008400000000000074
2009-04-21,6.8342,0.0012999999999996348,0.00019023787108027456,0.9183,0.9203,0.9183,0.005800000000000027,0.0020000000000000018
2009-04-22,6.8306,-0.0036000000000004917,-0.0005269012474807809,0.9371,0.9218,0.9371,0.01880000000000004,-0.015300000000000091
2009-04-23,6.8295,-0.0010999999999992127,-0.0001610529941035837,0.9475,0.9301,0.9475,0.010399999999999965,-0.01739999999999997
2009-04-24,6.8273,-0.002200000000000202,-0.00032218382330126205,0.9617,0.939,0.9617,0.01419999999999999,-0.022700000000000053
2009-04-27,6.8253,-0.0019999999999997797,-0.00029298448856719076,0.9558,0.9512,0.9558,-0.005900000000000016,-0.0045999999999999375
2009-04-28,6.8274,0.0020999999999995467,0.00030763145993985817,0.9429,0.9564,0.9429,-0.012900000000000023,0.013500000000000068
2009-04-29,6.8265,-0.0008999999999996788,-0.00013183046621154522,0.9408,0.9599,0.9408,-0.0020999999999999908,0.019100000000000006
2009-04-30,6.825,-0.0015000000000000568,-0.00021975607164588908,0.9417,0.9563,0.9417,0.0009000000000000119,0.014600000000000057
2009-05-04,6.8225,-0.002500000000000391,-0.00036636747066705496,0.9421,0.9554,0.9421,0.00040000000000006697,0.013299999999999979
2009-05-05,6.8201,-0.0023999999999997357,-0.00035183909588461964,0.9325,0.9508,0.9325,-0.009600000000000053,0.018299999999999983
2009-05-06,6.8232,0.0030999999999998806,0.0004544355182909211,0.9275,0.947,0.9275,-0.0050000000000000044,0.019499999999999962
2009-05-07,6.823,-0.00019999999999953388,-2.9312189475998632e-05,0.9311,0.9446,0.9311,0.0036000000000000476,0.013499999999999956
2009-05-08,6.8221,-0.000900000000000567,-0.00013191548633657109,0.9267,0.9448,0.9267,-0.0044000000000000705,0.018100000000000005
2009-05-11,6.822,-9.999999999976694e-05,-1.4658350495998565e-05,0.9283,0.942,0.9283,0.0016000000000000458,0.013699999999999934
2009-05-12,6.8242,0.002200000000000202,0.00032243408700746446,0.9438,0.9392,0.9438,0.015499999999999958,-0.0045999999999999375
2009-05-13,6.8235,-0.000700000000000145,-0.00010258138743001609,0.9433,0.9449,0.9433,-0.0004999999999999449,0.0015999999999999348
2009-05-14,6.825,0.0015000000000000568,0.00021980437499191554,0.9413,0.946,0.9413,-0.0020000000000000018,0.0046999999999999265
2009-05-15,6.8247,-0.000300000000000189,-4.3957010051227875e-05,0.9483,0.9459,0.9483,0.007000000000000006,-0.0024000000000000687
2009-05-18,6.8267,0.0019999999999997797,0.00029301024280422504,0.9479,0.9502,0.9479,-0.00040000000000006697,0.0023000000000000798
2009-05-19,6.826,-0.000700000000000145,-0.00010254381926113336,0.9525,0.9544,0.9525,0.0046000000000000485,0.0019000000000000128
2009-05-20,6.8251,-0.0008999999999996788,-0.00013185750617948367,0.9503,0.956,0.9503,-0.0021999999999999797,0.005699999999999927
2009-05-21,6.8245,-0.000600000000000378,-8.791466422267487e-05,0.9538,0.9609,0.9538,0.0034999999999999476,0.007099999999999995
2009-05-22,6.8239,-0.0005999999999994898,-8.792239389023116e-05,0.9617,0.9633,0.9617,0.007900000000000018,0.0016000000000000458
2009-05-25,6.8235,-0.00039999999999995595,-5.861922419139299e-05,0.9579,0.9659,0.9579,-0.0038000000000000256,0.008000000000000007
2009-05-26,6.8285,0.004999999999999893,0.0007324934403106349,0.9546,0.9643,0.9546,-0.0032999999999999696,0.009700000000000042
2009-05-27,6.8324,0.0038999999999997925,0.0005709726454264818,0.9554,0.9631,0.9554,0.0008000000000000229,0.007699999999999929
2009-05-31,6.8324,0.0,0.0,0.9529,0.9606,0.9529,-0.0025000000000000577,0.00770000000000004
2009-06-01,6.8317,-0.000700000000000145,-0.00010245826664212446,0.9417,0.959,0.9417,-0.011199999999999988,0.017299999999999982
2009-06-02,6.8309,-0.0007999999999999119,-0.00011710801764147308,0.9403,0.9512,0.9403,-0.0013999999999999568,0.01090000000000002
2009-06-03,6.8302,-0.000700000000000145,-0.00010248076664583076,0.9463,0.9507,0.9463,0.006000000000000005,0.0043999999999999595
2009-06-04,6.8325,0.0022999999999999687,0.00033668308924693206,0.9454,0.9506,0.9454,-0.0009000000000000119,0.005199999999999982
2009-06-05,6.8334,0.000900000000000567,0.0001317147061374059,0.9448,0.9494,0.9448,-0.0006000000000000449,0.0046000000000000485
2009-06-08,6.8365,0.0030999999999998806,0.00045355124077597187,0.9413,0.9472,0.9413,-0.0034999999999999476,0.005900000000000016
2009-06-09,6.8366,9.999999999976694e-05,1.4627260826318762e-05,0.9461,0.9507,0.9461,0.0048000000000000265,0.0045999999999999375
2009-06-10,6.8336,-0.0030000000000001137,-0.00043891092276057735,0.94,0.9483,0.94,-0.006100000000000105,0.008300000000000085
2009-06-11,6.8348,0.001200000000000756,0.00017558748691646589,0.9408,0.9463,0.9408,0.0008000000000000229,0.00550000000000006
2009-06-12,6.8325,-0.002300000000000857,-0.0003365697718953978,0.9408,0.944,0.9408,0.0,0.0031999999999999806
2009-06-15,6.8343,0.0018000000000002458,0.00026341206579576026,0.9425,0.9429,0.9425,0.0017000000000000348,0.00039999999999995595
2009-06-16,6.8368,0.002500000000000391,0.00036573502174175744,0.9421,0.9414,0.9421,-0.00039999999999995595,-0.0007000000000000339
2009-06-17,6.834,-0.00280000000000058,-0.0004096322145234033,0.9425,0.9425,0.9425,0.00039999999999995595,0.0
2009-06-18,6.8321,-0.0019000000000000128,-0.00027806031160930466,0.9525,0.944,0.9525,0.010000000000000009,-0.008500000000000063
2009-06-19,6.8338,0.001700000000000479,0.00024879444584986017,0.9967,0.9465,0.9967,0.04420000000000002,-0.05020000000000002
2009-06-22,6.8328,-0.001000000000000334,-0.00014634217754008402,1.0892,0.9589,1.0892,0.09249999999999992,-0.13029999999999997
2009-06-23,6.8339,0.001100000000000101,0.00016097521748132938,1.1,0.9951,1.1,0.010800000000000143,-0.1049000000000001
2009-06-24,6.8316,-0.0022999999999999687,-0.0003366141043822381,1.185,1.0312,1.185,0.08499999999999996,-0.15380000000000016
2009-06-25,6.8331,0.0015000000000000568,0.0002195437888904257,1.1288,1.0815,1.1288,-0.05620000000000003,-0.04730000000000012
2009-06-26,6.8328,-0.000300000000000189,-4.390490198942464e-05,1.1717,1.1138,1.1717,0.04289999999999994,-0.05790000000000006
2009-06-29,6.8316,-0.0011999999999998678,-0.0001756388869009817,1.19,1.1447,1.19,0.018299999999999983,-0.045299999999999896
2009-06-30,6.8319,0.000300000000000189,4.391261390537091e-05,1.2117,1.1656,1.2117,0.021700000000000053,-0.04610000000000003
2009-07-01,6.8325,0.0005999999999994898,8.781944328120198e-05,1.1767,1.185,1.1767,-0.03499999999999992,0.008299999999999974
2009-07-02,6.8309,-0.0015999999999998238,-0.00023420232260099012,1.295,1.1811,1.295,0.11829999999999985,-0.11389999999999989
2009-07-03,6.8333,0.002400000000000624,0.0003512829180896831,1.2493,1.212,1.2493,-0.04569999999999985,-0.03730000000000011
2009-07-06,6.833,-0.000300000000000189,-4.390361693334421e-05,1.2325,1.2256,1.2325,-0.016800000000000148,-0.006899999999999906
2009-07-07,6.8326,-0.00039999999999995595,-5.854115444830265e-05,1.2208,1.2284,1.2208,-0.011699999999999822,0.007599999999999829
2009-07-08,6.8336,0.0009999999999994458,0.00014634646087203284,1.2178,1.2278,1.2178,-0.0030000000000001137,0.010000000000000009
2009-07-09,6.8325,-0.001100000000000101,-0.00016098228497897734,1.2271,1.2352,1.2271,0.009300000000000086,0.008099999999999996
2009-07-10,6.8313,-0.0011999999999998678,-0.00017564659949428243,1.225,1.2275,1.225,-0.0020999999999999908,0.0024999999999999467
2009-07-13,6.832,0.000700000000000145,0.00010246426567694556,1.2608,1.2254,1.2608,0.03579999999999983,-0.035399999999999876
2009-07-14,6.8332,0.0011999999999998678,0.00017562860449681807,1.3742,1.2357,1.3742,0.11340000000000017,-0.13850000000000007
2009-07-15,6.8328,-0.00039999999999995595,-5.853944096500673e-05,1.4367,1.2734,1.4367,0.0625,-0.1633
2009-07-16,6.8315,-0.0012999999999996348,-0.0001902768533948358,1.5158,1.3217,1.5158,0.07909999999999995,-0.19409999999999994
2009-07-17,6.831,-0.0004999999999997229,-7.319304669314913e-05,1.5334,1.3827,1.5334,0.01760000000000006,-0.15070000000000006
2009-07-20,6.8321,0.0010999999999992127,0.00016101763177839686,1.6936,1.4487,1.6936,0.1601999999999999,-0.2448999999999999
2009-07-21,6.8311,-0.0009999999999994458,-0.00014637859385571508,2.0971,1.5452,2.0971,0.4035000000000002,-0.5519000000000003
2009-07-22,6.8309,-0.00020000000000042206,-2.9278290150005845e-05,2.0283,1.7074,2.0283,-0.06879999999999997,-0.3209000000000002
2009-07-23,6.8307,-0.00019999999999953388,-2.927914739328979e-05,1.94,1.8315,1.94,-0.08830000000000027,-0.10850000000000004
2009-07-24,6.8318,0.001100000000000101,0.00016102470300127387,1.7117,1.9013,1.7117,-0.22829999999999995,0.1896
2009-07-27,6.8316,-0.00020000000000042206,-2.9275290193491243e-05,1.6025,1.9019,1.6025,-0.10919999999999996,0.2993999999999999
2009-07-28,6.831,-0.0005999999999994898,-8.783101318714356e-05,1.56,1.8539,1.56,-0.04249999999999998,0.29390000000000005
2009-07-29,6.8314,0.00039999999999995595,5.8554865926120076e-05,1.5042,1.7455,1.5042,-0.05580000000000007,0.24130000000000007
2009-07-30,6.8335,0.0020999999999995467,0.00030735680707965474,1.6429,1.6488,1.6429,0.13870000000000005,0.005900000000000016
2009-07-31,6.8323,-0.0011999999999998678,-0.00017562089348357134,1.9325,1.6069,1.9325,0.2896000000000001,-0.3256000000000001
2009-08-03,6.831,-0.0012999999999996348,-0.00019029077952209344,2.1267,1.6734,2.1267,0.19419999999999993,-0.45330000000000004
2009-08-04,6.8303,-0.000700000000000145,-0.00010247926633819708,1.5042,1.7978,1.5042,-0.6225,0.2936000000000001
2009-08-05,6.8306,0.0002999999999993008,4.39209715388363e-05,1.8063,1.7598,1.8063,0.30210000000000004,-0.046499999999999986
2009-08-06,6.8304,-0.00019999999999953388,-2.928043335242226e-05,1.6225,1.804,1.6225,-0.18379999999999996,0.1815
2009-08-07,6.8316,0.0011999999999998678,0.00017566974133890567,1.6013,1.7794,1.6013,-0.021200000000000108,0.17810000000000015
2009-08-10,6.8346,0.0030000000000001137,0.00043903938888476836,1.6136,1.7138,1.6136,0.012299999999999978,0.10020000000000007
2009-08-11,6.8352,0.000600000000000378,8.778475184514049e-05,1.5433,1.6308,1.5433,-0.07030000000000003,0.08750000000000013
2009-08-12,6.8351,-0.00010000000000065512,-1.4630256834529876e-05,1.4738,1.6287,1.4738,-0.0694999999999999,0.15490000000000004
2009-08-13,6.8343,-0.0007999999999999119,-0.00011704976091323113,1.4442,1.57,1.4442,-0.02960000000000007,0.12580000000000013
2009-08-14,6.8328,-0.0015000000000000568,-0.00021950523608126564,1.4086,1.5342,1.4086,-0.035599999999999854,0.12559999999999993
2009-08-17,6.8333,0.0005000000000006111,7.317376577420185e-05,1.4067,1.4957,1.4067,-0.0019000000000000128,0.08899999999999997
2009-08-18,6.8339,0.0005999999999994898,8.780145170704173e-05,1.295,1.458,1.295,-0.11170000000000013,0.16300000000000003
2009-08-19,6.8329,-0.0009999999999994458,-0.0001463400359680921,1.2729,1.4044,1.2729,-0.02210000000000001,0.13150000000000017
2009-08-20,6.8318,-0.001100000000000101,-0.00016099877822069335,1.2675,1.3601,1.2675,-0.005399999999999849,0.09260000000000002
2009-08-21,6.8313,-0.0005000000000006111,-7.318983250125003e-05,1.254,1.3288,1.254,-0.013500000000000068,0.07479999999999998
2009-08-24,6.8309,-0.00039999999999995595,-5.855572310665632e-05,1.2736,1.2994,1.2736,0.019600000000000062,0.025800000000000045
2009-08-25,6.8311,0.00020000000000042206,2.9278290149917e-05,1.3467,1.2795,1.3467,0.07309999999999994,-0.06719999999999993
2009-08-26,6.8313,0.00019999999999953388,2.9277432956717808e-05,1.3704,1.2939,1.3704,0.023700000000000054,-0.07650000000000001
2009-08-27,6.832,0.000700000000000145,0.00010246426567694556,1.3611,1.3161,1.3611,-0.009300000000000086,-0.04499999999999993
2009-08-28,6.8309,-0.001100000000000101,-0.00016101998878377782,1.3875,1.333,1.3875,0.02639999999999998,-0.05449999999999999
2009-08-31,6.8312,0.000300000000000189,4.391711377429706e-05,1.465,1.3587,1.465,0.07750000000000012,-0.10630000000000006
2009-09-01,6.8308,-0.00039999999999995595,-5.855658031241826e-05,1.3246,1.3995,1.3246,-0.14040000000000008,0.07489999999999997
2009-09-02,6.8316,0.0007999999999999119,0.00011710973195246,1.5725,1.3959,1.5725,0.2479,-0.1766000000000001
2009-09-03,6.8307,-0.0008999999999996788,-0.00013174941280769305,1.6854,1.4399,1.6854,0.1129,-0.24550000000000005
2009-09-04,6.831,0.000300000000000189,4.391839962054198e-05,1.7513,1.5096,1.7513,0.06590000000000007,-0.24170000000000003
2009-09-07,6.8305,-0.0005000000000006111,-7.319840430751063e-05,1.7258,1.5799,1.7258,-0.025500000000000078,-0.14589999999999992
2009-09-08,6.83,-0.0004999999999997229,-7.320376270599775e-05,1.7096,1.6273,1.7096,-0.016199999999999992,-0.08230000000000004
2009-09-09,6.8292,-0.0007999999999999119,-0.00011713716775724013,1.6583,1.6848,1.6583,-0.0512999999999999,0.026499999999999968
2009-09-10,6.8288,-0.00039999999999995595,-5.8573729699015075e-05,1.564,1.6997,1.564,-0.09430000000000005,0.13569999999999993
2009-09-11,6.8282,-0.000600000000000378,-8.786702795434361e-05,1.3825,1.6635,1.3825,-0.1815,0.2809999999999999
2009-09-14,6.828,-0.00019999999999953388,-2.9290725093961987e-05,1.4425,1.5995,1.4425,0.05999999999999983,0.15700000000000003
2009-09-15,6.8284,0.00039999999999995595,5.858059226652864e-05,1.4517,1.5475,1.4517,0.009200000000000097,0.09580000000000011
2009-09-16,6.8281,-0.000300000000000189,-4.393512247629874e-05,1.4529,1.5043,1.4529,0.0012000000000000899,0.05139999999999989
2009-09-17,6.8272,-0.0008999999999996788,-0.00013181695038596143,1.4654,1.4739,1.4654,0.012499999999999956,0.008499999999999952
2009-09-18,6.8271,-0.00010000000000065512,-1.464740045299389e-05,1.5158,1.4624,1.5158,0.0504,-0.053400000000000114
2009-09-21,6.828,0.000900000000000567,0.00013181888104875705,1.6213,1.4846,1.6213,0.10549999999999993,-0.13670000000000004
2009-09-22,6.8289,0.0008999999999996788,0.0001318015071213928,1.5921,1.5199,1.5921,-0.029199999999999893,-0.07220000000000004
2009-09-23,6.8271,-0.0018000000000002458,-0.00026362038817001864,1.5617,1.5463,1.5617,-0.030399999999999983,-0.01540000000000008
2009-09-24,6.828,0.000900000000000567,0.00013181888104875705,1.7775,1.5635,1.7775,0.2158,-0.2140000000000002
2009-09-25,6.8287,0.000700000000000145,0.0001025137845325024,1.6275,1.6281,1.6275,-0.15000000000000013,0.000600000000000156
2009-09-27,6.8287,0.0,0.0,1.6025,1.6405,1.6025,-0.02499999999999991,0.038000000000000034
2009-09-28,6.8279,-0.0008000000000008001,-0.00011715946881593027,1.5717,1.637,1.5717,-0.03079999999999994,0.06529999999999991
2009-09-29,6.8288,0.000900000000000567,0.00013180343733164656,1.6603,1.6305,1.6603,0.08860000000000001,-0.02980000000000005
2009-09-30,6.829,0.00019999999999953388,2.9287293709728355e-05,1.7983,1.6467,1.7983,0.1379999999999999,-0.15159999999999996
2009-10-09,6.827,-0.0019999999999997797,-0.00029291154280892484,1.6983,1.6757,1.6983,-0.10000000000000009,-0.022599999999999953
2009-10-10,6.827,0.0,0.0,1.6808,1.6883,1.6808,-0.01749999999999985,0.00749999999999984
2009-10-12,6.8275,0.0004999999999997229,7.323592957980614e-05,1.5857,1.6951,1.5857,-0.09509999999999996,0.10939999999999994
2009-10-13,6.827,-0.0004999999999997229,-7.323592957976917e-05,1.5767,1.6846,1.5767,-0.009000000000000119,0.1079000000000001
2009-10-14,6.8269,-9.999999999976694e-05,-1.4647829558035738e-05,1.5528,1.6624,1.5528,-0.023900000000000032,0.10960000000000014
2009-10-15,6.8267,-0.00020000000000042206,-2.929630280877118e-05,1.5224,1.6101,1.5224,-0.030399999999999983,0.08770000000000011
2009-10-16,6.827,0.000300000000000189,4.394413236685229e-05,1.5223,1.5769,1.5223,-9.999999999998899e-05,0.05459999999999998
2009-10-19,6.8275,0.0004999999999997229,7.323592957980614e-05,1.5271,1.5515,1.5271,0.0047999999999999154,0.0244000000000002
2009-10-20,6.8273,-0.00019999999999953388,-2.929372821486223e-05,1.5098,1.5449,1.5098,-0.01729999999999987,0.03509999999999991
2009-10-21,6.8278,0.0004999999999997229,7.323271162021402e-05,1.5329,1.5301,1.5329,0.0230999999999999,-0.0027999999999999137
2009-10-22,6.8272,-0.0005999999999994898,-8.787989752994234e-05,1.5125,1.5291,1.5125,-0.020399999999999974,0.016599999999999948
2009-10-23,6.8275,0.0002999999999993008,4.394091412449139e-05,1.4442,1.5172,1.4442,-0.06830000000000003,0.07300000000000018
2009-10-26,6.828,0.0005000000000006111,7.323056647115761e-05,1.4733,1.4934,1.4733,0.029100000000000126,0.020100000000000007
2009-10-27,6.8284,0.00039999999999995595,5.858059226652864e-05,1.4376,1.4819,1.4376,-0.035700000000000065,0.044300000000000006
2009-10-28,6.8283,-0.00010000000000065512,-1.464482634933317e-05,1.4687,1.4653,1.4687,0.031099999999999905,-0.0033999999999998476
2009-10-29,6.8285,0.00020000000000042206,2.928943823076176e-05,1.4525,1.4561,1.4525,-0.016199999999999992,0.0036000000000000476
2009-10-30,6.8281,-0.00039999999999995595,-5.8579734357678585e-05,1.3683,1.4386,1.3683,-0.08419999999999983,0.07030000000000003
2009-11-02,6.8282,9.999999999976694e-05,1.4645255303531525e-05,1.34,1.4173,1.34,-0.028299999999999992,0.07729999999999992
2009-11-03,6.8279,-0.000300000000000189,-4.3936409377247285e-05,1.4658,1.39,1.4658,0.1257999999999999,-0.07580000000000009
2009-11-04,6.828,0.00010000000000065512,1.4645684283428778e-05,1.4038,1.4054,1.4038,-0.062000000000000055,0.0016000000000000458
2009-11-05,6.8277,-0.000300000000000189,-4.3937696353695975e-05,1.4463,1.3838,1.4463,0.04249999999999998,-0.0625
2009-11-06,6.8276,-9.999999999976694e-05,-1.4646327799637627e-05,1.4405,1.3968,1.4405,-0.005800000000000027,-0.04369999999999985
2009-11-09,6.8273,-0.000300000000000189,-4.394027053264965e-05,1.4558,1.4156,1.4558,0.015300000000000091,-0.040200000000000014
2009-11-10,6.8268,-0.0004999999999997229,-7.32380750431567e-05,1.4807,1.44,1.4807,0.024899999999999922,-0.04069999999999996
2009-11-11,6.8267,-0.00010000000000065512,-1.4648258688613271e-05,1.4592,1.4437,1.4592,-0.021499999999999853,-0.01550000000000007
2009-11-12,6.8268,0.00010000000000065512,1.4648258688602362e-05,1.4651,1.4615,1.4651,0.005900000000000016,-0.0036000000000000476
2009-11-13,6.8273,0.0004999999999997229,7.323807504302115e-05,1.4708,1.4658,1.4708,0.005700000000000038,-0.0050000000000001155
2009-11-16,6.8272,-9.999999999976694e-05,-1.4647185909688023e-05,1.3567,1.4728,1.3567,-0.11410000000000009,0.11610000000000009
2009-11-17,6.8271,-0.00010000000000065512,-1.464740045299389e-05,1.4196,1.4465,1.4196,0.06289999999999996,0.026899999999999924
2009-11-18,6.8275,0.00039999999999995595,5.858831457742575e-05,1.4058,1.4375,1.4058,-0.013800000000000034,0.03170000000000006
2009-11-19,6.8274,-9.999999999976694e-05,-1.4646756842061516e-05,1.3908,1.4234,1.3908,-0.014999999999999902,0.03259999999999996
2009-11-20,6.8278,0.00039999999999995595,5.858574024762382e-05,1.4384,1.4102,1.4384,0.047599999999999865,-0.028200000000000003
2009-11-23,6.8279,9.999999999976694e-05,1.4645898782481032e-05,1.4608,1.409,1.4608,0.022400000000000198,-0.05180000000000007
2009-11-24,6.8276,-0.0002999999999993008,-4.3938339870010816e-05,1.4025,1.43,1.4025,-0.05830000000000002,0.027499999999999858
2009-11-25,6.8275,-0.00010000000000065512,-1.4646542317851903e-05,1.4296,1.4222,1.4296,0.027099999999999902,-0.007400000000000073
2009-11-26,6.8268,-0.0006999999999992568,-0.0001025318032579239,1.4217,1.4266,1.4217,-0.007900000000000018,0.0049000000000001265
2009-11-27,6.8269,9.999999999976694e-05,1.464804412005167e-05,1.4533,1.4323,1.4533,0.03160000000000007,-0.02100000000000013
2009-11-30,6.8272,0.000300000000000189,4.394284501346791e-05,1.469,1.4372,1.469,0.015700000000000047,-0.03180000000000005
2009-12-01,6.827,-0.00020000000000042206,-2.9295015455248358e-05,1.4517,1.4372,1.4517,-0.017300000000000093,-0.014499999999999957
2009-12-02,6.8268,-0.00019999999999953388,-2.9295873678236135e-05,1.4675,1.4469,1.4675,0.015800000000000036,-0.02059999999999995
2009-12-03,6.827,0.00019999999999953388,2.9295873678271747e-05,1.4882,1.4555,1.4882,0.02069999999999994,-0.03269999999999995
2009-12-04,6.8272,0.00020000000000042206,2.9295015455274914e-05,1.4963,1.4679,1.4963,0.008099999999999996,-0.02839999999999998
2009-12-07,6.8278,0.0005999999999994898,8.787989752988593e-05,1.4892,1.477,1.4892,-0.007099999999999884,-0.012199999999999989
2009-12-08,6.8277,-9.999999999976694e-05,-1.4646113287862784e-05,1.4575,1.4865,1.4575,-0.03170000000000006,0.028999999999999915
2009-12-09,6.8279,0.00019999999999953388,2.9292012070230063e-05,1.4767,1.4758,1.4767,0.019199999999999884,-0.0008999999999999009
2009-12-10,6.8276,-0.0002999999999993008,-4.3938339870010816e-05,1.4567,1.476,1.4567,-0.019999999999999796,0.019299999999999873
2009-12-11,6.8277,9.999999999976694e-05,1.4646327799680957e-05,1.4858,1.4703,1.4858,0.029099999999999904,-0.01550000000000007
2009-12-14,6.8279,0.00019999999999953388,2.9292012070230063e-05,1.4754,1.4689,1.4754,-0.010399999999999965,-0.00649999999999995
2009-12-15,6.8278,-9.999999999976694e-05,-1.4645898782416352e-05,1.4525,1.4662,1.4525,-0.022900000000000142,0.013700000000000045
2009-12-16,6.828,0.00020000000000042206,2.9291583065752446e-05,1.4508,1.4693,1.4508,-0.0016999999999998128,0.01849999999999996
2009-12-17,6.8281,9.999999999976694e-05,1.4645469790371596e-05,1.4551,1.459,1.4551,0.0042999999999999705,0.0039000000000000146
2009-12-18,6.8284,0.000300000000000189,4.393512247623533e-05,1.4558,1.4591,1.4558,0.0006999999999999229,0.0033000000000000806
2009-12-21,6.8283,-0.00010000000000065512,-1.464482634933317e-05,1.4454,1.4554,1.4454,-0.010399999999999965,0.010000000000000009
2009-12-22,6.8285,0.00020000000000042206,2.928943823076176e-05,1.447,1.449,1.447,0.0016000000000000458,0.0020000000000000018
2009-12-23,6.8287,0.00020000000000042206,2.928858038455807e-05,1.4086,1.447,1.4086,-0.03839999999999999,0.03839999999999999
2009-12-24,6.8285,-0.00020000000000042206,-2.9288580384684693e-05,1.39,1.4379,1.39,-0.018600000000000172,0.047900000000000054
2009-12-25,6.8283,-0.00020000000000042206,-2.9289438230735192e-05,1.4358,1.4227,1.4358,0.04580000000000006,-0.01309999999999989
2009-12-28,6.8282,-9.999999999976694e-05,-1.4645040823248578e-05,1.5367,1.4269,1.5367,0.10089999999999999,-0.1097999999999999
2009-12-29,6.8282,0.0,0.0,1.5788,1.449,1.5788,0.042100000000000026,-0.12979999999999992
2009-12-30,6.8283,9.999999999976694e-05,1.4645040823352648e-05,1.5808,1.4853,1.5808,0.0020000000000000018,-0.09549999999999992
2009-12-31,6.8282,-9.999999999976694e-05,-1.4645040823248578e-05,1.565,1.5225,1.565,-0.015800000000000036,-0.04249999999999998
2010-01-04,6.8281,-9.999999999976694e-05,-1.4645255303603419e-05,1.4225,1.5507,1.4225,-0.14249999999999985,0.12819999999999987
2010-01-05,6.8278,-0.000300000000000189,-4.3937052856034114e-05,1.4004,1.5289,1.4004,-0.02210000000000001,0.12849999999999984
2010-01-06,6.8277,-9.999999999976694e-05,-1.4646113287862784e-05,1.4002,1.4972,1.4002,-0.00020000000000020002,0.0970000000000002
2010-01-07,6.8276,-9.999999999976694e-05,-1.4646327799637627e-05,1.3942,1.4577,1.3942,-0.005999999999999783,0.06349999999999989
2010-01-08,6.8279,0.0002999999999993008,4.3938339869997677e-05,1.3993,1.4186,1.3993,0.005099999999999882,0.019300000000000095
2010-01-11,6.8275,-0.00039999999999995595,-5.8584882187867096e-05,1.3696,1.3914,1.3696,-0.02970000000000006,0.02180000000000004
2010-01-12,6.8274,-9.999999999976694e-05,-1.4646756842061516e-05,1.4354,1.3834,1.4354,0.06580000000000008,-0.052000000000000046
2010-01-13,6.8273,-9.999999999976694e-05,-1.4646971372710565e-05,1.395,1.3851,1.395,-0.04039999999999999,-0.00990000000000002
2010-01-14,6.8272,-9.999999999976694e-05,-1.4647185909688023e-05,1.4475,1.3818,1.4475,0.05249999999999999,-0.06570000000000009
2010-01-15,6.8271,-0.00010000000000065512,-1.464740045299389e-05,1.415,1.3993,1.415,-0.03249999999999997,-0.015700000000000047
2010-01-18,6.8272,0.00010000000000065512,1.4647400453034518e-05,1.4042,1.4059,1.4042,-0.010800000000000143,0.0017000000000000348
2010-01-19,6.827,-0.00020000000000042206,-2.9295015455248358e-05,1.3613,1.4069,1.3613,-0.04289999999999994,0.045600000000000085
2010-01-20,6.8273,0.000300000000000189,4.394220136486251e-05,1.4579,1.3952,1.4579,0.09660000000000002,-0.06269999999999998
2010-01-21,6.8272,-9.999999999976694e-05,-1.4647185909688023e-05,1.4125,1.4149,1.4125,-0.045399999999999885,0.0023999999999999577
2010-01-22,6.8271,-0.00010000000000065512,-1.464740045299389e-05,1.4813,1.4055,1.4813,0.06879999999999997,-0.07580000000000009
2010-01-25,6.827,-9.999999999976694e-05,-1.4647615002295096e-05,1.3892,1.4214,1.3892,-0.09210000000000007,0.032200000000000006
2010-01-26,6.8269,-9.999999999976694e-05,-1.4647829558035738e-05,1.5396,1.408,1.5396,0.1504000000000001,-0.13160000000000016
2010-01-27,6.827,9.999999999976694e-05,1.4647829558162174e-05,1.5483,1.4472,1.5483,0.00869999999999993,-0.10109999999999997
2010-01-28,6.8271,9.999999999976694e-05,1.4647615002267749e-05,1.8508,1.476,1.8508,0.3025,-0.3748
2010-01-29,6.827,-9.999999999976694e-05,-1.4647615002295096e-05,1.8542,1.577,1.8542,0.0034000000000000696,-0.2772000000000001
2010-02-01,6.8271,9.999999999976694e-05,1.4647615002267749e-05,1.8208,1.6612,1.8208,-0.033400000000000096,-0.15959999999999996
2010-02-02,6.8271,0.0,0.0,1.7892,1.7428,1.7892,-0.03160000000000007,-0.0464
2010-02-03,6.8269,-0.00019999999999953388,-2.9295444560358185e-05,1.77,1.7841,1.77,-0.019199999999999884,0.014100000000000001
2010-02-04,6.827,9.999999999976694e-05,1.4647829558162174e-05,1.7792,1.8082,1.7792,0.009199999999999875,0.029000000000000137
2010-02-05,6.8272,0.00020000000000042206,2.9295015455274914e-05,1.7292,1.7973,1.7292,-0.04999999999999982,0.06809999999999983
2010-02-08,6.8273,9.999999999976694e-05,1.4647185909574316e-05,1.8158,1.7701,1.8158,0.08660000000000001,-0.045700000000000074
2010-02-09,6.8271,-0.00020000000000042206,-2.9294586362573575e-05,1.8942,1.7778,1.8942,0.07840000000000003,-0.11640000000000006
2010-02-10,6.8269,-0.00019999999999953388,-2.9295444560358185e-05,1.8358,1.8043,1.8358,-0.05840000000000001,-0.031500000000000083
2010-02-11,6.827,9.999999999976694e-05,1.4647829558162174e-05,2.7208,1.8698,2.7208,0.885,-0.8510000000000002
2010-02-12,6.8269,-9.999999999976694e-05,-1.4647829558035738e-05,2.4833,2.0959,2.4833,-0.23750000000000027,-0.38739999999999997
2010-02-20,6.8269,0.0,0.0,2.1104,2.261,2.1104,-0.3729,0.1506000000000003
2010-02-21,6.8269,0.0,0.0,1.5058,2.2408,1.5058,-0.6045999999999998,0.7350000000000001
2010-02-22,6.8271,0.00019999999999953388,2.929544456033432e-05,1.4758,2.1118,1.4758,-0.030000000000000027,0.6360000000000001
2010-02-23,6.827,-9.999999999976694e-05,-1.4647615002295096e-05,1.5996,1.9685,1.5996,0.12379999999999991,0.3689
2010-02-24,6.8271,9.999999999976694e-05,1.4647615002267749e-05,1.65,1.764,1.65,0.0504,0.1140000000000001
2010-02-25,6.827,-9.999999999976694e-05,-1.4647615002295096e-05,1.6829,1.6233,1.6829,0.03290000000000015,-0.0596000000000001
2010-02-26,6.8269,-9.999999999976694e-05,-1.4647829558035738e-05,1.6642,1.597,1.6642,-0.01870000000000016,-0.06719999999999993
2010-03-01,6.8267,-0.00020000000000042206,-2.929630280877118e-05,1.6508,1.6301,1.6508,-0.013399999999999856,-0.02069999999999994
2010-03-02,6.8268,0.00010000000000065512,1.4648258688602362e-05,1.718,1.6571,1.718,0.06719999999999993,-0.060899999999999954
2010-03-03,6.8266,-0.00020000000000042206,-2.9296731951741275e-05,1.7388,1.6806,1.7388,0.02079999999999993,-0.05819999999999981
2010-03-04,6.8265,-9.999999999976694e-05,-1.464868784406035e-05,1.6783,1.7059,1.6783,-0.0605,0.02760000000000007
2010-03-05,6.8266,9.999999999976694e-05,1.4648687843910994e-05,1.6879,1.7032,1.6879,0.009600000000000053,0.015300000000000091
2010-03-08,6.8266,0.0,0.0,1.6392,1.7035,1.6392,-0.048699999999999966,0.06430000000000002
2010-03-09,6.8265,-9.999999999976694e-05,-1.464868784406035e-05,1.6642,1.695,1.6642,0.02499999999999991,0.03080000000000016
2010-03-10,6.8264,-0.00010000000000065512,-1.4648902431332016e-05,1.7058,1.6898,1.7058,0.04160000000000008,-0.016000000000000014
2010-03-11,6.8263,-9.999999999976694e-05,-1.4649117024710045e-05,1.6846,1.6941,1.6846,-0.021199999999999886,0.009499999999999842
2010-03-12,6.8262,-9.999999999976694e-05,-1.4649331624527506e-05,1.6608,1.6951,1.6608,-0.023800000000000043,0.0343
2010-03-15,6.8261,-9.999999999976694e-05,-1.4649546230562355e-05,1.65,1.6909,1.65,-0.010800000000000143,0.04090000000000016
2010-03-16,6.8263,0.00019999999999953388,2.9298877855092864e-05,1.6313,1.6843,1.6313,-0.01869999999999994,0.052999999999999936
2010-03-17,6.8262,-9.999999999976694e-05,-1.4649331624527506e-05,1.6417,1.6727,1.6417,0.010399999999999965,0.03100000000000014
2010-03-18,6.8262,0.0,0.0,1.6425,1.656,1.6425,0.0008000000000001339,0.013499999999999845
2010-03-19,6.8263,9.999999999976694e-05,1.464933162439045e-05,1.625,1.6485,1.625,-0.01750000000000007,0.023500000000000076
2010-03-22,6.8264,9.999999999976694e-05,1.46491170247542e-05,1.5933,1.6411,1.5933,-0.03170000000000006,0.047800000000000065
2010-03-23,6.8263,-9.999999999976694e-05,-1.4649117024710045e-05,1.5832,1.6326,1.5832,-0.010099999999999998,0.04940000000000011
2010-03-24,6.8264,9.999999999976694e-05,1.46491170247542e-05,1.5667,1.6195,1.5667,-0.01649999999999996,0.05279999999999996
2010-03-25,6.8266,0.00020000000000042206,2.9297590275249107e-05,1.5596,1.6023,1.5596,-0.007099999999999884,0.04269999999999996
2010-03-26,6.8268,0.00020000000000042206,2.929673195167049e-05,1.5586,1.5893,1.5586,-0.001000000000000112,0.03069999999999995
2010-03-29,6.8266,-0.00020000000000042206,-2.9296731951741275e-05,1.5499,1.5748,1.5499,-0.00869999999999993,0.024899999999999922
2010-03-30,6.8264,-0.00020000000000042206,-2.9297590275319675e-05,1.6297,1.5614,1.6297,0.07979999999999987,-0.06830000000000003
2010-03-31,6.8263,-9.999999999976694e-05,-1.4649117024710045e-05,1.6,1.5731,1.6,-0.029699999999999838,-0.026900000000000146
2010-04-01,6.8261,-0.00019999999999953388,-2.929887785500487e-05,1.5733,1.5804,1.5733,-0.026700000000000168,0.007100000000000106
2010-04-02,6.826,-0.00010000000000065512,-1.4649760843036636e-05,1.5758,1.5786,1.5758,0.0025000000000001688,0.0027999999999999137
2010-04-06,6.826,0.0,0.0,1.5917,1.584,1.5917,0.015899999999999803,-0.007699999999999818
2010-04-07,6.8259,-9.999999999976694e-05,-1.4649975461506257e-05,1.6633,1.5992,1.6633,0.07160000000000011,-0.06410000000000005
2010-04-08,6.8259,0.0,0.0,1.68,1.6168,1.68,0.016699999999999937,-0.06319999999999992
2010-04-09,6.826,9.999999999976694e-05,1.4649975461490035e-05,1.6742,1.6397,1.6742,-0.005800000000000027,-0.034499999999999975
2010-04-12,6.8259,-9.999999999976694e-05,-1.4649975461506257e-05,1.6458,1.6634,1.6458,-0.02839999999999998,0.01760000000000006
2010-04-13,6.826,9.999999999976694e-05,1.4649975461490035e-05,1.6696,1.6702,1.6696,0.023800000000000043,0.0005999999999999339
2010-04-14,6.8261,0.00010000000000065512,1.4649760842980408e-05,1.6454,1.6825,1.6454,-0.0242,0.03710000000000013
2010-04-15,6.826,-0.00010000000000065512,-1.4649760843036636e-05,1.6725,1.6772,1.6725,0.027100000000000124,0.0046999999999999265
2010-04-16,6.8261,0.00010000000000065512,1.4649760842980408e-05,1.6638,1.6758,1.6638,-0.008700000000000152,0.01200000000000001
2010-04-19,6.8262,9.999999999976694e-05,1.4649546230465852e-05,1.6099,1.6738,1.6099,-0.05389999999999984,0.06389999999999985
2010-04-20,6.8263,9.999999999976694e-05,1.464933162439045e-05,1.6369,1.6567,1.6369,0.026999999999999913,0.01980000000000004
2010-04-21,6.8264,9.999999999976694e-05,1.46491170247542e-05,1.6633,1.6501,1.6633,0.02639999999999998,-0.0132000000000001
2010-04-22,6.8263,-9.999999999976694e-05,-1.4649117024710045e-05,1.6396,1.6566,1.6396,-0.023700000000000054,0.017000000000000126
2010-04-23,6.8264,9.999999999976694e-05,1.46491170247542e-05,1.6715,1.6502,1.6715,0.03190000000000004,-0.021300000000000097
2010-04-26,6.8263,-9.999999999976694e-05,-1.4649117024710045e-05,1.6471,1.6584,1.6471,-0.024399999999999977,0.011300000000000088
2010-04-27,6.8262,-9.999999999976694e-05,-1.4649331624527506e-05,1.6383,1.6655,1.6383,-0.008799999999999919,0.02719999999999989
2010-04-28,6.8264,0.00019999999999953388,2.9298448649229634e-05,1.6196,1.6636,1.6196,-0.01870000000000016,0.04400000000000004
2010-04-29,6.8265,0.00010000000000065512,1.4648902431335062e-05,1.6025,1.6484,1.6025,-0.017099999999999893,0.04590000000000005
2010-04-30,6.8263,-0.00020000000000042206,-2.929801945603901e-05,1.6079,1.6372,1.6079,0.005400000000000071,0.02929999999999988
2010-05-02,6.8263,0.0,0.0,1.6079,1.6372,1.6079,0.0,0.02929999999999988
2010-05-04,6.8265,0.00020000000000042206,2.9298019456022398e-05,1.6017,1.6191,1.6017,-0.006200000000000205,0.017400000000000082
2010-05-05,6.8267,0.00019999999999953388,2.9297161107131804e-05,1.6483,1.6151,1.6483,0.0466000000000002,-0.03320000000000012
2010-05-06,6.8269,0.00020000000000042206,2.9296302808643125e-05,1.6821,1.6201,1.6821,0.03379999999999983,-0.06199999999999983
2010-05-07,6.8271,0.00019999999999953388,2.929544456033432e-05,1.7033,1.641,1.7033,0.021200000000000108,-0.06230000000000002
2010-05-10,6.8269,-0.00019999999999953388,-2.9295444560358185e-05,1.7,1.6634,1.7,-0.0033000000000000806,-0.036599999999999966
2010-05-11,6.827,9.999999999976694e-05,1.4647829558162174e-05,1.7042,1.6817,1.7042,0.0041999999999999815,-0.022499999999999964
2010-05-12,6.8271,9.999999999976694e-05,1.4647615002267749e-05,1.7175,1.6973,1.7175,0.01330000000000009,-0.020199999999999996
2010-05-13,6.8272,0.00010000000000065512,1.4647400453034518e-05,1.7279,1.7121,1.7279,0.010399999999999965,-0.015800000000000036
2010-05-14,6.8273,9.999999999976694e-05,1.4647185909574316e-05,1.747,1.7204,1.747,0.019100000000000117,-0.02660000000000018
2010-05-17,6.8275,0.00019999999999953388,2.929372821492244e-05,1.7346,1.7288,1.7346,-0.012400000000000189,-0.005800000000000027
2010-05-18,6.8276,0.00010000000000065512,1.4646542317828628e-05,1.7392,1.7345,1.7392,0.0046000000000001595,-0.0047000000000001485
2010-05-19,6.8278,0.00019999999999953388,2.9292441087585704e-05,1.7683,1.7404,1.7683,0.029099999999999904,-0.027900000000000036
2010-05-20,6.8277,-9.999999999976694e-05,-1.4646113287862784e-05,1.7933,1.7505,1.7933,0.02499999999999991,-0.04279999999999995
2010-05-21,6.8276,-9.999999999976694e-05,-1.4646327799637627e-05,1.8058,1.7613,1.8058,0.012500000000000178,-0.044499999999999984
2010-05-24,6.8277,9.999999999976694e-05,1.4646327799680957e-05,1.865,1.7787,1.865,0.05919999999999992,-0.08630000000000004
2010-05-25,6.8279,0.00019999999999953388,2.9292012070230063e-05,1.9267,1.8102,1.9267,0.06170000000000009,-0.11650000000000005
2010-05-26,6.828,0.00010000000000065512,1.4645684283428778e-05,2.1721,1.853,2.1721,0.24539999999999984,-0.31909999999999994
2010-05-27,6.8281,9.999999999976694e-05,1.4645469790371596e-05,2.4167,1.95,2.4167,0.24460000000000015,-0.4667000000000001
2010-05-28,6.8279,-0.00020000000000042206,-2.9291154073611096e-05,2.39,2.0914,2.39,-0.026699999999999946,-0.2986
2010-05-31,6.828,0.00010000000000065512,1.4645684283428778e-05,2.5033,2.1915,2.5033,0.11329999999999973,-0.31179999999999986
2010-06-01,6.8279,-0.00010000000000065512,-1.4645684283298328e-05,3.2008,2.3147,3.2008,0.6975000000000002,-0.8860999999999999
2010-06-02,6.8281,0.00020000000000042206,2.929115407370878e-05,3.2796,2.5813,3.2796,0.07879999999999976,-0.6982999999999997
2010-06-03,6.828,-9.999999999976694e-05,-1.4645469790286669e-05,3.1946,2.8051,3.1946,-0.08499999999999996,-0.38949999999999996
2010-06-04,6.8281,9.999999999976694e-05,1.4645469790371596e-05,2.2078,2.9455,2.2078,-0.9867999999999997,0.7376999999999998
2010-06-07,6.8283,0.00019999999999953388,2.9290296126923295e-05,1.9136,2.8534,1.9136,-0.29420000000000024,0.9398000000000002
2010-06-08,6.8284,0.00010000000000065512,1.4644826349390883e-05,2.1963,2.6751,2.1963,0.28269999999999995,0.4788000000000001
2010-06-09,6.8282,-0.00020000000000042206,-2.9289867172635058e-05,2.2129,2.4807,2.2129,0.016599999999999948,0.26780000000000026
2010-06-10,6.8281,-9.999999999976694e-05,-1.4645255303603419e-05,2.4725,2.3021,2.4725,0.2596000000000003,-0.17040000000000033
2010-06-11,6.8279,-0.00020000000000042206,-2.9291154073611096e-05,2.7317,2.2252,2.7317,0.2591999999999999,-0.5065
2010-06-12,6.8279,0.0,0.0,2.7733,2.35,2.7733,0.04159999999999986,-0.4232999999999998
2010-06-13,6.8279,0.0,0.0,2.6858,2.5155,2.6858,-0.08749999999999991,-0.17030000000000012
2010-06-17,6.8277,-0.00019999999999953388,-2.9292012070325476e-05,2.6175,2.5919,2.6175,-0.0682999999999998,-0.02560000000000029
2010-06-18,6.8275,-0.00020000000000042206,-2.9292870117557223e-05,2.6883,2.6531,2.6883,0.07079999999999975,-0.03520000000000012
2010-06-21,6.8275,0.0,0.0,2.6467,2.6949,2.6467,-0.04159999999999986,0.04820000000000002
2010-06-22,6.798,-0.029499999999999638,-0.004330123091798757,2.8257,2.6838,2.8257,0.17899999999999983,-0.1418999999999997
2010-06-23,6.8102,0.012199999999999989,0.0017930370318726774,2.7083,2.7048,2.7083,-0.11739999999999995,-0.0034999999999998366
2010-06-24,6.81,-0.00020000000000042206,-2.936814437594957e-05,2.8708,2.7132,2.8708,0.1625000000000001,-0.15759999999999996
2010-06-25,6.7896,-0.02039999999999953,-0.0030000904880908316,3.1458,2.7696,3.1458,0.2749999999999999,-0.37619999999999987
2010-06-28,6.789,-0.000600000000000378,-8.83743538201342e-05,2.8192,2.8629,2.8192,-0.3266,0.04369999999999985
2010-06-29,6.7901,0.001100000000000101,0.0001620136831464204,2.8702,2.8847,2.8702,0.051000000000000156,0.014499999999999957
2010-06-30,6.7909,0.0007999999999999119,0.00011781164876292648,2.6192,2.891,2.6192,-0.2509999999999999,0.2717999999999998
2010-07-01,6.7858,-0.00509999999999966,-0.0007512871669674258,2.6542,2.8576,2.6542,0.0349999999999997,0.20340000000000025
2010-07-02,6.772,-0.013799999999999812,-0.0020357292135630037,2.6079,2.8027,2.6079,-0.04630000000000001,0.1948000000000003
2010-07-05,6.7733,0.0012999999999996348,0.0001919484993305131,2.5838,2.7051,2.5838,-0.024099999999999788,0.12129999999999974
2010-07-06,6.779,0.005700000000000038,0.0008411856786091218,2.6767,2.6478,2.6767,0.09289999999999976,-0.028899999999999704
2010-07-07,6.7781,-0.0008999999999996788,-0.00013277175816682688,2.4485,2.6201,2.4485,-0.22819999999999974,0.17159999999999975
2010-07-08,6.7768,-0.001300000000000523,-0.00019181255545762738,2.4233,2.5774,2.4233,-0.025200000000000333,0.15410000000000013
2010-07-09,6.7753,-0.0015000000000000568,-0.00022136790698495194,2.2918,2.5192,2.2918,-0.13149999999999995,0.22740000000000027
2010-07-12,6.7718,-0.0034999999999998366,-0.0005167157661600748,2.0667,2.4516,2.0667,-0.22509999999999986,0.3849
2010-07-13,6.7802,0.008399999999999963,0.0012396695802459707,1.9892,2.342,1.9892,-0.0774999999999999,0.3528
2010-07-14,6.7755,-0.004699999999999704,-0.0006934352616735225,1.7966,2.2081,1.7966,-0.1926000000000001,0.4115
2010-07-15,6.7741,-0.00140000000000029,-0.00020664816747093578,1.8621,2.0751,1.8621,0.06550000000000011,0.21299999999999986
2010-07-16,6.7718,-0.0022999999999999687,-0.000339586151101485,1.86,1.9799,1.86,-0.0020999999999999908,0.1198999999999999
2010-07-19,6.78,0.00820000000000043,0.0012101714902451898,1.85,1.9061,1.85,-0.010000000000000009,0.05609999999999982
2010-07-20,6.7812,0.0011999999999998678,0.0001769754893567835,1.8192,1.8702,1.8192,-0.03080000000000016,0.051000000000000156
2010-07-21,6.7802,-0.001000000000000334,-0.00014747739935597857,1.8458,1.8389,1.8458,0.02660000000000018,-0.006900000000000128
2010-07-22,6.7859,0.005700000000000038,0.0008403299895215247,1.7167,1.8438,1.7167,-0.12910000000000021,0.1271000000000002
2010-07-23,6.779,-0.006899999999999906,-0.0010173315829978796,1.7808,1.8108,1.7808,0.06410000000000005,0.030000000000000027
2010-07-26,6.7778,-0.0011999999999998678,-0.00017703292858695392,1.73,1.796,1.73,-0.050799999999999956,0.06600000000000006
2010-07-27,6.7742,-0.0035999999999996035,-0.000531286907420258,1.7346,1.7729,1.7346,0.0045999999999999375,0.0383
2010-07-28,6.7785,0.0042999999999997485,0.0006345599244857058,1.685,1.7596,1.685,-0.049599999999999866,0.0746
2010-07-29,6.7787,0.00019999999999953388,2.950461747462389e-05,1.6883,1.7306,1.6883,0.0032999999999998586,0.042300000000000004
2010-07-30,6.775,-0.0036999999999993705,-0.000545976389017053,1.6825,1.7192,1.6825,-0.005799999999999805,0.036699999999999955
2010-08-02,6.7742,-0.0007999999999999119,-0.00011808815294329011,1.6425,1.6994,1.6425,-0.040000000000000036,0.05689999999999995
2010-08-03,6.7722,-0.002000000000000668,-0.0002952814053227641,1.6792,1.6801,1.6792,0.036699999999999955,0.0008999999999999009
2010-08-04,6.7715,-0.000700000000000145,-0.00010336909420959793,1.6306,1.6738,1.6306,-0.04859999999999998,0.043199999999999905
2010-08-05,6.7783,0.006800000000000139,0.0010037049359950777,1.6875,1.6628,1.6875,0.05689999999999995,-0.024699999999999944
2010-08-06,6.773,-0.005300000000000082,-0.0007822128165174726,1.7004,1.6689,1.7004,0.012899999999999912,-0.03149999999999986
2010-08-09,6.7685,-0.004499999999999282,-0.0006646235890626004,1.6917,1.6745,1.6917,-0.00869999999999993,-0.017199999999999882
2010-08-10,6.7745,0.005999999999999339,0.0008860666606447748,1.7317,1.6816,1.7317,0.040000000000000036,-0.05010000000000003
2010-08-11,6.7768,0.0022999999999999687,0.00033945083085539906,1.7068,1.6964,1.7068,-0.024899999999999922,-0.010400000000000187
2010-08-12,6.8015,0.024700000000000166,0.0036381619561436343,1.7263,1.7066,1.7263,0.01949999999999985,-0.01970000000000005
2010-08-13,6.8035,0.0019999999999997797,0.00029400955742838966,1.7348,1.7151,1.7348,0.008499999999999952,-0.01969999999999983
2010-08-16,6.8064,0.0029000000000003467,0.00042616037500499605,1.77,1.7244,1.77,0.03520000000000012,-0.045600000000000085
2010-08-17,6.7979,-0.00849999999999973,-0.0012496050669378652,1.7875,1.7436,1.7875,0.01750000000000007,-0.04390000000000005
2010-08-18,6.7895,-0.008399999999999963,-0.0012364398001307173,1.7725,1.7555,1.7725,-0.015000000000000124,-0.016999999999999904
2010-08-19,6.7898,0.0002999999999993008,4.418489908142854e-05,1.7418,1.7665,1.7418,-0.03069999999999995,0.024699999999999944
2010-08-20,6.7884,-0.0013999999999994017,-0.00020621290082051478,1.7448,1.7655,1.7448,0.0029999999999998916,0.020700000000000163
2010-08-23,6.7989,0.01049999999999951,0.0015455612358841288,1.7288,1.765,1.7288,-0.016000000000000014,0.03620000000000001
2010-08-24,6.7999,0.001000000000000334,0.00014707180071819436,1.75,1.7521,1.75,0.021200000000000108,0.0020999999999999908
2010-08-25,6.8007,0.0007999999999999119,0.0001176418688766894,1.7661,1.7486,1.7661,0.016100000000000003,-0.01750000000000007
2010-08-26,6.8041,0.0034000000000000696,0.0004998236020792034,1.8321,1.7529,1.8321,0.06600000000000006,-0.07920000000000016
2010-08-27,6.8001,-0.004000000000000448,-0.0005880537062479782,2.2142,1.7755,2.2142,0.3820999999999999,-0.43869999999999987
2010-08-30,6.8025,0.002400000000000624,0.0003528737189808188,2.285,1.8986,2.285,0.0708000000000002,-0.3864000000000001
2010-08-31,6.8105,0.008000000000000007,0.0011753472299950102,2.9489,2.0703,2.9489,0.6638999999999999,-0.8786
2010-09-01,6.8126,0.0020999999999995467,0.0003082998754516028,2.9856,2.3237,2.9856,0.03669999999999973,-0.6618999999999997
2010-09-02,6.8003,-0.012299999999999756,-0.0018071099247459245,2.4836,2.6058,2.4836,-0.5019999999999998,0.12219999999999986
2010-09-03,6.7973,-0.0030000000000001137,-0.0004412543461606178,2.3375,2.6881,2.3375,-0.14610000000000012,0.3506
2010-09-06,6.7838,-0.013499999999999623,-0.0019880575868551076,2.2456,2.6664,2.2456,-0.09189999999999987,0.42079999999999984
2010-09-07,6.7799,-0.0039000000000006807,-0.0005750643419535855,2.2558,2.5897,2.2558,0.010199999999999765,0.3339000000000003
2010-09-08,6.7907,0.010800000000000587,0.0015916764594183226,2.2333,2.4586,2.2333,-0.022499999999999964,0.22530000000000028
2010-09-09,6.7817,-0.009000000000000341,-0.0013262210543672028,2.2865,2.2989,2.2865,0.05320000000000036,0.012399999999999967
2010-09-10,6.7625,-0.019199999999999662,-0.00283516381344691,2.2782,2.2678,2.2782,-0.008300000000000196,-0.010400000000000187
2010-09-13,6.7509,-0.011600000000000499,-0.0017168148429270481,2.4008,2.2614,2.4008,0.12259999999999982,-0.13939999999999975
2010-09-14,6.7378,-0.013099999999999667,-0.0019423671841806139,2.3863,2.2961,2.3863,-0.014499999999999957,-0.09019999999999984
2010-09-15,6.725,-0.012800000000000367,-0.0019015366575895316,2.2364,2.3226,2.2364,-0.1498999999999997,0.08619999999999983
2010-09-16,6.7181,-0.006899999999999906,-0.0010265490260336926,2.5275,2.3237,2.5275,0.2910999999999997,-0.20379999999999976
2010-09-17,6.7172,-0.0008999999999996788,-0.00013397542315333276,2.035,2.3802,2.035,-0.4924999999999997,0.34519999999999973
2010-09-19,6.7172,0.0,0.0,1.9948,2.301,1.9948,-0.040200000000000236,0.30620000000000025
2010-09-20,6.711,-0.006199999999999761,-0.0009234298626134964,2.2433,2.2124,2.2433,0.24850000000000017,-0.030899999999999928
2010-09-21,6.6997,-0.01130000000000031,-0.0016852219010652291,2.3133,2.2013,2.3133,0.06999999999999984,-0.1120000000000001
2010-09-25,6.6997,0.0,0.0,2.2509,2.2054,2.2509,-0.06239999999999979,-0.045500000000000096
2010-09-26,6.6997,0.0,0.0,2.8967,2.1709,2.8967,0.6457999999999999,-0.7258
2010-09-27,6.7098,0.010100000000000442,0.0015063950050235276,2.4424,2.3944,2.4424,-0.4542999999999999,-0.04800000000000004
2010-09-28,6.7051,-0.004700000000000593,-0.0007007134145328524,2.5502,2.4665,2.5502,0.10779999999999967,-0.08369999999999989
2010-09-29,6.6936,-0.011499999999999844,-0.0017165848662759216,2.69,2.518,2.69,0.13980000000000015,-0.17200000000000015
2010-09-30,6.7011,0.007500000000000284,0.0011198460262319843,2.8408,2.6175,2.8408,0.15080000000000027,-0.22330000000000005
2010-10-08,6.683,-0.01810000000000045,-0.0027047034965507564,2.6925,2.726,2.6925,-0.14830000000000032,0.033500000000000085
2010-10-09,6.683,0.0,0.0,1.9129,2.6778,1.9129,-0.7795999999999998,0.7648999999999999
2010-10-11,6.6732,-0.009800000000000253,-0.0014674835295515932,1.9563,2.5207,1.9563,0.04339999999999988,0.5644000000000002
2010-10-12,6.6775,0.004300000000000637,0.0006441610025973225,1.9025,2.3776,1.9025,-0.05379999999999985,0.4751000000000001
2010-10-13,6.6693,-0.00820000000000043,-0.0012287591080604502,1.9125,2.2065,1.9125,0.010000000000000009,0.29400000000000004
2010-10-14,6.6582,-0.011099999999999888,-0.0016657291414825806,1.9383,2.0441,1.9383,0.025799999999999823,0.1057999999999999
2010-10-15,6.6497,-0.00849999999999973,-0.0012774368842401803,1.9342,1.9239,1.9342,-0.0040999999999999925,-0.010299999999999976
2010-10-18,6.6541,0.004399999999999515,0.000661465169414647,1.9421,1.9307,1.9421,0.007900000000000018,-0.011399999999999855
2010-10-19,6.6553,0.001200000000000756,0.00018032368149612519,1.9113,1.9317,1.9113,-0.03079999999999994,0.020399999999999974
2010-10-20,6.6754,0.02009999999999934,0.0030155978654028623,1.9617,1.9302,1.9617,0.0504,-0.031500000000000083
2010-10-21,6.6695,-0.005899999999999572,-0.0008842329855477741,1.9342,1.9387,1.9342,-0.02750000000000008,0.0045000000000001705
2010-10-22,6.6759,0.006400000000000183,0.0009591320590812454,1.9358,1.9395,1.9358,0.0016000000000000458,0.0037000000000000366
2010-10-25,6.6729,-0.0030000000000001137,-0.0004494786123857883,1.9475,1.94,1.9475,0.011700000000000044,-0.007500000000000062
2010-10-26,6.6762,0.0032999999999994145,0.0004944153639155369,1.95,1.9388,1.95,0.0024999999999999467,-0.011199999999999877
2010-10-27,6.6912,0.015000000000000568,0.002244266842604614,2.0333,1.9447,2.0333,0.08330000000000015,-0.08860000000000001
2010-10-28,6.6986,0.007399999999999629,0.0011053190866778502,2.0256,1.9649,2.0256,-0.007700000000000262,-0.060699999999999754
2010-10-29,6.6908,-0.007799999999999585,-0.0011651008831386747,2.0211,1.9831,2.0211,-0.0044999999999997264,-0.038000000000000034
2010-11-01,6.6886,-0.002200000000000202,-0.0003288637786190466,1.9963,1.9982,1.9963,-0.024800000000000155,0.0019000000000000128
2010-11-02,6.6925,0.0038999999999997925,0.0005829117352728855,1.8204,2.0068,1.8204,-0.17589999999999995,0.18640000000000012
2010-11-03,6.6818,-0.010699999999999932,-0.0016000840840875662,1.8183,1.9697,1.8183,-0.0020999999999999908,0.15139999999999998
2010-11-04,6.6708,-0.01100000000000012,-0.001647619562995836,1.821,1.9257,1.821,0.0026999999999999247,0.10470000000000002
2010-11-05,6.661,-0.009800000000000253,-0.0014701693342446778,1.6038,1.8866,1.6038,-0.21720000000000006,0.28280000000000016
2010-11-08,6.6692,0.00820000000000043,0.00123028927312453,1.634,1.8012,1.634,0.030200000000000005,0.16720000000000002
2010-11-09,6.658,-0.011199999999999655,-0.001680773551333545,1.6396,1.7316,1.6396,0.005600000000000049,0.09200000000000008
2010-11-10,6.645,-0.013000000000000789,-0.0019544469876246295,1.6344,1.6978,1.6344,-0.005199999999999871,0.0633999999999999
2010-11-11,6.6242,-0.020799999999999486,-0.003135082301341622,1.6733,1.6632,1.6733,0.038899999999999935,-0.010099999999999998
2010-11-12,6.6239,-0.000300000000000189,-4.528951322101651e-05,1.6908,1.6446,1.6908,0.01750000000000007,-0.04620000000000002
2010-11-15,6.6303,0.006400000000000183,0.0009657316922042575,1.7832,1.6621,1.7832,0.09239999999999982,-0.12109999999999999
2010-11-16,6.6441,0.013799999999999812,0.0020791907689218687,1.7445,1.6962,1.7445,-0.03869999999999996,-0.04830000000000001
2010-11-17,6.649,0.0049000000000001265,0.0007372246085457979,1.915,1.7185,1.915,0.1705000000000001,-0.19650000000000012
2010-11-18,6.6455,-0.0034999999999998366,-0.0005265335410674341,1.9946,1.7821,1.9946,0.0795999999999999,-0.2124999999999999
2010-11-19,6.6408,-0.004700000000000593,-0.0007074957205616524,2.07,1.8519,2.07,0.07539999999999991,-0.21809999999999974
2010-11-22,6.6389,-0.0019000000000000128,-0.00028615104452131627,2.1492,1.9325,2.1492,0.07920000000000016,-0.2166999999999999
2010-11-23,6.6469,0.008000000000000007,0.0012042934511857272,2.2193,2.0116,2.2193,0.07010000000000005,-0.2077
2010-11-24,6.6589,0.012000000000000455,0.0018037251805114898,2.3263,2.1006,2.3263,0.10699999999999976,-0.2256999999999998
2010-11-25,6.6557,-0.0031999999999996476,-0.00048067535812010065,2.4792,2.1849,2.4792,0.15290000000000026,-0.29430000000000023
2010-11-26,6.6553,-0.00039999999999995595,-6.01006686380366e-05,2.7117,2.2954,2.7117,0.23249999999999993,-0.4163000000000001
2010-11-29,6.67,0.014699999999999491,0.002206330208425791,2.6717,2.4282,2.6717,-0.040000000000000036,-0.24350000000000005
2010-11-30,6.6762,0.006199999999999761,0.000929103482040306,3.3263,2.5365,3.3263,0.6545999999999998,-0.7897999999999996
2010-12-01,6.6786,0.002400000000000624,0.0003594213355253396,3.3458,2.7742,3.3458,0.019500000000000295,-0.5716000000000001
2010-12-02,6.6691,-0.009500000000000064,-0.0014234664555121644,3.3471,2.9771,3.3471,0.0013000000000000789,-0.3700000000000001
2010-12-03,6.6605,-0.008600000000000385,-0.0012903614802055293,3.3325,3.1314,3.3325,-0.014600000000000168,-0.20109999999999983
2010-12-06,6.6515,-0.008999999999999453,-0.0013521636675569624,3.0871,3.2406,3.0871,-0.24540000000000006,0.1535000000000002
2010-12-07,6.6565,0.004999999999999893,0.0007514277480115039,2.2078,3.2737,2.2078,-0.8792999999999997,1.0658999999999996
2010-12-08,6.6616,0.00509999999999966,0.0007658750496376135,2.5029,3.0041,2.5029,0.2950999999999997,0.5012000000000003
2010-12-09,6.6654,0.0038000000000000256,0.0005702708941222183,2.4889,2.8328,2.4889,-0.01399999999999979,0.3439000000000001
2010-12-10,6.6604,-0.004999999999999893,-0.0007504240247700295,2.4933,2.6762,2.4933,0.0043999999999999595,0.18290000000000006
2010-12-13,6.663,0.0026000000000001577,0.00039029077157554803,2.5527,2.5344,2.5527,0.05940000000000012,-0.018299999999999983
2010-12-14,6.6531,-0.00990000000000002,-0.0014869221204441903,3.2958,2.4685,3.2958,0.7430999999999996,-0.8272999999999997
2010-12-15,6.6566,0.0034999999999998366,0.0005259322269738017,3.6158,2.7085,3.6158,0.3200000000000003,-0.9073000000000002
2010-12-16,6.6635,0.006899999999999906,0.001036028350714871,3.3358,2.9655,3.3358,-0.28000000000000025,-0.37029999999999985
2010-12-17,6.6593,-0.0041999999999999815,-0.0006304981143805378,3.7008,3.1427,3.7008,0.3650000000000002,-0.5581
2010-12-20,6.6623,0.0030000000000001137,0.0004503963564006945,3.5025,3.3784,3.5025,-0.19830000000000014,-0.12409999999999988
2010-12-21,6.6597,-0.0026000000000001577,-0.00039033178697062,4.08,3.5312,4.08,0.5775000000000001,-0.5488
2010-12-22,6.6548,-0.0049000000000001265,-0.0007360396892435432,4.1583,3.6941,4.1583,0.07829999999999959,-0.4641999999999995
2010-12-23,6.6466,-0.008199999999999541,-0.0012329530784405563,5.6617,3.8158,5.6617,1.5034,-1.8458999999999999
2010-12-24,6.6371,-0.009500000000000064,-0.0014303246263638074,4.9308,4.3363,4.9308,-0.7309000000000001,-0.5945
2010-12-27,6.6305,-0.006600000000000605,-0.0009949049631298027,5.2983,4.69,5.2983,0.3675000000000006,-0.6082999999999998
2010-12-28,6.6252,-0.005299999999999194,-0.0007996560396543625,5.7621,4.9628,5.7621,0.4638,-0.7993000000000006
2010-12-29,6.6247,-0.0005000000000006111,-7.547226775114845e-05,6.0563,5.3048,6.0563,0.2942,-0.7515000000000001
2010-12-30,6.6229,-0.0018000000000002458,-0.0002717473370387389,6.2853,5.6747,6.2853,0.2290000000000001,-0.6106000000000007
2010-12-31,6.6227,-0.00019999999999953388,-3.0198707497551343e-05,6.3867,5.8398,6.3867,0.10139999999999993,-0.5468999999999999
2011-01-04,6.6215,-0.0011999999999998678,-0.00018121139869276478,4.3108,5.7445,4.3108,-2.0759,1.4337
2011-01-05,6.6295,0.008000000000000007,0.001207456187754471,3.2192,5.459,3.2192,-1.0916000000000006,2.2398
2011-01-06,6.6322,0.0026999999999999247,0.0004071876210901582,3.1567,4.8557,3.1567,-0.0625,1.6989999999999998
2011-01-07,6.6341,0.0019000000000000128,0.0002864400794480699,2.7996,4.2401,2.7996,-0.3571,1.4405000000000001
2011-01-10,6.6349,0.0007999999999999119,0.0001205818073659877,2.3725,3.5807,2.3725,-0.4270999999999998,1.2082000000000002
2011-01-11,6.6216,-0.01330000000000009,-0.0020065634914915365,2.4375,3.0536,2.4375,0.06499999999999995,0.6160999999999999
2011-01-12,6.6128,-0.008799999999999919,-0.001329867813718042,2.4853,2.7424,2.4853,0.047800000000000065,0.2570999999999999
2011-01-13,6.5997,-0.013099999999999667,-0.00198297132149468,2.3075,2.6151,2.3075,-0.17779999999999996,0.3075999999999999
2011-01-14,6.5896,-0.010100000000000442,-0.0015315448089343474,2.5458,2.4761,2.5458,0.23829999999999973,-0.06969999999999965
2011-01-17,6.5897,9.999999999976694e-05,1.5175312801292285e-05,2.5713,2.4442,2.5713,0.025500000000000078,-0.1271
2011-01-18,6.5891,-0.0005999999999994898,-9.105533135252193e-05,2.7675,2.4908,2.7675,0.19620000000000015,-0.27669999999999995
2011-01-19,6.5885,-0.000600000000000378,-9.106362318103155e-05,4.0588,2.5703,4.0588,1.2912999999999997,-1.4884999999999997
2011-01-20,6.5883,-0.00019999999999953388,-3.035638394980425e-05,6.0767,2.9485,6.0767,2.0179,-3.1281999999999996
2011-01-21,6.5886,0.0002999999999993008,4.5534230365498034e-05,7.3208,3.8073,7.3208,1.2441000000000004,-3.5135
2011-01-24,6.5883,-0.0002999999999993008,-4.553423036548793e-05,5.4242,4.8876,5.4242,-1.8966000000000003,-0.5366
2011-01-25,6.5881,-0.00020000000000042206,-3.0357305487980297e-05,7.7033,5.3137,7.7033,2.2790999999999997,-2.3895999999999997
2011-01-26,6.5878,-0.000300000000000189,-4.553768623800929e-05,7.8725,6.2548,7.8725,0.16920000000000002,-1.6176999999999992
2011-01-27,6.5876,-0.00019999999999953388,-3.0359609577680608e-05,8.4058,6.9511,8.4058,0.5332999999999997,-1.454699999999999
2011-01-28,6.593,0.005399999999999849,0.000819386113246214,8.1883,7.3921,8.1883,-0.21749999999999936,-0.7961999999999998
2011-01-30,6.593,0.0,0.0,8.5117,7.5282,8.5117,0.32339999999999947,-0.9834999999999994
2011-01-31,6.5891,-0.0038999999999997925,-0.0005917115048117284,8.2192,8.121,8.2192,-0.29249999999999865,-0.09820000000000029
2011-02-01,6.586,-0.0030999999999998806,-0.0004705846721782858,3.3692,8.1886,3.3692,-4.8500000000000005,4.819399999999999
2011-02-09,6.585,-0.001000000000000334,-0.0001518487589282095,4.0903,7.0573,4.0903,0.7210999999999999,2.9669999999999996
2011-02-10,6.5849,-9.999999999976694e-05,-1.5186144162323579e-05,3.9717,6.1726,3.9717,-0.11860000000000026,2.2009000000000003
2011-02-11,6.5952,0.010299999999999976,0.0015629626629208367,3.971,5.3675,3.971,-0.0006999999999997009,1.3964999999999996
2011-02-12,6.5952,0.0,0.0,2.6412,4.5421,2.6412,-1.3298,1.9008999999999996
2011-02-14,6.5985,0.0032999999999994145,0.0005002387607441413,2.7067,3.568,2.7067,0.06550000000000011,0.8613
2011-02-15,6.5929,-0.005599999999999383,-0.0008490380606158047,2.6245,3.401,2.6245,-0.08220000000000027,0.7765
2011-02-16,6.5855,-0.007400000000000517,-0.0011230499571671304,2.5882,3.1103,2.5882,-0.03629999999999978,0.5221
2011-02-17,6.58,-0.005499999999999616,-0.0008355171197383026,2.925,2.8625,2.925,0.33679999999999977,-0.0625
2011-02-18,6.5781,-0.0019000000000000128,-0.000288795496797464,2.7949,2.7255,2.7949,-0.13009999999999966,-0.06940000000000035
2011-02-21,6.5705,-0.007600000000000051,-0.0011560167388727333,6.0942,2.7591,6.0942,3.2992999999999997,-3.3350999999999997
2011-02-22,6.5772,0.006700000000000372,0.0010191897563783165,6.2533,3.5794,6.2533,0.15910000000000046,-2.6739
2011-02-23,6.5828,0.005599999999999383,0.0008510638811566757,6.2033,4.3581,6.2033,-0.05000000000000071,-1.8451999999999993
2011-02-24,6.5795,-0.0032999999999994145,-0.0005014321310323962,3.4463,5.0736,3.4463,-2.7569999999999997,1.6273
2011-02-25,6.5757,-0.0038000000000000256,-0.0005777183327794339,3.1492,5.0179,3.1492,-0.2970999999999999,1.8687
2011-02-28,6.5752,-0.0005000000000006111,-7.604042312562416e-05,2.9967,4.8813,2.9967,-0.15249999999999986,1.8846000000000003
2011-03-01,6.5706,-0.0045999999999999375,-0.0006998433245217776,2.9958,4.2455,2.9958,-0.0009000000000001229,1.2496999999999998
2011-03-02,6.5736,0.0030000000000001137,0.0004564751072095782,2.9942,3.6513,2.9942,-0.0015999999999998238,0.6570999999999998
2011-03-03,6.5695,-0.004100000000000215,-0.0006239015351012777,2.4392,3.1121,2.4392,-0.5550000000000002,0.6728999999999998
2011-03-04,6.5671,-0.0023999999999997357,-0.00036539135342506885,2.2092,2.8913,2.2092,-0.22999999999999998,0.6821000000000002
2011-03-07,6.5651,-0.0019999999999997797,-0.00030459481510528117,2.163,2.6878,2.163,-0.04620000000000024,0.5248000000000004
2011-03-08,6.5687,0.0035999999999996035,0.0005482038846575614,2.2033,2.518,2.2033,0.040300000000000225,0.31469999999999976
2011-03-09,6.5748,0.006099999999999994,0.0009282155343662253,2.1513,2.3766,2.1513,-0.052000000000000046,0.22529999999999983
2011-03-10,6.5713,-0.0034999999999998366,-0.0005324773252442911,2.2575,2.2342,2.2575,0.10619999999999985,-0.023299999999999876
2011-03-11,6.575,0.0037000000000002586,0.000562896038839285,2.0508,2.2098,2.0508,-0.20669999999999966,0.1589999999999998
2011-03-14,6.5701,-0.0049000000000001265,-0.0007455249829905463,2.0467,2.1715,2.0467,-0.004100000000000215,0.12480000000000002
2011-03-15,6.5679,-0.002200000000000202,-0.00033490638157453656,1.9917,2.1303,1.9917,-0.05499999999999994,0.13860000000000006
2011-03-16,6.5718,0.0038999999999997925,0.0005936208763557181,1.9933,2.086,1.9933,0.0016000000000000458,0.09269999999999978
2011-03-17,6.569,-0.0027999999999996916,-0.0004261536652828807,1.9983,2.0545,1.9983,0.004999999999999893,0.05620000000000003
2011-03-18,6.5668,-0.002200000000000202,-0.0003349624721098393,1.9967,2.0117,1.9967,-0.0016000000000000458,0.014999999999999902
2011-03-21,6.5632,-0.0035999999999996035,-0.0005483625423016511,2.96,2.0091,2.96,0.9633,-0.9508999999999999
2011-03-22,6.5592,-0.004000000000000448,-0.0006096445960936067,2.8283,2.2406,2.8283,-0.13169999999999993,-0.5876999999999999
2011-03-23,6.5601,0.000900000000000567,0.00013720244241882307,2.7133,2.4209,2.7133,-0.11500000000000021,-0.29239999999999977
2011-03-24,6.5625,0.0023999999999997357,0.0003657811754924327,2.7,2.5551,2.7,-0.013299999999999645,-0.14490000000000025
2011-03-25,6.558,-0.0045000000000001705,-0.0006859494952856278,2.2342,2.6668,2.2342,-0.4658000000000002,0.4325999999999999
2011-03-28,6.5618,0.0038000000000000256,0.0005792771393254376,2.3058,2.6661,2.3058,0.07160000000000011,0.36030000000000006
2011-03-29,6.5625,0.000700000000000145,0.00010667235596015373,2.0842,2.5348,2.0842,-0.22160000000000002,0.4506000000000001
2011-03-30,6.5586,-0.0038999999999997925,-0.0005944623720343452,2.6071,2.3937,2.6071,0.5228999999999999,-0.21340000000000003
2011-03-31,6.5564,-0.002200000000000202,-0.0003354937126398503,2.8183,2.4047,2.8183,0.21119999999999983,-0.41359999999999975
2011-04-01,6.5527,-0.0037000000000002586,-0.0005644933821927641,2.7821,2.47,2.7821,-0.03620000000000001,-0.3120999999999996
2011-04-02,6.5527,0.0,0.0,2.2783,2.5751,2.2783,-0.5037999999999996,0.29679999999999973
2011-04-06,6.5496,-0.0030999999999998806,-0.0004731993707738893,2.3883,2.543,2.3883,0.10999999999999988,0.15470000000000006
2011-04-07,6.5456,-0.0039999999999995595,-0.0006109108871042032,2.0625,2.5697,2.0625,-0.3258000000000001,0.5072000000000001
2011-04-08,6.542,-0.0036000000000004917,-0.0005501390768050105,2.4692,2.4386,2.4692,0.40669999999999984,-0.03059999999999974
2011-04-11,6.5401,-0.0019000000000000128,-0.00029047324410600523,1.9938,2.3904,1.9938,-0.4753999999999998,0.39660000000000006
2011-04-12,6.544,0.0038999999999997925,0.0005961434283597789,1.9517,2.24,1.9517,-0.042100000000000026,0.2883000000000002
2011-04-13,6.5369,-0.00709999999999944,-0.0010855523239583474,1.9658,2.1767,1.9658,0.014100000000000001,0.21089999999999987
2011-04-14,6.5339,-0.0030000000000001137,-0.0004590384754841614,2.3782,2.0995,2.3782,0.4124000000000001,-0.27870000000000017
2011-04-15,6.5301,-0.0038000000000000256,-0.0005817513942392572,2.3513,2.1742,2.3513,-0.026899999999999924,-0.17710000000000026
2011-04-17,6.5301,0.0,0.0,2.3513,2.1742,2.3513,0.0,-0.17710000000000026
2011-04-18,6.531,0.0008999999999996788,0.0001378138137559291,2.695,2.1768,2.695,0.3436999999999997,-0.5181999999999998
2011-04-19,6.5346,0.0036000000000004917,0.0005510654070386758,2.9598,2.3278,2.9598,0.26480000000000015,-0.6320000000000001
2011-04-20,6.5294,-0.0052000000000003155,-0.0007960808748657329,2.9992,2.5301,2.9992,0.0394000000000001,-0.4691000000000001
2011-04-21,6.5228,-0.006599999999999717,-0.0010113238477078945,3.9275,2.7213,3.9275,0.9283000000000001,-1.2062000000000004
2011-04-22,6.5156,-0.007200000000000095,-0.0011044301036721993,3.5496,3.0706,3.5496,-0.37790000000000035,-0.47899999999999965
2011-04-25,6.5161,0.0004999999999997229,7.673595927549644e-05,4.0542,3.2937,4.0542,0.5045999999999999,-0.7605
2011-04-26,6.5173,0.0011999999999998678,0.00018414228112239683,4.4275,3.5788,4.4275,0.3733000000000004,-0.8487
2011-04-27,6.5096,-0.007699999999999818,-0.001182169341400429,3.7533,3.8699,3.7533,-0.6742000000000004,0.11660000000000004
2011-04-28,6.5051,-0.0045000000000001705,-0.0006915257638405554,3.0392,3.9553,3.0392,-0.7140999999999997,0.9160999999999997
2011-04-29,6.499,-0.006099999999999994,-0.000938165724258052,2.94,3.733,2.94,-0.09920000000000018,0.7930000000000001
2011-05-03,6.5002,0.001200000000000756,0.00018462674678587524,2.9492,3.566,2.9492,0.009199999999999875,0.6168
2011-05-04,6.5013,0.0010999999999992127,0.00016921124525998097,2.9983,3.3421,2.9983,0.049100000000000144,0.3437999999999999
2011-05-05,6.5025,0.001200000000000756,0.0001845614364118773,2.965,3.104,2.965,-0.03330000000000011,0.13900000000000023
2011-05-06,6.5003,-0.002200000000000202,-0.0003383886579803173,2.7817,2.9861,2.7817,-0.18330000000000002,0.20440000000000014
2011-05-09,6.4988,-0.0015000000000000568,-0.00023078520923109204,2.7458,2.9248,2.7458,-0.03589999999999982,0.17899999999999983
2011-05-10,6.495,-0.0038000000000000256,-0.000584894350895407,2.7783,2.8815,2.7783,0.032500000000000195,0.10319999999999974
2011-05-11,6.4948,-0.00020000000000042206,-3.079339174059544e-05,2.7883,2.8461,2.7883,0.009999999999999787,0.05779999999999985
2011-05-12,6.5005,0.005700000000000038,0.0008772402892641123,2.7729,2.8085,2.7729,-0.01540000000000008,0.035600000000000076
2011-05-13,6.5017,0.0011999999999998678,0.00018458414782231416,3.5542,2.7715,3.5542,0.7812999999999999,-0.7826999999999997
2011-05-16,6.5089,0.007200000000000095,0.0011067899612608263,4.5983,2.9761,4.5983,1.0441000000000003,-1.6221999999999999
2011-05-17,6.5108,0.0019000000000000128,0.00029186540603655045,4.6375,3.419,4.6375,0.039200000000000124,-1.2185000000000001
2011-05-18,6.5074,-0.0034000000000000696,-0.0005223456510587324,3.269,3.7963,3.269,-1.3685,0.5272999999999999
2011-05-19,6.5048,-0.0025999999999992696,-0.0003996249726565702,3.5283,3.8169,3.5283,0.2593000000000001,0.28859999999999975
2011-05-20,6.4983,-0.00649999999999995,-0.0009997616785855908,3.9892,3.9257,3.9892,0.46089999999999964,-0.06349999999999989
2011-05-23,6.4998,0.0014999999999991687,0.00023080296453456192,4.7108,4.0097,4.7108,0.7216,-0.7011000000000003
2011-05-24,6.5038,0.004000000000000448,0.0006152142677663253,4.73,4.0871,4.73,0.01920000000000055,-0.6429
2011-05-25,6.4949,-0.008899999999999686,-0.00136936791998421,5.305,4.1809,5.305,0.5749999999999993,-1.1240999999999994
2011-05-26,6.4921,-0.00280000000000058,-0.00043120043788174575,5.0883,4.5907,5.0883,-0.21669999999999945,-0.49760000000000026
2011-05-27,6.4898,-0.0022999999999999687,-0.00035433950717003173,4.3958,4.8382,4.3958,-0.6924999999999999,0.44239999999999924
2011-05-30,6.4856,-0.0041999999999999815,-0.0006473789088097344,3.2008,4.8402,3.2008,-1.1950000000000003,1.6394000000000002
2011-05-31,6.4845,-0.001100000000000101,-0.00016962089770124355,3.8467,4.5295,3.8467,0.6458999999999997,0.6827999999999999
2011-06-01,6.4837,-0.0007999999999999119,-0.00012337872657964708,3.9167,4.3294,3.9167,0.07000000000000028,0.4126999999999996
2011-06-02,6.4886,0.0049000000000001265,0.000755455891868335,3.5033,4.0826,3.5033,-0.4134000000000002,0.5793000000000004
2011-06-03,6.4846,-0.0039999999999995595,-0.0006166558947298269,3.5075,3.8083,3.5075,0.0041999999999999815,0.3008000000000002
2011-06-07,6.4816,-0.0030000000000001137,-0.00046274159792887934,3.2292,3.6415,3.2292,-0.27829999999999977,0.4123000000000001
2011-06-08,6.4795,-0.002100000000000435,-0.0003240465729569928,3.71,3.5653,3.71,0.4807999999999999,-0.14469999999999983
2011-06-09,6.483,0.0034999999999998366,0.000540019299526412,4.1017,3.5855,4.1017,0.39170000000000016,-0.5162
2011-06-10,6.4853,0.0022999999999999687,0.0003547111069478056,4.6142,3.6724,4.6142,0.5125000000000002,-0.9418000000000002
2011-06-13,6.4892,0.0039000000000006807,0.0006011792543006212,4.5317,3.9218,4.5317,-0.08250000000000046,-0.6098999999999997
2011-06-14,6.4822,-0.007000000000000561,-0.0010792976362637206,4.1592,4.13,4.1592,-0.3724999999999996,-0.029200000000000337
2011-06-15,6.4796,-0.0026000000000001577,-0.0004011788539973887,6.1825,4.271,6.1825,2.0233,-1.9115000000000002
2011-06-16,6.4803,0.000700000000000145,0.00010802552499327164,6.6,4.8135,6.6,0.41749999999999954,-1.7864999999999993
2011-06-17,6.4716,-0.008700000000000152,-0.0013434324397945522,6.6842,5.3533,6.6842,0.08420000000000005,-1.3308999999999997
2011-06-20,6.4696,-0.0019999999999997797,-0.0003090903495692347,7.4958,5.7908,7.4958,0.8116000000000003,-1.705
2011-06-21,6.469,-0.0005999999999994898,-9.274573762684182e-05,8.3267,6.3944,8.3267,0.8309000000000006,-1.9323000000000006
2011-06-22,6.4683,-0.000700000000000145,-0.00010821423336913626,8.835,7.1903,8.835,0.5083000000000002,-1.6447000000000012
2011-06-23,6.4736,0.005300000000000082,0.0008190451628099946,9.0708,7.7249,9.0708,0.23579999999999934,-1.3459000000000003
2011-06-24,6.4742,0.0005999999999994898,9.267983756759969e-05,8.67,8.2071,8.67,-0.40080000000000027,-0.4628999999999994
2011-06-27,6.475,0.0007999999999999119,0.0001235597567443643,7.2617,8.4743,7.2617,-1.4082999999999997,1.2125999999999992
2011-06-28,6.4723,-0.0026999999999999247,-0.00041707538083452,6.4925,8.3197,6.4925,-0.7692000000000005,1.8271999999999995
2011-06-29,6.4718,-0.0004999999999997229,-7.725527464223306e-05,6.3283,7.9063,6.3283,-0.16420000000000012,1.5780000000000003
2011-06-30,6.4716,-0.00020000000000042206,-3.090378108018014e-05,6.5986,7.4043,6.5986,0.27030000000000065,0.8056999999999999
2011-07-01,6.4685,-0.0030999999999998806,-0.0004791307732250163,5.9483,6.9602,5.9483,-0.6503000000000005,1.0119000000000007
2011-07-04,6.4661,-0.0023999999999997357,-0.0003710976802595165,4.7617,6.4906,4.7617,-1.1865999999999994,1.7288999999999994
2011-07-05,6.465,-0.001100000000000101,-0.00017013247173922803,6.7992,5.9669,6.7992,2.0374999999999996,-0.8323
2011-07-06,6.4715,0.00649999999999995,0.0010049086765349339,7.4367,6.1004,7.4367,0.6375000000000002,-1.3363000000000005
2011-07-07,6.4732,0.001700000000000479,0.000262655760237574,5.6133,6.3788,5.6133,-1.8234000000000004,0.7655000000000003
2011-07-08,6.4705,-0.0026999999999999247,-0.00041719138100558404,6.2542,6.1632,6.2542,0.6409000000000002,-0.09100000000000019
2011-07-11,6.4709,0.00039999999999995595,6.181711408778584e-05,5.3283,6.199,5.3283,-0.9259000000000004,0.8707000000000003
2011-07-12,6.4748,0.0038999999999997925,0.0006025166839928183,4.8683,6.1883,4.8683,-0.45999999999999996,1.3200000000000003
2011-07-13,6.4728,-0.0019999999999997797,-0.0003089375661755198,3.6975,5.7541,3.6975,-1.1707999999999998,2.0566000000000004
2011-07-14,6.464,-0.008799999999999919,-0.001360460292698529,4.8042,5.0366,4.8042,1.1067,0.23240000000000016
2011-07-15,6.4665,0.0024999999999995026,0.0003866826543676859,4.0925,4.9457,4.0925,-0.7116999999999996,0.8532000000000002
2011-07-18,6.468,0.0015000000000000568,0.00023193784169848742,4.5217,4.5762,4.5217,0.4291999999999998,0.05449999999999999
2011-07-19,6.4684,0.00039999999999995595,6.184100679133288e-05,4.5817,4.4577,4.5817,0.05999999999999961,-0.12399999999999967
2011-07-20,6.4592,-0.009199999999999875,-0.0014233116051123513,5.3533,4.4461,5.3533,0.7716000000000003,-0.9071999999999996
2011-07-21,6.4536,-0.005600000000000271,-0.0008673564759118225,5.7742,4.7955,5.7742,0.4209000000000005,-0.9787000000000008
2011-07-22,6.4495,-0.004100000000000215,-0.0006355062175738677,5.42,5.0392,5.42,-0.3542000000000005,-0.3807999999999998
2011-07-25,6.4503,0.0008000000000008001,0.00012403293090228112,5.2592,5.2739,5.2592,-0.16080000000000005,0.01470000000000038
2011-07-26,6.447,-0.0033000000000003027,-0.0005117350254727884,4.9908,5.3843,4.9908,-0.26839999999999975,0.3934999999999995
2011-07-27,6.4426,-0.004400000000000404,-0.000682720979845289,4.9583,5.4063,4.9583,-0.03249999999999975,0.4479999999999995
2011-07-28,6.4438,0.001200000000000756,0.0001862428612287485,5.0467,5.2884,5.0467,0.08840000000000003,0.2416999999999998
2011-07-29,6.4442,0.00039999999999995595,6.207324645064505e-05,5.1142,5.1429,5.1142,0.0674999999999999,0.028699999999999726
2011-08-01,6.4399,-0.004300000000000637,-0.0006674894109256386,5.0121,5.0909,5.0121,-0.10210000000000008,0.0788000000000002
2011-08-02,6.4419,0.002000000000000668,0.00031051561366739146,4.8732,5.0449,4.8732,-0.13890000000000047,0.1717000000000004
2011-08-03,6.4441,0.0021999999999993136,0.00034145584686854686,4.0992,5.0063,4.0992,-0.774,0.9071000000000007
2011-08-04,6.4386,-0.005499999999999616,-0.0008538583269281427,3.2666,4.7924,3.2666,-0.8325999999999998,1.5257999999999998
2011-08-05,6.4451,0.00649999999999995,0.0010090269955820802,3.01,4.3824,3.01,-0.25660000000000016,1.3723999999999998
2011-08-08,6.4305,-0.014599999999999724,-0.0022678564505772313,3.0,3.9423,3.0,-0.009999999999999787,0.9422999999999999
2011-08-09,6.4335,0.0030000000000001137,0.00046641791890339316,3.0933,3.5581,3.0933,0.09330000000000016,0.4647999999999999
2011-08-10,6.4167,-0.016800000000000814,-0.0026147467855225526,3.1058,3.2578,3.1058,0.012499999999999734,0.15200000000000014
2011-08-11,6.3991,-0.017599999999999838,-0.002746611380381556,3.0967,3.1002,3.0967,-0.009100000000000108,0.0035000000000002807
2011-08-12,6.3972,-0.0019000000000000128,-0.0002969608424251914,3.0825,3.0766,3.0825,-0.014199999999999768,-0.005900000000000016
2011-08-15,6.395,-0.002200000000000202,-0.00034395960377260886,3.2375,3.0877,3.2375,0.1549999999999998,-0.14979999999999993
2011-08-16,6.3925,-0.0024999999999995026,-0.00039100684760134437,3.2129,3.1368,3.2129,-0.024599999999999955,-0.07609999999999983
2011-08-17,6.3996,0.007100000000000328,0.001110060229215107,3.2167,3.1629,3.2167,0.0038000000000000256,-0.05379999999999985
2011-08-18,6.3942,-0.0054000000000007375,-0.0008441589395915126,3.7658,3.1894,3.7658,0.5491000000000001,-0.5764
2011-08-19,6.4032,0.009000000000000341,0.0014065359344487937,4.3033,3.3626,4.3033,0.5375000000000001,-0.9407000000000001
2011-08-22,6.3997,-0.0034999999999998366,-0.0005467511403182088,4.9667,3.6834,4.9667,0.6634000000000002,-1.2833000000000006
2011-08-23,6.3987,-0.001000000000000334,-0.00015626953400978122,5.19,4.0701,5.19,0.22330000000000005,-1.1199000000000003
2011-08-24,6.3896,-0.009100000000000108,-0.0014231761119071747,4.4383,4.4666,4.4383,-0.7517000000000005,0.02829999999999977
2011-08-25,6.3936,0.004000000000000448,0.0006258214110006122,4.4825,4.6404,4.4825,0.04420000000000002,0.1578999999999997
2011-08-26,6.395,0.0013999999999994017,0.00021894499876329583,4.0558,4.7196,4.0558,-0.4267000000000003,0.6638000000000002
2011-08-29,6.3883,-0.006699999999999484,-0.001048242725040178,4.3961,4.5924,4.3961,0.34030000000000005,0.19629999999999992
2011-08-30,6.3849,-0.0034000000000000696,-0.000532364651034985,4.975,4.4875,4.975,0.5789,-0.4874999999999998
2011-08-31,6.3867,0.0018000000000002458,0.0002818754129346631,4.955,4.4991,4.955,-0.019999999999999574,-0.45589999999999975
2011-09-01,6.3859,-0.0007999999999999119,-0.00012526815230194002,4.7658,4.615,4.7658,-0.18920000000000048,-0.15079999999999938
2011-09-02,6.3896,0.0036999999999993705,0.0005792337056786865,4.2021,4.6665,4.2021,-0.5636999999999999,0.46440000000000037
2011-09-05,6.3926,0.0030000000000001137,0.00046940277183660266,4.8775,4.6435,4.8775,0.6754000000000007,-0.23399999999999999
2011-09-06,6.3946,0.0019999999999997797,0.0003128128153636535,4.4883,4.7376,4.4883,-0.38920000000000066,0.24929999999999986
2011-09-07,6.3968,0.002200000000000202,0.00034398111570155645,4.3625,4.6441,4.3625,-0.1257999999999999,0.2816000000000001
2011-09-08,6.3889,-0.00790000000000024,-0.0012357557279360242,4.01,4.5283,4.01,-0.35250000000000004,0.5183
2011-09-09,6.3922,0.0033000000000003027,0.0005163874898608663,3.6233,4.3663,3.6233,-0.3866999999999998,0.7429999999999999
2011-09-13,6.3982,0.006000000000000227,0.0009382037215588862,3.2817,4.2095,3.2817,-0.3416000000000001,0.9278000000000004
2011-09-14,6.3945,-0.0037000000000002586,-0.0005784549161899546,3.2883,3.8855,3.2883,0.006600000000000161,0.5972
2011-09-15,6.3878,-0.006699999999999484,-0.0010483247324189762,3.3433,3.6545,3.3433,0.05500000000000016,0.3111999999999999
2011-09-16,6.3797,-0.008100000000000662,-0.0012688468512601849,3.3202,3.4753,3.3202,-0.023100000000000342,0.15510000000000002
2011-09-19,6.3848,0.0051000000000005485,0.0007990912721035278,3.55,3.3613,3.55,0.2298,-0.18869999999999987
2011-09-20,6.388,0.0031999999999996476,0.0005010647731039051,3.9933,3.3734,3.9933,0.44330000000000025,-0.6198999999999999
2011-09-21,6.3772,-0.010799999999999699,-0.0016921008016927256,4.079,3.537,4.079,0.08569999999999967,-0.5419999999999998
2011-09-22,6.3808,0.0035999999999996035,0.0005643517942542559,3.9025,3.7052,3.9025,-0.17649999999999988,-0.1972999999999998
2011-09-23,6.384,0.0032000000000005357,0.0005013788021803764,4.1633,3.8129,4.1633,0.2607999999999997,-0.3503999999999996
2011-09-26,6.3735,-0.010500000000000398,-0.0016460909066687917,3.81,3.9604,3.81,-0.3532999999999995,0.15039999999999987
2011-09-27,6.376,0.002500000000000391,0.0003921722470750645,4.6667,3.9751,4.6667,0.8566999999999996,-0.6915999999999998
2011-09-28,6.3623,-0.013700000000000045,-0.0021509942900130095,4.81,4.1431,4.81,0.14329999999999998,-0.6669
2011-09-29,6.3665,0.0041999999999999815,0.0006599208334521975,5.0675,4.3241,5.0675,0.2575000000000003,-0.7434000000000003
2011-09-30,6.3549,-0.011600000000000499,-0.0018236991549698326,5.0025,4.5653,5.0025,-0.0649999999999995,-0.4372000000000007
2011-10-08,6.3549,0.0,0.0,4.9667,4.7457,4.9667,-0.035800000000000054,-0.22100000000000009
2011-10-09,6.3549,0.0,0.0,4.795,4.9392,4.795,-0.1717000000000004,0.14419999999999966
2011-10-10,6.3586,0.0037000000000002586,0.0005820584582470292,4.4283,4.9438,4.4283,-0.3666999999999998,0.5155000000000003
2011-10-11,6.3483,-0.010299999999999976,-0.0016211668079320948,4.1975,4.835,4.1975,-0.23080000000000034,0.6375000000000002
2011-10-12,6.3598,0.011499999999999844,0.0018098697899991167,3.3158,4.6471,3.3158,-0.8816999999999999,1.3313000000000001
2011-10-13,6.3737,0.013900000000000468,0.0021832183643348247,3.1517,4.2723,3.1517,-0.1640999999999999,1.1206000000000005
2011-10-14,6.3762,0.0024999999999995026,0.00039215994353515983,3.1475,3.8979,3.1475,-0.0041999999999999815,0.7504
2011-10-17,6.371,-0.005199999999999427,-0.0008158654902161491,3.34,3.5833,3.34,0.1924999999999999,0.24330000000000007
2011-10-18,6.3749,0.0038999999999997925,0.0006119615125979611,3.4933,3.4012,3.4933,0.1533000000000002,-0.09210000000000029
2011-10-19,6.3727,-0.002200000000000202,-0.00034516301450342884,3.3517,3.3026,3.3517,-0.14159999999999995,-0.049100000000000144
2011-10-20,6.3652,-0.007500000000000284,-0.001177588278554067,3.4575,3.3123,3.4575,0.1057999999999999,-0.1452
2011-10-21,6.3628,-0.0023999999999997357,-0.0003771213118233985,3.4342,3.3736,3.4342,-0.023299999999999876,-0.06059999999999999
2011-10-24,6.3549,-0.00790000000000024,-0.0012423631656848756,3.4033,3.4244,3.4033,-0.030899999999999928,0.021099999999999675
2011-10-25,6.3425,-0.012399999999999523,-0.001953156385083571,3.99,3.4326,3.99,0.5867,-0.5574000000000003
2011-10-26,6.3456,0.0030999999999998806,0.0004886468520397901,4.0917,3.5647,4.0917,0.10170000000000012,-0.5270000000000001
2011-10-27,6.3477,0.0020999999999995467,0.0003308832248760359,4.5417,3.7258,4.5417,0.4499999999999993,-0.8158999999999996
2011-10-28,6.329,-0.01869999999999994,-0.00295029677504754,4.9792,3.9667,4.9792,0.4375,-1.0124999999999997
2011-10-31,6.3233,-0.005700000000000038,-0.0009010220095357382,4.9433,4.3046,4.9433,-0.03589999999999982,-0.6387
2011-11-01,6.3293,0.006000000000000227,0.000948421739366055,4.3542,4.5968,4.3542,-0.5891000000000002,0.24260000000000037
2011-11-02,6.3297,0.00039999999999995595,6.319614505608918e-05,3.6958,4.6327,3.6958,-0.6583999999999994,0.9368999999999996
2011-11-03,6.3198,-0.00990000000000002,-0.0015652795796407594,3.3975,4.4855,3.3975,-0.29830000000000023,1.088
2011-11-04,6.3165,-0.0033000000000003027,-0.0005223048004591497,3.4983,4.2146,3.4983,0.1008,0.7162999999999999
2011-11-07,6.3212,0.004700000000000593,0.0007438062648565355,3.5683,3.9202,3.5683,0.06999999999999984,0.3519000000000001
2011-11-08,6.3247,0.0034999999999998366,0.0005535391058553834,3.5583,3.6854,3.5583,-0.009999999999999787,0.1271
2011-11-09,6.3207,-0.0039999999999995595,-0.0006326411396097951,3.5183,3.5533,3.5183,-0.040000000000000036,0.03500000000000014
2011-11-10,6.3329,0.012199999999999989,0.0019283055858151043,3.4767,3.5245,3.4767,-0.04159999999999986,0.047800000000000065
2011-11-11,6.3317,-0.001200000000000756,-0.00018950460394995456,3.5,3.5296,3.5,0.023299999999999876,0.02959999999999985
2011-11-14,6.3301,-0.0015999999999998238,-0.0002527286813116595,3.3067,3.528,3.3067,-0.1932999999999998,0.22129999999999983
2011-11-15,6.3436,0.013500000000000512,0.002130396822698117,3.2975,3.4657,3.2975,-0.009200000000000319,0.16820000000000013
2011-11-16,6.3509,0.007299999999999862,0.0011501045026848244,3.345,3.4149,3.345,0.04750000000000032,0.06989999999999963
2011-11-17,6.3553,0.004399999999999515,0.0006925753058939161,3.5525,3.3856,3.5525,0.20750000000000002,-0.16690000000000005
2011-11-18,6.3548,-0.0004999999999997229,-7.867758715634075e-05,3.6994,3.4144,3.6994,0.1468999999999996,-0.2849999999999997
2011-11-21,6.3522,-0.0026000000000001577,-0.000409223268479441,4.2092,3.4727,4.2092,0.5098000000000003,-0.7364999999999999
2011-11-22,6.3555,0.0033000000000003027,0.0005193701573344743,4.4117,3.6794,4.4117,0.20249999999999968,-0.7323
2011-11-23,6.3498,-0.005700000000000038,-0.0008972634069897823,4.3325,3.9108,4.3325,-0.07920000000000016,-0.4216999999999995
2011-11-24,6.357,0.007200000000000095,0.0011332516086750813,4.105,4.0975,4.105,-0.22749999999999915,-0.007500000000000284
2011-11-25,6.3554,-0.0015999999999998238,-0.00025172272874493415,4.0358,4.1852,4.0358,-0.06920000000000037,0.14939999999999998
2011-11-28,6.3585,0.0030999999999998806,0.0004876552531376406,3.9833,4.2194,3.9833,-0.05250000000000021,0.23610000000000042
2011-11-29,6.3587,0.00019999999999953388,3.145346460155424e-05,3.6375,4.1627,3.6375,-0.34579999999999966,0.5251999999999999
2011-11-30,6.3482,-0.01049999999999951,-0.0016526457892692672,3.9642,4.0056,3.9642,0.32669999999999977,0.041400000000000325
2011-12-01,6.3353,-0.012900000000000134,-0.002034139543194371,3.9717,3.9478,3.9717,0.00749999999999984,-0.02389999999999981
2011-12-02,6.331,-0.0042999999999997485,-0.0006789670488130061,3.6446,3.9286,3.6446,-0.3270999999999997,0.2839999999999998
2011-12-05,6.3349,0.0038999999999997925,0.0006158267668707221,3.2933,3.8505,3.2933,-0.35130000000000017,0.5571999999999999
2011-12-06,6.3334,-0.0015000000000000568,-0.0002368115701411863,3.3942,3.6972,3.3942,0.10090000000000021,0.30299999999999994
2011-12-07,6.3342,0.0007999999999999119,0.0001263064828481371,3.4308,3.6245,3.4308,0.036599999999999966,0.19369999999999976
2011-12-08,6.3319,-0.0022999999999999687,-0.00036317414599279057,3.4692,3.5295,3.4692,0.03839999999999977,0.06030000000000024
2011-12-09,6.3352,0.0033000000000003027,0.0005210348184914753,3.5308,3.4486,3.5308,0.06160000000000032,-0.08220000000000027
2011-12-12,6.3297,-0.0055000000000005045,-0.0008685422460108394,3.5392,3.4341,3.5392,0.008399999999999963,-0.1051000000000002
2011-12-13,6.3359,0.006199999999999761,0.0009790298912367486,3.4975,3.4793,3.4975,-0.04170000000000007,-0.018200000000000216
2011-12-14,6.3396,0.0037000000000002586,0.0005838034168416368,3.21,3.4954,3.21,-0.2875000000000001,0.2854000000000001
2011-12-15,6.3421,0.002500000000000391,0.00039426891227287907,3.4492,3.4385,3.4492,0.23919999999999986,-0.010699999999999932
2011-12-16,6.3352,-0.006899999999999906,-0.0010885599743405304,3.0583,3.438,3.0583,-0.3908999999999998,0.37970000000000015
2011-12-19,6.3303,-0.0049000000000001265,-0.000773755516082006,3.0075,3.3377,3.0075,-0.05080000000000018,0.33020000000000005
2011-12-20,6.3351,0.004799999999999471,0.0007579705701844539,3.2208,3.2321,3.2208,0.21330000000000027,0.011299999999999866
2011-12-21,6.3248,-0.010299999999999976,-0.0016271854078842803,3.5983,3.196,3.5983,0.37749999999999995,-0.4022999999999999
2011-12-22,6.3253,0.0005000000000006111,7.905075853324389e-05,3.7733,3.2891,3.7733,0.17499999999999982,-0.48419999999999996
2011-12-23,6.3209,-0.004400000000000404,-0.0006958612353985375,3.7392,3.3816,3.7392,-0.03410000000000002,-0.3575999999999997
2011-12-26,6.3167,-0.0041999999999999815,-0.0006646831921616414,4.0958,3.5125,4.0958,0.3565999999999998,-0.5832999999999995
2011-12-27,6.3152,-0.0015000000000000568,-0.0002374939648114346,4.3842,3.7468,4.3842,0.2884000000000002,-0.6374
2011-12-28,6.3146,-0.0005999999999994898,-9.501338112259398e-05,4.7292,3.9936,4.7292,0.34499999999999975,-0.7355999999999998
2011-12-29,6.3157,0.0010999999999992127,0.00017418430326755026,5.4192,4.2472,5.4192,0.6900000000000004,-1.1719999999999997
2011-12-30,6.3009,-0.014799999999999258,-0.0023461165113563506,5.5808,4.5987,5.5808,0.16159999999999997,-0.9821
2011-12-31,6.3009,0.0,0.0,6.33,4.9681,6.33,0.7492000000000001,-1.3619000000000003
2012-01-04,6.3001,-0.0008000000000008001,-0.00012697404984936256,4.0208,5.4139,4.0208,-2.3091999999999997,1.3930999999999996
2012-01-05,6.3115,0.011400000000000077,0.001807859923394171,4.5042,5.2286,4.5042,0.4833999999999996,0.7244000000000002
2012-01-06,6.3166,0.0051000000000005485,0.0008077225041418377,4.3008,5.1117,4.3008,-0.20340000000000025,0.8109000000000002
2012-01-09,6.3236,0.006999999999999673,0.001107577524974536,4.5083,4.8734,4.5083,0.20750000000000046,0.3651
2012-01-10,6.3171,-0.00649999999999995,-0.0010284241494374093,4.1017,4.6811,4.1017,-0.4066000000000001,0.5793999999999997
2012-01-11,6.3155,-0.0015999999999998238,-0.0002533128585651755,3.9958,4.2959,3.9958,-0.1059000000000001,0.3000999999999996
2012-01-12,6.323,0.007500000000000284,0.001186849844583322,4.1658,4.2545,4.1658,0.16999999999999993,0.08870000000000022
2012-01-13,6.3201,-0.0029000000000003467,-0.00045874825807892334,4.8383,4.2032,4.8383,0.6725000000000003,-0.6351000000000004
2012-01-16,6.3306,0.01049999999999951,0.001659987575567023,5.585,4.3563,5.585,0.7466999999999997,-1.2287
2012-01-17,6.325,-0.005599999999999383,-0.0008849837803804009,7.4117,4.7646,7.4117,1.8266999999999998,-2.6471
2012-01-18,6.3205,-0.0045000000000001705,-0.0007117156601087481,7.9,5.4412,7.9,0.4883000000000006,-2.4588
2012-01-19,6.3173,-0.0031999999999996476,-0.0005064172669908103,6.0117,6.2028,6.0117,-1.8883,0.1910999999999996
2012-01-20,6.3138,-0.0035000000000007248,-0.0005541876938000495,4.9917,6.4354,4.9917,-1.0200000000000005,1.4436999999999998
2012-01-21,6.3138,0.0,0.0,3.9308,6.3107,3.9308,-1.0608999999999997,2.3798999999999997
2012-01-29,6.3138,0.0,0.0,4.2308,5.7282,4.2308,0.30000000000000027,1.4973999999999998
2012-01-30,6.3056,-0.008199999999999541,-0.0012995865340821682,4.3463,5.1567,4.3463,0.11549999999999994,0.8103999999999996
2012-01-31,6.3115,0.005899999999999572,0.0009352387521770032,4.3142,4.5911,4.3142,-0.032100000000000684,0.27690000000000037
2012-02-01,6.3103,-0.0011999999999998678,-0.00019014720620124216,4.3567,4.3302,4.3567,0.042500000000000426,-0.026500000000000412
2012-02-02,6.3075,-0.0027999999999996916,-0.00044381747150221796,4.3267,4.2384,4.3267,-0.03000000000000025,-0.08829999999999938
2012-02-03,6.3102,0.0026999999999999247,0.000427970238824946,3.3125,4.3238,3.3125,-1.0141999999999998,1.0113000000000003
2012-02-06,6.3108,0.000600000000000378,9.507962926102634e-05,3.4425,4.1024,3.4425,0.1299999999999999,0.6599000000000004
2012-02-07,6.3116,0.0007999999999999119,0.00012675877821510416,3.5,3.9061,3.5,0.05750000000000011,0.4060999999999999
2012-02-08,6.3027,-0.008900000000000574,-0.0014110971638225927,3.7108,3.7462,3.7108,0.21079999999999988,0.0354000000000001
2012-02-09,6.3009,-0.0017999999999993577,-0.0002856326783199956,3.6708,3.6511,3.6708,-0.040000000000000036,-0.01969999999999983
2012-02-10,6.2937,-0.007200000000000095,-0.0011433472733307472,3.6408,3.5571,3.6408,-0.029999999999999805,-0.08369999999999989
2012-02-13,6.2939,0.00019999999999953388,3.177730465165071e-05,3.6515,3.606,3.6515,0.010699999999999932,-0.045500000000000096
2012-02-14,6.2947,0.0007999999999999119,0.0001270991215985186,3.77,3.6414,3.77,0.11850000000000005,-0.12860000000000005
2012-02-15,6.2958,0.001100000000000101,0.00017473491962962295,3.885,3.6975,3.885,0.11499999999999977,-0.1875
2012-02-16,6.2991,0.0033000000000003027,0.0005240216397931789,4.3283,3.7454,4.3283,0.4432999999999998,-0.5828999999999995
2012-02-17,6.2951,-0.004000000000000448,-0.0006352130559303765,5.1792,3.9058,5.1792,0.8509000000000002,-1.2733999999999996
2012-02-18,6.2951,0.0,0.0,5.1792,3.9058,5.1792,0.0,-1.2733999999999996
2012-02-20,6.2938,-0.0012999999999996348,-0.00020653115119196637,5.3472,4.2865,5.3472,0.16800000000000015,-1.0606999999999998
2012-02-21,6.296,0.002200000000000202,0.0003494892726481939,5.1233,4.6426,5.1233,-0.22389999999999954,-0.48070000000000057
2012-02-22,6.2988,0.0027999999999996916,0.0004446279490151141,5.0317,4.9144,5.0317,-0.09160000000000057,-0.11730000000000018
2012-02-23,6.3031,0.0042999999999997485,0.0006824368018922317,5.485,5.1072,5.485,0.4533000000000005,-0.3778000000000006
2012-02-24,6.2965,-0.006599999999999717,-0.0010476524022455256,4.4817,5.3142,4.4817,-1.0033000000000003,0.8324999999999996
2012-02-27,6.2985,0.0019999999999997797,0.0003175863464565897,3.645,5.1122,3.645,-0.8367,1.4671999999999996
2012-02-28,6.2961,-0.0023999999999997357,-0.0003811157208723461,3.6533,4.7219,3.6533,0.008300000000000196,1.0685999999999996
2012-02-29,6.2919,-0.0041999999999999815,-0.0006673022173263487,3.4717,4.387,3.4717,-0.18160000000000043,0.9152999999999998
2012-03-01,6.3016,0.009699999999999598,0.001540477534955617,3.2642,4.0626,3.2642,-0.20749999999999957,0.7983999999999996
2012-03-02,6.298,-0.0035999999999996035,-0.0005714467281444929,3.2683,3.6619,3.2683,0.0040999999999997705,0.39360000000000017
2012-03-05,6.3121,0.014100000000000001,0.0022363035782805166,3.1392,3.4505,3.1392,-0.12909999999999977,0.3112999999999997
2012-03-06,6.3141,0.0019999999999997797,0.0003168015739853045,3.1298,3.3474,3.1298,-0.009400000000000297,0.21760000000000002
2012-03-07,6.3213,0.007200000000000095,0.0011396553776355774,3.09,3.2518,3.09,-0.03980000000000006,0.16179999999999994
2012-03-08,6.3235,0.002200000000000202,0.00034796912915965606,2.9325,3.1814,2.9325,-0.15749999999999975,0.2488999999999999
2012-03-09,6.3073,-0.016200000000000436,-0.002565159591325742,2.9683,3.1084,2.9683,0.035800000000000054,0.1400999999999999
2012-03-12,6.3282,0.02090000000000014,0.003308142781918057,2.7958,3.0541,2.7958,-0.17250000000000032,0.2583000000000002
2012-03-13,6.3259,-0.0022999999999999687,-0.0003635185474000819,2.9958,2.9786,2.9958,0.20000000000000018,-0.017199999999999882
2012-03-14,6.3328,0.006899999999999906,0.0010901594450230553,3.0,2.9611,3.0,0.0041999999999999815,-0.038899999999999935
2012-03-15,6.3359,0.0030999999999998806,0.000489395133182272,2.8808,2.9512,2.8808,-0.1192000000000002,0.07040000000000024
2012-03-16,6.32,-0.01589999999999936,-0.0025126634005255546,2.8975,2.9363,2.8975,0.01670000000000016,0.03880000000000017
2012-03-19,6.3082,-0.011800000000000033,-0.0018688337901412526,2.8883,2.9198,2.8883,-0.009199999999999875,0.03149999999999986
2012-03-20,6.3029,-0.005300000000000082,-0.0008405294244011789,2.9983,2.9299,2.9983,0.10999999999999988,-0.06840000000000002
2012-03-21,6.3092,0.006299999999999528,0.0009990406869582382,3.0758,2.9392,3.0758,0.07750000000000012,-0.13660000000000005
2012-03-22,6.3004,-0.008799999999999919,-0.0013957621857386123,3.1683,2.9652,3.1683,0.0924999999999998,-0.20310000000000006
2012-03-23,6.2891,-0.011299999999999422,-0.0017951472313547383,2.9758,3.0284,2.9758,-0.1924999999999999,0.05259999999999998
2012-03-26,6.2858,-0.0033000000000003027,-0.0005248550804786592,3.2983,3.0325,3.2983,0.3224999999999998,-0.2657999999999996
2012-03-27,6.284,-0.0018000000000002458,-0.00028640074023522546,3.2442,3.1179,3.2442,-0.05409999999999959,-0.12630000000000008
2012-03-28,6.2912,0.007200000000000095,0.0011451111372809725,3.525,3.1791,3.525,0.2807999999999997,-0.3458999999999999
2012-03-29,6.2932,0.0019999999999997797,0.0003178538534754904,3.4954,3.2795,3.4954,-0.02959999999999985,-0.21589999999999998
2012-03-30,6.2943,0.001100000000000101,0.00017477656449659576,3.7067,3.351,3.7067,0.21130000000000004,-0.3557000000000001
2012-03-31,6.2943,0.0,0.0,3.4415,3.4944,3.4415,-0.2652000000000001,0.05290000000000017
2012-04-01,6.2943,0.0,0.0,3.44,3.5135,3.44,-0.0015000000000000568,0.07350000000000012
2012-04-05,6.3035,0.009199999999999875,0.0014605727405593287,3.9658,3.5272,3.9658,0.5258000000000003,-0.4386000000000001
2012-04-06,6.3072,0.0037000000000002586,0.0005868032870770931,4.2258,3.6377,4.2258,0.25999999999999934,-0.5880999999999994
2012-04-09,6.3021,-0.00509999999999966,-0.0008089267886565298,3.7442,3.7999,3.7442,-0.48159999999999936,0.05569999999999986
2012-04-10,6.3048,0.0026999999999999247,0.0004283368696953184,3.7008,3.8009,3.7008,-0.043400000000000105,0.10009999999999986
2012-04-11,6.3018,-0.0030000000000001137,-0.0004759411826551799,3.7808,3.8274,3.7808,0.08000000000000007,0.04659999999999975
2012-04-12,6.2984,-0.0034000000000000696,-0.0005396739865271995,3.7992,3.8713,3.7992,0.01839999999999975,0.07210000000000027
2012-04-13,6.2879,-0.010500000000000398,-0.0016684811955619775,3.7942,3.8367,3.7942,-0.004999999999999893,0.04249999999999998
2012-04-16,6.296,0.008100000000000662,0.001287359422543801,3.8,3.7717,3.8,0.005799999999999805,-0.02829999999999977
2012-04-17,6.2896,-0.006400000000000183,-0.0010170354296432653,3.7517,3.783,3.7517,-0.04829999999999979,0.031299999999999883
2012-04-18,6.2948,0.0052000000000003155,0.0008264200591134847,3.7488,3.7899,3.7488,-0.0028999999999999027,0.04109999999999969
2012-04-19,6.3004,0.005599999999999383,0.0008892277008709617,3.8025,3.7837,3.8025,0.05370000000000008,-0.01880000000000015
2012-04-20,6.3042,0.0038000000000000256,0.000602954495204124,3.9525,3.7877,3.9525,0.1499999999999999,-0.16480000000000006
2012-04-23,6.297,-0.007200000000000095,-0.0011427484340418993,3.7642,3.8237,3.7642,-0.1882999999999999,0.059499999999999886
2012-04-24,6.3003,0.0033000000000003027,0.0005239218047496931,3.7967,3.8176,3.7967,0.03249999999999975,0.02090000000000014
2012-04-25,6.2923,-0.008000000000000007,-0.0012705876588253256,3.9133,3.8055,3.9133,0.11660000000000004,-0.10780000000000012
2012-04-26,6.2829,-0.009400000000000297,-0.001495006322091867,3.9708,3.8426,3.9708,0.05750000000000011,-0.1282000000000001
2012-04-27,6.2787,-0.0041999999999999815,-0.0006687046485333433,3.8725,3.8832,3.8725,-0.09830000000000005,0.010699999999999932
2012-04-28,6.2787,0.0,0.0,3.7796,3.8739,3.7796,-0.0929000000000002,0.09430000000000005
2012-05-02,6.267,-0.011699999999999378,-0.0018651814393662236,3.8,3.8656,3.8,0.020399999999999974,0.06560000000000032
2012-05-03,6.2697,0.0026999999999999247,0.0004307353676398296,3.8529,3.8707,3.8529,0.05290000000000017,0.017799999999999816
2012-05-04,6.2721,0.0023999999999997357,0.000382720188377291,3.8292,3.8567,3.8292,-0.023699999999999832,0.027499999999999858
2012-05-07,6.2858,0.013700000000000045,0.002181894335054394,3.7729,3.8334,3.7729,-0.05630000000000024,0.06050000000000022
2012-05-08,6.2804,-0.005399999999999849,-0.0008594484143802892,3.6917,3.8082,3.6917,-0.08119999999999994,0.11649999999999983
2012-05-09,6.2865,0.006099999999999994,0.0009708043318694422,3.3108,3.7867,3.3108,-0.3809,0.4759000000000002
2012-05-10,6.2941,0.007600000000000051,0.0012082096123431285,3.2258,3.6726,3.2258,-0.08499999999999996,0.4468000000000001
2012-05-11,6.2952,0.001100000000000101,0.0001747515751946311,3.1867,3.5401,3.1867,-0.03909999999999991,0.3533999999999997
2012-05-12,6.2952,0.0,0.0,3.1867,3.5401,3.1867,0.0,0.3533999999999997
2012-05-14,6.304,0.008799999999999919,0.001396914316941463,3.1433,3.4113,3.1433,-0.043400000000000105,0.26800000000000024
2012-05-15,6.311,0.006999999999999673,0.001109790046524391,2.8292,3.2894,2.8292,-0.3140999999999998,0.46019999999999994
2012-05-16,6.3205,0.009500000000000064,0.0015041763513728868,2.7867,3.1183,2.7867,-0.04249999999999998,0.3315999999999999
2012-05-17,6.3233,0.0027999999999996916,0.00044290483015724247,2.68,3.0069,2.68,-0.10670000000000002,0.32689999999999975
2012-05-18,6.3209,-0.0023999999999997357,-0.00037962070021386367,2.6858,2.896,2.6858,0.005799999999999805,0.21019999999999994
2012-05-21,6.3116,-0.009299999999999642,-0.001472392904041762,2.6742,2.8037,2.6742,-0.011600000000000055,0.12950000000000017
2012-05-22,6.3077,-0.0039000000000006807,-0.0006181008652091322,2.6925,2.7265,2.6925,0.018299999999999983,0.03400000000000025
2012-05-23,6.3208,0.013100000000000556,0.0020746731122187195,2.4196,2.7032,2.4196,-0.2728999999999999,0.28359999999999985
2012-05-24,6.3247,0.0038999999999997925,0.0006168202322805861,2.2277,2.6254,2.2277,-0.19189999999999996,0.39769999999999994
2012-05-25,6.326,0.0012999999999996348,0.0002055222247899999,2.5025,2.5214,2.5025,0.27479999999999993,0.018899999999999917
2012-05-28,6.3236,-0.0023999999999997357,-0.00037945864356142827,2.4958,2.4908,2.4958,-0.006699999999999928,-0.004999999999999893
2012-05-29,6.3262,0.0026000000000001577,0.00041107369865329757,2.5733,2.4655,2.5733,0.07750000000000012,-0.10780000000000012
2012-05-30,6.3297,0.0034999999999998366,0.0005531017295058951,2.3217,2.4612,2.3217,-0.25160000000000027,0.13949999999999996
2012-05-31,6.3355,0.005799999999999805,0.0009158955887709088,2.1375,2.4372,2.1375,-0.1841999999999997,0.29969999999999963
2012-06-01,6.3308,-0.004699999999999704,-0.0007421267798348861,2.3442,2.4019,2.3442,0.20669999999999966,0.057700000000000085
2012-06-04,6.3276,-0.0031999999999996476,-0.0005055931347036123,2.5183,2.3819,2.5183,0.17410000000000014,-0.13640000000000008
2012-06-05,6.3225,-0.0051000000000005485,-0.0008063177803042582,2.5967,2.4019,2.5967,0.0783999999999998,-0.19479999999999986
2012-06-06,6.3261,0.0036000000000004917,0.0005692329739588676,2.5667,2.4228,2.5667,-0.029999999999999805,-0.14389999999999992
2012-06-07,6.317,-0.009100000000000108,-0.0014395206193787199,2.675,2.4755,2.675,0.10829999999999984,-0.1995
2012-06-08,6.3188,0.0018000000000002458,0.00028490479624180306,2.4567,2.5716,2.4567,-0.21829999999999972,0.1149
2012-06-11,6.3169,-0.0019000000000000128,-0.0003007352207348955,2.4154,2.5738,2.4154,-0.041300000000000114,0.15839999999999987
2012-06-12,6.3292,0.012299999999999756,0.0019452643706208614,2.5325,2.5437,2.5325,0.1171000000000002,0.011199999999999655
2012-06-13,6.3271,-0.002100000000000435,-0.00033185054388285804,2.6883,2.538,2.6883,0.15579999999999972,-0.1503000000000001
2012-06-14,6.3191,-0.008000000000000007,-0.0012652023638971559,2.695,2.569,2.695,0.006699999999999928,-0.1259999999999999
2012-06-15,6.3089,-0.01019999999999932,-0.0016154580643409173,2.7196,2.5846,2.7196,0.024599999999999955,-0.1349999999999998
2012-06-18,6.3005,-0.008399999999999963,-0.0013323395629593825,2.5567,2.638,2.5567,-0.1628999999999996,0.0812999999999997
2012-06-19,6.3016,0.0010999999999992127,0.00017457407936669416,2.9242,2.6521,2.9242,0.3674999999999997,-0.2721
2012-06-20,6.3004,-0.0011999999999998678,-0.00019044596153411987,3.4163,2.7458,3.4163,0.4921000000000002,-0.6705000000000001
2012-06-21,6.304,0.0036000000000004917,0.0005712291101348163,4.3083,2.9249,4.3083,0.8919999999999999,-1.3834
2012-06-25,6.323,0.019000000000000128,0.0030094265208981154,4.2175,3.3002,4.2175,-0.09079999999999977,-0.9173000000000004
2012-06-26,6.3211,-0.0019000000000000128,-0.00030053542985284895,4.28,3.6025,4.28,0.0625,-0.6775000000000002
2012-06-27,6.3173,-0.0038000000000000256,-0.0006013419601390483,4.1708,3.9221,4.1708,-0.10920000000000041,-0.24869999999999992
2012-06-28,6.319,0.0016999999999995907,0.0002690661048338292,3.925,4.1377,3.925,-0.24580000000000002,0.2126999999999999
2012-06-29,6.3249,0.00590000000000046,0.0009332564206021097,4.1083,4.1995,4.1083,0.18330000000000002,0.09119999999999973
2012-07-02,6.3146,-0.010299999999999976,-0.0016298116665973959,4.1567,4.1646,4.1567,0.0484,0.00790000000000024
2012-07-03,6.3178,0.0031999999999996476,0.0005066337463107142,4.165,4.1591,4.165,0.008300000000000196,-0.00590000000000046
2012-07-04,6.3121,-0.005700000000000038,-0.0009026200345202427,3.8558,4.1426,3.8558,-0.30920000000000014,0.28679999999999994
2012-07-05,6.3193,0.007200000000000095,0.0011400162736961348,3.99,4.0606,3.99,0.13420000000000032,0.07059999999999977
2012-07-06,6.3249,0.005600000000000271,0.0008857816811109734,3.4308,4.0614,3.4308,-0.5592000000000001,0.6305999999999998
2012-07-09,6.3293,0.004399999999999515,0.0006954213110781998,3.3442,3.9093,3.3442,-0.08660000000000023,0.5651000000000002
2012-07-10,6.3195,-0.009800000000000253,-0.0015495544179549416,3.3142,3.7379,3.3142,-0.029999999999999805,0.42369999999999974
2012-07-11,6.3209,0.00140000000000029,0.0002215119783749466,3.2663,3.574,3.2663,-0.04789999999999983,0.30769999999999964
2012-07-12,6.3215,0.000600000000000378,9.49186863966067e-05,3.1908,3.4607,3.1908,-0.07550000000000034,0.26990000000000025
2012-07-13,6.3247,0.0031999999999996476,0.0005060808888516416,3.3317,3.3168,3.3317,0.14090000000000025,-0.014899999999999913
2012-07-16,6.3208,-0.0038999999999997925,-0.0006168202322805299,3.2746,3.299,3.2746,-0.05710000000000015,0.024399999999999977
2012-07-17,6.3167,-0.004100000000000215,-0.0006488625351295478,3.2771,3.2855,3.2771,0.0024999999999999467,0.008399999999999963
2012-07-18,6.314,-0.0026999999999999247,-0.0004275297554571169,3.45,3.2785,3.45,0.17290000000000028,-0.17149999999999999
2012-07-19,6.3126,-0.00140000000000029,-0.0002217540756398709,3.5225,3.3237,3.5225,0.07249999999999979,-0.19879999999999987
2012-07-20,6.3112,-0.0013999999999994017,-0.0002218032614171934,3.5642,3.392,3.5642,0.04170000000000007,-0.17220000000000013
2012-07-23,6.327,0.015799999999999592,0.0025003573660043383,3.5533,3.4454,3.5533,-0.01089999999999991,-0.10790000000000033
2012-07-24,6.3339,0.006899999999999906,0.001089970015262618,3.3717,3.5,3.3717,-0.18159999999999998,0.12829999999999986
2012-07-25,6.3429,0.009000000000000341,0.0014199169367858917,3.3375,3.5064,3.3375,-0.03420000000000023,0.16890000000000027
2012-07-26,6.3381,-0.0048000000000003595,-0.0007570381246341824,3.3767,3.4723,3.3767,0.039200000000000124,0.09560000000000013
2012-07-27,6.3325,-0.005600000000000271,-0.0008839360984684797,3.1092,3.4423,3.1092,-0.26750000000000007,0.33309999999999995
2012-07-30,6.3303,-0.0021999999999993136,-0.0003474744957094603,3.1233,3.3503,3.1233,0.014100000000000001,0.22699999999999987
2012-07-31,6.332,0.0016999999999995907,0.0002685136207819768,3.3508,3.2671,3.3508,0.22750000000000004,-0.08369999999999989
2012-08-01,6.3305,-0.0015000000000000568,-0.00023692004059492055,3.4175,3.2699,3.4175,0.06669999999999998,-0.14760000000000018
2012-08-02,6.3392,0.008700000000000152,0.001373355543923985,3.4992,3.2939,3.4992,0.0817000000000001,-0.20530000000000026
2012-08-03,6.3421,0.0029000000000003467,0.0004573663663115646,3.3917,3.3289,3.3917,-0.10749999999999993,-0.06280000000000019
2012-08-06,6.3353,-0.006800000000000139,-0.001072775277603666,3.4,3.3707,3.4,0.008299999999999752,-0.029300000000000104
2012-08-07,6.3332,-0.002100000000000435,-0.0003315309656605196,3.2575,3.414,3.2575,-0.14250000000000007,0.1565000000000003
2012-08-08,6.3378,0.0045999999999999375,0.0007260674298923055,3.2533,3.3837,3.2533,-0.0041999999999999815,0.1304000000000003
2012-08-09,6.3387,0.000900000000000567,0.00014199503041258351,3.3117,3.3503,3.3117,0.05840000000000023,0.038599999999999746
2012-08-10,6.3447,0.005999999999999339,0.000946118619229886,3.3,3.3155,3.3,-0.011700000000000266,0.015500000000000291
2012-08-13,6.3456,0.000900000000000567,0.0001418406186629509,3.3383,3.2995,3.3383,0.0383,-0.038799999999999724
2012-08-14,6.3443,-0.001300000000000523,-0.00020488735207499625,3.3417,3.2938,3.3417,0.0034000000000000696,-0.04789999999999983
2012-08-15,6.3482,0.0039000000000006807,0.0006145361627320205,3.4,3.314,3.4,0.05830000000000002,-0.08599999999999985
2012-08-16,6.3495,0.0012999999999996348,0.00020476149295416116,3.525,3.3492,3.525,0.125,-0.17579999999999973
2012-08-17,6.3449,-0.0045999999999999375,-0.0007247290460895031,3.9025,3.4064,3.9025,0.37749999999999995,-0.49609999999999976
2012-08-20,6.3478,0.0029000000000003467,0.00045695558083975573,3.585,3.5402,3.585,-0.3174999999999999,-0.04479999999999995
2012-08-21,6.3418,-0.006000000000000227,-0.0009456563559344624,3.7458,3.5892,3.7458,0.16080000000000005,-0.15660000000000007
2012-08-22,6.3348,-0.006999999999999673,-0.0011043971903329864,3.8,3.6612,3.8,0.054199999999999804,-0.1387999999999998
2012-08-23,6.3316,-0.0032000000000005357,-0.0005052738059876517,3.8,3.7286,3.8,0.0,-0.07139999999999969
2012-08-24,6.3305,-0.001100000000000101,-0.00017374685127539874,3.62,3.7727,3.62,-0.17999999999999972,0.15269999999999984
2012-08-27,6.3392,0.008700000000000152,0.001373355543923985,3.4508,3.7173,3.4508,-0.16920000000000002,0.26649999999999974
2012-08-28,6.3411,0.0019000000000000128,0.0002996774546689888,3.0817,3.6667,3.0817,-0.3691,0.585
2012-08-29,6.3391,-0.0019999999999997797,-0.00031545244027453924,3.5279,3.5164,3.5279,0.4461999999999997,-0.011499999999999844
2012-08-30,6.3435,0.004399999999999515,0.0006938640620266584,3.5842,3.4774,3.5842,0.05630000000000024,-0.10680000000000023
2012-08-31,6.3449,0.00140000000000029,0.00022067400234570633,3.5108,3.46,3.5108,-0.07339999999999991,-0.05080000000000018
2012-09-03,6.3415,-0.0034000000000000696,-0.0005360070755144244,3.3917,3.4521,3.3917,-0.11909999999999998,0.06040000000000001
2012-09-04,6.3402,-0.0012999999999996348,-0.00020501983244415603,2.5025,3.4334,2.5025,-0.8892000000000002,0.9308999999999998
2012-09-05,6.346,0.005799999999999805,0.0009143794681006796,3.4275,3.2555,3.4275,0.9250000000000003,-0.17200000000000015
2012-09-06,6.3439,-0.002100000000000435,-0.0003309718782922948,3.4017,3.2581,3.4017,-0.025800000000000267,-0.14359999999999973
2012-09-07,6.3412,-0.0026999999999999247,-0.00042569629577597797,3.3908,3.2437,3.3908,-0.01089999999999991,-0.1471
2012-09-10,6.3375,-0.0036999999999993705,-0.0005836560696340292,3.0025,3.2421,3.0025,-0.3883000000000001,0.23960000000000026
2012-09-11,6.3391,0.0015999999999998238,0.0002524336191875878,2.9973,3.1653,2.9973,-0.005199999999999871,0.1679999999999997
2012-09-12,6.3355,-0.0036000000000004917,-0.0005680652796632037,3.4346,3.2214,3.4346,0.4373,-0.21320000000000006
2012-09-13,6.3338,-0.0016999999999995907,-0.00026836526251680214,3.435,3.2434,3.435,0.00039999999999995595,-0.19160000000000021
2012-09-14,6.3317,-0.002100000000000435,-0.0003316094933866946,3.3633,3.2661,3.3633,-0.07169999999999987,-0.0972000000000004
2012-09-17,6.3295,-0.0021999999999993136,-0.00034751840617645136,3.2433,3.2692,3.2433,-0.1200000000000001,0.025900000000000034
2012-09-18,6.3353,0.005799999999999805,0.0009159245160566766,3.1408,3.3014,3.1408,-0.10250000000000004,0.16060000000000008
2012-09-19,6.3392,0.0038999999999997925,0.0006154089112922955,3.3017,3.3085,3.3017,0.16089999999999982,0.006800000000000139
2012-09-20,6.338,-0.0011999999999998678,-0.00018931625336577067,3.9075,3.2956,3.9075,0.6058000000000003,-0.6119000000000003
2012-09-21,6.3426,0.0045999999999999375,0.0007255177518062642,4.4258,3.428,4.4258,0.5182999999999995,-0.9977999999999998
2012-09-24,6.3411,-0.0015000000000000568,-0.00023652404377164058,4.4975,3.6807,4.4975,0.07169999999999987,-0.8167999999999997
2012-09-25,6.343,0.0019000000000000128,0.00029958767499642505,4.7408,3.9456,4.7408,0.24330000000000052,-0.7951999999999999
2012-09-26,6.3443,0.0012999999999996348,0.00020492933950475066,3.7417,4.2498,3.7417,-0.9991000000000003,0.5080999999999998
2012-09-27,6.3459,0.001600000000000712,0.00025216308781256686,3.7692,4.2887,3.7692,0.027500000000000302,0.5195000000000003
2012-09-28,6.341,-0.0049000000000001265,-0.0007724503611826574,2.8275,4.2236,2.8275,-0.9417,1.3961000000000001
2012-09-29,6.341,0.0,0.0,3.1867,3.9053,3.1867,0.35919999999999996,0.7185999999999999
2012-10-08,6.3426,0.0015999999999998238,0.0002522943026407731,3.8125,3.6276,3.8125,0.6257999999999999,-0.18489999999999984
2012-10-09,6.3441,0.0015000000000000568,0.0002364681133769809,3.7508,3.5186,3.7508,-0.06170000000000009,-0.23219999999999974
2012-10-10,6.3449,0.0007999999999999119,0.000126093466949242,3.16,3.5288,3.16,-0.5907999999999998,0.3687999999999998
2012-10-11,6.3391,-0.005799999999999805,-0.00091453806437248,3.1608,3.4006,3.1608,0.0007999999999999119,0.2397999999999998
2012-10-12,6.3264,-0.0127000000000006,-0.002005448542328438,3.1725,3.4006,3.1725,0.011699999999999822,0.22809999999999997
2012-10-15,6.3112,-0.015199999999999214,-0.0024055211954177908,2.7742,3.3882,2.7742,-0.3982999999999999,0.6139999999999999
2012-10-16,6.3106,-0.000600000000000378,-9.507360288582976e-05,2.7933,3.1824,2.7933,0.019099999999999895,0.3891
2012-10-17,6.3028,-0.007799999999999585,-0.0012367800901035377,2.8508,3.0052,2.8508,0.05750000000000011,0.15439999999999987
2012-10-18,6.3021,-0.000700000000000145,-0.0001110679181461332,2.68,2.9497,2.68,-0.17079999999999984,0.26969999999999983
2012-10-19,6.3052,0.0030999999999998806,0.0004917785826428788,2.6868,2.8517,2.6868,0.006799999999999695,0.16490000000000027
2012-10-22,6.3071,0.0019000000000000128,0.0003012931843317474,2.7075,2.7621,2.7075,0.020700000000000163,0.054600000000000204
2012-10-23,6.3078,0.000700000000000145,0.00011097987312113919,2.905,2.7446,2.905,0.1974999999999998,-0.16039999999999965
2012-10-24,6.3081,0.0002999999999993008,4.7559032658018755e-05,3.1467,2.7792,3.1467,0.24170000000000025,-0.36750000000000016
2012-10-25,6.3047,-0.0033999999999991815,-0.0005391348601983512,3.6175,2.8595,3.6175,0.4708000000000001,-0.758
2012-10-26,6.301,-0.0037000000000002586,-0.0005870360402445385,3.5867,3.0703,3.5867,-0.03080000000000016,-0.5164
2012-10-29,6.2992,-0.0018000000000002458,-0.0002857097525824426,4.1958,3.2851,4.1958,0.6091000000000002,-0.9107000000000003
2012-10-30,6.3028,0.0036000000000004917,0.0005713378984174301,3.2361,3.621,3.2361,-0.9597000000000002,0.3849
2012-10-31,6.3002,-0.0026000000000001577,-0.00041260018041503236,3.2183,3.64,3.2183,-0.017799999999999816,0.42169999999999996
2012-11-01,6.3017,0.0015000000000000568,0.0002380593413826014,3.4223,3.6088,3.4223,0.20399999999999974,0.1865000000000001
2012-11-02,6.3045,0.0027999999999996916,0.00044422586442294926,3.4267,3.5648,3.4267,0.0043999999999999595,0.1381000000000001
2012-11-05,6.3082,0.0037000000000002586,0.0005867102374809186,3.3308,3.5,3.3308,-0.09589999999999987,0.16920000000000002
2012-11-06,6.3078,-0.00039999999999995595,-6.341154092173916e-05,3.1952,3.3383,3.1952,-0.13560000000000016,0.1431
2012-11-07,6.3067,-0.001100000000000101,-0.0001744024737861878,3.1229,3.3138,3.1229,-0.07229999999999981,0.19090000000000007
2012-11-08,6.306,-0.000700000000000145,-0.00011099923104787312,3.2792,3.2783,3.2792,0.15629999999999988,-0.0008999999999996788
2012-11-09,6.3012,-0.0048000000000003595,-0.0007614696731922544,3.1133,3.256,3.1133,-0.16589999999999971,0.1426999999999996
2012-11-12,6.292,-0.009199999999999875,-0.0014611062536454436,3.0825,3.2007,3.0825,-0.03080000000000016,0.11819999999999986
2012-11-13,6.2891,-0.0028999999999994586,-0.00046100898194292194,3.1505,3.1574,3.1505,0.06800000000000006,0.006899999999999906
2012-11-14,6.2881,-0.001000000000000334,-0.00015901790575124745,3.3483,3.1526,3.3483,0.19779999999999998,-0.19569999999999999
2012-11-15,6.2905,0.0023999999999997357,0.00038160050071127665,3.3167,3.2052,3.3167,-0.03160000000000007,-0.11149999999999993
2012-11-16,6.2945,0.004000000000000448,0.0006356774151285448,2.9075,3.2232,2.9075,-0.4091999999999998,0.31569999999999965
2012-11-19,6.2975,0.0030000000000001137,0.0004764930204514297,3.2042,3.1635,3.2042,0.29669999999999996,-0.04070000000000018
2012-11-20,6.2926,-0.0049000000000001265,-0.0007783894087267665,3.3425,3.1811,3.3425,0.13829999999999965,-0.1614
2012-11-21,6.2908,-0.0018000000000002458,-0.00028609120146819655,3.1975,3.2238,3.1975,-0.14500000000000002,0.026300000000000434
2012-11-22,6.2918,0.001000000000000334,0.00015894966097710578,3.2183,3.2064,3.2183,0.020800000000000374,-0.011900000000000244
2012-11-23,6.2906,-0.0011999999999998678,-0.00019074262519677132,2.8467,3.1954,2.8467,-0.3716000000000004,0.3487
2012-11-26,6.2884,-0.002200000000000202,-0.0003497893349919068,2.8458,3.1491,2.8458,-0.0008999999999996788,0.3032999999999997
2012-11-27,6.2852,-0.0032000000000005357,-0.0005090030013821848,2.8708,3.0759,2.8708,0.02499999999999991,0.20509999999999984
2012-11-28,6.2902,0.004999999999999893,0.0007952033753962302,3.3617,2.9902,3.3617,0.4908999999999999,-0.3714999999999997
2012-11-29,6.291,0.0008000000000008001,0.00012717387865694853,3.3408,3.046,3.3408,-0.020899999999999697,-0.2948000000000004
2012-11-30,6.2892,-0.0018000000000002458,-0.0002861639739088147,3.3867,3.0899,3.3867,0.04589999999999961,-0.29679999999999973
2012-12-03,6.2908,0.0015999999999998238,0.00025437202044953784,3.3572,3.1982,3.3572,-0.029499999999999638,-0.15900000000000025
2012-12-04,6.2885,-0.0022999999999999687,-0.00036568012936017964,2.883,3.2825,2.883,-0.4742000000000002,0.3995000000000002
2012-12-05,6.2871,-0.00140000000000029,-0.00022265339320330822,2.8,3.2419,2.8,-0.08300000000000018,0.44189999999999996
2012-12-06,6.2911,0.004000000000000448,0.0006360210737373792,2.883,3.1165,2.883,0.08300000000000018,0.23349999999999982
2012-12-07,6.293,0.0019000000000000128,0.00030196835918949787,3.054,3.0277,3.054,0.17099999999999982,-0.02629999999999999
2012-12-10,6.2922,-0.0007999999999999119,-0.00012713345851912136,3.024,2.9793,3.024,-0.029999999999999805,-0.044700000000000184
2012-12-11,6.2906,-0.0015999999999998238,-0.0002543154160636948,3.008,2.9401,3.008,-0.016000000000000014,-0.06789999999999985
2012-12-12,6.2883,-0.002300000000000857,-0.0003656917577264031,3.016,2.9685,3.016,0.008000000000000007,-0.047499999999999876
2012-12-13,6.2887,0.0004000000000008441,6.360817367186357e-05,2.66,3.003,2.66,-0.35599999999999987,0.34299999999999997
2012-12-14,6.2923,0.0035999999999996035,0.0005722915663705964,3.0,2.942,3.0,0.33999999999999986,-0.05799999999999983
2012-12-17,6.2892,-0.0030999999999998806,-0.0004927870385460374,3.0185,2.9424,3.0185,0.01849999999999996,-0.07609999999999983
2012-12-18,6.288,-0.0011999999999998678,-0.00019082148707838263,2.999,2.9497,2.999,-0.01949999999999985,-0.04930000000000012
2012-12-19,6.2865,-0.0015000000000000568,-0.00023857807580656578,3.043,2.9531,3.043,0.04400000000000004,-0.08990000000000009
2012-12-20,6.2877,0.0011999999999998678,0.0001908670139877759,3.45,2.9675,3.45,0.40700000000000003,-0.4825000000000004
2012-12-21,6.2881,0.00039999999999995595,6.361424325051111e-05,3.396,3.1315,3.396,-0.05400000000000027,-0.26449999999999996
2012-12-24,6.2913,0.0031999999999996476,0.0005087683147090285,3.179,3.2208,3.179,-0.21700000000000008,0.04180000000000028
2012-12-25,6.2931,0.0018000000000002458,0.00028606846767028797,3.812,3.2339,3.812,0.633,-0.5780999999999996
2012-12-26,6.2943,0.0011999999999998678,0.00019066685791119072,3.894,3.3853,3.894,0.0820000000000003,-0.5087000000000002
2012-12-27,6.2949,0.000600000000000378,9.531979799433187e-05,3.991,3.5383,3.991,0.09699999999999998,-0.4527000000000001
2012-12-28,6.2896,-0.005300000000000082,-0.0008423060611631298,4.067,3.7022,4.067,0.07600000000000007,-0.36480000000000024
2012-12-31,6.2855,-0.004100000000000215,-0.0006520823127101694,4.58,3.8452,4.58,0.5129999999999999,-0.7347999999999999
2013-01-04,6.2897,0.0041999999999999815,0.0006679814485924862,4.048,4.1239,4.048,-0.532,0.07589999999999986
2013-01-05,6.2897,0.0,0.0,3.801,4.1637,3.801,-0.2469999999999999,0.36270000000000024
2013-01-06,6.2897,0.0,0.0,3.6,4.1005,3.6,-0.20100000000000007,0.5005000000000002
2013-01-07,6.2872,-0.0024999999999995026,-0.0003975542515128985,3.2,3.9415,3.2,-0.3999999999999999,0.7414999999999998
2013-01-08,6.2804,-0.006800000000000139,-0.0010821478505986107,3.15,3.7281,3.15,-0.050000000000000266,0.5781000000000001
2013-01-09,6.2814,0.0009999999999994458,0.00015921285199761153,3.0245,3.4553,3.0245,-0.12549999999999972,0.4307999999999996
2013-01-10,6.2793,-0.0020999999999995467,-0.000334376271953883,2.999,3.2626,2.999,-0.025500000000000078,0.26359999999999983
2013-01-11,6.2712,-0.008099999999999774,-0.0012907854068978353,2.746,3.1176,2.746,-0.2530000000000001,0.37159999999999993
2013-01-14,6.2695,-0.001700000000000479,-0.00027111724391997046,2.794,2.9711,2.794,0.04800000000000004,0.1770999999999998
2013-01-15,6.2691,-0.00039999999999995595,-6.380297643045369e-05,2.871,2.8881,2.871,0.07699999999999996,0.017100000000000115
2013-01-16,6.2745,0.005399999999999849,0.0008609968962007086,2.788,2.8365,2.788,-0.08300000000000018,0.04850000000000021
2013-01-17,6.2767,0.002200000000000202,0.0003505640930797314,2.805,2.7975,2.805,0.017000000000000348,-0.007500000000000284
2013-01-18,6.2752,-0.0015000000000000568,-0.00023900764141531304,2.89,2.7692,2.89,0.08499999999999996,-0.12080000000000002
2013-01-21,6.279,0.0038000000000000256,0.0006053751120823682,2.991,2.7957,2.991,0.10099999999999998,-0.19530000000000003
2013-01-22,6.2796,0.000600000000000378,9.555205205303598e-05,2.994,2.8375,2.994,0.0030000000000001137,-0.1565000000000003
2013-01-23,6.2762,-0.0034000000000000696,-0.0005415823895099703,2.9848,2.8763,2.9848,-0.009200000000000319,-0.10849999999999982
2013-01-24,6.2783,0.0020999999999995467,0.0003345414026181692,2.824,2.9148,2.824,-0.16080000000000005,0.09080000000000021
2013-01-25,6.2805,0.002200000000000202,0.0003503519480370867,2.698,2.9167,2.698,-0.1259999999999999,0.21870000000000012
2013-01-28,6.2818,0.0012999999999996348,0.00020696846988852577,2.992,2.8723,2.992,0.29400000000000004,-0.11969999999999992
2013-01-29,6.2851,0.0033000000000003027,0.0005251891995404497,3.0995,2.8897,3.0995,0.10749999999999993,-0.2098
2013-01-30,6.2806,-0.0045000000000001705,-0.0007162354970073716,3.236,2.9291,3.236,0.1365000000000003,-0.3069000000000002
2013-01-31,6.2795,-0.001100000000000101,-0.00017515784154788593,3.233,2.9939,3.233,-0.0030000000000001137,-0.2391000000000001
2013-02-01,6.2819,0.002400000000000624,0.0003821230164161432,3.34,3.0813,3.34,0.10699999999999976,-0.2586999999999997
2013-02-04,6.286,0.004099999999999326,0.00065245588291546,3.4,3.1985,3.4,0.06000000000000005,-0.2014999999999998
2013-02-05,6.285,-0.0009999999999994458,-0.00015909633316501273,3.338,3.2945,3.338,-0.06199999999999983,-0.04349999999999987
2013-02-06,6.2881,0.0030999999999998806,0.0004931162661263404,3.696,3.342,3.696,0.3580000000000001,-0.3540000000000001
2013-02-07,6.2898,0.0016999999999995907,0.0002703153961076423,4.1,3.4515,4.1,0.40399999999999947,-0.6484999999999999
2013-02-08,6.2793,-0.01049999999999951,-0.0016707644051716045,3.513,3.6363,3.513,-0.5869999999999997,0.12329999999999997
2013-02-16,6.2793,0.0,0.0,2.831,3.6756,2.831,-0.6819999999999999,0.8446000000000002
2013-02-17,6.2793,0.0,0.0,2.986,3.4787,2.986,0.15500000000000025,0.4926999999999997
2013-02-18,6.2816,0.0022999999999999687,0.00036621580073166915,2.9286,3.3585,2.9286,-0.05740000000000034,0.42989999999999995
2013-02-19,6.2821,0.0004999999999997229,7.959438704589843e-05,2.949,3.1977,2.949,0.020399999999999974,0.24870000000000037
2013-02-20,6.2804,-0.0016999999999995907,-0.00027064676782115516,2.949,2.9993,2.949,0.0,0.05030000000000001
2013-02-21,6.2846,0.0041999999999999815,0.0006685237017785822,2.998,2.8973,2.998,0.04900000000000038,-0.10070000000000023
2013-02-22,6.2871,0.0024999999999995026,0.0003977186908619056,3.091,2.9451,3.091,0.09299999999999997,-0.14590000000000014
2013-02-25,6.2892,0.002100000000000435,0.0003339615021139461,3.31,2.9861,3.31,0.21899999999999986,-0.3239000000000001
2013-02-26,6.2856,-0.0036000000000004917,-0.0005725737345090819,3.811,3.071,3.811,0.5009999999999999,-0.7399999999999998
2013-02-27,6.2842,-0.0013999999999994017,-0.00022275613069237164,4.225,3.2768,4.225,0.4139999999999997,-0.9481999999999995
2013-02-28,6.2779,-0.006300000000000416,-0.0010030170955768341,4.267,3.5652,4.267,0.0420000000000007,-0.7018000000000004
2013-03-01,6.2798,0.0019000000000000128,0.0003026031860131784,4.476,3.8263,4.476,0.20899999999999963,-0.6497000000000002
2013-03-04,6.2822,0.0023999999999997357,0.00038210476503741924,4.313,4.0791,4.313,-0.16300000000000026,-0.23389999999999933
2013-03-05,6.2797,-0.0024999999999995026,-0.0003980289658419249,3.189,4.2441,3.189,-1.1239999999999997,1.0551000000000004
2013-03-06,6.2745,-0.0052000000000003155,-0.0008284080701883699,2.998,4.0475,2.998,-0.19099999999999984,1.0495
2013-03-07,6.2785,0.004000000000000448,0.0006372978786557259,2.519,3.7574,2.519,-0.4790000000000001,1.2384
2013-03-08,6.2719,-0.006600000000000605,-0.0010517594034308718,2.496,3.3815,2.496,-0.02300000000000013,0.8855
2013-03-11,6.2769,0.005000000000000782,0.000796888987727578,2.998,3.011,2.998,0.5020000000000002,0.0129999999999999
2013-03-12,6.2746,-0.0022999999999999687,-0.000366490065050951,3.07,2.8203,3.07,0.07199999999999962,-0.2496999999999998
2013-03-13,6.2726,-0.002000000000000668,-0.00031879622815271237,3.035,2.821,3.035,-0.0349999999999997,-0.21399999999999997
2013-03-14,6.2752,0.0026000000000001577,0.0004144152819155938,3.084,2.848,3.084,0.04899999999999993,-0.2360000000000002
2013-03-15,6.2723,-0.0028999999999994586,-0.0004622434830262657,3.3905,2.9535,3.3905,0.3064999999999998,-0.43699999999999983
2013-03-18,6.2741,0.0017999999999993577,0.0002869348996285388,3.086,3.1219,3.086,-0.3045,0.035900000000000265
2013-03-19,6.2758,0.001700000000000479,0.0002709184950316649,2.973,3.119,2.973,-0.11299999999999999,0.14600000000000035
2013-03-20,6.2716,-0.0041999999999999815,-0.0006694614273654794,3.278,3.0929,3.278,0.30500000000000016,-0.18509999999999982
2013-03-21,6.2731,0.0015000000000000568,0.00023914481927012502,3.04,3.151,3.04,-0.238,0.11099999999999977
2013-03-22,6.2711,-0.002000000000000668,-0.0003188724696587986,2.979,3.1386,2.979,-0.06099999999999994,0.15959999999999974
2013-03-25,6.2692,-0.0019000000000000128,-0.0003030230559936823,2.923,3.0588,2.923,-0.05600000000000005,0.13580000000000014
2013-03-26,6.2715,0.0022999999999999687,0.0003668056848162409,3.025,3.0285,3.025,0.10199999999999987,0.0035000000000002807
2013-03-27,6.2727,0.001200000000000756,0.000191323480757855,2.849,3.0406,2.849,-0.1759999999999997,0.19159999999999977
2013-03-28,6.2742,0.0015000000000000568,0.0002391028871110246,3.177,2.9601,3.177,0.32799999999999985,-0.21689999999999987
2013-03-29,6.2689,-0.005300000000000082,-0.0008450861932736294,3.394,2.9998,3.394,0.21700000000000008,-0.3942000000000001
2013-04-01,6.2674,-0.0015000000000000568,-0.0002393050592533103,3.404,3.1152,3.404,0.009999999999999787,-0.2887999999999997
2013-04-02,6.2586,-0.008799999999999919,-0.0014050776700907704,3.407,3.2161,3.407,0.0030000000000001137,-0.19090000000000007
2013-04-03,6.2609,0.0022999999999999687,0.00036742681830349985,3.297,3.2909,3.297,-0.10999999999999988,-0.006099999999999994
2013-04-07,6.2609,0.0,0.0,3.323,3.3431,3.323,0.0259999999999998,0.02010000000000023
2013-04-08,6.265,0.004099999999999326,0.0006546436018846497,3.279,3.3598,3.279,-0.04400000000000004,0.08079999999999998
2013-04-09,6.2639,-0.001100000000000101,-0.0001755940270616251,3.288,3.3295,3.288,0.008999999999999897,0.04150000000000009
2013-04-10,6.2548,-0.00909999999999922,-0.0014538253337517055,3.217,3.3035,3.217,-0.07099999999999973,0.08650000000000002
2013-04-11,6.2578,0.0029999999999992255,0.0004795166564076398,3.035,3.265,3.035,-0.18199999999999994,0.22999999999999998
2013-04-12,6.2506,-0.007199999999999207,-0.0011512265030207414,2.97,3.2073,2.97,-0.06499999999999995,0.23729999999999984
2013-04-15,6.2454,-0.0052000000000003155,-0.0008322663732644212,2.981,3.1283,2.981,0.010999999999999677,0.1473
2013-04-16,6.2408,-0.0045999999999999375,-0.0007368134753742733,3.044,3.0663,3.044,0.06300000000000017,0.022299999999999986
2013-04-17,6.2342,-0.006599999999999717,-0.0010581163311880258,3.013,3.0252,3.013,-0.03100000000000014,0.012199999999999989
2013-04-18,6.2416,0.007399999999999629,0.0011862968094768056,2.895,2.9912,2.895,-0.11799999999999988,0.09620000000000006
2013-04-19,6.2395,-0.002100000000000435,-0.0003365088044831696,3.085,2.9654,3.085,0.18999999999999995,-0.11960000000000015
2013-04-22,6.2415,0.002000000000000668,0.00032048714319682055,3.123,3.0018,3.123,0.038000000000000256,-0.12120000000000042
2013-04-23,6.236,-0.0055000000000005045,-0.0008815869134385797,3.57,3.0448,3.57,0.4469999999999996,-0.5251999999999999
2013-04-24,6.2384,0.002400000000000624,0.0003847880506659512,4.754,3.1937,4.754,1.1839999999999997,-1.5602999999999994
2013-04-25,6.23,-0.008399999999999963,-0.001347406446834097,5.021,3.5985,5.021,0.26700000000000035,-1.4224999999999999
2013-04-26,6.2208,-0.009200000000000763,-0.0014778169554336793,3.527,4.0385,3.527,-1.4939999999999998,0.5114999999999998
2013-04-27,6.2208,0.0,0.0,3.52,4.0569,3.52,-0.007000000000000117,0.5368999999999997
2013-04-28,6.2208,0.0,0.0,3.03,4.0506,3.03,-0.4900000000000002,1.0206000000000004
2013-05-02,6.2082,-0.012599999999999945,-0.00202751698710528,2.919,3.8524,2.919,-0.11099999999999977,0.9333999999999998
2013-05-03,6.2152,0.007000000000000561,0.0011269057972512246,3.237,3.5027,3.237,0.31800000000000006,0.2656999999999998
2013-05-06,6.2114,-0.0038000000000000256,-0.0006115912829651717,3.221,3.2178,3.221,-0.016000000000000014,-0.0032000000000000917
2013-05-07,6.2083,-0.0030999999999998806,-0.000499206915525899,3.176,3.1639,3.176,-0.04499999999999993,-0.012100000000000222
2013-05-08,6.198,-0.010299999999999976,-0.001660447090026423,2.984,3.1198,2.984,-0.19200000000000017,0.13580000000000014
2013-05-09,6.1925,-0.0055000000000005045,-0.0008877769841790201,3.106,3.1063,3.106,0.12199999999999989,0.000300000000000189
2013-05-10,6.2016,0.009100000000000108,0.0014684408928778204,2.971,3.13,2.971,-0.1349999999999998,0.1589999999999998
2013-05-13,6.2072,0.005600000000000271,0.0009025853233470796,2.901,3.0782,2.901,-0.07000000000000028,0.17720000000000002
2013-05-14,6.2035,-0.0037000000000002586,-0.0005962596968133887,2.774,3.0183,2.774,-0.12699999999999978,0.24429999999999996
2013-05-15,6.207,0.0034999999999998366,0.0005640385307264136,2.767,2.9414,2.767,-0.007000000000000117,0.1743999999999999
2013-05-16,6.2096,0.0026000000000001577,0.00041879420098907846,3.192,2.8938,3.192,0.42500000000000027,-0.2982
2013-05-17,6.1997,-0.00990000000000002,-0.001595577848926461,3.5858,2.9397,3.5858,0.3937999999999997,-0.6460999999999997
2013-05-20,6.1998,9.999999999976694e-05,1.612968264877076e-05,4.23,3.1207,4.23,0.6442000000000005,-1.1093000000000006
2013-05-21,6.1911,-0.008700000000000152,-0.0014042565801764204,4.375,3.458,4.375,0.14499999999999957,-0.9169999999999998
2013-05-22,6.1904,-0.0006999999999992568,-0.00011307192193920131,3.952,3.7928,3.952,-0.42300000000000004,-0.1591999999999998
2013-05-23,6.1947,0.0042999999999997485,0.0006943827942893602,4.192,3.9979,4.192,0.2400000000000002,-0.19410000000000016
2013-05-24,6.1867,-0.008000000000000007,-0.0012922611519364372,4.151,4.1665,4.151,-0.04100000000000037,0.015500000000000291
2013-05-27,6.1811,-0.005600000000000271,-0.0009055774483254921,4.08,4.2319,4.08,-0.07099999999999973,0.15190000000000037
2013-05-28,6.1818,0.000700000000000145,0.00011324203880126164,3.503,4.1771,3.503,-0.577,0.6741000000000001
2013-05-29,6.1856,0.0038000000000000256,0.0006145188349343583,3.67,3.9838,3.67,0.16699999999999982,0.3138000000000001
2013-05-30,6.182,-0.0035999999999996035,-0.000582166321950044,4.144,3.9109,4.144,0.4740000000000002,-0.2331000000000003
2013-05-31,6.1796,-0.002400000000000624,-0.0003882992541670421,4.781,3.9321,4.781,0.6369999999999996,-0.8488999999999995
2013-06-03,6.1806,0.001000000000000334,0.00016180967980804203,4.628,4.1128,4.628,-0.15299999999999958,-0.5152000000000001
2013-06-04,6.1735,-0.007100000000000328,-0.0011494161099044275,4.716,4.2483,4.716,0.08800000000000008,-0.4676999999999998
2013-06-05,6.1757,0.002200000000000202,0.00035629838747039763,4.739,4.473,4.739,0.022999999999999687,-0.266
2013-06-06,6.1737,-0.0019999999999997797,-0.00032390237865564687,5.137,4.6633,5.137,0.3979999999999997,-0.4737
2013-06-07,6.162,-0.011700000000000266,-0.0018969338599996945,6.657,4.8902,6.657,1.5200000000000005,-1.7668
2013-06-08,6.162,0.0,0.0,7.603,5.3783,7.603,0.9459999999999997,-2.2246999999999995
2013-06-09,6.162,0.0,0.0,6.612,6.0804,6.612,-0.9909999999999997,-0.5316000000000001
2013-06-13,6.1612,-0.0007999999999999119,-0.00012983640631069202,6.08,6.2468,6.08,-0.532,0.16680000000000028
2013-06-14,6.1607,-0.0004999999999997229,-8.115631522317854e-05,6.811,6.4918,6.811,0.7309999999999999,-0.3192000000000004
2013-06-17,6.1598,-0.000900000000000567,-0.00014609796706326292,6.848,6.7629,6.848,0.03699999999999992,-0.08509999999999973
2013-06-18,6.1651,0.005300000000000082,0.0008600475990382404,6.703,6.7812,6.703,-0.14499999999999957,0.07819999999999983
2013-06-19,6.1677,0.0026000000000001577,0.00042163986094306805,8.075,6.6367,8.075,1.371999999999999,-1.438299999999999
2013-06-20,6.1698,0.002100000000000435,0.0003404255352026622,11.004,7.1204,11.004,2.9290000000000003,-3.8835999999999995
2013-06-21,6.1766,0.006799999999999251,0.0011015357816987158,8.543,8.3274,8.543,-2.4610000000000003,-0.21559999999999846
2013-06-24,6.1807,0.004100000000000215,0.0006635754008476159,7.311,8.7591,7.311,-1.2319999999999993,1.4481000000000002
2013-06-25,6.1767,-0.0039999999999995595,-0.0006473853949378158,7.644,8.7319,7.644,0.3330000000000002,1.0878999999999994
2013-06-26,6.1779,0.0011999999999998678,0.00019425962860367238,7.201,8.6868,7.201,-0.4430000000000005,1.4858000000000002
2013-06-27,6.1797,0.0018000000000002458,0.00029131870472109544,6.684,8.4127,6.684,-0.5169999999999995,1.728699999999999
2013-06-28,6.1787,-0.001000000000000334,-0.00016183324737557525,6.163,7.5346,6.163,-0.5209999999999999,1.3716
2013-07-01,6.1805,0.0018000000000002458,0.0002912809911203198,5.423,6.9505,5.423,-0.7400000000000002,1.5274999999999999
2013-07-02,6.1773,-0.0032000000000005357,-0.00051789154566732,4.75,6.5018,4.75,-0.673,1.7518000000000002
2013-07-03,6.1803,0.0030000000000001137,0.00048553118063948746,4.242,5.9477,4.242,-0.508,1.7057000000000002
2013-07-04,6.1755,-0.004799999999999471,-0.0007769630847809293,3.938,5.3372,3.938,-0.3039999999999998,1.3992
2013-07-05,6.179,0.0034999999999998366,0.0005665951829105037,3.816,4.7977,3.816,-0.12200000000000033,0.9817
2013-07-08,6.1807,0.0016999999999995907,0.00027508758476654023,3.656,4.3584,3.656,-0.1599999999999997,0.7023999999999995
2013-07-09,6.173,-0.007699999999999818,-0.0012465902518503376,3.596,4.0319,3.596,-0.06000000000000005,0.4359000000000002
2013-07-10,6.1652,-0.007800000000000473,-0.0012643661213312758,3.59,3.8232,3.59,-0.006000000000000227,0.23320000000000007
2013-07-11,6.1599,-0.005299999999999194,-0.0008600336430018748,3.81,3.71,3.81,0.2200000000000002,-0.10000000000000009
2013-07-12,6.1631,0.0031999999999996476,0.0005193540650697463,3.8,3.7037,3.8,-0.010000000000000231,-0.09629999999999983
2013-07-15,6.1663,0.0031999999999996476,0.000519084476430738,3.809,3.7158,3.809,0.009000000000000341,-0.09319999999999995
2013-07-16,6.1692,0.0029000000000003467,0.0004701876783959974,3.706,3.7457,3.706,-0.1030000000000002,0.039699999999999847
2013-07-17,6.1652,-0.004000000000000448,-0.0006485925768946298,3.596,3.758,3.596,-0.10999999999999988,0.16199999999999992
2013-07-18,6.172,0.006800000000000139,0.0011023572104866507,3.634,3.7435,3.634,0.03799999999999981,0.10950000000000015
2013-07-19,6.1751,0.0030999999999998806,0.0005021422139834322,3.745,3.7286,3.745,0.11100000000000021,-0.01639999999999997
2013-07-22,6.1721,-0.0029999999999992255,-0.00048594014173799734,3.925,3.7256,3.925,0.17999999999999972,-0.1993999999999998
2013-07-23,6.1702,-0.0019000000000000128,-0.0003078842703561903,3.959,3.7647,3.959,0.03400000000000025,-0.19430000000000014
2013-07-24,6.1695,-0.000700000000000145,-0.00011345494635218096,4.011,3.8313,4.011,0.052000000000000046,-0.17969999999999997
2013-07-25,6.1759,0.006400000000000183,0.001036823525091942,4.132,3.9152,4.132,0.12099999999999955,-0.21679999999999966
2013-07-26,6.172,-0.0039000000000006807,-0.00063168638062909,4.351,4.0347,4.351,0.2190000000000003,-0.3163
2013-07-29,6.1705,-0.0015000000000000568,-0.00024306258981327436,5.057,4.166,5.057,0.7060000000000004,-0.891
2013-07-30,6.177,0.00649999999999995,0.001052844802660867,4.972,4.4303,4.972,-0.08499999999999996,-0.5417000000000005
2013-07-31,6.1788,0.0018000000000002458,0.0002913611441968001,4.971,4.6294,4.971,-0.001000000000000334,-0.3415999999999997
2013-08-01,6.1778,-0.0009999999999994458,-0.00016185682180901753,4.545,4.8031,4.545,-0.42600000000000016,0.2580999999999998
2013-08-02,6.1817,0.0038999999999997925,0.0006310935117829299,4.314,4.8244,4.314,-0.23099999999999987,0.5103999999999997
2013-08-05,6.1767,-0.004999999999999893,-0.0008091662792614907,4.356,4.7653,4.356,0.041999999999999815,0.4093
2013-08-06,6.1753,-0.00140000000000029,-0.00022668393879455862,4.066,4.6126,4.066,-0.29000000000000004,0.5465999999999998
2013-08-07,6.1726,-0.0026999999999999247,-0.000437321332863249,3.873,4.4422,3.873,-0.19299999999999962,0.5691999999999995
2013-08-08,6.1703,-0.0022999999999999687,-0.00037268389545752265,3.7585,4.2276,3.7585,-0.11450000000000005,0.46909999999999963
2013-08-09,6.1668,-0.0034999999999998366,-0.0005673942975088472,3.64,4.0692,3.64,-0.11850000000000005,0.42920000000000025
2013-08-12,6.1665,-0.000300000000000189,-4.864878014149715e-05,3.648,3.9298,3.648,0.008000000000000007,0.28180000000000005
2013-08-13,6.1705,0.0039999999999995595,0.0006484558871954111,3.702,3.8091,3.702,0.053999999999999826,0.10709999999999997
2013-08-14,6.172,0.0015000000000000568,0.00024306258981332613,3.855,3.7424,3.855,0.15300000000000002,-0.11260000000000003
2013-08-15,6.1696,-0.0023999999999997357,-0.0003889285068796008,3.994,3.7536,3.994,0.13900000000000023,-0.24040000000000017
2013-08-16,6.1666,-0.0030000000000001137,-0.00048637344711330885,3.772,3.811,3.772,-0.22200000000000042,0.039000000000000146
2013-08-19,6.169,0.0023999999999997357,0.00038911768058012895,4.092,3.8372,4.092,0.31999999999999984,-0.25479999999999947
2013-08-20,6.1697,0.000700000000000145,0.00011346414140087958,4.428,3.9425,4.428,0.3360000000000003,-0.48550000000000004
2013-08-21,6.1675,-0.0021999999999993136,-0.0003566449475275896,4.219,4.1108,4.219,-0.20899999999999963,-0.10820000000000007
2013-08-22,6.1698,0.0022999999999999687,0.0003728530596881774,4.115,4.1962,4.115,-0.10400000000000009,0.08119999999999994
2013-08-23,6.171,0.0011999999999998678,0.00019447685786700916,4.149,4.2142,4.149,0.03399999999999981,0.06519999999999992
2013-08-26,6.168,-0.0030000000000001137,-0.00048626307790143364,4.023,4.2633,4.023,-0.12600000000000033,0.2403000000000004
2013-08-27,6.1688,0.0007999999999999119,0.00012969327558546033,4.209,4.227,4.209,0.18599999999999994,0.018000000000000682
2013-08-28,6.1667,-0.002100000000000435,-0.0003404807296482506,4.259,4.1927,4.259,0.05000000000000071,-0.06630000000000003
2013-08-29,6.169,0.0022999999999999687,0.0003729014205359435,4.318,4.1994,4.318,0.058999999999999275,-0.11859999999999982
2013-08-30,6.1709,0.0019000000000000128,0.000307944151089609,3.7355,4.2418,3.7355,-0.5824999999999996,0.5062999999999995
2013-09-02,6.1702,-0.0006999999999992568,-0.00011344207578744658,3.742,4.1276,3.742,0.00649999999999995,0.38560000000000016
2013-09-03,6.1718,0.0015999999999998238,0.0002592772660773948,3.75,4.0451,3.75,0.008000000000000007,0.2950999999999997
2013-09-04,6.1729,0.001100000000000101,0.00017821413285238388,3.498,3.9384,3.498,-0.2519999999999998,0.4403999999999999
2013-09-05,6.1696,-0.0033000000000003027,-0.00053473770769861,3.456,3.778,3.456,-0.04200000000000026,0.32200000000000006
2013-09-06,6.1728,0.0031999999999996476,0.0005185377352381531,3.469,3.6194,3.469,0.0129999999999999,0.1504000000000003
2013-09-09,6.1642,-0.008599999999999497,-0.001394180334443052,3.554,3.567,3.554,0.08499999999999996,0.013000000000000345
2013-09-10,6.1612,-0.0030000000000001137,-0.00048679962666425375,3.625,3.5391,3.625,0.07100000000000017,-0.08590000000000009
2013-09-11,6.1601,-0.001100000000000101,-0.00017855258826951023,3.482,3.5332,3.482,-0.1429999999999998,0.05119999999999969
2013-09-12,6.1575,-0.0026000000000001577,-0.0004221601673400691,3.494,3.5282,3.494,0.01200000000000001,0.034199999999999786
2013-09-13,6.1578,0.000300000000000189,4.871988503072723e-05,3.57,3.5472,3.57,0.07599999999999962,-0.02279999999999971
2013-09-16,6.1554,-0.0023999999999997357,-0.0003898255580015553,3.469,3.5679,3.469,-0.10099999999999998,0.09889999999999999
2013-09-17,6.1571,0.0016999999999995907,0.00027614213373429496,3.583,3.5522,3.583,0.11400000000000032,-0.03080000000000016
2013-09-18,6.1557,-0.0013999999999994017,-0.0002274056276448282,3.749,3.5671,3.749,0.16599999999999993,-0.18190000000000017
2013-09-22,6.1557,0.0,0.0,3.991,3.6426,3.991,0.242,-0.34840000000000027
2013-09-23,6.1475,-0.00820000000000043,-0.0013329867374639918,4.232,3.7415,4.232,0.2410000000000001,-0.4905000000000004
2013-09-24,6.1485,0.001000000000000334,0.00016265452215436576,4.44,3.9243,4.44,0.20800000000000018,-0.5157000000000003
2013-09-25,6.1497,0.0011999999999998678,0.00019515051044998892,3.916,4.1319,3.916,-0.5240000000000005,0.21589999999999998
2013-09-26,6.1477,-0.0019999999999997797,-0.0003252720115851108,4.055,4.1755,4.055,0.1389999999999998,0.12050000000000072
2013-09-27,6.1495,0.0017999999999993577,0.0002927495710982141,3.646,4.2054,3.646,-0.4089999999999998,0.5594000000000001
2013-09-29,6.1495,0.0,0.0,3.749,4.1099,3.749,0.1030000000000002,0.36089999999999955
2013-09-30,6.148,-0.0015000000000000568,-0.00024395202397872704,4.203,4.0046,4.203,0.4540000000000002,-0.19840000000000035
2013-10-08,6.1415,-0.00649999999999995,-0.0010578136793373684,4.393,3.9883,4.393,0.1899999999999995,-0.4046999999999996
2013-10-09,6.143,0.0015000000000000568,0.00024421018477830325,4.502,4.0867,4.502,0.10899999999999999,-0.41529999999999934
2013-10-10,6.1452,0.002200000000000202,0.0003580670925775582,4.48,4.1961,4.48,-0.021999999999999353,-0.28390000000000004
2013-10-11,6.1458,0.000600000000000378,9.76324140391174e-05,4.26,4.3409,4.26,-0.22000000000000064,0.08090000000000064
2013-10-12,6.1458,0.0,0.0,4.246,4.3909,4.246,-0.013999999999999346,0.1448999999999998
2013-10-14,6.1406,-0.0052000000000003155,-0.0008464644339243959,3.855,4.374,3.855,-0.39100000000000046,0.5189999999999997
2013-10-15,6.1412,0.000600000000000378,9.77055481244662e-05,3.845,4.2342,3.845,-0.009999999999999787,0.3892000000000002
2013-10-16,6.1408,-0.0004000000000008441,-6.513597136334057e-05,3.314,4.096,3.314,-0.5310000000000001,0.782
2013-10-17,6.1431,0.0022999999999999687,0.0003744739092433927,3.35,3.8549,3.35,0.03600000000000003,0.5049000000000001
2013-10-18,6.1372,-0.005899999999999572,-0.0009608886515735029,3.485,3.6775,3.485,0.1349999999999998,0.19250000000000034
2013-10-21,6.1352,-0.0019999999999997797,-0.000325934620401097,3.548,3.5516,3.548,0.06300000000000017,0.0036000000000000476
2013-10-22,6.1395,0.0042999999999997485,0.0007006281499177965,3.558,3.5152,3.558,0.009999999999999787,-0.04279999999999973
2013-10-23,6.133,-0.00649999999999995,-0.0010592789745836103,3.992,3.4814,3.992,0.43400000000000016,-0.5106000000000002
2013-10-24,6.1335,0.0004999999999997229,8.152284682295782e-05,4.68,3.6404,4.68,0.6879999999999997,-1.0395999999999996
2013-10-25,6.1333,-0.00019999999999953388,-3.260834121644172e-05,4.891,3.9594,4.891,0.2110000000000003,-0.9316
2013-10-28,6.1336,0.000300000000000189,4.891211309465335e-05,4.894,4.2921,4.894,0.0030000000000001137,-0.6019000000000005
2013-10-29,6.1373,0.0036999999999993705,0.0006030527690930179,4.947,4.5704,4.947,0.052999999999999936,-0.3765999999999998
2013-10-30,6.1412,0.0039000000000006807,0.0006352567709662946,5.593,4.8275,5.593,0.6459999999999999,-0.7655000000000003
2013-10-31,6.1425,0.0012999999999996348,0.00021166261059007228,4.993,5.1501,4.993,-0.5999999999999996,0.1570999999999998
2013-11-01,6.1452,0.0026999999999999247,0.0004394638611707035,4.61,5.174,4.61,-0.383,0.5640000000000001
2013-11-04,6.1482,0.0030000000000001137,0.00048806677722227525,4.423,5.0524,4.423,-0.18700000000000028,0.6293999999999995
2013-11-05,6.1447,-0.0034999999999998366,-0.0005694344043430343,4.232,4.9079,4.232,-0.19099999999999984,0.6758999999999995
2013-11-06,6.1475,0.0027999999999996916,0.00045557346096346463,3.866,4.7289,3.866,-0.3660000000000001,0.8629000000000002
2013-11-07,6.145,-0.002500000000000391,-0.00040675209021245954,3.891,4.3821,3.891,0.02499999999999991,0.4911000000000003
2013-11-08,6.1355,-0.009499999999999176,-0.0015471685835325988,3.939,4.1712,3.939,0.04800000000000004,0.23219999999999974
2013-11-11,6.139,0.0034999999999998366,0.0005702880108938365,3.78,4.0546,3.78,-0.15900000000000025,0.27459999999999996
2013-11-12,6.136,-0.0030000000000001137,-0.0004887983804042587,3.545,3.944,3.545,-0.23499999999999988,0.399
2013-11-13,6.1342,-0.0018000000000002458,-0.0002933937528177757,3.635,3.8165,3.635,0.08999999999999986,0.18150000000000022
2013-11-14,6.1315,-0.0026999999999999247,-0.0004402520921936337,4.193,3.7898,4.193,0.5579999999999998,-0.40319999999999956
2013-11-15,6.1351,0.0036000000000004917,0.0005869597285893518,5.311,3.8947,5.311,1.1180000000000003,-1.4163000000000001
2013-11-18,6.1332,-0.0019000000000000128,-0.0003097413684357805,5.357,4.2643,5.357,0.04600000000000026,-1.0926999999999998
2013-11-19,6.1317,-0.0015000000000000568,-0.00024460044639235145,4.83,4.6153,4.83,-0.5270000000000001,-0.21469999999999967
2013-11-20,6.1305,-0.001200000000000756,-0.00019572344340031413,4.751,4.8399,4.751,-0.07899999999999974,0.08889999999999976
2013-11-21,6.1366,0.006099999999999994,0.0009945301665083635,4.708,4.9952,4.708,-0.04300000000000015,0.28719999999999946
2013-11-22,6.138,0.00140000000000029,0.00022811334073153736,4.763,5.0753,4.763,0.054999999999999716,0.31230000000000047
2013-11-25,6.1342,-0.0038000000000000256,-0.0006192858854071147,4.74,4.9749,4.74,-0.022999999999999687,0.23489999999999966
2013-11-26,6.1357,0.0015000000000000568,0.0002445007713953802,4.6775,4.878,4.6775,-0.0625,0.2004999999999999
2013-11-27,6.133,-0.0026999999999999247,-0.0004401444396861417,4.663,4.8421,4.663,-0.014499999999999957,0.17910000000000004
2013-11-28,6.1343,0.0012999999999996348,0.00021194557969013704,4.823,4.8297,4.823,0.16000000000000014,0.006699999999999484
2013-11-29,6.1325,-0.0017999999999993577,-0.00029347507302940643,4.666,4.8411,4.666,-0.15700000000000003,0.1750999999999996
2013-12-02,6.1329,0.00039999999999995595,6.522412642739374e-05,4.571,4.8041,4.571,-0.09500000000000064,0.2331000000000003
2013-12-03,6.1352,0.0022999999999999687,0.00037495619157767323,4.6,4.7532,4.6,0.028999999999999915,0.1532
2013-12-04,6.13,-0.0052000000000003155,-0.0008479275203924173,4.577,4.7202,4.577,-0.022999999999999687,0.14320000000000022
2013-12-05,6.131,0.001000000000000334,0.00016311883243086067,4.558,4.6764,4.558,-0.019000000000000128,0.11840000000000028
2013-12-06,6.1232,-0.007800000000000473,-0.001273033091250234,4.55,4.6148,4.55,-0.008000000000000007,0.06479999999999997
2013-12-09,6.113,-0.01019999999999932,-0.0016671846427123308,4.485,4.584,4.485,-0.0649999999999995,0.09899999999999931
2013-12-10,6.1114,-0.001600000000000712,-0.0002617715403844081,4.444,4.5545,4.444,-0.04100000000000037,0.11050000000000004
2013-12-11,6.11,-0.0013999999999994017,-0.0002291063227000523,4.329,4.5152,4.329,-0.11500000000000021,0.18620000000000037
2013-12-12,6.1115,0.0015000000000000568,0.00024546905167644216,4.305,4.4643,4.305,-0.02400000000000002,0.1593
2013-12-13,6.1148,0.0032999999999994145,0.0005398199095614077,4.3,4.4111,4.3,-0.004999999999999893,0.11110000000000042
2013-12-16,6.1124,-0.0023999999999997357,-0.0003925673957769269,4.358,4.3661,4.358,0.05799999999999983,0.008100000000000662
2013-12-17,6.1108,-0.0015999999999998238,-0.00026179723953435283,4.459,4.3679,4.459,0.10099999999999998,-0.09109999999999996
2013-12-18,6.1105,-0.000300000000000189,-4.909461351258115e-05,5.902,4.4583,5.902,1.4430000000000005,-1.4436999999999998
2013-12-19,6.1183,0.007799999999999585,0.0012756772631458012,6.472,4.924,6.472,0.5700000000000003,-1.548
2013-12-20,6.1196,0.001300000000000523,0.00021245475202296706,7.654,5.5302,7.654,1.1819999999999995,-2.1238
2013-12-23,6.1161,-0.0034999999999998366,-0.000572096422020901,8.843,6.3598,8.843,1.189,-2.4832
2013-12-24,6.1145,-0.001600000000000712,-0.0002616388417784919,6.197,7.2647,6.197,-2.646,1.0677000000000003
2013-12-25,6.116,0.0015000000000000568,0.0002452884195282779,5.616,7.4306,5.616,-0.5810000000000004,1.8146000000000004
2013-12-26,6.1156,-0.00039999999999995595,-6.540436249425728e-05,5.329,7.144,5.329,-0.2869999999999999,1.8150000000000004
2013-12-27,6.105,-0.010599999999999277,-0.0017347761416534944,5.067,6.7177,5.067,-0.26199999999999957,1.6506999999999996
2013-12-30,6.1024,-0.0026000000000001577,-0.00042597113870513085,4.841,6.1069,4.841,-0.22599999999999998,1.2659000000000002
2013-12-31,6.0969,-0.0055000000000005045,-0.0009016911417289275,5.25,5.4082,5.25,0.4089999999999998,0.1581999999999999
2014-01-02,6.099,0.002100000000000435,0.0003443780320853303,4.981,5.2542,4.981,-0.26900000000000013,0.2732000000000001
2014-01-03,6.1039,0.0049000000000001265,0.0008030878337698961,4.711,5.1466,4.711,-0.2699999999999996,0.4356
2014-01-06,6.1059,0.0019999999999997797,0.0003276056967170479,4.633,5.0101,4.633,-0.07800000000000029,0.37710000000000043
2014-01-07,6.1042,-0.001700000000000479,-0.00027845799968634593,4.259,4.8972,4.259,-0.37399999999999967,0.6381999999999994
2014-01-08,6.1079,0.0037000000000002586,0.0006059564060586684,4.126,4.7387,4.126,-0.133,0.6126999999999994
2014-01-09,6.1109,0.0030000000000001137,0.0004910465938196066,4.02,4.4849,4.02,-0.10600000000000076,0.4649000000000001
2014-01-10,6.1008,-0.010100000000000442,-0.0016541517238359026,4.041,4.2952,4.041,0.021000000000000796,0.2542
2014-01-13,6.095,-0.005799999999999805,-0.0009511471879274188,4.013,4.1713,4.013,-0.02800000000000047,0.15829999999999966
2014-01-14,6.093,-0.0019999999999997797,-0.0003281916668774462,4.0036,4.0711,4.0036,-0.009400000000000297,0.06750000000000078
2014-01-15,6.1005,0.007500000000000284,0.0012301637668945887,3.965,4.0319,3.965,-0.038599999999999746,0.0669000000000004
2014-01-16,6.1065,0.005999999999999339,0.0009830425957542842,4.256,4.0189,4.256,0.29100000000000037,-0.23709999999999987
2014-01-17,6.1041,-0.0023999999999997357,-0.00039310108117630475,4.776,4.1009,4.776,0.5199999999999996,-0.6750999999999996
2014-01-20,6.1083,0.0041999999999999815,0.0006878255159650612,6.329,4.3708,6.329,1.553,-1.9581999999999997
2014-01-21,6.1066,-0.0016999999999995907,-0.0002783485760792648,5.535,4.9603,5.535,-0.7939999999999996,-0.5747
2014-01-22,6.1087,0.0020999999999995467,0.00034383110045397354,5.224,5.2396,5.224,-0.31099999999999994,0.015600000000000058
2014-01-23,6.1107,0.0019999999999997797,0.00032734831789767117,5.293,5.4314,5.293,0.06899999999999995,0.13839999999999986
2014-01-24,6.1035,-0.007199999999999207,-0.0011789557783500248,4.449,5.5796,4.449,-0.8440000000000003,1.1306000000000003
2014-01-26,6.1035,0.0,0.0,4.717,5.4112,4.717,0.2679999999999998,0.6942000000000004
2014-01-27,6.1022,-0.001300000000000523,-0.00021301523139451422,4.689,5.1037,4.689,-0.02799999999999958,0.41469999999999985
2014-01-28,6.1053,0.0030999999999998806,0.0005078845081525287,4.9657,5.0032,4.9657,0.27669999999999995,0.037499999999999645
2014-01-29,6.1073,0.002000000000000668,0.0003275305860964411,5.108,4.9987,5.108,0.14229999999999965,-0.10929999999999929
2014-01-30,6.105,-0.0022999999999999687,-0.00037666942790359433,4.983,5.0255,4.983,-0.125,0.042500000000000426
2014-02-07,6.1089,0.0038999999999997925,0.0006386166797738435,5.409,5.0704,5.409,0.42600000000000016,-0.33859999999999957
2014-02-08,6.1089,0.0,0.0,5.25,5.1903,5.25,-0.1589999999999998,-0.05970000000000031
2014-02-10,6.1083,-0.000600000000000378,-9.822217864696056e-05,5.299,5.2362,5.299,0.04900000000000038,-0.06280000000000019
2014-02-11,6.1069,-0.0013999999999994017,-0.00022922260890197976,5.201,5.2648,5.201,-0.09800000000000075,0.06380000000000052
2014-02-12,6.1078,0.0008999999999996788,0.00014736342302771682,5.178,5.2382,5.178,-0.022999999999999687,0.06020000000000003
2014-02-13,6.11,0.002200000000000202,0.00036013030558331046,5.021,5.2661,5.021,-0.15700000000000003,0.24509999999999987
2014-02-14,6.107,-0.0030000000000001137,-0.0004911189425062336,4.436,5.1774,4.436,-0.585,0.7413999999999996
2014-02-17,6.1053,-0.001700000000000479,-0.00027840783652242044,3.879,4.9659,3.879,-0.5569999999999999,1.0869000000000004
2014-02-18,6.1073,0.002000000000000668,0.0003275305860964411,3.743,4.6433,3.743,-0.13600000000000012,0.9003000000000001
2014-02-19,6.1103,0.0029999999999992255,0.0004910948239086009,3.762,4.3481,3.762,0.019000000000000128,0.5860999999999996
2014-02-20,6.1146,0.004300000000000637,0.0007034822660855957,3.703,4.0794,3.703,-0.05900000000000016,0.37639999999999985
2014-02-21,6.1176,0.0030000000000001137,0.0004905086673123686,3.595,3.848,3.595,-0.10799999999999965,0.25299999999999967
2014-02-24,6.1189,0.0012999999999996348,0.0002124790593537094,3.339,3.6507,3.339,-0.2560000000000002,0.3117000000000001
2014-02-25,6.1184,-0.0004999999999997229,-8.171737234157306e-05,3.278,3.5309,3.278,-0.06099999999999994,0.2528999999999999
2014-02-26,6.1192,0.0007999999999999119,0.0001307445906287053,3.072,3.4189,3.072,-0.20599999999999996,0.34689999999999976
2014-02-27,6.1224,0.0031999999999996476,0.0005228074880548952,3.43,3.2897,3.43,0.3580000000000001,-0.1403000000000003
2014-02-28,6.1214,-0.0009999999999994458,-0.00016334798056537626,3.529,3.2704,3.529,0.09899999999999975,-0.25859999999999994
2014-03-03,6.119,-0.002400000000000624,-0.00039214405260547627,2.821,3.3172,2.821,-0.7079999999999997,0.4962
2014-03-04,6.1236,0.0045999999999999375,0.0007514743953854689,3.5135,3.2034,3.5135,0.6924999999999999,-0.31010000000000026
2014-03-05,6.1257,0.002100000000000435,0.0003428767391727517,3.798,3.2755,3.798,0.2845,-0.5225
2014-03-06,6.1249,-0.0007999999999999119,-0.00013060584806253182,2.486,3.4249,2.486,-1.3119999999999998,0.9388999999999998
2014-03-07,6.1201,-0.0048000000000003595,-0.0007839935068777119,2.403,3.1929,2.403,-0.08300000000000018,0.7898999999999998
2014-03-10,6.1312,0.011099999999999888,0.0018120530943280778,2.358,2.954,2.358,-0.04499999999999993,0.5960000000000001
2014-03-11,6.1327,0.0015000000000000568,0.00024462039114467375,2.258,2.8149,2.258,-0.10000000000000009,0.5569000000000002
2014-03-12,6.1343,0.0015999999999998238,0.0002608624780424472,2.211,2.5798,2.211,-0.04700000000000015,0.36880000000000024
2014-03-13,6.132,-0.0022999999999999687,-0.00037501121396910845,2.5,2.3192,2.5,0.28900000000000015,-0.18080000000000007
2014-03-14,6.1346,0.0026000000000001577,0.00042391535371434706,2.527,2.3413,2.527,0.027000000000000135,-0.1857000000000002
2014-03-17,6.1321,-0.0024999999999995026,-0.0004076075936662009,2.671,2.3882,2.671,0.14399999999999968,-0.28279999999999994
2014-03-18,6.1341,0.0019999999999997797,0.0003260993653655391,2.88,2.4661,2.88,0.20900000000000007,-0.41389999999999993
2014-03-19,6.1351,0.001000000000000334,0.0001630098135516971,3.422,2.5984,3.422,0.5420000000000003,-0.8236000000000003
2014-03-20,6.146,0.010899999999999466,0.0017750857597599622,3.474,2.8602,3.474,0.052000000000000046,-0.6138000000000003
2014-03-21,6.1475,0.0015000000000000568,0.00024403139991762248,3.6,3.0673,3.6,0.1259999999999999,-0.5327000000000002
2014-03-24,6.1452,-0.0022999999999999687,-0.00037420583384269217,3.578,3.2574,3.578,-0.02200000000000024,-0.3205999999999998
2014-03-25,6.1426,-0.0026000000000001577,-0.0004231839774088001,3.6295,3.4233,3.6295,0.05150000000000032,-0.20620000000000038
2014-03-26,6.144,0.00140000000000029,0.00022789054841201143,3.868,3.5537,3.868,0.2384999999999997,-0.3142999999999998
2014-03-27,6.1465,0.0024999999999995026,0.0004068182798874723,4.812,3.6494,4.812,0.9440000000000004,-1.1626000000000003
2014-03-28,6.149,0.002500000000000391,0.0004066528460741608,4.168,3.9603,4.168,-0.6440000000000001,-0.2077
2014-03-31,6.1521,0.0030999999999998806,0.0005040199763640898,4.184,4.082,4.184,0.016000000000000014,-0.10200000000000031
2014-04-01,6.1503,-0.0018000000000002458,-0.00029262583119470776,4.205,4.1805,4.205,0.020999999999999908,-0.024499999999999744
2014-04-02,6.1493,-0.0009999999999994458,-0.00016260691440421747,4.225,4.2672,4.225,0.019999999999999574,0.04220000000000024
2014-04-03,6.152,0.0026999999999999247,0.0004389780012449832,4.103,4.3062,4.103,-0.12199999999999989,0.20319999999999983
2014-04-04,6.1557,0.0037000000000002586,0.0006012496423318052,2.997,4.1756,2.997,-1.1059999999999999,1.1786000000000003
2014-04-08,6.1527,-0.0030000000000001137,-0.0004874719800148069,3.591,3.8857,3.591,0.5940000000000003,0.29469999999999974
2014-04-09,6.149,-0.0037000000000002586,-0.0006015428943270996,3.67,3.7725,3.67,0.07899999999999974,0.10250000000000004
2014-04-10,6.151,0.0019999999999997797,0.0003252032548984692,3.708,3.6858,3.708,0.038000000000000256,-0.02220000000000022
2014-04-11,6.1495,-0.0015000000000000568,-0.00024389252590307248,3.701,3.6162,3.701,-0.007000000000000117,-0.08479999999999999
2014-04-14,6.1531,0.0036000000000004917,0.0005852421606413418,3.57,3.5753,3.57,-0.13100000000000023,0.005300000000000082
2014-04-15,6.1571,0.0039999999999995595,0.0006498676123500473,3.444,3.6454,3.444,-0.1259999999999999,0.20140000000000002
2014-04-16,6.1589,0.0018000000000002458,0.00029230269776171286,2.726,3.595,2.726,-0.718,0.8690000000000002
2014-04-17,6.1575,-0.00140000000000029,-0.0002273391585252293,2.721,3.3732,2.721,-0.004999999999999893,0.6522000000000001
2014-04-18,6.1586,0.001100000000000101,0.0001786279752397795,2.761,3.1706,2.761,0.040000000000000036,0.40959999999999974
2014-04-21,6.1591,0.0004999999999997229,8.11839873148351e-05,2.713,2.9963,2.713,-0.04800000000000004,0.2833000000000001
2014-04-22,6.161,0.0019000000000000128,0.0003084390573230137,3.029,2.8486,3.029,0.31599999999999984,-0.18040000000000012
2014-04-23,6.1599,-0.0010999999999992127,-0.00017855838500793,3.08,2.8194,3.08,0.051000000000000156,-0.26060000000000016
2014-04-24,6.1589,-0.001000000000000334,-0.00016235347634464391,3.521,2.9013,3.521,0.44099999999999984,-0.6196999999999999
2014-04-25,6.1576,-0.0012999999999996348,-0.00021109893311045203,3.503,3.0779,3.503,-0.017999999999999794,-0.42510000000000003
2014-04-28,6.1565,-0.001100000000000101,-0.00017865698718153117,4.025,3.2244,4.025,0.5220000000000002,-0.8006000000000002
2014-04-29,6.1556,-0.000900000000000567,-0.00014619764322962406,4.0738,3.4938,4.0738,0.048799999999999955,-0.5800000000000005
2014-04-30,6.158,0.002400000000000624,0.00038981289474921343,4.134,3.7058,4.134,0.06020000000000003,-0.42820000000000036
2014-05-04,6.158,0.0,0.0,3.683,3.8868,3.683,-0.4510000000000005,0.2038000000000002
2014-05-05,6.156,-0.002000000000000668,-0.0003248335256759712,3.14,3.8777,3.14,-0.5429999999999997,0.7376999999999998
2014-05-06,6.1565,0.0005000000000006111,8.121827415639719e-05,3.092,3.7522,3.092,-0.04800000000000004,0.6602000000000001
2014-05-07,6.1542,-0.0022999999999999687,-0.0003736586915058134,3.1125,3.5569,3.1125,0.02049999999999974,0.44440000000000035
2014-05-08,6.1557,0.0015000000000000568,0.00024370628639123476,3.204,3.367,3.204,0.09150000000000036,0.1629999999999998
2014-05-09,6.1581,0.0023999999999997357,0.0003898065634310976,3.194,3.2217,3.194,-0.010000000000000231,0.027699999999999836
2014-05-12,6.1625,0.004399999999999515,0.0007142509597026045,3.18,3.1501,3.18,-0.01399999999999979,-0.029900000000000038
2014-05-13,6.1636,0.001100000000000101,0.0001784830567526861,3.181,3.1536,3.181,0.0009999999999998899,-0.02740000000000009
2014-05-14,6.1653,0.001700000000000479,0.00027577480728607654,3.236,3.1668,3.236,0.05500000000000016,-0.06920000000000037
2014-05-15,6.164,-0.001300000000000523,-0.00021087977497800424,3.1355,3.1864,3.1355,-0.10050000000000026,0.050899999999999945
2014-05-16,6.1628,-0.0011999999999998678,-0.00019469773238648587,3.129,3.1695,3.129,-0.00649999999999995,0.0405000000000002
2014-05-19,6.1636,0.0007999999999999119,0.0001298027000783739,3.1,3.1526,3.1,-0.028999999999999915,0.05259999999999998
2014-05-20,6.1626,-0.0009999999999994458,-0.00016225600788460025,3.361,3.1369,3.361,0.2610000000000001,-0.2241000000000004
2014-05-21,6.1645,0.0019000000000000128,0.00030826390879373354,3.353,3.1864,3.353,-0.008000000000000007,-0.1666000000000003
2014-05-22,6.1658,0.0012999999999996348,0.00021086267241136728,3.419,3.2315,3.419,0.06599999999999984,-0.1875
2014-05-23,6.1681,0.0022999999999999687,0.00037295584148720247,3.405,3.2924,3.405,-0.014000000000000234,-0.11259999999999959
2014-05-26,6.1699,0.0018000000000002458,0.00029178149015564894,3.195,3.3412,3.195,-0.20999999999999996,0.14620000000000033
2014-05-27,6.1687,-0.0011999999999998678,-0.00019451153352620463,3.247,3.3433,3.247,0.052000000000000046,0.09630000000000027
2014-05-28,6.1694,0.000700000000000145,0.00011346965914541202,3.2,3.3069,3.2,-0.04699999999999971,0.1069
2014-05-29,6.1705,0.0010999999999992127,0.00017828345495709465,3.215,3.2714,3.215,0.01499999999999968,0.056400000000000006
2014-05-30,6.1695,-0.0009999999999994458,-0.00016207455464970868,3.23,3.2434,3.23,0.015000000000000124,0.013399999999999856
2014-06-03,6.171,0.0015000000000000568,0.0002431019824784168,3.18,3.2231,3.18,-0.04999999999999982,0.043099999999999916
2014-06-04,6.1693,-0.001700000000000479,-0.0002755200458262334,3.152,3.2193,3.152,-0.028000000000000025,0.06729999999999992
2014-06-05,6.1708,0.0015000000000000568,0.00024310986254378323,3.07,3.205,3.07,-0.0820000000000003,0.13500000000000023
2014-06-06,6.1623,-0.00849999999999973,-0.001378404674547809,3.15,3.1715,3.15,0.08000000000000007,0.021500000000000075
2014-06-09,6.1485,-0.013799999999999812,-0.0022419348507346643,3.13,3.1582,3.13,-0.020000000000000018,0.028200000000000003
2014-06-10,6.1451,-0.0034000000000000696,-0.000553133351774555,3.13,3.1403,3.13,0.0,0.010299999999999976
2014-06-11,6.1506,0.005499999999999616,0.0008946217566834717,3.15,3.1308,3.15,0.020000000000000018,-0.019200000000000106
2014-06-12,6.1516,0.001000000000000334,0.00016257254835774497,3.154,3.1327,3.154,0.0040000000000000036,-0.021300000000000097
2014-06-13,6.1503,-0.001300000000000523,-0.00021134946712945708,3.04,3.1495,3.04,-0.11399999999999988,0.10950000000000015
2014-06-16,6.1537,0.0034000000000000696,0.0005526658138069974,3.006,3.1234,3.006,-0.03400000000000025,0.11740000000000039
2014-06-17,6.1529,-0.0007999999999999119,-0.00013001153870711784,3.031,3.0966,3.031,0.025000000000000355,0.06559999999999988
2014-06-18,6.1559,0.0030000000000001137,0.00048745613860066403,3.074,3.0869,3.074,0.042999999999999705,0.012900000000000134
2014-06-19,6.1531,-0.0027999999999996916,-0.0004549516692331632,3.093,3.0792,3.093,0.019000000000000128,-0.013799999999999812
2014-06-20,6.1524,-0.000700000000000145,-0.00011377026545130096,3.402,3.0902,3.402,0.30900000000000016,-0.3118000000000003
2014-06-23,6.1557,0.0033000000000003027,0.0005362322501564376,3.448,3.1937,3.448,0.04599999999999982,-0.25429999999999975
2014-06-24,6.1545,-0.001200000000000756,-0.00019496027746127026,3.483,3.2865,3.483,0.03500000000000014,-0.1964999999999999
2014-06-25,6.1555,0.001000000000000334,0.0001624695373191495,3.464,3.3728,3.464,-0.019000000000000128,-0.09120000000000017
2014-06-26,6.1538,-0.0016999999999995907,-0.00027621392131277995,3.552,3.4678,3.552,0.08800000000000008,-0.08420000000000005
2014-06-27,6.1543,0.0004999999999997229,8.124730872749167e-05,3.781,3.5548,3.781,0.2290000000000001,-0.22619999999999996
2014-06-30,6.1528,-0.0015000000000000568,-0.00024376173224028715,3.867,3.6375,3.867,0.08599999999999985,-0.22949999999999982
2014-07-01,6.1523,-0.0004999999999997229,-8.126711693121638e-05,4.421,3.7505,4.421,0.5540000000000003,-0.6705000000000001
2014-07-02,6.1549,0.0025999999999992696,0.0004225169069615119,3.927,3.9558,3.927,-0.4940000000000002,0.028799999999999937
2014-07-03,6.1581,0.0032000000000005357,0.0005197758583685056,3.393,3.9978,3.393,-0.5340000000000003,0.6048
2014-07-04,6.1642,0.006099999999999994,0.0009900749857239218,3.42,3.9073,3.42,0.027000000000000135,0.4873000000000003
2014-07-07,6.1658,0.0015999999999998238,0.0002595296040519373,3.421,3.797,3.421,0.0009999999999998899,0.37600000000000033
2014-07-08,6.1626,-0.0031999999999996476,-0.0005191265812050693,3.52,3.6876,3.52,0.0990000000000002,0.1676000000000002
2014-07-09,6.1565,-0.006099999999999994,-0.0009903321668874436,3.736,3.5444,3.736,0.2160000000000002,-0.19160000000000021
2014-07-10,6.1443,-0.012199999999999989,-0.0019836114724721275,3.711,3.545,3.711,-0.025000000000000355,-0.16599999999999993
2014-07-11,6.1469,0.0025999999999992696,0.000423066915969052,3.723,3.6213,3.723,0.01200000000000001,-0.10169999999999968
2014-07-14,6.1485,0.001600000000000712,0.00026025993607879894,3.7035,3.6856,3.7035,-0.01949999999999985,-0.017900000000000027
2014-07-15,6.149,0.0004999999999997229,8.131734096766372e-05,3.646,3.7391,3.646,-0.05750000000000011,0.09310000000000018
2014-07-16,6.1535,0.0045000000000001705,0.0007315586589216458,3.65,3.757,3.65,0.0040000000000000036,0.1070000000000002
2014-07-17,6.1564,0.0028999999999994586,0.00047116549340754004,3.641,3.7423,3.641,-0.008999999999999897,0.10130000000000017
2014-07-18,6.1568,0.00039999999999995595,6.497092553361559e-05,3.651,3.7281,3.651,0.009999999999999787,0.07710000000000017
2014-07-21,6.1547,-0.0020999999999995467,-0.0003411444617416134,3.694,3.7291,3.694,0.04300000000000015,0.03509999999999991
2014-07-22,6.1544,-0.000300000000000189,-4.874442486604506e-05,3.848,3.751,3.848,0.15399999999999991,-0.09699999999999998
2014-07-23,6.1572,0.0027999999999996916,0.0004548555911944323,4.202,3.8191,4.202,0.3540000000000001,-0.3828999999999998
2014-07-24,6.1579,0.000700000000000145,0.00011368157802286415,4.101,3.9539,4.101,-0.10099999999999998,-0.1471
2014-07-25,6.1597,0.0018000000000002458,0.00029226472897531184,4.081,4.0394,4.081,-0.019999999999999574,-0.04160000000000075
2014-07-28,6.1622,0.002500000000000391,0.00040578158146144884,4.013,4.0999,4.013,-0.0680000000000005,0.08689999999999998
2014-07-29,6.1615,-0.000700000000000145,-0.0001136022462008935,3.907,4.1207,3.907,-0.10599999999999987,0.21370000000000022
2014-07-30,6.1645,0.0030000000000001137,0.0004867759304296718,3.914,4.1051,3.914,0.007000000000000117,0.19110000000000005
2014-07-31,6.1675,0.0030000000000001137,0.0004865390949043152,3.98,4.0425,3.98,0.06599999999999984,0.06250000000000044
2014-08-01,6.1681,0.0005999999999994898,9.72794189941303e-05,3.907,4.0203,3.907,-0.07299999999999995,0.11329999999999973
2014-08-04,6.1661,-0.0019999999999997797,-0.00032430153840997094,3.842,3.9763,3.842,-0.06499999999999995,0.13430000000000009
2014-08-05,6.1655,-0.000600000000000378,-9.731097351097321e-05,3.738,3.9274,3.738,-0.10400000000000009,0.1894
2014-08-06,6.1681,0.0026000000000001577,0.00042161251192096425,3.559,3.8542,3.559,-0.17899999999999983,0.2951999999999999
2014-08-07,6.167,-0.001100000000000101,-0.00017835283101332966,3.511,3.7665,3.511,-0.04800000000000004,0.25550000000000006
2014-08-08,6.1562,-0.010799999999999699,-0.001752791931487142,3.457,3.6647,3.457,-0.05400000000000027,0.2077
2014-08-11,6.1522,-0.004000000000000448,-0.0006499626500304515,3.42,3.5842,3.42,-0.03699999999999992,0.16420000000000012
2014-08-12,6.1517,-0.0004999999999997229,-8.127504291728192e-05,3.39,3.5133,3.39,-0.029999999999999805,0.12329999999999997
2014-08-13,6.1533,0.0015999999999998238,0.00026005688890972674,3.36,3.461,3.36,-0.03000000000000025,0.10099999999999998
2014-08-14,6.1545,0.0011999999999998678,0.000194998294382792,3.353,3.4311,3.353,-0.006999999999999673,0.07809999999999961
2014-08-15,6.1538,-0.0006999999999992568,-0.0001137443839935977,3.346,3.4048,3.346,-0.007000000000000117,0.05879999999999974
2014-08-18,6.1528,-0.001000000000000334,-0.0001625144235127532,3.276,3.3922,3.276,-0.07000000000000028,0.11620000000000008
2014-08-19,6.1548,0.0019999999999997797,0.0003250024403790062,3.237,3.3523,3.237,-0.0389999999999997,0.11529999999999996
2014-08-20,6.158,0.0032000000000005357,0.0005197843012227308,3.246,3.3315,3.246,0.008999999999999897,0.08550000000000013
2014-08-21,6.1632,0.005199999999999427,0.000844073679306058,3.312,3.3428,3.312,0.06599999999999984,0.03080000000000016
2014-08-22,6.1617,-0.0015000000000000568,-0.00024340968403897492,3.369,3.3646,3.369,0.057000000000000384,-0.004400000000000404
2014-08-25,6.1653,0.0036000000000004917,0.000584083735271624,3.363,3.3673,3.363,-0.006000000000000227,0.0043000000000001926
2014-08-26,6.1663,0.0009999999999994458,0.00016218495607901503,3.318,3.3822,3.318,-0.04499999999999993,0.06420000000000003
2014-08-27,6.1658,-0.0004999999999997229,-8.108919004447126e-05,3.349,3.3886,3.349,0.03100000000000014,0.039599999999999635
2014-08-28,6.1638,-0.0019999999999997797,-0.00032442253074579854,3.538,3.4326,3.538,0.1889999999999996,-0.10539999999999994
2014-08-29,6.1647,0.0008999999999996788,0.0001460031636612579,3.672,3.5003,3.672,0.13400000000000034,-0.17169999999999996
2014-09-01,6.168,0.0033000000000003027,0.0005351626292313255,3.584,3.5579,3.584,-0.08800000000000008,-0.026100000000000012
2014-09-02,6.1684,0.00039999999999995595,6.48487403359452e-05,3.51,3.5867,3.51,-0.07400000000000029,0.07670000000000021
2014-09-03,6.1697,0.0012999999999996348,0.00021072936753802846,3.391,3.5966,3.391,-0.11899999999999977,0.2056
2014-09-04,6.1666,-0.0030999999999998806,-0.0005025818219809873,3.275,3.5475,3.275,-0.1160000000000001,0.27249999999999996
2014-09-05,6.1707,0.004100000000000215,0.0006646511231688942,3.188,3.4583,3.188,-0.08699999999999974,0.27029999999999976
2014-09-09,6.152,-0.01869999999999994,-0.0030350514667473625,3.152,3.3632,3.152,-0.03600000000000003,0.21119999999999983
2014-09-10,6.1425,-0.009500000000000064,-0.0015454067901457724,3.161,3.2848,3.161,0.008999999999999897,0.12380000000000013
2014-09-11,6.1453,0.0027999999999996916,0.0004557365921420786,3.203,3.2408,3.203,0.041999999999999815,0.03780000000000028
2014-09-12,6.1468,0.0015000000000000568,0.00024405919370103427,3.235,3.2282,3.235,0.03200000000000003,-0.006799999999999695
2014-09-15,6.1452,-0.0015999999999998238,-0.00026033192467228295,3.244,3.2294,3.244,0.009000000000000341,-0.014600000000000168
2014-09-16,6.1462,0.001000000000000334,0.0001627153948625491,3.25,3.2459,3.25,0.005999999999999783,-0.004100000000000215
2014-09-17,6.145,-0.001200000000000756,-0.00019526165123238734,3.287,3.2788,3.287,0.03699999999999992,-0.008199999999999985
2014-09-18,6.149,0.004000000000000448,0.0006507239533345349,3.3,3.3106,3.3,0.0129999999999999,0.010600000000000165
2014-09-19,6.1455,-0.0034999999999998366,-0.000569360298434184,3.3,3.3315,3.3,0.0,0.031500000000000306
2014-09-22,6.1485,0.0030000000000001137,0.00048804295746648305,3.198,3.3424,3.198,-0.10199999999999987,0.14440000000000008
2014-09-23,6.147,-0.0015000000000000568,-0.0002439917054925371,3.111,3.3236,3.111,-0.08699999999999974,0.21259999999999968
2014-09-24,6.1462,-0.0007999999999999119,-0.00013015325564206336,3.142,3.2781,3.142,0.030999999999999694,0.1360999999999999
2014-09-25,6.1497,0.0034999999999998366,0.000569295471584573,3.255,3.2773,3.255,0.11299999999999999,0.022299999999999986
2014-09-26,6.1508,0.001100000000000101,0.00017885451858587568,3.301,3.2971,3.301,0.04600000000000026,-0.0039000000000002366
2014-09-28,6.1508,0.0,0.0,3.073,3.2926,3.073,-0.2280000000000002,0.21960000000000024
2014-09-29,6.1539,0.0030999999999998806,0.0005038725146630863,2.905,3.2373,2.905,-0.16800000000000015,0.33230000000000004
2014-09-30,6.1525,-0.00140000000000029,-0.0002275238909900339,2.874,3.1688,2.874,-0.030999999999999694,0.29479999999999995
2014-10-08,6.1493,-0.0031999999999996476,-0.0005202490809760751,2.903,3.0825,2.903,0.028999999999999915,0.1795
2014-10-09,6.1461,-0.0032000000000005357,-0.0005205198809719862,2.986,3.011,2.986,0.08300000000000018,0.02499999999999991
2014-10-10,6.147,0.000900000000000567,0.00014642360374658746,2.99,2.9676,2.99,0.0040000000000000036,-0.022400000000000198
2014-10-11,6.147,0.0,0.0,2.999,2.9845,2.999,0.008999999999999897,-0.014499999999999957
2014-10-13,6.1446,-0.002400000000000624,-0.00039051059756260395,3.004,3.0027,3.004,0.004999999999999893,-0.0013000000000000789
2014-10-14,6.1408,-0.0038000000000000256,-0.0006186204960661679,3.005,3.0294,3.005,0.0009999999999998899,0.024399999999999977
2014-10-15,6.1455,0.004700000000000593,0.0007650798416547384,2.98,3.0456,2.98,-0.02499999999999991,0.06559999999999988
2014-10-16,6.1395,-0.006000000000000227,-0.0009768010544680703,2.969,3.0538,2.969,-0.01100000000000012,0.08479999999999999
2014-10-17,6.1407,0.0011999999999998678,0.0001954365570298854,2.95,3.0449,2.95,-0.018999999999999684,0.09489999999999998
2014-10-20,6.1435,0.00280000000000058,0.0004558701500287775,2.936,3.0395,2.936,-0.014000000000000234,0.10349999999999993
2014-10-21,6.141,-0.002500000000000391,-0.00040701697822675834,2.921,3.0206,2.921,-0.015000000000000124,0.09960000000000013
2014-10-22,6.1437,0.0026999999999999247,0.0004395711809771474,2.932,2.9959,2.932,0.01100000000000012,0.06389999999999985
2014-10-23,6.1459,0.002200000000000202,0.000358026302483536,2.945,2.9836,2.945,0.0129999999999999,0.03860000000000019
2014-10-24,6.1467,0.0007999999999999119,0.000130159608403341,3.025,2.9957,3.025,0.08000000000000007,-0.029300000000000104
2014-10-27,6.1446,-0.002100000000000435,-0.00034170511181634235,3.0522,3.0121,3.0522,0.027200000000000113,-0.0400999999999998
2014-10-28,6.1421,-0.0024999999999995026,-0.00040694409963618625,3.059,3.0366,3.059,0.006800000000000139,-0.022400000000000198
2014-10-29,6.1405,-0.0015999999999998238,-0.0002605311593717653,3.14,3.0785,3.14,0.08099999999999996,-0.06150000000000011
2014-10-30,6.1457,0.005199999999999427,0.0008464782130347858,3.1915,3.1302,3.1915,0.05149999999999988,-0.06130000000000013
2014-10-31,6.1461,0.00039999999999995595,6.508403978925256e-05,3.2,3.1767,3.2,0.008500000000000174,-0.02330000000000032
2014-11-03,6.1525,0.006400000000000183,0.0010407689619480718,3.186,3.2113,3.186,-0.014000000000000234,0.0253000000000001
2014-11-04,6.1543,0.0018000000000002458,0.0002925212098734361,3.198,3.2407,3.198,0.01200000000000001,0.04269999999999996
2014-11-05,6.1503,-0.004000000000000448,-0.0006501633764453665,3.171,3.2489,3.171,-0.027000000000000135,0.07790000000000008
2014-11-06,6.1565,0.0062000000000006494,0.0010075731342872297,3.118,3.2313,3.118,-0.052999999999999936,0.11330000000000018
2014-11-07,6.1602,0.0036999999999993705,0.0006008103000477895,3.101,3.2047,3.101,-0.016999999999999904,0.1036999999999999
2014-11-10,6.1377,-0.022499999999999964,-0.0036591654030836414,3.099,3.1914,3.099,-0.0019999999999997797,0.0923999999999996
2014-11-11,6.1413,0.0036000000000004917,0.0005863669847948598,3.074,3.1703,3.074,-0.025000000000000355,0.09630000000000027
2014-11-12,6.1428,0.0015000000000000568,0.0002442181368526135,3.0693,3.1508,3.0693,-0.004699999999999704,0.08149999999999968
2014-11-13,6.1418,-0.001000000000000334,-0.00016280546411103752,3.073,3.1431,3.073,0.0036999999999998145,0.07010000000000005
2014-11-14,6.1399,-0.0019000000000000128,-0.0003094034238187951,3.078,3.1411,3.078,0.004999999999999893,0.06309999999999993
2014-11-17,6.1409,0.001000000000000334,0.00016285584037044662,3.079,3.1307,3.079,0.001000000000000334,0.05169999999999986
2014-11-18,6.143,0.0020999999999995467,0.0003419109599488677,3.07,3.121,3.07,-0.009000000000000341,0.051000000000000156
2014-11-19,6.1397,-0.0032999999999994145,-0.0005373411512781286,3.074,3.1135,3.074,0.0040000000000000036,0.03950000000000031
2014-11-20,6.1417,0.0019999999999997797,0.00032569577046263757,3.117,3.1338,3.117,0.04300000000000015,0.016799999999999926
2014-11-21,6.1387,-0.0030000000000001137,-0.0004885834434837154,3.218,3.1687,3.218,0.10099999999999998,-0.04930000000000012
2014-11-24,6.142,0.0033000000000003027,0.000537428661139653,3.223,3.2938,3.223,0.004999999999999893,0.0708000000000002
2014-11-25,6.139,-0.0030000000000001137,-0.000488559573271347,3.276,3.3729,3.276,0.052999999999999936,0.09690000000000021
2014-11-26,6.1354,-0.0036000000000004917,-0.000586586733889388,3.274,3.4104,3.274,-0.0019999999999997797,0.13640000000000008
2014-11-27,6.132,-0.0034000000000000696,-0.0005543147019023782,3.29,3.4178,3.29,0.016000000000000014,0.12780000000000014
2014-11-28,6.1345,0.002500000000000391,0.0004076142395328471,3.322,3.4322,3.322,0.03200000000000003,0.11019999999999985
2014-12-01,6.1369,0.0023999999999997357,0.000391153418615676,3.354,3.4116,3.354,0.03200000000000003,0.057599999999999874
2014-12-02,6.1325,-0.004399999999999515,-0.0007172315172088106,3.389,3.3949,3.389,0.0349999999999997,0.005900000000000016
2014-12-03,6.1376,0.00509999999999966,0.0008312891164199807,3.413,3.4071,3.413,0.02400000000000002,-0.005900000000000016
2014-12-04,6.1411,0.0034999999999998366,0.0005700929405869854,3.402,3.4308,3.402,-0.010999999999999677,0.028799999999999937
2014-12-05,6.1373,-0.0038000000000000256,-0.0006189731758736844,3.39,3.4427,3.39,-0.01200000000000001,0.05269999999999975
2014-12-08,6.1282,-0.009100000000000108,-0.001483837050210362,3.42,3.432,3.42,0.029999999999999805,0.01200000000000001
2014-12-09,6.1231,-0.00509999999999966,-0.0008325647555107202,3.43,3.4487,3.43,0.010000000000000231,0.01869999999999994
2014-12-10,6.1195,-0.0035999999999996035,-0.0005881103856634753,3.456,3.4825,3.456,0.0259999999999998,0.026499999999999968
2014-12-11,6.1153,-0.0041999999999999815,-0.0006865662152190024,3.506,3.5266,3.506,0.04999999999999982,0.020600000000000396
2014-12-12,6.1184,0.0030999999999998806,0.0005067968098533233,3.587,3.6051,3.587,0.0810000000000004,0.018100000000000005
2014-12-15,6.1152,-0.0032000000000005357,-0.0005231493710736631,3.605,3.6661,3.605,0.017999999999999794,0.061100000000000154
2014-12-16,6.1182,0.0030000000000001137,0.0004904605522812071,3.636,3.6975,3.636,0.03100000000000014,0.061499999999999666
2014-12-17,6.1137,-0.0045000000000001705,-0.0007357810647594323,3.692,3.6951,3.692,0.05600000000000005,0.0030999999999998806
2014-12-18,6.1195,0.0058000000000006935,0.0009482392889176152,4.025,3.7843,4.025,0.3330000000000002,-0.24070000000000036
2014-12-19,6.1205,0.0009999999999994458,0.00016339869317388554,5.367,4.2243,5.367,1.3419999999999996,-1.1426999999999996
2014-12-22,6.122,0.0015000000000000568,0.00024504798979071426,5.782,4.746,5.782,0.41500000000000004,-1.0359999999999996
2014-12-23,6.123,0.001000000000000334,0.00016333197259670617,5.653,5.3022,5.653,-0.12900000000000045,-0.35079999999999956
2014-12-24,6.1247,0.0016999999999995907,0.0002776031435969922,5.185,5.6089,5.185,-0.46799999999999997,0.4239000000000006
2014-12-25,6.1213,-0.0034000000000000696,-0.0005552833720991104,5.005,5.7047,5.005,-0.17999999999999972,0.6997
2014-12-26,6.1186,-0.0026999999999999247,-0.0004411800821565817,4.815,5.5241,4.815,-0.1899999999999995,0.7090999999999994
2014-12-29,6.1205,0.0019000000000000128,0.00031048034827130505,4.714,5.2502,4.714,-0.10099999999999998,0.5362
2014-12-30,6.1224,0.0019000000000000128,0.00031038398014417086,4.639,4.9432,4.639,-0.07500000000000018,0.3041999999999998
2014-12-31,6.119,-0.0034000000000000696,-0.0005554920331708243,4.639,4.8057,4.639,0.0,0.16669999999999963
2015-01-04,6.119,0.0,0.0,4.883,4.834,4.883,0.24399999999999977,-0.04900000000000038
2015-01-05,6.1248,0.005799999999999805,0.000947418356039811,4.725,4.8253,4.725,-0.15800000000000036,0.10030000000000072
2015-01-06,6.1256,0.0008000000000008001,0.00013060798033346917,4.241,4.7362,4.241,-0.484,0.49520000000000053
2015-01-07,6.1269,0.0012999999999996348,0.00021220159230809138,3.873,4.5665,3.873,-0.36799999999999944,0.6934999999999993
2015-01-08,6.1302,0.0033000000000003027,0.0005384634342112066,3.745,4.3682,3.745,-0.1280000000000001,0.6231999999999998
2015-01-09,6.1296,-0.000600000000000378,-9.788087904852498e-05,3.738,4.1122,3.738,-0.007000000000000117,0.37419999999999964
2015-01-12,6.1233,-0.006299999999999528,-0.0010283280782778898,3.762,3.9263,3.762,0.02400000000000002,0.1642999999999999
2015-01-13,6.1195,-0.0038000000000000256,-0.0006207730457134541,3.73,3.8363,3.73,-0.03200000000000003,0.10630000000000006
2015-01-14,6.1205,0.0009999999999994458,0.00016339869317388554,3.837,3.817,3.837,0.1070000000000002,-0.020000000000000018
2015-01-15,6.1193,-0.0011999999999998678,-0.00019608163594901832,3.843,3.8201,3.843,0.005999999999999783,-0.02289999999999992
2015-01-16,6.1188,-0.0004999999999997229,-8.171203050764907e-05,3.848,3.8425,3.848,0.004999999999999893,-0.00550000000000006
2015-01-19,6.123,0.0041999999999999815,0.0006861736288441643,3.831,3.8608,3.831,-0.016999999999999904,0.029799999999999827
2015-01-20,6.1226,-0.00039999999999995595,-6.53295877935023e-05,3.782,3.8391,3.782,-0.04899999999999993,0.05710000000000015
2015-01-21,6.1268,0.0041999999999999815,0.0006857479002378945,3.823,3.8434,3.823,0.040999999999999925,0.020399999999999974
2015-01-22,6.1247,-0.002100000000000435,-0.0003428151688474287,3.875,3.9123,3.875,0.052000000000000046,0.03730000000000011
2015-01-23,6.1342,0.009500000000000064,0.001549894672722893,4.028,3.9853,4.028,0.15299999999999958,-0.042699999999999516
2015-01-26,6.1384,0.0041999999999999815,0.0006844515691810815,3.92,3.9898,3.92,-0.10799999999999965,0.06979999999999986
2015-01-27,6.1364,-0.0019999999999997797,-0.0003258708928371,3.89,4.0074,3.89,-0.029999999999999805,0.1173999999999995
2015-01-28,6.1282,-0.00820000000000043,-0.0013371820070509116,3.898,4.0041,3.898,0.008000000000000007,0.10610000000000008
2015-01-29,6.1335,0.005300000000000082,0.0008644805092391931,3.929,3.9804,3.929,0.030999999999999694,0.05140000000000011
2015-01-30,6.137,0.0034999999999998366,0.0005704739162902563,4.026,3.9954,4.026,0.09699999999999998,-0.03059999999999974
2015-02-02,6.1385,0.0015000000000000568,0.00024438923179759806,4.257,4.0877,4.257,0.23099999999999987,-0.16929999999999978
2015-02-03,6.1369,-0.0015999999999998238,-0.0002606839710414012,4.3933,4.215,4.3933,0.1363000000000003,-0.17830000000000013
2015-02-04,6.1318,-0.00509999999999966,-0.000831383976095209,4.427,4.3482,4.427,0.03369999999999962,-0.07879999999999932
2015-02-05,6.1366,0.004799999999999471,0.0007824981651920021,4.412,4.461,4.412,-0.01499999999999968,0.04900000000000038
2015-02-06,6.1261,-0.01049999999999951,-0.001712510713970926,4.359,4.5017,4.359,-0.052999999999999936,0.1426999999999996
2015-02-09,6.1311,0.004999999999999893,0.0008158470576210605,4.335,4.5026,4.335,-0.02400000000000002,0.1676000000000002
2015-02-10,6.1295,-0.0015999999999998238,-0.00026099864755105084,4.321,4.4771,4.321,-0.014000000000000234,0.15610000000000035
2015-02-11,6.1315,0.0019999999999997797,0.000326237667031673,4.42,4.4455,4.42,0.0990000000000002,0.025500000000000078
2015-02-12,6.1333,0.0018000000000002458,0.0002935229295093199,4.602,4.4521,4.602,0.18200000000000038,-0.1499000000000006
2015-02-13,6.1288,-0.0045000000000001705,-0.0007339689289789543,4.663,4.503,4.663,0.06099999999999994,-0.16000000000000014
2015-02-15,6.1288,0.0,0.0,4.72,4.5695,4.72,0.056999999999999496,-0.15050000000000008
2015-02-16,6.1273,-0.0015000000000000568,-0.00024477607191353886,4.7,4.6292,4.7,-0.019999999999999574,-0.0708000000000002
2015-02-17,6.133,0.005700000000000038,0.0009298304952859595,4.749,4.7303,4.749,0.04899999999999949,-0.01869999999999994
2015-02-25,6.1384,0.005399999999999849,0.000880095237471735,4.768,4.7781,4.768,0.019000000000000128,0.010100000000000442
2015-02-26,6.1379,-0.0004999999999997229,-8.145776826501584e-05,4.717,4.7939,4.717,-0.051000000000000156,0.07690000000000019
2015-02-27,6.1475,0.009599999999999831,0.0015628309951571282,4.715,4.7904,4.715,-0.0019999999999997797,0.07540000000000013
2015-02-28,6.1475,0.0,0.0,4.772,4.8415,4.772,0.057000000000000384,0.06949999999999967
2015-03-02,6.1513,0.0038000000000000256,0.0006179464859859662,4.748,4.83,4.748,-0.02400000000000002,0.08199999999999985
2015-03-03,6.1543,0.0030000000000001137,0.0004875828987509257,4.747,4.8273,4.747,-0.001000000000000334,0.08030000000000026
2015-03-04,6.1525,-0.0018000000000002458,-0.0002925212098734468,4.717,4.832,4.717,-0.03000000000000025,0.11500000000000021
2015-03-05,6.1528,0.000300000000000189,4.8759477633046834e-05,4.729,4.8254,4.729,0.012000000000000455,0.09640000000000004
2015-03-06,6.1533,0.0004999999999997229,8.126051312347983e-05,4.739,4.798,4.739,0.009999999999999787,0.05900000000000016
2015-03-09,6.1563,0.0030000000000001137,0.00048742445886060086,4.773,4.8039,4.773,0.03399999999999981,0.030899999999999928
2015-03-10,6.1572,0.0008999999999996788,0.00014618102109112673,4.763,4.8128,4.763,-0.009999999999999787,0.04980000000000029
2015-03-11,6.1597,0.002500000000000391,0.00040594630699811114,4.773,4.8149,4.773,0.009999999999999787,0.04190000000000005
2015-03-12,6.1617,0.0019999999999997797,0.00032463843679533393,4.7511,4.8115,4.7511,-0.021899999999999586,0.060399999999999565
2015-03-13,6.1588,-0.0028999999999994586,-0.0004707601239489809,4.738,4.8039,4.738,-0.013099999999999667,0.06589999999999918
2015-03-16,6.1615,0.0026999999999999247,0.00043830102241415494,4.708,4.7778,4.708,-0.03000000000000025,0.06979999999999986
2015-03-17,6.1585,-0.0030000000000001137,-0.0004870129966389254,4.62,4.7389,4.62,-0.08800000000000008,0.1189
2015-03-18,6.1556,-0.0029000000000003467,-0.0004710047918423166,4.602,4.703,4.602,-0.017999999999999794,0.10099999999999998
2015-03-19,6.146,-0.009599999999999831,-0.0015607728992666527,4.496,4.6684,4.496,-0.10599999999999987,0.17239999999999966
2015-03-20,6.1496,0.0036000000000004917,0.0005855753444923814,4.331,4.5924,4.331,-0.16500000000000004,0.2613999999999992
2015-03-23,6.1448,-0.0048000000000003595,-0.0007808433504500534,4.143,4.4846,4.143,-0.1880000000000006,0.34160000000000057
2015-03-24,6.1398,-0.004999999999999893,-0.0008140273637074125,4.033,4.359,4.033,-0.10999999999999943,0.3259999999999996
2015-03-25,6.141,0.0011999999999998678,0.00019542700863443515,3.955,4.2283,3.955,-0.07800000000000029,0.2732999999999999
2015-03-26,6.1375,-0.0034999999999998366,-0.0005701022266231696,3.897,4.102,3.897,-0.058000000000000274,0.20500000000000052
2015-03-27,6.1397,0.002200000000000202,0.00035838790987328565,3.893,4.0276,3.893,-0.0040000000000000036,0.13459999999999983
2015-03-30,6.1402,0.0004999999999997229,8.143388794301322e-05,3.919,4.0123,3.919,0.026000000000000245,0.09329999999999972
2015-03-31,6.1422,0.0019999999999997797,0.00032566925318767916,3.886,4.0181,3.886,-0.03299999999999992,0.13209999999999944
2015-04-01,6.1434,0.0011999999999998678,0.00019535065504590316,3.754,4.0124,3.754,-0.13200000000000012,0.2584000000000004
2015-04-02,6.1396,-0.0038000000000000256,-0.000618741369573067,3.635,3.9688,3.635,-0.11900000000000022,0.3338000000000001
2015-04-03,6.1348,-0.004799999999999471,-0.0007821156626281896,3.506,3.8792,3.506,-0.129,0.3732000000000002
2015-04-07,6.1305,-0.004300000000000637,-0.0007011651041832238,3.319,3.7408,3.319,-0.18699999999999983,0.4218000000000002
2015-04-08,6.1345,0.004000000000000448,0.000652262558795803,3.163,3.5767,3.163,-0.15600000000000014,0.4137000000000004
2015-04-09,6.1338,-0.000700000000000145,-0.00011411524021418805,3.073,3.408,3.073,-0.08999999999999986,0.33499999999999996
2015-04-10,6.137,0.0031999999999996476,0.000521563398073652,2.97,3.2768,2.97,-0.10299999999999976,0.30679999999999996
2015-04-13,6.1395,0.002500000000000391,0.00040728221147051695,2.949,3.1683,2.949,-0.02100000000000035,0.21930000000000005
2015-04-14,6.1407,0.0011999999999998678,0.0001954365570298854,2.92,3.0854,2.92,-0.028999999999999915,0.1654
2015-04-15,6.134,-0.006699999999999484,-0.0010916764834003891,2.88,3.0373,2.88,-0.040000000000000036,0.15730000000000022
2015-04-16,6.1305,-0.0035000000000007248,-0.0005707530017552842,2.884,3.0146,2.884,0.0040000000000000036,0.13060000000000027
2015-04-17,6.1267,-0.0038000000000000256,-0.000620043749264755,2.873,2.996,2.873,-0.010999999999999677,0.12299999999999978
2015-04-19,6.1267,0.0,0.0,2.873,2.996,2.873,0.0,0.12299999999999978
2015-04-20,6.1255,-0.0011999999999998678,-0.0001958831889516545,2.732,2.9732,2.732,-0.14100000000000001,0.24119999999999964
2015-04-21,6.128,0.002500000000000391,0.0004080466862019881,2.62,2.9254,2.62,-0.1120000000000001,0.30539999999999967
2015-04-22,6.129,0.0009999999999994458,0.00016317206530439053,2.567,2.8456,2.567,-0.052999999999999936,0.27859999999999996
2015-04-23,6.1281,-0.0008999999999996788,-0.00014685366059138307,2.527,2.755,2.527,-0.040000000000000036,0.22799999999999976
2015-04-24,6.1241,-0.0039999999999995595,-0.0006529439842822818,2.488,2.6695,2.488,-0.039000000000000146,0.18150000000000022
2015-04-27,6.122,-0.002100000000000435,-0.0003429663355002857,2.451,2.5855,2.451,-0.03699999999999992,0.13450000000000006
2015-04-28,6.1209,-0.001100000000000101,-0.0001796959875454928,2.438,2.5297,2.438,-0.0129999999999999,0.09169999999999989
2015-04-29,6.1169,-0.0039999999999995595,-0.0006537122918247066,2.439,2.5028,2.439,0.0009999999999998899,0.06380000000000008
2015-04-30,6.1137,-0.0032000000000005357,-0.0005232776925121154,2.43,2.4925,2.43,-0.008999999999999897,0.0625
2015-05-04,6.1165,0.00280000000000058,0.00045788295349542476,2.39,2.468,2.39,-0.040000000000000036,0.07799999999999985
2015-05-05,6.118,0.0015000000000000568,0.00024520822387770843,2.368,2.4614,2.368,-0.02200000000000024,0.09339999999999993
2015-05-06,6.1156,-0.002400000000000624,-0.00039236202439025023,2.369,2.4613,2.369,0.001000000000000334,0.09229999999999983
2015-05-07,6.1113,-0.0042999999999997485,-0.0007033671948370445,2.355,2.448,2.355,-0.014000000000000234,0.09299999999999997
2015-05-08,6.1147,0.0034000000000000696,0.000556191736896639,2.334,2.4292,2.334,-0.020999999999999908,0.09519999999999973
2015-05-11,6.1132,-0.0015000000000000568,-0.00024534057483689085,2.245,2.408,2.245,-0.08899999999999997,0.1629999999999998
2015-05-12,6.1155,0.0022999999999999687,0.0003761642737363843,2.197,2.366,2.197,-0.04800000000000004,0.16900000000000004
2015-05-13,6.1123,-0.0031999999999996476,-0.0005233975159965721,2.149,2.3071,2.149,-0.04800000000000004,0.15810000000000013
2015-05-14,6.1093,-0.0030000000000001137,-0.0004909340937773089,2.056,2.2393,2.056,-0.09299999999999997,0.18330000000000002
2015-05-15,6.1085,-0.0007999999999999119,-0.00013095647352929986,1.962,2.1595,1.962,-0.09400000000000008,0.1975
2015-05-18,6.1079,-0.000600000000000378,-9.822861079904652e-05,1.92,2.0802,1.92,-0.04200000000000004,0.16020000000000012
2015-05-19,6.1098,0.0019000000000000128,0.00031102417235926143,1.925,2.0262,1.925,0.0050000000000001155,0.10119999999999973
2015-05-20,6.1125,0.0026999999999999247,0.0004418153774526915,1.932,1.9908,1.932,0.006999999999999895,0.05879999999999996
2015-05-21,6.1139,0.00140000000000029,0.00022901262941169297,1.944,1.9781,1.944,0.01200000000000001,0.03410000000000002
2015-05-22,6.1131,-0.0007999999999999119,-0.00013085793753849973,1.966,1.9835,1.966,0.02200000000000002,0.01750000000000007
2015-05-25,6.1165,0.0034000000000000696,0.000556028011970466,1.968,1.9901,1.968,0.0020000000000000018,0.02210000000000001
2015-05-26,6.1172,0.000700000000000145,0.00011443798699720589,1.9688,1.9946,1.9688,0.0008000000000001339,0.025799999999999823
2015-05-27,6.1198,0.0025999999999992696,0.0004249407598470856,1.967,1.9942,1.967,-0.0018000000000000238,0.02719999999999989
2015-05-28,6.1202,0.00039999999999995595,6.535947714737545e-05,1.952,1.9834,1.952,-0.015000000000000124,0.031400000000000095
2015-05-29,6.1196,-0.0005999999999994898,-9.804081773886691e-05,1.972,1.9814,1.972,0.020000000000000018,0.009400000000000075
2015-06-01,6.1207,0.001100000000000101,0.00017973415732650157,1.963,1.9836,1.963,-0.008999999999999897,0.02059999999999995
2015-06-02,6.1225,0.0017999999999993577,0.00029404077577240543,1.977,1.989,1.977,0.014000000000000012,0.01200000000000001
2015-06-03,6.1176,-0.004899999999999238,-0.000800647096307322,2.057,2.0412,2.057,0.07999999999999985,-0.015800000000000036
2015-06-04,6.1164,-0.001200000000000756,-0.0001961745960192049,2.122,2.107,2.122,0.06499999999999995,-0.01499999999999968
2015-06-05,6.1181,0.001700000000000479,0.0002779026541242351,2.07,2.1544,2.07,-0.052000000000000046,0.08440000000000003
2015-06-08,6.1205,0.0023999999999997357,0.00039220172744653927,2.043,2.1515,2.043,-0.02699999999999969,0.10849999999999982
2015-06-09,6.1179,-0.0026000000000001577,-0.00042489214915608707,2.049,2.1503,2.049,0.005999999999999783,0.10130000000000017
2015-06-10,6.1173,-0.0005999999999994898,-9.807767759908394e-05,2.052,2.1178,2.052,0.0030000000000001137,0.06579999999999986
2015-06-11,6.115,-0.0022999999999999687,-0.00037605356753921907,2.063,2.0809,2.063,0.01100000000000012,0.017900000000000027
2015-06-12,6.1167,0.0016999999999995907,0.00027796626976563034,2.085,2.0734,2.085,0.021999999999999797,-0.011600000000000055
2015-06-15,6.1169,0.00020000000000042206,3.26968349492921e-05,2.11,2.0864,2.11,0.02499999999999991,-0.023600000000000065
2015-06-16,6.1155,-0.00140000000000029,-0.0002289002985698654,2.143,2.1096,2.143,0.03299999999999992,-0.033399999999999874
2015-06-17,6.1158,0.000300000000000189,4.9054475004254295e-05,2.238,2.1745,2.238,0.0950000000000002,-0.06349999999999989
2015-06-18,6.1126,-0.0032000000000005357,-0.0005233718349163271,2.478,2.2623,2.478,0.2400000000000002,-0.2157
2015-06-19,6.1104,-0.0021999999999993136,-0.0003599770962540449,2.674,2.3738,2.674,0.19599999999999973,-0.3001999999999998
2015-06-23,6.1119,0.0015000000000000568,0.0002454529847132457,2.675,2.5321,2.675,0.0009999999999998899,-0.14290000000000003
2015-06-24,6.1142,0.0022999999999999687,0.00037624426875811637,2.808,2.6602,2.808,0.133,-0.1477999999999997
2015-06-25,6.1148,0.0005999999999994898,9.812740215575906e-05,2.884,2.8084,2.884,0.07600000000000007,-0.07560000000000011
2015-06-26,6.1137,-0.001100000000000101,-0.00017990759340345244,2.921,2.9325,2.921,0.03699999999999992,0.011500000000000288
2015-06-29,6.1168,0.0030999999999998806,0.0005069294086727642,2.84,3.0416,2.84,-0.08099999999999996,0.2016
2015-06-30,6.1136,-0.0031999999999996476,-0.0005232862495128016,2.652,3.02,2.652,-0.18799999999999972,0.3679999999999999
2015-07-01,6.1149,0.0012999999999996348,0.0002126180651587598,2.602,2.9939,2.602,-0.050000000000000266,0.39190000000000014
2015-07-02,6.1171,0.002200000000000202,0.00035971223409461776,2.712,2.9544,2.712,0.11000000000000032,0.24239999999999995
2015-07-03,6.116,-0.001100000000000101,-0.00017983994293593032,2.802,2.9181,2.802,0.08999999999999986,0.11609999999999987
2015-07-06,6.1172,0.001200000000000756,0.0001961874250155888,2.661,2.8817,2.661,-0.14100000000000001,0.2206999999999999
2015-07-07,6.1166,-0.000600000000000378,-9.808890131950076e-05,2.61,2.8206,2.61,-0.051000000000000156,0.21060000000000034
2015-07-08,6.1175,0.0008999999999996788,0.0001471297441779181,2.589,2.769,2.589,-0.020999999999999908,0.18000000000000016
2015-07-09,6.1151,-0.0023999999999997357,-0.00039239409950364963,2.578,2.7044,2.578,-0.01100000000000012,0.1264000000000003
2015-07-10,6.1153,0.00020000000000042206,3.270538985120691e-05,2.575,2.6427,2.575,-0.0029999999999996696,0.06769999999999987
2015-07-13,6.1133,-0.002000000000000668,-0.0003271020423978268,2.553,2.5752,2.553,-0.02200000000000024,0.02220000000000022
2015-07-14,6.1165,0.0032000000000005357,0.0005233119221947189,2.556,2.5652,2.556,0.0030000000000001137,0.009199999999999875
2015-07-15,6.1152,-0.001300000000000523,-0.0002125624410172165,2.55,2.5567,2.55,-0.006000000000000227,0.006700000000000372
2015-07-16,6.1173,0.002100000000000435,0.0003433476428581242,2.481,2.5325,2.481,-0.06899999999999995,0.05150000000000032
2015-07-17,6.1192,0.0019000000000000128,0.0003105463188444418,2.464,2.5043,2.464,-0.016999999999999904,0.040300000000000225
2015-07-20,6.1197,0.0004999999999997229,8.170668937214874e-05,2.449,2.481,2.449,-0.015000000000000124,0.03200000000000003
2015-07-21,6.1199,0.00020000000000042206,3.2680806565270944e-05,2.458,2.46,2.458,0.009000000000000341,0.0019999999999997797
2015-07-22,6.1168,-0.003100000000000769,-0.0005066725614453869,2.478,2.4491,2.478,0.020000000000000018,-0.028900000000000148
2015-07-23,6.1172,0.0004000000000008441,6.53915318200675e-05,2.54,2.4656,2.54,0.06199999999999983,-0.07440000000000024
2015-07-24,6.1169,-0.000300000000000189,-4.9043247980680604e-05,2.559,2.4962,2.559,0.019000000000000128,-0.06280000000000019
2015-07-27,6.1176,0.000700000000000145,0.00011443050402778155,2.559,2.5138,2.559,0.0,-0.04520000000000035
2015-07-28,6.1154,-0.002200000000000202,-0.0003596828290228813,2.552,2.5273,2.552,-0.007000000000000117,-0.024700000000000166
2015-07-29,6.115,-0.00039999999999995595,-6.541077971984313e-05,2.514,2.519,2.514,-0.038000000000000256,0.0050000000000003375
2015-07-30,6.1165,0.0015000000000000568,0.0002452683656983242,2.502,2.5035,2.502,-0.01200000000000001,0.0015000000000000568
2015-07-31,6.1172,0.000700000000000145,0.00011443798699720589,2.509,2.4867,2.509,0.007000000000000117,-0.022299999999999986
2015-08-03,6.1169,-0.000300000000000189,-4.9043247980680604e-05,2.495,2.4783,2.495,-0.01399999999999979,-0.01670000000000016
2015-08-04,6.1177,0.0007999999999999119,0.00013077665001545103,2.483,2.4669,2.483,-0.01200000000000001,-0.016100000000000225
2015-08-05,6.1186,0.0008999999999996788,0.00014710329129264727,2.471,2.4581,2.471,-0.01200000000000001,-0.012900000000000134
2015-08-06,6.1181,-0.0004999999999997229,-8.172137917545557e-05,2.449,2.4449,2.449,-0.02200000000000024,-0.0040999999999997705
2015-08-07,6.1174,-0.000700000000000145,-0.00011442115169203089,2.453,2.4039,2.453,0.0040000000000000036,-0.0490999999999997
2015-08-10,6.1162,-0.0011999999999998678,-0.00019618101030741838,2.455,2.396,2.455,0.002000000000000224,-0.05900000000000016
2015-08-11,6.2298,0.11359999999999992,0.01840324091134214,2.463,2.3872,2.463,0.008000000000000007,-0.07580000000000009
2015-08-12,6.3306,0.10079999999999956,0.016050788838638072,2.472,2.3831,2.472,0.008999999999999897,-0.08889999999999976
2015-08-13,6.401,0.07040000000000024,0.01105920976590205,2.481,2.3967,2.481,0.008999999999999897,-0.08429999999999982
2015-08-14,6.3975,-0.0034999999999998366,-0.0005469391080594797,2.495,2.4322,2.495,0.014000000000000234,-0.06280000000000019
2015-08-17,6.3969,-0.000600000000000378,-9.37910336459813e-05,2.517,2.4508,2.517,0.021999999999999797,-0.06619999999999981
2015-08-18,6.3966,-0.0002999999999993008,-4.689881581339926e-05,2.531,2.4717,2.531,0.014000000000000234,-0.05930000000000035
2015-08-19,6.3963,-0.000300000000000189,-4.6901015415585357e-05,2.546,2.4939,2.546,0.01499999999999968,-0.05209999999999981
2015-08-20,6.3915,-0.0048000000000003595,-0.0007507155609924581,2.586,2.5169,2.586,0.040000000000000036,-0.06909999999999972
2015-08-21,6.3864,-0.00509999999999966,-0.0007982532764872421,2.599,2.5465,2.599,0.013000000000000345,-0.05250000000000021
2015-08-24,6.3862,-0.00020000000000042206,-3.131703803717885e-05,2.597,2.5608,2.597,-0.002000000000000224,-0.03620000000000001
2015-08-25,6.3987,0.012500000000000178,0.001955432421534397,2.593,2.5671,2.593,-0.0040000000000000036,-0.025900000000000034
2015-08-26,6.4043,0.005600000000000271,0.000874795025716624,2.429,2.5828,2.429,-0.16400000000000015,0.15380000000000038
2015-08-27,6.4085,0.0041999999999999815,0.0006555944290759171,2.398,2.5492,2.398,-0.030999999999999694,0.15119999999999978
2015-08-28,6.3986,-0.00990000000000002,-0.0015460177513864507,2.392,2.4959,2.392,-0.006000000000000227,0.10389999999999988
2015-08-31,6.3893,-0.009299999999999642,-0.001454500213415331,2.398,2.4623,2.398,0.006000000000000227,0.0642999999999998
2015-09-01,6.3752,-0.014100000000000001,-0.002209253121538425,2.41,2.4575,2.41,0.01200000000000001,0.047499999999999876
2015-09-02,6.3619,-0.01330000000000009,-0.002088388225553119,2.421,2.4291,2.421,0.010999999999999677,0.008100000000000218
2015-09-06,6.3619,0.0,0.0,2.41,2.4356,2.41,-0.010999999999999677,0.025599999999999845
2015-09-07,6.3584,-0.0035000000000007248,-0.0005503015004876503,2.41,2.4307,2.41,0.0,0.02069999999999972
2015-09-08,6.3639,0.0055000000000005045,0.000864623588916768,2.402,2.4347,2.402,-0.008000000000000007,0.03269999999999973
2015-09-09,6.3632,-0.000700000000000145,-0.0001100014929883007,2.398,2.4266,2.398,-0.0040000000000000036,0.02859999999999996
2015-09-10,6.3772,0.014000000000000234,0.0021977340797840507,2.4,2.4204,2.4,0.0019999999999997797,0.020399999999999974
2015-09-11,6.3719,-0.005300000000000082,-0.0008314312861793505,2.403,2.4219,2.403,0.0030000000000001137,0.018899999999999917
2015-09-14,6.3709,-0.001000000000000334,-0.00015695137678577926,2.394,2.4171,2.394,-0.008999999999999897,0.0230999999999999
2015-09-15,6.3665,-0.004399999999999515,-0.000690878856754816,2.392,2.4052,2.392,-0.002000000000000224,0.013199999999999878
2015-09-16,6.3712,0.004699999999999704,0.0007379668563867569,2.391,2.3957,2.391,-0.0009999999999998899,0.0047000000000001485
2015-09-17,6.367,-0.0041999999999999815,-0.0006594338528518064,2.391,2.3992,2.391,0.0,0.008199999999999985
2015-09-18,6.3607,-0.006300000000000416,-0.000989966846251581,2.39,2.39,2.39,-0.0009999999999998899,0.0
2015-09-21,6.3676,0.006900000000000794,0.0010841983102071638,2.391,2.3993,2.391,0.0009999999999998899,0.008300000000000196
2015-09-22,6.3721,0.004499999999999282,0.0007064530855753542,2.397,2.4014,2.397,0.005999999999999783,0.004400000000000404
2015-09-23,6.3773,0.0052000000000003155,0.0008157247067851689,2.401,2.4054,2.401,0.0040000000000000036,0.004400000000000404
2015-09-24,6.3791,0.0018000000000002458,0.00028221128405288537,2.48,2.3974,2.48,0.07900000000000018,-0.08259999999999978
2015-09-25,6.3785,-0.000600000000000378,-9.406157904974657e-05,2.447,2.4195,2.447,-0.03299999999999992,-0.027499999999999858
2015-09-28,6.3729,-0.005600000000000271,-0.0008783349843970659,2.431,2.4101,2.431,-0.016000000000000014,-0.02090000000000014
2015-09-29,6.366,-0.006899999999999906,-0.001083296151909463,2.419,2.4037,2.419,-0.01200000000000001,-0.01529999999999987
2015-09-30,6.3613,-0.004699999999999704,-0.0007385698794949438,2.408,2.4025,2.408,-0.01100000000000012,-0.00550000000000006
2015-10-08,6.3505,-0.010799999999999699,-0.0016992090181688873,2.4,2.4029,2.4,-0.008000000000000007,0.0028999999999999027
2015-10-09,6.3493,-0.0011999999999998678,-0.00018897935456796777,2.4,2.3936,2.4,0.0,-0.006399999999999739
2015-10-10,6.3493,0.0,0.0,2.401,2.417,2.401,0.0009999999999998899,0.016000000000000014
2015-10-12,6.3406,-0.008700000000000152,-0.0013711694123793707,2.397,2.4106,2.397,-0.0040000000000000036,0.013600000000000279
2015-10-13,6.3231,-0.01750000000000007,-0.0027638069663156704,2.397,2.4146,2.397,0.0,0.017600000000000282
2015-10-14,6.3408,0.017699999999999605,0.002795349225059267,2.397,2.4285,2.397,0.0,0.031500000000000306
2015-10-15,6.3402,-0.0005999999999994898,-9.462976113044409e-05,2.397,2.4416,2.397,0.0,0.04460000000000042
2015-10-16,6.3436,0.0034000000000000696,0.000536116949405755,2.394,2.4401,2.394,-0.0029999999999996696,0.04610000000000003
2015-10-19,6.3527,0.00909999999999922,0.0014334887421203137,2.395,2.448,2.395,0.0009999999999998899,0.052999999999999936
2015-10-20,6.3614,0.008700000000000152,0.0013685595296392145,2.394,2.4501,2.394,-0.0009999999999998899,0.05609999999999982
2015-10-21,6.3473,-0.014100000000000001,-0.0022189532816747327,2.394,2.4449,2.394,0.0,0.050899999999999945
2015-10-22,6.3497,0.002400000000000624,0.0003780420616812167,2.396,2.4365,2.396,0.0019999999999997797,0.0405000000000002
2015-10-23,6.3595,0.009799999999999365,0.0015421902153272566,2.401,2.4359,2.401,0.004999999999999893,0.034900000000000375
2015-10-24,6.3595,0.0,0.0,2.401,2.4359,2.401,0.0,0.034900000000000375
2015-10-26,6.3549,-0.0045999999999999375,-0.0007235890330186096,2.338,2.44,2.338,-0.06299999999999972,0.10199999999999987
2015-10-27,6.3494,-0.005499999999999616,-0.0008658486250497014,2.297,2.4371,2.297,-0.040999999999999925,0.1400999999999999
2015-10-28,6.3536,0.0041999999999999815,0.0006612611435162863,2.292,2.4166,2.292,-0.0050000000000003375,0.12460000000000004
2015-10-29,6.3596,0.006000000000000227,0.0009439008975671053,2.291,2.3977,2.291,-0.0009999999999998899,0.10670000000000002
2015-10-30,6.3495,-0.010100000000000442,-0.0015894126454660293,2.291,2.3879,2.291,0.0,0.09690000000000021
2015-11-02,6.3154,-0.034099999999999575,-0.005384974599479184,2.291,2.378,2.291,0.0,0.08700000000000019
2015-11-03,6.331,0.015600000000000058,0.002467106514517743,2.29,2.3675,2.29,-0.0009999999999998899,0.07750000000000012
2015-11-04,6.3343,0.0032999999999994145,0.0005211088682742631,2.293,2.3882,2.293,0.0030000000000001137,0.09519999999999973
2015-11-05,6.3381,0.0038000000000000256,0.0005997285618977968,2.288,2.3948,2.288,-0.0050000000000003375,0.10680000000000023
2015-11-06,6.3459,0.007800000000000473,0.0012298960869157973,2.285,2.3842,2.285,-0.0029999999999996696,0.09919999999999973
2015-11-09,6.3578,0.0118999999999998,0.0018734704819291207,2.285,2.3765,2.285,0.0,0.09149999999999991
2015-11-10,6.3602,0.0023999999999997357,0.00037741783747270133,2.28,2.3697,2.28,-0.0050000000000003375,0.08970000000000011
2015-11-11,6.3614,0.0011999999999998678,0.00018865551558897768,2.279,2.357,2.279,-0.0009999999999998899,0.07800000000000029
2015-11-12,6.3628,0.00140000000000029,0.00022005312800016358,2.279,2.3531,2.279,0.0,0.07410000000000005
2015-11-13,6.3655,0.0026999999999999247,0.0004242514774945799,2.278,2.353,2.278,-0.0009999999999998899,0.07500000000000018
2015-11-16,6.375,0.009500000000000064,0.0014913075249268454,2.279,2.3503,2.279,0.0009999999999998899,0.07129999999999992
2015-11-17,6.374,-0.001000000000000334,-0.0001568750493452095,2.278,2.3499,2.278,-0.0009999999999998899,0.07189999999999985
2015-11-18,6.3796,0.005600000000000271,0.000878183471317461,2.279,2.3508,2.279,0.0009999999999998899,0.07180000000000009
2015-11-19,6.3791,-0.0004999999999997229,-7.837789120449463e-05,2.28,2.3408,2.28,0.0009999999999998899,0.06080000000000041
2015-11-20,6.378,-0.001100000000000101,-0.00017245298739154138,2.282,2.3416,2.282,0.002000000000000224,0.0596000000000001
2015-11-23,6.3867,0.008700000000000152,0.0013631344797996046,2.283,2.3352,2.283,0.0009999999999998899,0.052200000000000024
2015-11-24,6.3888,0.0020999999999995467,0.00032875425915447544,2.285,2.3331,2.285,0.002000000000000224,0.04809999999999981
2015-11-25,6.3877,-0.001100000000000101,-0.00017219113258214126,2.286,2.3299,2.286,0.0009999999999998899,0.04389999999999983
2015-11-26,6.3896,0.0019000000000000128,0.0002974024268045661,2.289,2.3385,2.289,0.0030000000000001137,0.049499999999999655
2015-11-27,6.3915,0.0019000000000000128,0.00029731400489714017,2.293,2.3571,2.293,0.0040000000000000036,0.06409999999999982
2015-11-30,6.3962,0.004700000000000593,0.0007350814003511966,2.299,2.3743,2.299,0.005999999999999783,0.07529999999999992
2015-12-01,6.3973,0.001100000000000101,0.00017196232504175583,2.294,2.3865,2.294,-0.004999999999999893,0.0924999999999998
2015-12-02,6.3958,-0.0015000000000000568,-0.00023450141199147254,2.293,2.4061,2.293,-0.0009999999999998899,0.11309999999999976
2015-12-03,6.3982,0.0023999999999997357,0.00037517586808675374,2.292,2.4166,2.292,-0.001000000000000334,0.12460000000000004
2015-12-04,6.3851,-0.013099999999999667,-0.0020495497384420865,2.293,2.4036,2.293,0.001000000000000334,0.11059999999999981
2015-12-07,6.3985,0.013399999999999856,0.0020964368265281672,2.291,2.4005,2.291,-0.002000000000000224,0.10950000000000015
2015-12-08,6.4078,0.009299999999999642,0.0014524103972042746,2.292,2.3972,2.292,0.0009999999999998899,0.1052000000000004
2015-12-09,6.414,0.006199999999999761,0.0009671029782452131,2.294,2.3908,2.294,0.002000000000000224,0.0968
2015-12-10,6.4236,0.009600000000000719,0.0014956069342358413,2.297,2.3926,2.297,0.0030000000000001137,0.09559999999999969
2015-12-11,6.4358,0.012199999999999989,0.001897445240105019,2.302,2.4085,2.302,0.004999999999999893,0.10650000000000004
2015-12-14,6.4495,0.013699999999999157,0.0021264549777497256,2.303,2.4197,2.303,0.0009999999999998899,0.11670000000000025
2015-12-15,6.4559,0.006400000000000183,0.0009918329574684845,2.299,2.4275,2.299,-0.0040000000000000036,0.12850000000000028
2015-12-16,6.4626,0.006700000000000372,0.0010372722221202904,2.301,2.4307,2.301,0.002000000000000224,0.1296999999999997
2015-12-17,6.4757,0.013099999999999667,0.0020249962478065564,2.299,2.4292,2.299,-0.002000000000000224,0.13019999999999987
2015-12-18,6.4814,0.005700000000000038,0.0008798265611433581,2.318,2.4318,2.318,0.019000000000000128,0.1137999999999999
2015-12-21,6.4753,-0.006099999999999994,-0.0009415978529551414,2.334,2.4335,2.334,0.016000000000000014,0.09949999999999992
2015-12-22,6.4746,-0.000700000000000145,-0.00010810894303149079,2.342,2.4359,2.342,0.008000000000000007,0.0939000000000001
2015-12-23,6.4731,-0.0015000000000000568,-0.0002317013842938724,2.348,2.4429,2.348,0.005999999999999783,0.09489999999999998
2015-12-24,6.4755,0.002400000000000624,0.0003706964501929106,2.348,2.4397,2.348,0.0,0.09170000000000034
2015-12-25,6.4713,-0.0041999999999999815,-0.0006488089948610875,2.355,2.4231,2.355,0.007000000000000117,0.06809999999999983
2015-12-28,6.475,0.0036999999999993705,0.0005715918989575678,2.354,2.4334,2.354,-0.0009999999999998899,0.07939999999999969
2015-12-29,6.4864,0.011400000000000077,0.0017590696899423951,2.352,2.4582,2.352,-0.002000000000000224,0.1062000000000003
2015-12-30,6.4895,0.0030999999999998806,0.00047780887013266685,2.352,2.5001,2.352,0.0,0.14810000000000034
2015-12-31,6.4936,0.004100000000000215,0.0006315903191524023,2.355,2.5251,2.355,0.0030000000000001137,0.17010000000000014
2016-01-04,6.5032,0.009599999999999831,0.00147728698539666,2.335,2.5132,2.335,-0.020000000000000018,0.17819999999999991
2016-01-05,6.5169,0.013700000000000045,0.002104439298631909,2.33,2.5062,2.33,-0.004999999999999893,0.17620000000000013
2016-01-06,6.5314,0.014499999999999957,0.0022225126596778348,2.322,2.4925,2.322,-0.008000000000000007,0.1705000000000001
2016-01-07,6.5646,0.033200000000000784,0.005070261320126986,2.313,2.4826,2.313,-0.008999999999999897,0.16959999999999997
2016-01-08,6.5636,-0.001000000000000334,-0.0001523438098039564,2.308,2.4599,2.308,-0.0050000000000003375,0.15190000000000037
2016-01-11,6.5626,-0.001000000000000334,-0.00015236702197664434,2.303,2.4476,2.303,-0.004999999999999893,0.14460000000000006
2016-01-12,6.5628,0.00020000000000042206,3.0475261708772646e-05,2.3,2.4361,2.3,-0.0030000000000001137,0.13610000000000033
2016-01-13,6.563,0.00019999999999953388,3.047433299532526e-05,2.3,2.4199,2.3,0.0,0.11990000000000034
2016-01-14,6.5616,-0.0013999999999994017,-0.0002133398359277993,2.3,2.3988,2.3,0.0,0.09880000000000022
2016-01-15,6.5637,0.0020999999999995467,0.00031999268861190053,2.303,2.4005,2.303,0.0030000000000001137,0.09750000000000014
2016-01-18,6.559,-0.004699999999999704,-0.0007163160326711709,2.308,2.4094,2.308,0.004999999999999893,0.10140000000000038
2016-01-19,6.5596,0.0005999999999994898,9.147317555495184e-05,2.316,2.4162,2.316,0.008000000000000007,0.10020000000000007
2016-01-20,6.5578,-0.0017999999999993577,-0.0002744446325181869,2.341,2.46,2.341,0.025000000000000355,0.11899999999999977
2016-01-21,6.5585,0.000700000000000145,0.0001067374184282705,2.405,2.5041,2.405,0.06399999999999961,0.09910000000000041
2016-01-22,6.5572,-0.001300000000000523,-0.00019823570289918046,2.4,2.5535,2.4,-0.004999999999999893,0.1535000000000002
2016-01-25,6.5557,-0.0015000000000000568,-0.00022878234510185496,2.376,2.5809,2.376,-0.02400000000000002,0.2049000000000003
2016-01-26,6.5548,-0.0008999999999996788,-0.00013729453513039238,2.363,2.5872,2.363,-0.0129999999999999,0.22420000000000018
2016-01-27,6.5533,-0.0015000000000000568,-0.00022886612194707254,2.359,2.5688,2.359,-0.0040000000000000036,0.2098
2016-01-28,6.5528,-0.0004999999999997229,-7.630034872960296e-05,2.362,2.5369,2.362,0.0030000000000001137,0.17490000000000006
2016-01-29,6.5516,-0.001200000000000756,-0.00018314459316793162,2.33,2.509,2.33,-0.03200000000000003,0.17899999999999983
2016-02-01,6.5539,0.0022999999999999687,0.00035099767633639404,2.444,2.4747,2.444,0.11399999999999988,0.03069999999999995
2016-02-02,6.551,-0.0028999999999994586,-0.00044258255268442363,2.455,2.4617,2.455,0.01100000000000012,0.006699999999999928
2016-02-03,6.5521,0.001100000000000101,0.00016789919982046638,2.453,2.4642,2.453,-0.002000000000000224,0.011200000000000099
2016-02-04,6.5419,-0.010200000000000209,-0.001557965795504602,2.455,2.4523,2.455,0.002000000000000224,-0.0026999999999999247
2016-02-05,6.5314,-0.010500000000000398,-0.0016063277455199171,2.448,2.4563,2.448,-0.007000000000000117,0.008300000000000196
2016-02-06,6.5314,0.0,0.0,2.353,2.4412,2.353,-0.09499999999999975,0.08819999999999961
2016-02-14,6.5314,0.0,0.0,2.313,2.3984,2.313,-0.040000000000000036,0.08539999999999992
2016-02-15,6.5118,-0.019599999999999618,-0.00300539971064803,2.3,2.3551,2.3,-0.013000000000000345,0.05510000000000037
2016-02-16,6.513,0.0011999999999998678,0.00018426386637723693,2.297,2.3549,2.297,-0.0029999999999996696,0.05790000000000006
2016-02-17,6.5237,0.010699999999999932,0.0016415200783439932,2.297,2.3541,2.297,0.0,0.05709999999999971
2016-02-18,6.5152,-0.00849999999999973,-0.0013037911486513557,2.285,2.3582,2.285,-0.01200000000000001,0.07319999999999993
2016-02-19,6.5186,0.0034000000000000696,0.0005217204617411344,2.286,2.3719,2.286,0.0009999999999998899,0.08590000000000009
2016-02-22,6.5165,-0.002100000000000435,-0.0003222069670609685,2.286,2.3769,2.286,0.0,0.09089999999999998
2016-02-23,6.5273,0.010800000000000587,0.0016559595314220735,2.283,2.3655,2.283,-0.0030000000000001137,0.08250000000000002
2016-02-24,6.5302,0.0028999999999994586,0.0004441891706192792,2.295,2.35,2.295,0.01200000000000001,0.05500000000000016
2016-02-25,6.5318,0.0015999999999998238,0.0002449854552140161,2.321,2.372,2.321,0.026000000000000245,0.05099999999999971
2016-02-26,6.5338,0.002000000000000668,0.0003061474429985886,2.345,2.3888,2.345,0.02400000000000002,0.04379999999999962
2016-02-29,6.5452,0.011400000000000077,0.001743252983711983,2.335,2.4212,2.335,-0.010000000000000231,0.08619999999999983
2016-03-01,6.5385,-0.006700000000000372,-0.0010241752081836082,2.308,2.4673,2.308,-0.027000000000000135,0.1593
2016-03-02,6.549,0.010500000000000398,0.0016045848714965943,2.3,2.4711,2.3,-0.008000000000000007,0.17110000000000003
2016-03-03,6.5412,-0.007800000000000473,-0.0011917313598181131,2.297,2.4499,2.297,-0.0029999999999996696,0.1528999999999998
2016-03-04,6.5284,-0.012799999999999478,-0.0019587445816946366,2.295,2.4256,2.295,-0.002000000000000224,0.13060000000000027
2016-03-07,6.5113,-0.017100000000000115,-0.002622761229537223,2.294,2.3936,2.294,-0.0009999999999998899,0.09960000000000013
2016-03-08,6.5041,-0.007200000000000095,-0.0011063817838020149,2.293,2.3605,2.293,-0.0009999999999998899,0.0674999999999999
2016-03-09,6.5106,0.00649999999999995,0.000998870591015429,2.292,2.3558,2.292,-0.001000000000000334,0.06380000000000008
2016-03-10,6.5127,0.0020999999999995467,0.0003224989086024474,2.28,2.3482,2.28,-0.01200000000000001,0.06820000000000004
2016-03-11,6.4905,-0.022199999999999775,-0.003414547429770225,2.282,2.3514,2.282,0.002000000000000224,0.0693999999999999
2016-03-14,6.4913,0.0007999999999999119,0.00012324947249423964,2.281,2.3473,2.281,-0.0009999999999998899,0.06630000000000003
2016-03-15,6.5079,0.016600000000000392,0.0025540047115822024,2.281,2.3501,2.281,0.0,0.06909999999999972
2016-03-16,6.5172,0.009299999999999642,0.0014280123116743636,2.282,2.3518,2.282,0.0009999999999998899,0.06979999999999986
2016-03-17,6.4961,-0.021099999999999675,-0.003242839017103844,2.288,2.3622,2.288,0.005999999999999783,0.07420000000000027
2016-03-18,6.4628,-0.03330000000000055,-0.005139336409020689,2.295,2.3709,2.295,0.007000000000000117,0.07589999999999986
2016-03-21,6.4824,0.019600000000000506,0.0030281517438402344,2.302,2.4063,2.302,0.007000000000000117,0.10429999999999984
2016-03-22,6.4971,0.014699999999999491,0.0022651113348190676,2.305,2.444,2.305,0.0030000000000001137,0.1389999999999998
2016-03-23,6.4936,-0.0034999999999998366,-0.0005388470343687364,2.301,2.4788,2.301,-0.0040000000000000036,0.17779999999999996
2016-03-24,6.515,0.021399999999999864,0.0032901341119794206,2.297,2.5135,2.297,-0.0040000000000000036,0.21649999999999991
2016-03-25,6.5223,0.00730000000000075,0.0011198638925098035,2.3,2.5148,2.3,0.0029999999999996696,0.21480000000000032
2016-03-28,6.5232,0.0008999999999996788,0.0001379786135338525,2.301,2.5004,2.301,0.001000000000000334,0.1993999999999998
2016-03-29,6.506,-0.017199999999999882,-0.002640225031692199,2.303,2.4938,2.303,0.0019999999999997797,0.19079999999999986
2016-03-30,6.4841,-0.021900000000000475,-0.003371801718001675,2.312,2.4884,2.312,0.008999999999999897,0.1764000000000001
2016-03-31,6.4612,-0.02289999999999992,-0.003537967275692163,2.325,2.5484,2.325,0.013000000000000345,0.22339999999999982
2016-04-01,6.4585,-0.0026999999999999247,-0.00041796636753279275,2.32,2.6378,2.32,-0.0050000000000003375,0.3178000000000001
2016-04-05,6.4663,0.007800000000000473,0.0012069820727476617,2.302,2.6158,2.302,-0.017999999999999794,0.3138000000000001
2016-04-06,6.4754,0.00909999999999922,0.0014063069766344688,2.294,2.5845,2.294,-0.008000000000000007,0.29049999999999976
2016-04-07,6.4707,-0.004699999999999704,-0.0007260874250140595,2.289,2.5494,2.289,-0.004999999999999893,0.26039999999999974
2016-04-08,6.4733,0.0026000000000001577,0.0004017305369231752,2.287,2.4739,2.287,-0.002000000000000224,0.18690000000000007
2016-04-11,6.4649,-0.008399999999999963,-0.0012984806511316877,2.291,2.3915,2.291,0.0040000000000000036,0.10050000000000026
2016-04-12,6.4616,-0.0033000000000003027,-0.0005105790541430353,2.295,2.3772,2.295,0.0040000000000000036,0.08220000000000027
2016-04-13,6.4591,-0.0024999999999995026,-0.0003869759426653092,2.302,2.3822,2.302,0.007000000000000117,0.08020000000000005
2016-04-14,6.4891,0.02999999999999936,0.004633857012026027,2.304,2.4045,2.304,0.0019999999999997797,0.10050000000000026
2016-04-15,6.4908,0.001700000000000479,0.00026194346793440704,2.301,2.4298,2.301,-0.0029999999999996696,0.12880000000000003
2016-04-18,6.4787,-0.012100000000000222,-0.0018659167293509876,2.302,2.4473,2.302,0.0009999999999998899,0.14529999999999976
2016-04-19,6.47,-0.008700000000000152,-0.0013437644410843612,2.305,2.4506,2.305,0.0030000000000001137,0.14559999999999995
2016-04-20,6.4579,-0.012099999999999334,-0.0018719209667909045,2.322,2.4446,2.322,0.016999999999999904,0.12259999999999982
2016-04-21,6.4803,0.02239999999999931,0.0034626180428208734,2.332,2.4548,2.332,0.009999999999999787,0.12280000000000024
2016-04-22,6.4898,0.009500000000000064,0.0014649080113309895,2.334,2.4701,2.334,0.002000000000000224,0.1360999999999999
2016-04-25,6.512,0.022199999999999775,0.0034149151000689815,2.342,2.5183,2.342,0.008000000000000007,0.1762999999999999
2016-04-26,6.4882,-0.0237999999999996,-0.003661486221675787,2.341,2.5642,2.341,-0.0009999999999998899,0.22319999999999984
2016-04-27,6.4837,-0.0045000000000001705,-0.0006938074114837829,2.346,2.5871,2.346,0.004999999999999893,0.24109999999999987
2016-04-28,6.4954,0.011700000000000266,0.001802898994411678,2.368,2.611,2.368,0.021999999999999797,0.24300000000000033
2016-04-29,6.4589,-0.0365000000000002,-0.0056352094038046915,2.386,2.6224,2.386,0.018000000000000238,0.23639999999999972
2016-05-03,6.4565,-0.0023999999999997357,-0.0003716493531170842,2.34,2.5884,2.34,-0.04600000000000026,0.24840000000000018
2016-05-04,6.4943,0.037799999999999834,0.005837493798126756,2.328,2.5419,2.328,-0.01200000000000001,0.2139000000000002
2016-05-05,6.5128,0.018500000000000405,0.002844602174934953,2.329,2.513,2.329,0.001000000000000334,0.18399999999999972
2016-05-06,6.5202,0.007399999999999629,0.0011355790370928243,2.326,2.472,2.326,-0.0030000000000001137,0.1459999999999999
2016-05-09,6.5105,-0.009699999999999598,-0.0014887921280778164,2.323,2.4381,2.323,-0.0030000000000001137,0.11509999999999998
2016-05-10,6.5233,0.012799999999999478,0.0019641246781399455,2.323,2.4291,2.323,0.0,0.10610000000000008
2016-05-11,6.5209,-0.0023999999999997357,-0.000367979642612332,2.324,2.4246,2.324,0.0009999999999998899,0.10060000000000002
2016-05-12,6.4959,-0.025000000000000355,-0.003841194569957062,2.325,2.4325,2.325,0.001000000000000334,0.10749999999999993
2016-05-13,6.5246,0.028700000000000614,0.0044084399954620775,2.324,2.4418,2.324,-0.001000000000000334,0.11780000000000035
2016-05-16,6.5343,0.009699999999999598,0.0014855771594761758,2.327,2.4417,2.327,0.0030000000000001137,0.11470000000000002
2016-05-17,6.52,-0.014300000000000423,-0.002190849868593424,2.331,2.4382,2.331,0.0040000000000000036,0.10720000000000018
2016-05-18,6.5216,0.001600000000000712,0.0002453686676524364,2.332,2.4329,2.332,0.0009999999999998899,0.10090000000000021
2016-05-19,6.5531,0.03149999999999942,0.004818475520884683,2.331,2.4304,2.331,-0.0009999999999998899,0.09940000000000015
2016-05-20,6.551,-0.0020999999999995467,-0.0003205103773593002,2.331,2.4145,2.331,0.0,0.08349999999999991
2016-05-23,6.5455,-0.0055000000000005045,-0.0008399191117227195,2.33,2.4003,2.33,-0.0009999999999998899,0.07030000000000003
2016-05-24,6.5468,0.001300000000000523,0.00019859001157516325,2.33,2.3857,2.33,0.0,0.05569999999999986
2016-05-25,6.5693,0.022499999999999964,0.003430901269550701,2.331,2.3707,2.331,0.0009999999999998899,0.039699999999999847
2016-05-26,6.5552,-0.014100000000000001,-0.0021486541086729893,2.332,2.3846,2.332,0.0009999999999998899,0.05259999999999998
2016-05-27,6.549,-0.006199999999999761,-0.0009462615745530396,2.333,2.4097,2.333,0.001000000000000334,0.07669999999999977
2016-05-30,6.5784,0.02939999999999987,0.004479188438632047,2.334,2.4331,2.334,0.0009999999999998899,0.09909999999999997
2016-05-31,6.579,0.0005999999999994898,9.12034293121634e-05,2.338,2.4417,2.338,0.0040000000000000036,0.1036999999999999
2016-06-01,6.5889,0.00990000000000002,0.0015036569028184692,2.337,2.447,2.337,-0.0009999999999998899,0.10999999999999988
2016-06-02,6.5688,-0.02009999999999934,-0.0030552475942373087,2.342,2.4477,2.342,0.004999999999999893,0.10570000000000013
2016-06-03,6.5793,0.01049999999999951,0.0015971892869900458,2.338,2.4206,2.338,-0.0040000000000000036,0.08259999999999978
2016-06-06,6.5497,-0.029600000000000293,-0.004509109627911047,2.337,2.399,2.337,-0.0009999999999998899,0.06199999999999983
2016-06-07,6.5618,0.012100000000000222,0.0018457084902610977,2.34,2.3918,2.34,0.0029999999999996696,0.05180000000000007
2016-06-08,6.5593,-0.0024999999999995026,-0.00038106561648820254,2.341,2.3892,2.341,0.001000000000000334,0.04820000000000002
2016-06-12,6.5593,0.0,0.0,2.343,2.3859,2.343,0.0019999999999997797,0.04289999999999994
2016-06-13,6.5805,0.02119999999999944,0.003226840346947569,2.342,2.3717,2.342,-0.0009999999999998899,0.02970000000000006
2016-06-14,6.5791,-0.0013999999999994017,-0.0002127724254964068,2.341,2.3761,2.341,-0.0009999999999998899,0.03509999999999991
2016-06-15,6.6001,0.020999999999999908,0.0031868425660035783,2.341,2.3686,2.341,0.0,0.027599999999999625
2016-06-16,6.5739,-0.026200000000000223,-0.003977536745417981,2.343,2.3688,2.343,0.0019999999999997797,0.025799999999999823
2016-06-17,6.5795,0.005600000000000271,0.0008514909207277735,2.346,2.3629,2.346,0.0030000000000001137,0.016899999999999693
2016-06-20,6.5708,-0.008700000000000152,-0.001323163923150543,2.351,2.3671,2.351,0.004999999999999893,0.016100000000000225
2016-06-21,6.5656,-0.0052000000000003155,-0.000791693351542957,2.354,2.3592,2.354,0.0030000000000001137,0.005199999999999871
2016-06-22,6.5935,0.027899999999999814,0.004240417932251875,2.355,2.359,2.355,0.0009999999999998899,0.0040000000000000036
2016-06-23,6.5658,-0.027699999999999392,-0.0042099565953014,2.358,2.3755,2.358,0.0030000000000001137,0.01750000000000007
2016-06-24,6.5776,0.011800000000000033,0.0017955784911615957,2.371,2.3917,2.371,0.0129999999999999,0.020700000000000163
2016-06-27,6.6375,0.05989999999999984,0.00906544940658022,2.375,2.4353,2.375,0.0040000000000000036,0.0602999999999998
2016-06-28,6.6528,0.01529999999999987,0.0023024321134994326,2.381,2.4946,2.381,0.005999999999999783,0.11360000000000037
2016-06-29,6.6324,-0.020400000000000418,-0.0030710890364762477,2.386,2.5802,2.386,0.0050000000000003375,0.19419999999999993
2016-06-30,6.6312,-0.0011999999999998678,-0.00018094634990107036,2.385,2.6497,2.385,-0.001000000000000334,0.2647000000000004
2016-07-01,6.6496,0.018400000000000638,0.0027709191875371682,2.365,2.6903,2.365,-0.019999999999999574,0.3252999999999999
2016-07-04,6.6472,-0.002400000000000624,-0.0003609891140820469,2.355,2.6343,2.355,-0.010000000000000231,0.2793000000000001
2016-07-05,6.6594,0.012199999999999989,0.0018336770352171483,2.344,2.5738,2.344,-0.01100000000000012,0.2298
2016-07-06,6.6857,0.02629999999999999,0.003941526710016444,2.337,2.4954,2.337,-0.006999999999999673,0.15839999999999987
2016-07-07,6.682,-0.0036999999999993705,-0.0005535731793032568,2.33,2.43,2.33,-0.007000000000000117,0.10000000000000009
2016-07-08,6.6853,0.0032999999999994145,0.0004937422017969018,2.327,2.3883,2.327,-0.0030000000000001137,0.06130000000000013
2016-07-11,6.6843,-0.0009999999999994458,-0.0001495931070285658,2.323,2.3986,2.323,-0.0040000000000000036,0.07560000000000011
2016-07-12,6.695,0.010699999999999932,0.0015994861138026884,2.319,2.4075,2.319,-0.0040000000000000036,0.08850000000000025
2016-07-13,6.6891,-0.00590000000000046,-0.0008816432008383939,2.313,2.4062,2.313,-0.005999999999999783,0.09319999999999995
2016-07-14,6.6846,-0.0045000000000001705,-0.0006729626311087306,2.31,2.4072,2.31,-0.0030000000000001137,0.09719999999999995
2016-07-15,6.6805,-0.004099999999999326,-0.0006135382643770096,2.308,2.4051,2.308,-0.002000000000000224,0.09710000000000019
2016-07-18,6.6961,0.015600000000000058,0.002332432317974927,2.307,2.4023,2.307,-0.0009999999999998899,0.09529999999999994
2016-07-19,6.6971,0.0009999999999994458,0.00014932951077519503,2.308,2.3978,2.308,0.0009999999999998899,0.08980000000000032
2016-07-20,6.6946,-0.0024999999999995026,-0.00037336559645768794,2.308,2.4051,2.308,0.0,0.09710000000000019
2016-07-21,6.6872,-0.007400000000000517,-0.0011059798762949535,2.311,2.4152,2.311,0.0030000000000001137,0.10420000000000007
2016-07-22,6.6669,-0.020299999999999763,-0.0030402671294137377,2.321,2.4243,2.321,0.010000000000000231,0.10329999999999995
2016-07-25,6.686,0.019099999999999895,0.002860803724511223,2.332,2.4539,2.332,0.010999999999999677,0.12190000000000012
2016-07-26,6.6778,-0.008199999999999541,-0.00122719601147978,2.348,2.5123,2.348,0.016000000000000014,0.16430000000000033
2016-07-27,6.6671,-0.01070000000000082,-0.0016036092129543523,2.36,2.5818,2.36,0.01200000000000001,0.2218
2016-07-28,6.6597,-0.007399999999999629,-0.0011105442807786204,2.359,2.6115,2.359,-0.0009999999999998899,0.25249999999999995
2016-07-29,6.6511,-0.008600000000000385,-0.0012921839704070177,2.348,2.6205,2.348,-0.01100000000000012,0.27249999999999996
2016-08-01,6.6277,-0.023399999999999643,-0.0035244185049808875,2.343,2.5999,2.343,-0.004999999999999893,0.2568999999999999
2016-08-02,6.6451,0.017400000000000304,0.0026219049436226687,2.338,2.546,2.338,-0.004999999999999893,0.20799999999999974
2016-08-03,6.6195,-0.025599999999999845,-0.0038599025653544873,2.332,2.4774,2.332,-0.006000000000000227,0.14539999999999997
2016-08-04,6.6444,0.0248999999999997,0.003754556239210269,2.324,2.4354,2.324,-0.008000000000000007,0.11140000000000017
2016-08-05,6.6406,-0.0038000000000000256,-0.0005720737830086968,2.317,2.4031,2.317,-0.006999999999999673,0.08609999999999962
2016-08-08,6.6615,0.02090000000000014,0.0031423635663534438,2.316,2.3865,2.316,-0.001000000000000334,0.07050000000000001
2016-08-09,6.6594,-0.002100000000000435,-0.0003152940142779286,2.317,2.3909,2.317,0.001000000000000334,0.07389999999999963
2016-08-10,6.653,-0.006400000000000183,-0.0009615096441012982,2.325,2.4005,2.325,0.008000000000000007,0.0754999999999999
2016-08-11,6.6255,-0.027499999999999858,-0.004142040037196646,2.332,2.4295,2.332,0.006999999999999673,0.09750000000000014
2016-08-12,6.6543,0.02880000000000038,0.004337421520162631,2.336,2.4702,2.336,0.0040000000000000036,0.13420000000000032
2016-08-15,6.643,-0.01130000000000031,-0.0016995935596122484,2.3411,2.4793,2.3411,0.0051000000000001044,0.13819999999999988
2016-08-16,6.6305,-0.012500000000000178,-0.001883452547587541,2.343,2.4872,2.343,0.0019000000000000128,0.1442000000000001
2016-08-17,6.6056,-0.0248999999999997,-0.0037624420144348205,2.345,2.4814,2.345,0.002000000000000224,0.13639999999999963
2016-08-18,6.6273,0.021700000000000053,0.003279707313030134,2.347,2.4689,2.347,0.0019999999999997797,0.12190000000000012
2016-08-19,6.6211,-0.006199999999999761,-0.0009359621467667751,2.347,2.4614,2.347,0.0,0.11439999999999984
2016-08-22,6.6652,0.04409999999999936,0.006638441394986354,2.3467,2.4601,2.3467,-0.000300000000000189,0.11340000000000039
2016-08-23,6.6586,-0.006599999999999717,-0.000990708437506809,2.352,2.4549,2.352,0.005300000000000082,0.10289999999999999
2016-08-24,6.642,-0.016599999999999504,-0.0024961292902696227,2.362,2.4947,2.362,0.010000000000000231,0.13269999999999982
2016-08-25,6.6602,0.018199999999999328,0.0027363911768805154,2.364,2.5444,2.364,0.0019999999999997797,0.18040000000000012
2016-08-26,6.6488,-0.011400000000000077,-0.0017131268747559328,2.362,2.5926,2.362,-0.0019999999999997797,0.23059999999999992
2016-08-29,6.6856,0.03680000000000039,0.005519572448409854,2.364,2.5996,2.364,0.0019999999999997797,0.23560000000000025
2016-08-30,6.6812,-0.004400000000000404,-0.0006583475714339867,2.366,2.5784,2.366,0.002000000000000224,0.2123999999999997
2016-08-31,6.6908,0.009600000000000719,0.0014358363220612804,2.369,2.5332,2.369,0.0030000000000001137,0.16419999999999968
2016-09-01,6.6784,-0.01240000000000041,-0.0018550105549720783,2.368,2.4786,2.368,-0.001000000000000334,0.11060000000000025
2016-09-02,6.6727,-0.005700000000000038,-0.0008538622804583336,2.369,2.4233,2.369,0.001000000000000334,0.05429999999999957
2016-09-05,6.6873,0.014599999999999724,0.002185629612573076,2.369,2.3993,2.369,0.0,0.030299999999999994
2016-09-06,6.6676,-0.019699999999999385,-0.002950230146063384,2.368,2.3957,2.368,-0.001000000000000334,0.02770000000000028
2016-09-07,6.6555,-0.012100000000000222,-0.0018163945818591054,2.368,2.3884,2.368,0.0,0.020399999999999974
2016-09-08,6.662,0.00649999999999995,0.0009761592665511068,2.37,2.3857,2.37,0.002000000000000224,0.015699999999999825
2016-09-09,6.6684,0.006400000000000183,0.0009602113202510234,2.3765,2.3722,2.3765,0.00649999999999995,-0.0043000000000001926
2016-09-12,6.6908,0.022400000000000198,0.0033534973639777485,2.378,2.3553,2.378,0.0015000000000000568,-0.022699999999999942
2016-09-13,6.6726,-0.018200000000000216,-0.0027238593850024157,2.3855,2.3623,2.3855,0.00749999999999984,-0.02320000000000011
2016-09-14,6.6895,0.016899999999999693,0.00252954386082263,2.392,2.4033,2.392,0.00649999999999995,0.01130000000000031
2016-09-18,6.6895,0.0,0.0,2.394,2.459,2.394,0.002000000000000224,0.06499999999999995
2016-09-19,6.6786,-0.010899999999999466,-0.0016307481864387878,2.397,2.4683,2.397,0.0029999999999996696,0.07130000000000036
2016-09-20,6.6595,-0.019099999999999895,-0.002863978086149867,2.4,2.5381,2.4,0.0030000000000001137,0.1381000000000001
2016-09-21,6.6738,0.014299999999999535,0.0021450061849532767,2.405,2.5905,2.405,0.004999999999999893,0.18550000000000022
2016-09-22,6.6513,-0.022499999999999964,-0.0033770885597645293,2.408,2.62,2.408,0.0030000000000001137,0.2120000000000002
2016-09-23,6.667,0.015699999999999825,0.002357659351786014,2.406,2.6337,2.406,-0.0019999999999997797,0.2277
2016-09-26,6.6744,0.007400000000000517,0.0011093289698048067,2.439,2.6117,2.439,0.03299999999999992,0.17269999999999985
2016-09-27,6.6646,-0.009800000000000253,-0.0014693757797791577,2.459,2.5756,2.459,0.020000000000000018,0.11660000000000004
2016-09-28,6.6681,0.0034999999999998366,0.0005250249507448594,2.476,2.5588,2.476,0.016999999999999904,0.0828000000000002
2016-09-29,6.67,0.0019000000000000128,0.00028489815083886685,2.487,2.5604,2.487,0.01100000000000012,0.07339999999999991
2016-09-30,6.6778,0.007800000000000473,0.001168732058894714,2.477,2.5927,2.477,-0.010000000000000231,0.11569999999999991
2016-10-08,6.6778,0.0,0.0,2.442,2.6146,2.442,-0.0349999999999997,0.17259999999999964
2016-10-09,6.6778,0.0,0.0,2.425,2.5661,2.425,-0.017000000000000348,0.14110000000000023
2016-10-10,6.7008,0.022999999999999687,0.003438330267598933,2.41,2.5027,2.41,-0.01499999999999968,0.09269999999999978
2016-10-11,6.7098,0.009000000000000341,0.0013422220260347485,2.394,2.4662,2.394,-0.016000000000000014,0.07220000000000004
2016-10-12,6.7258,0.015999999999999126,0.0023817332405751805,2.383,2.4026,2.383,-0.01100000000000012,0.019600000000000062
2016-10-13,6.7296,0.0038000000000000256,0.0005648290056076416,2.378,2.379,2.378,-0.004999999999999893,0.0009999999999998899
2016-10-14,6.7157,-0.01389999999999958,-0.002067637754757476,2.374,2.3959,2.374,-0.0040000000000000036,0.02190000000000003
2016-10-17,6.7379,0.022199999999999775,0.003300234903574388,2.375,2.4086,2.375,0.0009999999999998899,0.03359999999999985
2016-10-18,6.7303,-0.007600000000000051,-0.0011285844888965701,2.381,2.4162,2.381,0.005999999999999783,0.03520000000000012
2016-10-19,6.7326,0.0022999999999999687,0.00034167973057463796,2.39,2.498,2.39,0.009000000000000341,0.1080000000000001
2016-10-20,6.7311,-0.0015000000000000568,-0.00022282136503433826,2.397,2.5795,2.397,0.006999999999999673,0.1825000000000001
2016-10-21,6.7558,0.024700000000000166,0.003662817640091233,2.401,2.6649,2.401,0.0040000000000000036,0.2639
2016-10-24,6.769,0.013200000000000323,0.0019519703346751827,2.404,2.764,2.404,0.0030000000000001137,0.3599999999999999
2016-10-25,6.7744,0.005399999999999849,0.0007974364319384403,2.404,2.8267,2.404,0.0,0.4227000000000003
2016-10-26,6.7705,-0.0038999999999997925,-0.0005758625176672196,2.409,2.8141,2.409,0.004999999999999893,0.4051
2016-10-27,6.7736,0.0030999999999998806,0.00045776390518873574,2.411,2.836,2.411,0.002000000000000224,0.4249999999999998
2016-10-28,6.7858,0.012199999999999989,0.0017994901385215293,2.415,2.9263,2.415,0.0040000000000000036,0.5112999999999999
2016-10-31,6.7641,-0.021700000000000053,-0.0032029784060128175,2.418,2.9391,2.418,0.0030000000000001137,0.5210999999999997
2016-11-01,6.7734,0.009299999999999642,0.0013739614349800216,2.416,2.9824,2.416,-0.002000000000000224,0.5664000000000002
2016-11-02,6.7562,-0.017199999999999882,-0.002542574690463719,2.414,2.9604,2.414,-0.0019999999999997797,0.5463999999999998
2016-11-03,6.7491,-0.00709999999999944,-0.001051439161529376,2.408,2.8624,2.408,-0.006000000000000227,0.45440000000000014
2016-11-04,6.7514,0.0022999999999999687,0.0003407281244771804,2.405,2.7111,2.405,-0.0030000000000001137,0.30610000000000026
2016-11-07,6.7725,0.021099999999999675,0.003120404191209876,2.399,2.6033,2.399,-0.005999999999999783,0.20429999999999993
2016-11-08,6.7817,0.009199999999999875,0.0013575130089338234,2.392,2.4926,2.392,-0.007000000000000117,0.10060000000000002
2016-11-09,6.7832,0.0015000000000000568,0.0002211590216092495,2.389,2.4295,2.389,-0.0030000000000001137,0.0405000000000002
2016-11-10,6.7885,0.005300000000000082,0.0007810370505426158,2.393,2.4097,2.393,0.0040000000000000036,0.01670000000000016
2016-11-11,6.8115,0.022999999999999687,0.0033823561657794834,2.402,2.4387,2.402,0.009000000000000341,0.03669999999999973
2016-11-14,6.8291,0.017600000000000726,0.0025805330801805097,2.407,2.485,2.407,0.004999999999999893,0.07799999999999985
2016-11-15,6.8495,0.02039999999999953,0.0029827636051482664,2.415,2.5288,2.415,0.008000000000000007,0.1137999999999999
2016-11-16,6.8592,0.009700000000000486,0.0014151599522683942,2.428,2.5962,2.428,0.0129999999999999,0.16820000000000013
2016-11-17,6.8692,0.009999999999999787,0.0014568342659942997,2.436,2.686,2.436,0.008000000000000007,0.25
2016-11-18,6.8796,0.010399999999999743,0.0015128595926304088,2.444,2.735,2.444,0.008000000000000007,0.2909999999999999
2016-11-21,6.8985,0.01890000000000036,0.002743485945750834,2.448,2.7451,2.448,0.0040000000000000036,0.2970999999999999
2016-11-22,6.8779,-0.02059999999999995,-0.0029906238717769804,2.45,2.7544,2.45,0.002000000000000224,0.3043999999999998
2016-11-23,6.8904,0.01249999999999929,0.001815765698652512,2.451,2.7455,2.451,0.0009999999999998899,0.29449999999999976
2016-11-24,6.9085,0.01810000000000045,0.0026233990217603732,2.452,2.7128,2.452,0.0009999999999998899,0.26080000000000014
2016-11-25,6.9168,0.008300000000000196,0.0012006974166432114,2.458,2.7303,2.458,0.006000000000000227,0.2723
2016-11-28,6.9042,-0.012599999999999945,-0.0018233128558994398,2.466,2.7699,2.466,0.008000000000000007,0.3038999999999996
2016-11-29,6.8889,-0.015300000000000757,-0.0022185014645336922,2.481,2.8142,2.481,0.01499999999999968,0.33320000000000016
2016-11-30,6.8865,-0.0023999999999997357,-0.00034844723554780337,2.496,2.892,2.496,0.015000000000000124,0.3959999999999999
2016-12-01,6.8958,0.00930000000000053,0.001349557245381545,2.502,3.0714,2.502,0.005999999999999783,0.5694000000000004
2016-12-02,6.8794,-0.01639999999999997,-0.00238109178065658,2.501,3.1499,2.501,-0.0009999999999998899,0.6489000000000003
2016-12-05,6.887,0.007599999999999163,0.0011041377225865642,2.497,3.0866,2.497,-0.0040000000000000036,0.5895999999999999
2016-12-06,6.8575,-0.029499999999999638,-0.004292632732939898,2.493,2.9802,2.493,-0.0040000000000000036,0.4872000000000001
2016-12-07,6.8808,0.023299999999999876,0.0033919804255114054,2.491,2.8616,2.491,-0.0019999999999997797,0.37060000000000004
2016-12-08,6.8731,-0.007699999999999818,-0.001119682534328445,2.4908,2.7003,2.4908,-0.00019999999999997797,0.2094999999999998
2016-12-09,6.8972,0.024099999999999788,0.003500290423035274,2.4928,2.591,2.4928,0.0019999999999997797,0.09820000000000029
2016-12-12,6.9086,0.011400000000000077,0.0016514801881842684,2.494,2.5638,2.494,0.001200000000000312,0.06979999999999986
2016-12-13,6.8934,-0.015200000000000102,-0.002202580226786759,2.496,2.5759,2.496,0.0019999999999997797,0.07989999999999986
2016-12-14,6.9028,0.009400000000000297,0.0013626942860498045,2.499,2.5992,2.499,0.0030000000000001137,0.10020000000000007
2016-12-15,6.9289,0.026099999999999568,0.003773944052830063,2.505,2.6833,2.505,0.005999999999999783,0.17830000000000013
2016-12-16,6.9508,0.021900000000000475,0.003155690421845636,2.519,2.8636,2.519,0.014000000000000234,0.3445999999999998
2016-12-19,6.9312,-0.019600000000000506,-0.0028238024814825897,2.525,3.1065,2.525,0.005999999999999783,0.5815000000000001
2016-12-20,6.9468,0.015600000000000058,0.0022481635063425374,2.5375,3.3195,2.5375,0.012500000000000178,0.782
2016-12-21,6.9489,0.002100000000000435,0.00030225177803032687,2.544,3.486,2.544,0.00649999999999995,0.9420000000000002
2016-12-22,6.9435,-0.005399999999999849,-0.0007774035115545904,2.544,3.5092,2.544,0.0,0.9651999999999998
2016-12-23,6.9463,0.0027999999999996916,0.0004031735572761473,2.543,3.3514,2.543,-0.0009999999999998899,0.8083999999999998
2016-12-26,6.9459,-0.00039999999999995595,-5.7586271448839555e-05,2.545,3.1142,2.545,0.0019999999999997797,0.5691999999999999
2016-12-27,6.9462,0.000300000000000189,4.319001447531539e-05,2.547,2.9498,2.547,0.002000000000000224,0.40280000000000005
2016-12-28,6.9495,0.0032999999999994145,0.0004749670850748837,2.545,2.8942,2.545,-0.002000000000000224,0.3492000000000002
2016-12-29,6.9497,0.00020000000000042206,2.8778634743575075e-05,2.544,3.1229,2.544,-0.0009999999999998899,0.5789
2016-12-30,6.937,-0.012699999999999712,-0.0018290887742549232,2.543,3.2765,2.543,-0.0009999999999998899,0.7334999999999998
2016-12-31,6.937,0.0,0.0,2.543,3.2765,2.543,0.0,0.7334999999999998
2017-01-03,6.9498,0.012799999999999478,0.0018434777810540457,2.589,3.3146,2.589,0.04599999999999982,0.7256
2017-01-04,6.9526,0.00280000000000058,0.00040280815367989774,2.545,3.2602,2.545,-0.04400000000000004,0.7152000000000003
2017-01-05,6.9307,-0.021900000000000475,-0.0031548721362529572,2.474,3.0934,2.474,-0.07099999999999973,0.6193999999999997
2017-01-06,6.8668,-0.06390000000000029,-0.009262613787008113,2.441,2.8086,2.441,-0.03300000000000036,0.36760000000000037
2017-01-09,6.9262,0.05940000000000012,0.008613117845175343,2.41,2.6069,2.41,-0.030999999999999694,0.19689999999999985
2017-01-10,6.9234,-0.0027999999999996916,-0.00040434381327228506,2.399,2.491,2.399,-0.01100000000000012,0.09200000000000008
2017-01-11,6.9235,9.999999999976694e-05,1.4443666091470228e-05,2.39,2.4236,2.39,-0.008999999999999897,0.03359999999999985
2017-01-12,6.9141,-0.009399999999999409,-0.0013586173102139215,2.394,2.4145,2.394,0.0040000000000000036,0.02049999999999974
2017-01-13,6.8909,-0.02320000000000011,-0.0033611042145460872,2.398,2.394,2.398,0.0040000000000000036,-0.0040000000000000036
2017-01-16,6.8874,-0.0034999999999998366,-0.00050804527050242,2.4239,2.388,2.4239,0.025900000000000034,-0.035900000000000265
2017-01-17,6.8992,0.011800000000000033,0.0017118075350626713,2.4666,2.4381,2.4666,0.04269999999999996,-0.028500000000000192
2017-01-18,6.8525,-0.04670000000000041,-0.006791913657627866,2.5042,2.5053,2.5042,0.037599999999999856,0.001100000000000101
2017-01-19,6.8568,0.0042999999999997485,0.0006273114077320365,2.538,2.748,2.538,0.03379999999999983,0.2100000000000004
2017-01-20,6.8693,0.012500000000000178,0.0018213481550521282,2.593,3.0046,2.593,0.05500000000000016,0.41159999999999997
2017-01-22,6.8693,0.0,0.0,2.607,3.0696,2.607,0.014000000000000234,0.4625999999999997
2017-01-23,6.8572,-0.012100000000000222,-0.001763013606399147,2.637,3.0239,2.637,0.029999999999999805,0.3868999999999998
2017-01-24,6.8331,-0.024099999999999788,-0.0035207445993990965,2.662,2.9977,2.662,0.02499999999999991,0.3357000000000001
2017-01-25,6.8596,0.026500000000000412,0.0038706804480652768,2.684,2.9045,2.684,0.02200000000000024,0.22049999999999992
2017-01-26,6.8588,-0.0008000000000008001,-0.00011663167729587288,2.691,2.7523,2.691,0.006999999999999673,0.06130000000000013
2017-02-03,6.8556,-0.0031999999999996476,-0.00046666278627910043,2.652,2.7065,2.652,-0.0389999999999997,0.05449999999999999
2017-02-04,6.8556,0.0,0.0,2.648,2.7233,2.648,-0.0040000000000000036,0.07529999999999992
2017-02-06,6.8606,0.004999999999999893,0.0007290649336510916,2.628,2.6765,2.628,-0.020000000000000018,0.048499999999999766
2017-02-07,6.8604,-0.00019999999999953388,-2.9152394142403575e-05,2.6283,2.6365,2.6283,0.0002999999999997449,0.008199999999999985
2017-02-08,6.8849,0.024499999999999744,0.003564858671100455,2.633,2.642,2.633,0.0047000000000001485,0.008999999999999897
2017-02-09,6.871,-0.01389999999999958,-0.0020209516979502753,2.634,2.6734,2.634,0.0009999999999998899,0.0394000000000001
2017-02-10,6.8819,0.010899999999999466,0.0015851205610866326,2.6233,2.6742,2.6233,-0.010699999999999932,0.050899999999999945
2017-02-13,6.8898,0.00790000000000024,0.0011472804180359792,2.623,2.6792,2.623,-0.0002999999999997449,0.056199999999999584
2017-02-14,6.8806,-0.009199999999999875,-0.00133619958299381,2.6208,2.699,2.6208,-0.002200000000000202,0.07819999999999983
2017-02-15,6.8632,-0.017400000000000304,-0.0025320521684493594,2.627,2.7372,2.627,0.006199999999999761,0.1102000000000003
2017-02-16,6.8629,-0.000300000000000189,-4.3712343644321215e-05,2.6435,2.8311,2.6435,0.01650000000000018,0.1876000000000002
2017-02-17,6.8456,-0.01729999999999965,-0.0025239828112660705,2.664,2.9225,2.664,0.020500000000000185,0.25849999999999973
2017-02-20,6.8743,0.028699999999999726,0.004183710065285852,2.675,3.0169,2.675,0.010999999999999677,0.3419000000000003
2017-02-21,6.879,0.004699999999999704,0.0006834723568832593,2.691,3.1362,2.691,0.016000000000000014,0.44520000000000026
2017-02-22,6.883,0.004000000000000448,0.000581310872350213,2.706,3.3247,2.706,0.015000000000000124,0.6187
2017-02-23,6.8695,-0.013499999999999623,-0.0019632800343612317,2.716,3.4614,2.716,0.010000000000000231,0.7453999999999996
2017-02-24,6.8655,-0.004000000000000448,-0.000582453602196531,2.725,3.5217,2.725,0.008999999999999897,0.7967
2017-02-27,6.8814,0.015900000000000247,0.002313249836725278,2.711,3.511,2.711,-0.014000000000000234,0.8000000000000003
2017-02-28,6.875,-0.006400000000000183,-0.0009304760637598218,2.728,3.4249,2.728,0.017000000000000348,0.6968999999999999
2017-03-01,6.8798,0.0048000000000003595,0.0006979382026416768,2.729,3.4524,2.729,0.0009999999999998899,0.7233999999999998
2017-03-02,6.8809,0.0010999999999992127,0.00015987558806490588,2.732,3.369,2.732,0.0030000000000001137,0.637
2017-03-03,6.8896,0.008700000000000152,0.0012635708445652954,2.659,3.2942,2.659,-0.0730000000000004,0.6352000000000002
2017-03-06,6.879,-0.010600000000000165,-0.0015397356440297514,2.646,3.1643,2.646,-0.0129999999999999,0.5183
2017-03-07,6.8957,0.01670000000000016,0.00242473639093261,2.644,3.0989,2.644,-0.0019999999999997797,0.45489999999999986
2017-03-08,6.9032,0.007500000000000284,0.0010870432771511035,2.655,3.0236,2.655,0.010999999999999677,0.36860000000000026
2017-03-09,6.9125,0.009299999999999642,0.0013462946364924508,2.659,2.969,2.659,0.0040000000000000036,0.31000000000000005
2017-03-10,6.9123,-0.00019999999999953388,-2.893351079416803e-05,2.655,2.9181,2.655,-0.0040000000000000036,0.2631000000000001
2017-03-13,6.8988,-0.013500000000000512,-0.0019549499025505687,2.649,2.9009,2.649,-0.005999999999999783,0.2519
2017-03-14,6.9118,0.013000000000000789,0.001882612462830362,2.652,2.8897,2.652,0.0030000000000001137,0.2376999999999998
2017-03-15,6.9115,-0.000300000000000189,-4.3404975663853914e-05,2.656,2.8423,2.656,0.0040000000000000036,0.1862999999999997
2017-03-16,6.8862,-0.025300000000000544,-0.0036672819897344182,2.6938,2.843,2.6938,0.037799999999999834,0.1492
2017-03-17,6.8873,0.001100000000000101,0.00015972701235554153,2.725,3.0626,2.725,0.031200000000000117,0.3376000000000001
2017-03-20,6.8998,0.012500000000000178,0.0018132897309834021,2.7471,3.2279,2.7471,0.02210000000000001,0.4807999999999999
2017-03-21,6.9071,0.007299999999999862,0.001057442391880617,2.768,3.4448,2.768,0.020899999999999697,0.6768000000000001
2017-03-22,6.8889,-0.018200000000000216,-0.0026384474569629106,2.791,3.9072,2.791,0.02300000000000013,1.1162
2017-03-23,6.8856,-0.0032999999999994145,-0.00047914625766953736,2.807,4.2081,2.807,0.016000000000000014,1.4011
2017-03-24,6.8845,-0.001100000000000101,-0.00015976645083765206,2.784,4.2242,2.784,-0.02300000000000013,1.4402
2017-03-27,6.8701,-0.01440000000000019,-0.002093845733213281,2.7993,4.073,2.7993,0.015300000000000313,1.2737000000000003
2017-03-28,6.8782,0.008099999999999774,0.0011783276386473128,2.791,3.9481,2.791,-0.008300000000000196,1.1571000000000002
2017-03-29,6.8915,0.01330000000000009,0.0019317783446324008,2.81,3.5825,2.81,0.019000000000000128,0.7725
2017-03-30,6.8889,-0.0026000000000001577,-0.00037734754155925744,2.821,3.5799,2.821,0.01100000000000012,0.7588999999999997
2017-03-31,6.8993,0.010400000000000631,0.0015085365707283899,2.85,3.6441,2.85,0.028999999999999915,0.7940999999999998
2017-04-01,6.8993,0.0,0.0,2.778,3.9382,2.778,-0.07200000000000006,1.1602000000000001
2017-04-05,6.8906,-0.008700000000000152,-0.0012617932188469774,2.74,3.7096,2.74,-0.03799999999999981,0.9695999999999998
2017-04-06,6.893,0.0023999999999997357,0.00034823994083613526,2.7506,3.6176,2.7506,0.01059999999999972,0.867
2017-04-07,6.8949,0.0019000000000000128,0.00027560397334280677,2.741,3.438,2.741,-0.009599999999999831,0.6970000000000001
2017-04-10,6.9042,0.00930000000000053,0.001347914198473345,2.707,3.2122,2.707,-0.03400000000000025,0.5052000000000003
2017-04-11,6.8957,-0.008500000000000618,-0.0012318931405212535,2.687,2.924,2.687,-0.020000000000000018,0.2370000000000001
2017-04-12,6.894,-0.0016999999999995907,-0.0002465608401360629,2.6631,2.9174,2.6631,-0.02389999999999981,0.2543000000000002
2017-04-13,6.8651,-0.028900000000000148,-0.00420086233844291,2.6566,2.8846,2.6566,-0.00649999999999995,0.22799999999999976
2017-04-14,6.874,0.008899999999999686,0.0012955726714112246,2.674,2.8213,2.674,0.01739999999999986,0.1473
2017-04-17,6.8785,0.0045000000000001705,0.0006544264912710068,2.69,2.8147,2.69,0.016000000000000014,0.12470000000000026
2017-04-18,6.8849,0.006400000000000183,0.0009300028279760302,2.7175,2.9238,2.7175,0.027499999999999858,0.20630000000000015
2017-04-19,6.8664,-0.018500000000000405,-0.002690656325016226,2.752,3.0501,2.752,0.034499999999999975,0.29810000000000025
2017-04-20,6.8792,0.012800000000000367,0.001862414692676547,2.758,3.1615,2.758,0.006000000000000227,0.4035000000000002
2017-04-21,6.8823,0.0030999999999998806,0.00045053228971207493,2.76,3.3123,2.76,0.0019999999999997797,0.5523000000000002
2017-04-24,6.8673,-0.01499999999999968,-0.002181882520329788,2.79,3.4346,2.79,0.03000000000000025,0.6446000000000001
2017-04-25,6.8833,0.016000000000000014,0.002327172228262522,2.814,3.4922,2.814,0.02400000000000002,0.6781999999999999
2017-04-26,6.8845,0.0011999999999998678,0.00017431979009550617,2.8203,3.5951,2.8203,0.006299999999999972,0.7747999999999999
2017-04-27,6.8896,0.00509999999999966,0.000740520285616756,2.8449,3.7161,2.8449,0.024599999999999955,0.8712
2017-04-28,6.8931,0.0034999999999998366,0.0005078830817232225,2.8699,3.8941,2.8699,0.02499999999999991,1.0242
2017-05-02,6.8956,0.002500000000000391,0.0003626157690563965,2.873,4.0162,2.873,0.0031000000000003247,1.1432000000000002
2017-05-03,6.8892,-0.006400000000000183,-0.000928559059232187,2.913,3.9823,2.913,0.03999999999999959,1.0693000000000001
2017-05-04,6.8957,0.00649999999999995,0.0009430609553553891,2.927,3.9837,2.927,0.014000000000000234,1.0566999999999998
2017-05-05,6.8884,-0.007299999999999862,-0.0010591914862023793,2.9186,3.944,2.9186,-0.008399999999999963,1.0253999999999999
2017-05-08,6.8947,0.006300000000000416,0.0009141630603768943,2.9091,3.7193,2.9091,-0.009500000000000064,0.8102
2017-05-09,6.9037,0.008999999999999453,0.001304499257347014,2.9233,3.5207,2.9233,0.014199999999999768,0.5974000000000004
2017-05-10,6.9066,0.0029000000000003467,0.00041997640060325854,2.93,3.4389,2.93,0.006700000000000372,0.5088999999999997
2017-05-11,6.9051,-0.0015000000000000568,-0.0002172071513133897,2.9294,3.3186,2.9294,-0.000600000000000378,0.3892000000000002
2017-05-12,6.8948,-0.010299999999999976,-0.001492764717521766,2.9107,3.2217,2.9107,-0.01869999999999994,0.31099999999999994
2017-05-15,6.8852,-0.009599999999999831,-0.0013933238828854944,2.8833,3.1931,2.8833,-0.027399999999999647,0.30979999999999963
2017-05-16,6.879,-0.0062000000000006494,-0.0009008878713367356,2.8827,3.1731,2.8827,-0.000600000000000378,0.2904
2017-05-17,6.8635,-0.015499999999999403,-0.0022557768342997496,2.882,3.1666,2.882,-0.0006999999999997009,0.28459999999999974
2017-05-18,6.8612,-0.0022999999999999687,-0.0003351621560443133,2.8867,3.1656,2.8867,0.004699999999999704,0.27890000000000015
2017-05-19,6.8786,0.017399999999999416,0.0025327893130583706,2.88,3.1749,2.88,-0.006699999999999928,0.29490000000000016
2017-05-22,6.8673,-0.011299999999999422,-0.0016441269826594476,2.8679,3.1533,2.8679,-0.012099999999999778,0.2854000000000001
2017-05-23,6.8661,-0.0011999999999998678,-0.00017475643366597103,2.8571,3.121,2.8571,-0.010800000000000143,0.2639
2017-05-24,6.8758,0.009699999999999598,0.0014117409690097495,2.8426,3.072,2.8426,-0.014499999999999957,0.22940000000000005
2017-05-25,6.8695,-0.006299999999999528,-0.0009166770374099401,2.843,3.029,2.843,0.00039999999999995595,0.18599999999999994
2017-05-26,6.8698,0.0002999999999993008,4.36703471133504e-05,2.853,3.0996,2.853,0.010000000000000231,0.24659999999999993
2017-05-27,6.8698,0.0,0.0,2.854,3.1765,2.854,0.0009999999999998899,0.3224999999999998
2017-05-31,6.8633,-0.00649999999999995,-0.0009466180957510706,2.856,3.1523,2.856,0.0019999999999997797,0.2963
2017-06-01,6.809,-0.05429999999999957,-0.007943109132398454,2.866,3.1713,2.866,0.010000000000000231,0.3052999999999999
2017-06-02,6.807,-0.0019999999999997797,-0.00029377203501515823,2.884,3.2299,2.884,0.017999999999999794,0.3459000000000003
2017-06-05,6.7935,-0.013500000000000512,-0.0019852217835732507,2.894,3.2458,2.894,0.010000000000000231,0.3517999999999999
2017-06-06,6.7934,-9.999999999976694e-05,-1.4720061235717051e-05,2.8959,3.2587,2.8959,0.0019000000000000128,0.3628
2017-06-07,6.7858,-0.007600000000000051,-0.0011193591365535871,2.8919,3.3436,2.8919,-0.0040000000000000036,0.45169999999999977
2017-06-08,6.793,0.007200000000000095,0.0010604767247131173,2.8939,3.3769,2.8939,0.0019999999999997797,0.4830000000000001
2017-06-09,6.7971,0.004100000000000215,0.0006033804202162193,2.8949,3.3791,2.8949,0.0009999999999998899,0.4842000000000004
2017-06-12,6.7948,-0.0022999999999999687,-0.00033843686636211216,2.8968,3.3316,2.8968,0.0019000000000000128,0.4348000000000001
2017-06-13,6.7954,0.0005999999999994898,8.829892133882353e-05,2.9,3.3138,2.9,0.0032000000000000917,0.41380000000000017
2017-06-14,6.7939,-0.0015000000000000568,-0.0002207619238800901,2.9026,3.2862,2.9026,0.0026000000000001577,0.38359999999999994
2017-06-15,6.7852,-0.008700000000000152,-0.0012813811210470286,2.9047,3.2722,2.9047,0.0020999999999999908,0.36750000000000016
2017-06-16,6.7995,0.014300000000000423,0.002105310427445997,2.914,3.2783,2.914,0.009300000000000086,0.36430000000000007
2017-06-19,6.7972,-0.0022999999999999687,-0.0003383173890631779,2.9204,3.3138,2.9204,0.006399999999999739,0.3934000000000002
2017-06-20,6.8096,0.012399999999999523,0.001822618607265457,2.93,3.3537,2.93,0.009600000000000275,0.42369999999999974
2017-06-21,6.8193,0.009700000000000486,0.00142344600633136,2.9429,3.4061,2.9429,0.01289999999999969,0.46320000000000006
2017-06-22,6.8197,0.00039999999999995595,5.865532665368626e-05,2.9432,3.4536,2.9432,0.000300000000000189,0.5103999999999997
2017-06-23,6.8238,0.004100000000000215,0.0006010188182531722,2.936,3.4442,2.936,-0.007200000000000095,0.5082
2017-06-26,6.822,-0.0018000000000002458,-0.0002638174398628405,2.9063,3.3613,2.9063,-0.02970000000000006,0.45500000000000007
2017-06-27,6.8292,0.007200000000000095,0.0010548524184874532,2.8834,3.4131,2.8834,-0.02289999999999992,0.5297000000000001
2017-06-28,6.8053,-0.023900000000000254,-0.00350581605178994,2.8577,3.4662,2.8577,-0.025700000000000056,0.6085000000000003
2017-06-29,6.794,-0.01130000000000031,-0.0016618506247594678,2.8507,3.5516,2.8507,-0.007000000000000117,0.7009000000000003
2017-06-30,6.7744,-0.019599999999999618,-0.002889067779983161,2.8455,3.6344,2.8455,-0.005199999999999871,0.7888999999999999
2017-07-03,6.7772,0.0027999999999996916,0.000413235343405059,2.841,3.7954,2.841,-0.0044999999999997264,0.9543999999999997
2017-07-04,6.7889,0.011700000000000266,0.00172488819938806,2.8299,3.6822,2.8299,-0.011100000000000332,0.8523000000000001
2017-07-05,6.7922,0.0033000000000003027,0.00048596948184557315,2.8028,3.5319,2.8028,-0.027099999999999902,0.7290999999999999
2017-07-06,6.7953,0.0030999999999998806,0.0004563017558472266,2.7919,3.3473,2.7919,-0.01089999999999991,0.5554000000000001
2017-07-07,6.7914,-0.0038999999999997925,-0.0005740908546024155,2.7858,3.183,2.7858,-0.006099999999999994,0.3971999999999998
2017-07-10,6.7964,0.004999999999999893,0.000735954345174243,2.784,2.9869,2.784,-0.0018000000000002458,0.20290000000000008
2017-07-11,6.7983,0.0019000000000000128,0.00027952069738509103,2.812,2.9214,2.812,0.028000000000000025,0.10940000000000039
2017-07-12,6.7868,-0.011499999999999844,-0.0016930317402043132,2.8156,2.9248,2.8156,0.0036000000000000476,0.10919999999999996
2017-07-13,6.7802,-0.006600000000000605,-0.0009729491443425211,2.8184,2.9627,2.8184,0.0028000000000001357,0.14429999999999987
2017-07-14,6.7774,-0.0027999999999996916,-0.00041305246353471117,2.803,3.0033,2.803,-0.01540000000000008,0.20029999999999992
2017-07-17,6.7562,-0.02120000000000033,-0.0031329457558147518,2.8057,3.0101,2.8057,0.0026999999999999247,0.20440000000000014
2017-07-18,6.7611,0.0049000000000001265,0.0007249968876369933,2.8293,3.0428,2.8293,0.023600000000000065,0.21350000000000025
2017-07-19,6.7451,-0.016000000000000014,-0.0023692833638877813,2.842,3.1629,2.842,0.012700000000000156,0.32089999999999996
2017-07-20,6.7464,0.001300000000000523,0.00019271393159008544,2.853,3.3684,2.853,0.01100000000000012,0.5153999999999996
2017-07-21,6.7415,-0.0049000000000001265,-0.0007265771863025454,2.847,3.4621,2.847,-0.006000000000000227,0.6151
2017-07-24,6.741,-0.0005000000000006111,-7.417022069047233e-05,2.845,3.5345,2.845,-0.0019999999999997797,0.6894999999999998
2017-07-25,6.7485,0.007500000000000284,0.001111976095897898,2.849,3.5501,2.849,0.0040000000000000036,0.7010999999999998
2017-07-26,6.7529,0.004400000000000404,0.0006517842824844922,2.849,3.5637,2.849,0.0,0.7146999999999997
2017-07-27,6.7307,-0.022200000000000664,-0.00329289211483624,2.8626,3.5372,2.8626,0.013599999999999834,0.6745999999999999
2017-07-28,6.7373,0.006600000000000605,0.000980101058557899,2.877,3.5892,2.877,0.014399999999999746,0.7122000000000002
2017-07-31,6.7283,-0.009000000000000341,-0.0013367397427749882,2.882,3.6279,2.882,0.0050000000000003375,0.7458999999999998
2017-08-01,6.7148,-0.013499999999999623,-0.002008465984509076,2.886,3.6998,2.886,0.0040000000000000036,0.8138000000000001
2017-08-02,6.7205,0.005700000000000038,0.0008485110629441709,2.892,3.7094,2.892,0.005999999999999783,0.8174000000000001
2017-08-03,6.7211,0.0005999999999994898,8.92750863583598e-05,2.884,3.6546,2.884,-0.008000000000000007,0.7706
2017-08-04,6.7132,-0.00790000000000024,-0.0011760941635374235,2.8657,3.5258,2.8657,-0.018299999999999983,0.6600999999999999
2017-08-07,6.7228,0.009600000000000719,0.0014289969683874192,2.865,3.3854,2.865,-0.0006999999999997009,0.5204
2017-08-08,6.7184,-0.004400000000000404,-0.0006547034724827001,2.871,3.2561,2.871,0.005999999999999783,0.3851
2017-08-09,6.7075,-0.010900000000000354,-0.0016237276301496319,2.8821,3.2025,2.8821,0.011099999999999888,0.32040000000000024
2017-08-10,6.677,-0.03049999999999997,-0.004557518441910401,2.8767,3.1723,2.8767,-0.005399999999999849,0.29559999999999986
2017-08-11,6.6642,-0.012799999999999478,-0.0019188684567393666,2.8725,3.1697,2.8725,-0.0041999999999999815,0.29720000000000013
2017-08-14,6.6601,-0.004100000000000215,-0.0006154169644037691,2.868,3.1632,2.868,-0.0045000000000001705,0.2951999999999999
2017-08-15,6.6689,0.008799999999999919,0.0013204293313213884,2.874,3.197,2.874,0.006000000000000227,0.32299999999999995
2017-08-16,6.6779,0.009000000000000341,0.0013486380801569385,2.88,3.2457,2.88,0.005999999999999783,0.3656999999999999
2017-08-17,6.6709,-0.007000000000000561,-0.001048783507376855,2.8927,3.4116,2.8927,0.012700000000000156,0.5188999999999999
2017-08-18,6.6744,0.0035000000000007248,0.0005245292470378057,2.894,3.5893,2.894,0.0013000000000000789,0.6953
2017-08-21,6.6709,-0.0035000000000007248,-0.0005245292470378569,2.897,3.6456,2.897,0.0029999999999996696,0.7486000000000002
2017-08-22,6.6597,-0.011199999999999655,-0.0016803448659956709,2.8985,3.6828,2.8985,0.0015000000000000568,0.7843
2017-08-23,6.6633,0.0035999999999996035,0.0005404188377415299,2.9028,3.7449,2.9028,0.0043000000000001926,0.8420999999999998
2017-08-24,6.6525,-0.010799999999999699,-0.001622133460728556,2.904,3.7293,2.904,0.0011999999999998678,0.8252999999999999
2017-08-25,6.6579,0.005399999999999849,0.0008113956449488297,2.9098,3.6589,2.9098,0.005800000000000249,0.7490999999999999
2017-08-28,6.6353,-0.02259999999999973,-0.003400237982483764,2.9064,3.658,2.9064,-0.0034000000000000696,0.7515999999999998
2017-08-29,6.6293,-0.006000000000000227,-0.0009046636022508248,2.921,3.6574,2.921,0.014599999999999724,0.7364000000000002
2017-08-30,6.6102,-0.019099999999999895,-0.002885307337984154,2.9266,3.6832,2.9266,0.005600000000000271,0.7565999999999997
2017-08-31,6.601,-0.009199999999999875,-0.0013927578853034689,2.8879,3.7922,2.8879,-0.03869999999999996,0.9042999999999997
2017-09-01,6.5909,-0.010099999999999554,-0.001531242955671228,2.8764,3.8801,2.8764,-0.011500000000000288,1.0037000000000003
2017-09-04,6.5668,-0.024100000000000676,-0.0036632583127365072,2.8572,3.7946,2.8572,-0.019199999999999662,0.9373999999999998
2017-09-05,6.537,-0.029799999999999827,-0.00454830680763353,2.8202,3.6906,2.8202,-0.037000000000000366,0.8704000000000001
2017-09-06,6.5311,-0.005899999999999572,-0.0009029622364192804,2.8092,3.5326,2.8092,-0.010999999999999677,0.7233999999999998
2017-09-07,6.5269,-0.0041999999999999815,-0.0006432838328741388,2.8056,3.3383,2.8056,-0.0036000000000000476,0.5326999999999997
2017-09-08,6.5032,-0.02370000000000072,-0.00363773511107372,2.8023,3.1848,2.8023,-0.0033000000000003027,0.3825000000000003
2017-09-11,6.4997,-0.0034999999999998366,-0.0005383414599093905,2.8014,3.1479,2.8014,-0.0008999999999996788,0.3464999999999998
2017-09-12,6.5277,0.02800000000000047,0.004298638733133154,2.8036,3.1335,2.8036,0.0021999999999997577,0.3299000000000003
2017-09-13,6.5382,0.01049999999999951,0.0016072375053093532,2.8056,3.1783,2.8056,0.002000000000000224,0.37270000000000003
2017-09-14,6.5465,0.008300000000000196,0.0012686574569126298,2.8239,3.2513,2.8239,0.018299999999999983,0.4274
2017-09-15,6.5423,-0.0041999999999999815,-0.0006417700849816856,2.832,3.3085,2.832,0.008099999999999774,0.47650000000000015
2017-09-18,6.5419,-0.00039999999999995595,-6.114244663404633e-05,2.844,3.3963,2.844,0.01200000000000001,0.5523000000000002
2017-09-19,6.553,0.011099999999999888,0.0016953169033046818,2.868,3.4987,2.868,0.02400000000000002,0.6307
2017-09-20,6.567,0.014000000000000234,0.0021341471514758994,2.869,3.6195,2.869,0.001000000000000334,0.7504999999999997
2017-09-21,6.5867,0.019700000000000273,0.0029953571587160097,2.869,3.6907,2.869,0.0,0.8216999999999999
2017-09-22,6.5861,-0.000600000000000378,-9.109680560171787e-05,2.858,3.7221,2.858,-0.01100000000000012,0.8641000000000001
2017-09-25,6.5945,0.008399999999999963,0.0012746007218525056,2.8987,3.6816,2.8987,0.040699999999999736,0.7829000000000002
2017-09-26,6.6076,0.013099999999999667,0.0019845334150460476,2.9291,3.6214,2.9291,0.030400000000000205,0.6922999999999999
2017-09-27,6.6192,0.011600000000000499,0.0017540150261615615,2.9494,3.5786,2.9494,0.020299999999999763,0.6292
2017-09-28,6.6285,0.009299999999999642,0.0014040175317572264,2.9675,3.5568,2.9675,0.018100000000000005,0.5893000000000002
2017-09-29,6.6369,0.008399999999999963,0.001266452745146329,2.9639,3.554,2.9639,-0.0035999999999996035,0.5900999999999996
2017-09-30,6.6369,0.0,0.0,2.9671,3.6656,2.9671,0.0031999999999996476,0.6985000000000001
2017-10-09,6.6493,0.01240000000000041,0.0018665989673995011,2.9201,3.5853,2.9201,-0.04699999999999971,0.6652
2017-10-10,6.6273,-0.02200000000000024,-0.0033141045352012423,2.939,3.5593,2.939,0.018899999999999917,0.6202999999999999
2017-10-11,6.5841,-0.04319999999999968,-0.006539829839326249,2.9247,3.6154,2.9247,-0.01429999999999998,0.6907000000000001
2017-10-12,6.5808,-0.0033000000000003027,-0.0005013331007629825,2.886,3.5417,2.886,-0.03869999999999996,0.6557
2017-10-13,6.5866,0.005799999999999805,0.0008809636488773546,2.8516,3.3809,2.8516,-0.03440000000000021,0.5293000000000001
2017-10-16,6.5839,-0.0026999999999999247,-0.00041000721883359046,2.848,3.3225,2.848,-0.0036000000000000476,0.4744999999999999
2017-10-17,6.5883,0.004400000000000404,0.0006680736951537319,2.8483,3.2451,2.8483,0.000300000000000189,0.3967999999999998
2017-10-18,6.5991,0.010799999999999699,0.0016379274784301349,2.8468,3.1497,2.8468,-0.0015000000000000568,0.30290000000000017
2017-10-19,6.6093,0.010200000000000209,0.0015444720068418288,2.8405,3.1332,2.8405,-0.006299999999999972,0.29269999999999996
2017-10-20,6.6092,-9.999999999976694e-05,-1.5130309793396864e-05,2.8379,3.1185,2.8379,-0.0026000000000001577,0.2806000000000002
2017-10-23,6.6205,0.011299999999999422,0.0017082780029757136,2.8341,3.0991,2.8341,-0.0038000000000000256,0.2650000000000001
2017-10-24,6.6268,0.006300000000000416,0.0009511372845709117,2.8343,3.0704,2.8343,0.00019999999999997797,0.23609999999999998
2017-10-25,6.6322,0.005399999999999849,0.0008145411114811617,2.8594,3.0681,2.8594,0.025100000000000122,0.20869999999999989
2017-10-26,6.6288,-0.0034000000000000696,-0.0005127818527261713,2.8699,3.1712,2.8699,0.010499999999999954,0.3012999999999999
2017-10-27,6.6473,0.018500000000000405,0.0027869648427461336,2.8788,3.3223,2.8788,0.00890000000000013,0.4434999999999998
2017-10-30,6.6487,0.0013999999999994017,0.00021058965180103254,2.888,3.4375,2.888,0.009199999999999875,0.5495000000000001
2017-10-31,6.6397,-0.008999999999999453,-0.001354565090776076,2.894,3.5958,2.894,0.006000000000000227,0.7018
2017-11-01,6.63,-0.009700000000000486,-0.001461977547000194,2.894,3.7402,2.894,0.0,0.8462000000000001
2017-11-02,6.6196,-0.010399999999999743,-0.0015698590351200178,2.859,3.7184,2.859,-0.03500000000000014,0.8593999999999999
2017-11-03,6.6072,-0.01240000000000041,-0.001874981648281045,2.8249,3.5645,2.8249,-0.03410000000000002,0.7395999999999998
2017-11-06,6.6247,0.01750000000000007,0.0026451243137408983,2.797,3.4015,2.797,-0.027899999999999814,0.6044999999999998
2017-11-07,6.6216,-0.0030999999999998806,-0.0004680552390621538,2.7878,3.2245,2.7878,-0.009200000000000319,0.4367000000000001
2017-11-08,6.6277,0.006099999999999994,0.0009208034282574665,2.7892,3.0707,2.7892,0.00140000000000029,0.28149999999999986
2017-11-09,6.6325,0.0048000000000003595,0.0007239710124514426,2.811,3.0009,2.811,0.02179999999999982,0.18990000000000018
2017-11-10,6.6282,-0.004300000000000637,-0.0006485329056104108,2.8455,3.0416,2.8455,0.034499999999999975,0.19609999999999994
2017-11-13,6.6347,0.00649999999999995,0.0009801778676466573,2.8592,3.1456,2.8592,0.013700000000000045,0.2864
2017-11-14,6.6399,0.0052000000000003155,0.0007834511421781045,2.8765,3.2481,2.8765,0.017300000000000093,0.37159999999999993
2017-11-15,6.6263,-0.013600000000000279,-0.002050324096476693,2.886,3.3596,2.886,0.009500000000000064,0.4735999999999998
2017-11-16,6.6286,0.0022999999999999687,0.0003470414749389052,2.886,3.4871,2.886,0.0,0.6010999999999997
2017-11-17,6.6277,-0.0008999999999996788,-0.00013578449512793853,2.865,3.5248,2.865,-0.020999999999999908,0.6597999999999997
2017-11-20,6.6271,-0.0005999999999994898,-9.053324084998115e-05,2.859,3.4805,2.859,-0.006000000000000227,0.6215000000000002
2017-11-21,6.6356,0.00849999999999973,0.0012817904595266761,2.861,3.456,2.861,0.002000000000000224,0.5949999999999998
2017-11-22,6.629,-0.006600000000000605,-0.0009951299767285617,2.868,3.4905,2.868,0.006999999999999673,0.6225
2017-11-23,6.6021,-0.02689999999999948,-0.004066183017792521,2.871,3.5411,2.871,0.0030000000000001137,0.6701000000000001
2017-11-24,6.581,-0.021099999999999675,-0.0032010707674798014,2.873,3.5933,2.873,0.002000000000000224,0.7202999999999999
2017-11-27,6.5874,0.006399999999999295,0.0009720240126225718,2.883,3.6968,2.883,0.009999999999999787,0.8138000000000001
2017-11-28,6.5944,0.007000000000000561,0.0010620705302761021,2.883,3.7491,2.883,0.0,0.8660999999999999
2017-11-29,6.6011,0.006699999999999484,0.0010154977948198544,2.877,3.8307,2.877,-0.006000000000000227,0.9537000000000004
2017-11-30,6.6034,0.0022999999999999687,0.0003483660908417878,2.898,3.8311,2.898,0.02100000000000035,0.9331
2017-12-01,6.6067,0.0033000000000003027,0.0004996177271398722,2.851,3.8057,2.851,-0.04700000000000015,0.9546999999999999
2017-12-04,6.6105,0.0038000000000000256,0.0005750083383320041,2.816,3.6323,2.816,-0.03500000000000014,0.8163
2017-12-05,6.6113,0.0007999999999999119,0.00012101226776623366,2.799,3.4641,2.799,-0.016999999999999904,0.6651000000000002
2017-12-06,6.6163,0.004999999999999893,0.0007559950766786874,2.787,3.2772,2.787,-0.01200000000000001,0.4902000000000002
2017-12-07,6.6195,0.0032000000000005357,0.0004835370831154431,2.791,3.1406,2.791,0.0040000000000000036,0.34960000000000013
2017-12-08,6.6218,0.0022999999999999687,0.0003473979175958771,2.799,3.0494,2.799,0.008000000000000007,0.25039999999999996
2017-12-11,6.6152,-0.006600000000000605,-0.0009972048873506617,2.818,3.0535,2.818,0.019000000000000128,0.23550000000000004
2017-12-12,6.6162,0.001000000000000334,0.00015115558473092754,2.83,3.1103,2.83,0.01200000000000001,0.2803
2017-12-13,6.6251,0.008899999999999686,0.0013442790874393451,2.851,3.2126,2.851,0.020999999999999908,0.36160000000000014
2017-12-14,6.6033,-0.02179999999999982,-0.0032959420239592413,2.868,3.3328,2.868,0.016999999999999904,0.4648000000000003
2017-12-15,6.6113,0.008000000000000007,0.0012107821617496147,2.871,3.4106,2.871,0.0030000000000001137,0.5396000000000001
2017-12-18,6.6162,0.0049000000000001265,0.000740880774770195,2.871,3.4402,2.871,0.0,0.5691999999999999
2017-12-19,6.6098,-0.006400000000000183,-0.0009677907907955048,2.873,3.4616,2.873,0.002000000000000224,0.5885999999999996
2017-12-20,6.6066,-0.0031999999999996476,-0.00048424685429186584,2.874,3.4657,2.874,0.0009999999999998899,0.5916999999999999
2017-12-21,6.5795,-0.027099999999999902,-0.004110394757405121,2.871,3.4184,2.871,-0.0030000000000001137,0.5474000000000001
2017-12-22,6.5821,0.0025999999999992696,0.00039508874814923525,2.867,3.3467,2.867,-0.0040000000000000036,0.4796999999999998
2017-12-25,6.5683,-0.013799999999999812,-0.0020987962443252267,2.881,3.267,2.881,0.01399999999999979,0.3860000000000001
2017-12-26,6.5416,-0.026699999999999946,-0.0040732632462518,2.892,3.304,2.892,0.01100000000000012,0.4119999999999999
2017-12-27,6.5421,0.0004999999999997229,7.643097904156299e-05,2.905,3.5753,2.905,0.0129999999999999,0.6703000000000001
2017-12-28,6.5412,-0.0008999999999996788,-0.00013757996857358836,2.925,3.9626,2.925,0.020000000000000018,1.0376000000000003
2017-12-29,6.5342,-0.006999999999999673,-0.0010707130441513805,2.954,4.7694,2.954,0.02900000000000036,1.8154
2017-12-30,6.5342,0.0,0.0,2.954,4.7694,2.954,0.0,1.8154
2017-12-31,6.5342,0.0,0.0,2.954,4.7694,2.954,0.0,1.8154
2018-01-02,6.5079,-0.02629999999999999,-0.004033098296958564,2.839,5.2286,2.839,-0.11500000000000021,2.3896
2018-01-03,6.492,-0.015900000000000247,-0.002446173882643729,2.785,4.9651,2.785,-0.053999999999999826,2.1800999999999995
2018-01-04,6.5043,0.012299999999999756,0.0018928469906728748,2.76,4.5499,2.76,-0.025000000000000355,1.7899000000000003
2018-01-05,6.4915,-0.012799999999999478,-0.001969867824846571,2.745,4.0841,2.745,-0.01499999999999968,1.3391000000000002
2018-01-08,6.4832,-0.008300000000000196,-0.0012794131859986055,2.737,3.3795,2.737,-0.008000000000000007,0.6425000000000001
2018-01-09,6.4968,0.013600000000000279,0.0020955323538915955,2.744,2.9128,2.744,0.007000000000000117,0.16879999999999962
2018-01-10,6.5207,0.023899999999999366,0.003671984152804617,2.776,2.891,2.776,0.031999999999999584,0.11500000000000021
2018-01-11,6.5147,-0.005999999999999339,-0.0009205702047845775,2.832,2.929,2.832,0.05600000000000005,0.09699999999999998
2018-01-12,6.4932,-0.02150000000000052,-0.0033056864795312753,2.864,3.0477,2.864,0.03200000000000003,0.18369999999999997
2018-01-15,6.4574,-0.035800000000000054,-0.005528715455746008,2.86,3.1623,2.86,-0.0040000000000000036,0.30230000000000024
2018-01-16,6.4372,-0.020199999999999996,-0.003133097036604106,2.879,3.2817,2.879,0.019000000000000128,0.40269999999999984
2018-01-17,6.4335,-0.0036999999999993705,-0.0005749493192948278,2.878,3.3584,2.878,-0.0009999999999998899,0.48039999999999994
2018-01-18,6.4401,0.006599999999999717,0.0010253543031075187,2.878,3.4697,2.878,0.0,0.5916999999999999
2018-01-19,6.4169,-0.02320000000000011,-0.003608932905109228,2.891,3.5581,2.891,0.0129999999999999,0.6671
2018-01-22,6.4112,-0.005700000000000038,-0.000888674141163178,2.889,3.5352,2.889,-0.002000000000000224,0.6462000000000003
2018-01-23,6.4009,-0.010299999999999976,-0.0016078554208853629,2.863,3.4762,2.863,-0.0259999999999998,0.6132
2018-01-24,6.3916,-0.009299999999999642,-0.001453977195761323,2.832,3.3999,2.832,-0.03100000000000014,0.5679000000000003
2018-01-25,6.3724,-0.01920000000000055,-0.0030084635664937302,2.8498,3.2796,2.8498,0.01780000000000026,0.42979999999999974
2018-01-26,6.3436,-0.028799999999999493,-0.004529734074293904,2.842,3.2233,2.842,-0.007800000000000029,0.3813
2018-01-29,6.3267,-0.01690000000000058,-0.002667657438617459,2.842,3.2299,2.842,0.0,0.38790000000000013
2018-01-30,6.3312,0.0045000000000001705,0.0007110184453313694,2.838,3.2416,2.838,-0.0040000000000000036,0.40359999999999996
2018-01-31,6.3339,0.0026999999999999247,0.00042636853098715707,2.8298,3.266,2.8298,-0.008199999999999985,0.4361999999999999
2018-02-01,6.3045,-0.02939999999999987,-0.004652496048865862,2.7925,3.2741,2.7925,-0.03730000000000011,0.4815999999999998
2018-02-02,6.2885,-0.016000000000000014,-0.0025410956260708433,2.788,3.1734,2.788,-0.0045000000000001705,0.3854000000000002
2018-02-05,6.3019,0.013399999999999856,0.0021286067256925134,2.7758,3.0792,2.7758,-0.012199999999999989,0.30340000000000034
2018-02-06,6.3072,0.005300000000000082,0.0008406627454985024,2.7706,2.9935,2.7706,-0.005199999999999871,0.2229000000000001
2018-02-07,6.2882,-0.019000000000000128,-0.0030169767394022068,2.771,2.9277,2.771,0.00039999999999995595,0.15670000000000028
2018-02-08,6.2822,-0.006000000000000227,-0.0009546236326056473,2.904,2.8711,2.904,0.133,-0.03289999999999971
2018-02-09,6.3194,0.037200000000000344,0.005904029338874499,2.918,2.9121,2.918,0.014000000000000234,-0.005900000000000016
2018-02-11,6.3194,0.0,0.0,2.917,2.9414,2.917,-0.001000000000000334,0.024399999999999977
2018-02-12,6.3001,-0.019300000000000317,-0.0030587606557457504,2.918,2.9472,2.918,0.001000000000000334,0.029199999999999893
2018-02-13,6.3247,0.0246000000000004,0.003897096371281964,2.928,3.0042,2.928,0.009999999999999787,0.07620000000000005
2018-02-14,6.3428,0.01810000000000045,0.0028577086746083493,2.91,3.0751,2.91,-0.017999999999999794,0.1650999999999998
2018-02-22,6.353,0.01019999999999932,0.0016068309511207241,2.891,3.0297,2.891,-0.019000000000000128,0.13870000000000005
2018-02-23,6.3482,-0.004799999999999471,-0.0007558341303992636,2.881,3.0879,2.881,-0.010000000000000231,0.20690000000000008
2018-02-24,6.3482,0.0,0.0,2.876,3.1298,2.876,-0.004999999999999893,0.2538
2018-02-26,6.3378,-0.010400000000000631,-0.001639603078962484,2.87,3.07,2.87,-0.005999999999999783,0.19999999999999973
2018-02-27,6.3146,-0.02319999999999922,-0.003667292529711395,2.861,3.1102,2.861,-0.008999999999999897,0.24919999999999964
2018-02-28,6.3294,0.014799999999999258,0.002341032388357969,2.906,3.2111,2.906,0.04499999999999993,0.3050999999999999
2018-03-01,6.3352,0.0058000000000006935,0.0009159389803847364,2.896,3.2761,2.896,-0.010000000000000231,0.3801000000000001
2018-03-02,6.3334,-0.0018000000000002458,-0.0002841671553467332,2.897,3.2797,2.897,0.0009999999999998899,0.38270000000000026
2018-03-05,6.3431,0.009699999999999598,0.001530391179457293,2.894,3.3326,2.894,-0.0029999999999996696,0.43859999999999966
2018-03-06,6.3386,-0.0045000000000001705,-0.0007096840626839592,2.886,3.3242,2.886,-0.008000000000000007,0.4381999999999997
2018-03-07,6.3294,-0.009199999999999875,-0.0014524789418112855,2.873,3.2836,2.873,-0.0129999999999999,0.41059999999999963
2018-03-08,6.3239,-0.005499999999999616,-0.0008693384882022527,2.862,3.1959,2.862,-0.01100000000000012,0.33389999999999986
2018-03-09,6.3451,0.02120000000000033,0.003346755037970274,2.857,3.1448,2.857,-0.004999999999999893,0.28779999999999983
2018-03-12,6.3333,-0.011800000000000033,-0.0018614341568633226,2.858,3.0818,2.858,0.0009999999999998899,0.22379999999999978
2018-03-13,6.3218,-0.011500000000000732,-0.00181744959194212,2.87,3.0419,2.87,0.01200000000000001,0.17189999999999994
2018-03-14,6.3205,-0.0012999999999996348,-0.00020565878116828831,2.869,3.0775,2.869,-0.0009999999999998899,0.2084999999999999
2018-03-15,6.3141,-0.006400000000000183,-0.0010130911223764293,2.866,3.0991,2.866,-0.0030000000000001137,0.23309999999999986
2018-03-16,6.334,0.019899999999999807,0.0031467202853491397,2.865,3.1255,2.865,-0.0009999999999998899,0.26049999999999995
2018-03-19,6.332,-0.0019999999999997797,-0.00031580609768230063,2.863,3.1213,2.863,-0.002000000000000224,0.2583000000000002
2018-03-20,6.3246,-0.007399999999999629,-0.0011693505117042339,2.861,3.1162,2.861,-0.0019999999999997797,0.25519999999999987
2018-03-21,6.3396,0.01499999999999968,0.0023688834690718755,2.858,3.1012,2.858,-0.0030000000000001137,0.24319999999999986
2018-03-22,6.3167,-0.02289999999999992,-0.003618755084876456,2.8538,3.084,2.8538,-0.0041999999999999815,0.23019999999999996
2018-03-23,6.3272,0.010500000000000398,0.0016608803318134955,2.8464,3.0579,2.8464,-0.007400000000000073,0.21150000000000002
2018-03-26,6.3193,-0.00790000000000024,-0.0012493576922609985,2.862,3.0482,2.862,0.015600000000000058,0.18619999999999992
2018-03-27,6.2816,-0.03770000000000007,-0.005983717430804607,2.874,3.1717,2.874,0.01200000000000001,0.29769999999999985
2018-03-28,6.2785,-0.0030999999999998806,-0.0004936266531232895,2.889,3.273,2.889,0.01499999999999968,0.38400000000000034
2018-03-29,6.3046,0.026099999999999568,0.004148427244564362,2.8958,3.4798,2.8958,0.006800000000000139,0.5840000000000001
2018-03-30,6.2881,-0.016499999999999737,-0.0026205673831088097,2.9166,3.6763,2.9166,0.02079999999999993,0.7597
2018-04-02,6.2764,-0.011700000000000266,-0.0018623906055611384,2.883,3.8981,2.883,-0.03359999999999985,1.0151
2018-04-03,6.2833,0.006899999999999906,0.0010987524692744636,2.87,3.7358,2.87,-0.0129999999999999,0.8657999999999997
2018-04-04,6.2926,0.00930000000000053,0.0014790196638511137,2.83,3.5828,2.83,-0.040000000000000036,0.7528000000000001
2018-04-08,6.2926,0.0,0.0,2.812,3.3333,2.812,-0.018000000000000238,0.5213000000000001
2018-04-09,6.3114,0.018799999999999706,0.002983182155244823,2.806,3.0899,2.806,-0.005999999999999783,0.28390000000000004
2018-04-10,6.3071,-0.0042999999999997485,-0.0006815390365643853,2.807,2.8678,2.807,0.0009999999999998899,0.060799999999999965
2018-04-11,6.2911,-0.016000000000000014,-0.002540046768974769,2.804,2.8473,2.804,-0.0030000000000001137,0.04330000000000034
2018-04-12,6.2834,-0.007699999999999818,-0.001224700936407881,2.8,2.8364,2.8,-0.0040000000000000036,0.03639999999999999
2018-04-13,6.2898,0.006399999999999295,0.0010180384552457326,2.798,2.8376,2.798,-0.0019999999999997797,0.03960000000000008
2018-04-16,6.2884,-0.0013999999999994017,-0.00022260736922306802,2.802,2.8403,2.802,0.0040000000000000036,0.0383
2018-04-17,6.2771,-0.01130000000000031,-0.0017985759494129464,2.843,2.8714,2.843,0.040999999999999925,0.02839999999999998
2018-04-18,6.2817,0.0045999999999999375,0.0007325540984346954,2.858,2.9899,2.858,0.015000000000000124,0.1318999999999999
2018-04-19,6.2832,0.0015000000000000568,0.00023876035736467572,2.884,3.1346,2.884,0.0259999999999998,0.25059999999999993
2018-04-20,6.2897,0.00649999999999995,0.0010339699797329174,2.893,3.5302,2.893,0.008999999999999897,0.6372
2018-04-23,6.3034,0.013700000000000045,0.0021757955395807914,2.9,3.8923,2.9,0.007000000000000117,0.9923000000000002
2018-04-24,6.3229,0.01949999999999985,0.0030887933129331987,2.907,4.2462,2.907,0.007000000000000117,1.3392
2018-04-25,6.3066,-0.016299999999999315,-0.0025812595986284405,2.911,4.8293,2.911,0.0040000000000000036,1.9183
2018-04-26,6.3283,0.021699999999999164,0.0034349336102545433,2.925,5.0049,2.925,0.01399999999999979,2.0799000000000003
2018-04-27,6.3393,0.01100000000000012,0.0017367145733729807,2.978,4.9802,2.978,0.05300000000000038,2.0021999999999998
2018-04-28,6.3393,0.0,0.0,2.972,4.9803,2.972,-0.006000000000000227,2.0082999999999998
2018-05-02,6.367,0.02770000000000028,0.004360048776034219,2.892,4.5379,2.892,-0.08000000000000007,1.6458999999999997
2018-05-03,6.3732,0.006199999999999761,0.0009732971993283218,2.852,4.0301,2.852,-0.040000000000000036,1.1781000000000001
2018-05-04,6.3521,-0.021099999999999675,-0.0033162313402550817,2.806,3.7003,2.806,-0.04599999999999982,0.8942999999999999
2018-05-07,6.3584,0.006299999999999528,0.0009913064813990597,2.768,3.3579,2.768,-0.038000000000000256,0.5899000000000001
2018-05-08,6.3674,0.009000000000000341,0.00141444962210639,2.751,3.0418,2.751,-0.016999999999999904,0.29079999999999995
2018-05-09,6.3733,0.00590000000000046,0.0009261658184784765,2.734,2.9859,2.734,-0.016999999999999904,0.2519
2018-05-10,6.3768,0.0034999999999998366,0.0005490153156310553,2.723,2.8987,2.723,-0.01100000000000012,0.17569999999999997
2018-05-11,6.3524,-0.024399999999999977,-0.0038337098772219056,2.713,2.8462,2.713,-0.009999999999999787,0.13319999999999999
2018-05-14,6.3345,-0.017900000000000027,-0.0028218101943835354,2.738,2.8318,2.738,0.02499999999999991,0.09379999999999988
2018-05-15,6.3486,0.014100000000000001,0.0022234320960629896,2.773,2.8398,2.773,0.03500000000000014,0.06679999999999975
2018-05-16,6.3745,0.025900000000000034,0.004071340440006049,2.835,2.931,2.835,0.06199999999999983,0.09600000000000009
2018-05-17,6.3679,-0.006600000000000605,-0.0010359116948475853,2.803,3.066,2.803,-0.03200000000000003,0.2629999999999999
2018-05-18,6.3763,0.008399999999999963,0.0013182469227480294,2.768,3.0849,2.768,-0.03500000000000014,0.3169000000000004
2018-05-21,6.3852,0.008900000000000574,0.0013948205842466133,2.756,3.0597,2.756,-0.01200000000000001,0.3037000000000001
2018-05-22,6.3799,-0.005300000000000082,-0.0008303891555177311,2.755,3.0298,2.755,-0.0009999999999998899,0.27479999999999993
2018-05-23,6.3773,-0.0026000000000001577,-0.0004076129614646804,2.752,2.9528,2.752,-0.0030000000000001137,0.2008000000000001
2018-05-24,6.3816,0.0042999999999997485,0.0006740393235780937,2.751,2.8654,2.751,-0.0009999999999998899,0.11440000000000028
2018-05-25,6.3867,0.0051000000000005485,0.0007988534528828433,2.794,2.8446,2.794,0.04300000000000015,0.050599999999999756
2018-05-28,6.3962,0.009500000000000064,0.0014863609586252243,2.806,3.024,2.806,0.01200000000000001,0.21799999999999997
2018-05-29,6.4021,0.005899999999999572,0.0009219975181008756,2.848,3.2133,2.848,0.041999999999999815,0.36529999999999996
2018-05-30,6.4207,0.018600000000000172,0.0029010844815873776,2.895,3.4595,2.895,0.04700000000000015,0.5644999999999998
2018-05-31,6.4144,-0.006300000000000416,-0.0009816831198734798,2.898,3.7857,2.898,0.0030000000000001137,0.8876999999999997
2018-06-01,6.4078,-0.006599999999999717,-0.001029464613387504,2.897,3.9608,2.897,-0.001000000000000334,1.0638
2018-06-04,6.4208,0.0129999999999999,0.0020267222377973264,2.818,3.851,2.818,-0.07899999999999974,1.033
2018-06-05,6.4157,-0.00509999999999966,-0.0007946091642341754,2.802,3.683,2.802,-0.016000000000000014,0.8809999999999998
2018-06-06,6.404,-0.011700000000000266,-0.0018253162318127866,2.792,3.4594,2.792,-0.010000000000000231,0.6674000000000002
2018-06-07,6.3919,-0.012100000000000222,-0.0018912313485667511,2.783,3.1992,2.783,-0.008999999999999897,0.4161999999999999
2018-06-08,6.4003,0.008399999999999963,0.0013133004811261453,2.772,3.0234,2.772,-0.01100000000000012,0.2514000000000003
2018-06-11,6.4064,0.006099999999999994,0.0009526264316820308,2.776,2.9499,2.776,0.0040000000000000036,0.17390000000000017
2018-06-12,6.4121,0.005700000000000038,0.0008893396849380542,2.789,2.9176,2.789,0.013000000000000345,0.12860000000000005
2018-06-13,6.4156,0.0035000000000007248,0.0005456940974382724,2.8,2.9461,2.8,0.010999999999999677,0.14610000000000012
2018-06-14,6.3962,-0.019400000000000084,-0.003028460454795351,2.809,3.0017,2.809,0.009000000000000341,0.19269999999999987
2018-06-15,6.4306,0.034399999999999764,0.005363782467088533,2.81,3.0562,2.81,0.0009999999999998899,0.24619999999999997
2018-06-19,6.4235,-0.007100000000000328,-0.0011047060038518201,2.809,3.076,2.809,-0.0009999999999998899,0.2669999999999999
2018-06-20,6.4586,0.03509999999999991,0.005449435551932466,2.822,3.1024,2.822,0.0129999999999999,0.28039999999999976
2018-06-21,6.4706,0.012000000000000455,0.0018562638749057801,2.825,3.1323,2.825,0.0030000000000001137,0.3072999999999997
2018-06-22,6.4804,0.009800000000000253,0.0015133969377605838,2.819,3.1145,2.819,-0.006000000000000227,0.2955000000000001
2018-06-24,6.4804,0.0,0.0,2.819,3.1145,2.819,0.0,0.2955000000000001
2018-06-25,6.4893,0.008899999999999686,0.0013724298013024264,2.826,3.0569,2.826,0.007000000000000117,0.2309000000000001
2018-06-26,6.518,0.028699999999999726,0.004412913759941132,2.831,3.2947,2.831,0.004999999999999893,0.4637000000000002
2018-06-27,6.5569,0.038899999999999935,0.005950349872891358,2.834,3.6239,2.834,0.0030000000000001137,0.7898999999999998
2018-06-28,6.596,0.03910000000000036,0.005945474409091284,2.841,3.8579,2.841,0.007000000000000117,1.0168999999999997
2018-06-29,6.6166,0.02059999999999995,0.003118238150227755,2.862,4.1427,2.862,0.020999999999999908,1.2806999999999995
2018-07-02,6.6157,-0.0008999999999996788,-0.00013603077339353607,2.78,4.1823,2.78,-0.0820000000000003,1.4022999999999999
2018-07-03,6.6497,0.03399999999999981,0.0051261287940090414,2.719,3.8767,2.719,-0.06099999999999994,1.1577000000000002
2018-07-04,6.6595,0.009800000000000253,0.0014726657907523852,2.662,3.5164,2.662,-0.05699999999999994,0.8544
2018-07-05,6.618,-0.04150000000000009,-0.006251197159527749,2.605,3.2022,2.605,-0.05699999999999994,0.5972
2018-07-06,6.6336,0.015600000000000058,0.0023544337599029153,2.588,2.8334,2.588,-0.016999999999999904,0.24540000000000006
2018-07-09,6.6393,0.005700000000000038,0.0008588929850154618,2.602,2.6507,2.602,0.01399999999999979,0.04870000000000019
2018-07-10,6.6259,-0.013400000000000745,-0.002020324542096795,2.657,2.6169,2.657,0.05500000000000016,-0.04010000000000025
2018-07-11,6.6234,-0.0024999999999995026,-0.00037737843201815437,2.679,2.6216,2.679,0.021999999999999797,-0.057399999999999896
2018-07-12,6.6726,0.04919999999999991,0.00740075580049024,2.686,2.6398,2.686,0.007000000000000117,-0.0461999999999998
2018-07-13,6.6727,9.999999999976694e-05,1.4986549571935505e-05,2.686,2.6606,2.686,0.0,-0.025399999999999867
2018-07-16,6.6758,0.0030999999999998806,0.00046447167183298523,2.699,2.6927,2.699,0.0129999999999999,-0.006299999999999972
2018-07-17,6.6821,0.006300000000000416,0.0009432621096303222,2.703,2.7381,2.703,0.0040000000000000036,0.03510000000000035
2018-07-18,6.6914,0.009299999999999642,0.0013908104085128066,2.702,2.7711,2.702,-0.0009999999999998899,0.06910000000000016
2018-07-19,6.7066,0.015200000000000102,0.002268996345907739,2.683,2.7855,2.683,-0.019000000000000128,0.10250000000000004
2018-07-20,6.7671,0.06050000000000022,0.008980518581893377,2.675,2.7783,2.675,-0.008000000000000007,0.10330000000000039
2018-07-23,6.7593,-0.007800000000000473,-0.001153300340750942,2.658,2.7581,2.658,-0.016999999999999904,0.1001000000000003
2018-07-24,6.7891,0.029800000000000715,0.004399050523540975,2.655,2.7316,2.655,-0.0030000000000001137,0.0766
2018-07-25,6.804,0.014899999999999913,0.002192289612761804,2.667,2.703,2.667,0.01200000000000001,0.03600000000000003
2018-07-26,6.7662,-0.037799999999999834,-0.00557104504945536,2.66,2.7346,2.66,-0.006999999999999673,0.07459999999999978
2018-07-27,6.7942,0.02799999999999958,0.004129677560132038,2.654,2.769,2.654,-0.006000000000000227,0.11500000000000021
2018-07-30,6.8131,0.01890000000000036,0.0027779224613322354,2.651,2.7938,2.651,-0.0030000000000001137,0.14280000000000026
2018-07-31,6.8165,0.0033999999999991815,0.0004989141384230074,2.648,2.8022,2.648,-0.0029999999999996696,0.1541999999999999
2018-08-01,6.8293,0.012800000000000367,0.0018760356672594025,2.622,2.805,2.622,-0.026000000000000245,0.18300000000000027
2018-08-02,6.7942,-0.03509999999999991,-0.005152872267014589,2.584,2.7504,2.584,-0.03799999999999981,0.16639999999999988
2018-08-03,6.8322,0.038000000000000256,0.00557742301818515,2.525,2.656,2.525,-0.05900000000000016,0.13100000000000023
2018-08-06,6.8513,0.019099999999999895,0.0027916852274143438,2.469,2.5558,2.469,-0.05600000000000005,0.08680000000000021
2018-08-07,6.8431,-0.00820000000000043,-0.0011975699526841728,2.386,2.4727,2.386,-0.08299999999999974,0.0867
2018-08-08,6.8313,-0.011800000000000033,-0.001725853116615839,2.345,2.3942,2.345,-0.040999999999999925,0.04919999999999991
2018-08-09,6.8317,0.00039999999999995595,5.855229453482032e-05,2.45,2.3449,2.45,0.10499999999999998,-0.1051000000000002
2018-08-10,6.8395,0.007800000000000473,0.0011410850322355049,2.426,2.3136,2.426,-0.02400000000000002,-0.11240000000000006
2018-08-13,6.8629,0.023399999999999643,0.003415463385612209,2.491,2.2961,2.491,0.06499999999999995,-0.19490000000000007
2018-08-14,6.8695,0.006600000000000605,0.000961230448891843,2.589,2.3044,2.589,0.09799999999999986,-0.2846000000000002
2018-08-15,6.8856,0.01609999999999978,0.002340950971261778,2.612,2.3673,2.612,0.02300000000000013,-0.24469999999999992
2018-08-16,6.8946,0.008999999999999453,0.0013062221563781577,2.637,2.434,2.637,0.02499999999999991,-0.20299999999999985
2018-08-17,6.8894,-0.005199999999999427,-0.0007544980044518125,2.65,2.4863,2.65,0.0129999999999999,-0.16369999999999996
2018-08-20,6.8718,-0.017599999999999838,-0.00255791785546558,2.674,2.5724,2.674,0.02400000000000002,-0.10159999999999991
2018-08-21,6.836,-0.035800000000000054,-0.005223315396244018,2.681,2.6568,2.681,0.007000000000000117,-0.0242
2018-08-22,6.8271,-0.008900000000000574,-0.0013027792021988957,2.662,2.7039,2.662,-0.019000000000000128,0.04190000000000005
2018-08-23,6.8367,0.009600000000000719,0.0014051730235527258,2.649,2.7215,2.649,-0.0129999999999999,0.07249999999999979
2018-08-24,6.871,0.0343,0.005004496974240628,2.612,2.7128,2.612,-0.03699999999999992,0.1008
2018-08-27,6.8508,-0.020200000000000884,-0.002944222272862287,2.642,2.6803,2.642,0.029999999999999805,0.0383
2018-08-28,6.8052,-0.04559999999999942,-0.0066784079502310734,2.647,2.6792,2.647,0.004999999999999893,0.032200000000000006
2018-08-29,6.8072,0.0019999999999997797,0.0002938497273649329,2.646,2.6785,2.646,-0.0009999999999998899,0.032500000000000195
2018-08-30,6.8113,0.004100000000000215,0.0006021221314934019,2.64,2.6915,2.64,-0.005999999999999783,0.05149999999999988
2018-08-31,6.8246,0.01330000000000009,0.0019507336101919934,2.633,2.7141,2.633,-0.007000000000000117,0.08110000000000017
2018-09-03,6.8347,0.010099999999999554,0.0014788461840230596,2.621,2.7158,2.621,-0.01200000000000001,0.09480000000000022
2018-09-04,6.8183,-0.01639999999999997,-0.0024024035578662896,2.6,2.6755,2.6,-0.020999999999999908,0.0754999999999999
2018-09-05,6.8266,0.008300000000000196,0.001216571909460559,2.552,2.615,2.552,-0.04800000000000004,0.06300000000000017
2018-09-06,6.8217,-0.0049000000000001265,-0.0007180381747951385,2.633,2.5475,2.633,0.08099999999999996,-0.08550000000000013
2018-09-07,6.8212,-0.0004999999999997229,-7.329819909598827e-05,2.673,2.522,2.673,0.040000000000000036,-0.15100000000000025
2018-09-10,6.8389,0.017699999999999605,0.002591490531670815,2.679,2.5585,2.679,0.005999999999999783,-0.12049999999999983
2018-09-11,6.8488,0.00990000000000002,0.0014465544578458217,2.686,2.5987,2.686,0.007000000000000117,-0.08729999999999993
2018-09-12,6.8546,0.005799999999999805,0.0008465052974214223,2.675,2.66,2.675,-0.01100000000000012,-0.01499999999999968
2018-09-13,6.8488,-0.005799999999999805,-0.0008465052974214466,2.663,2.7066,2.663,-0.01200000000000001,0.04360000000000008
2018-09-14,6.8362,-0.012599999999999945,-0.00184143274540266,2.645,2.7114,2.645,-0.017999999999999794,0.06639999999999979
2018-09-17,6.8509,0.01470000000000038,0.0021480088042139657,2.639,2.6783,2.639,-0.006000000000000227,0.039300000000000335
2018-09-18,6.8554,0.0045000000000001705,0.0006566323751396355,2.685,2.6573,2.685,0.04600000000000026,-0.027699999999999836
2018-09-19,6.8569,0.0015000000000000568,0.00021878167863650274,2.668,2.6836,2.668,-0.016999999999999904,0.015600000000000058
2018-09-20,6.853,-0.0039000000000006807,-0.0005689319550395193,2.659,2.6906,2.659,-0.009000000000000341,0.03160000000000007
2018-09-21,6.8357,-0.01729999999999965,-0.002527633626379165,2.654,2.6986,2.654,-0.004999999999999893,0.04459999999999997
2018-09-25,6.844,0.008300000000000196,0.0012134770526396935,2.692,2.7034,2.692,0.038000000000000256,0.011399999999999633
2018-09-26,6.8571,0.013099999999999667,0.001912255803099198,2.711,2.7425,2.711,0.018999999999999684,0.031500000000000306
2018-09-27,6.8642,0.007100000000000328,0.001034887457262933,2.722,2.7768,2.722,0.01100000000000012,0.05480000000000018
2018-09-28,6.8792,0.01499999999999968,0.0021828668242405004,2.73,2.8708,2.73,0.008000000000000007,0.14080000000000004
2018-09-29,6.8792,0.0,0.0,2.783,2.9346,2.783,0.052999999999999936,0.15160000000000018
2018-09-30,6.8792,0.0,0.0,2.766,2.9542,2.766,-0.016999999999999904,0.18820000000000014
2018-10-07,6.8792,0.0,0.0,2.766,2.9542,2.766,0.0,0.18820000000000014
2018-10-08,6.8957,0.016499999999999737,0.0023956628202598564,2.657,2.9981,2.657,-0.10899999999999999,0.34109999999999996
2018-10-09,6.9019,0.0062000000000006494,0.0008987070819995279,2.633,2.9366,2.633,-0.02400000000000002,0.30359999999999987
2018-10-10,6.9072,0.005299999999999194,0.0007676098022667239,2.618,2.8424,2.618,-0.015000000000000124,0.22440000000000015
2018-10-11,6.9098,0.0026000000000001577,0.00037634798157182254,2.611,2.7717,2.611,-0.006999999999999673,0.16069999999999984
2018-10-12,6.912,0.002200000000000202,0.0003183377011068352,2.615,2.7271,2.615,0.0040000000000000036,0.11209999999999987
2018-10-15,6.9154,0.0034000000000000696,0.0004917772059132353,2.612,2.651,2.612,-0.0030000000000001137,0.0389999999999997
2018-10-16,6.9119,-0.0034999999999998366,-0.0005062449031625109,2.603,2.6324,2.603,-0.008999999999999897,0.02939999999999987
2018-10-17,6.9103,-0.0015999999999998238,-0.00023151162725853897,2.604,2.6221,2.604,0.0009999999999998899,0.018100000000000005
2018-10-18,6.9275,0.017199999999999882,0.0024859455777497272,2.611,2.6145,2.611,0.007000000000000117,0.0034999999999998366
2018-10-19,6.9387,0.011199999999999655,0.0016154393324296675,2.622,2.6093,2.622,0.010999999999999677,-0.012699999999999712
2018-10-22,6.9236,-0.015099999999999447,-0.002178571517319339,2.632,2.6092,2.632,0.010000000000000231,-0.022800000000000153
2018-10-23,6.9338,0.01019999999999932,0.0014721378963023818,2.635,2.6161,2.635,0.0029999999999996696,-0.018899999999999917
2018-10-24,6.9357,0.0019000000000000128,0.0002739824812553931,2.631,2.6224,2.631,-0.0040000000000000036,-0.008599999999999941
2018-10-25,6.9409,0.0052000000000003155,0.0007494631600537337,2.63,2.6221,2.63,-0.0009999999999998899,-0.007899999999999796
2018-10-26,6.951,0.010099999999999554,0.0014540850106303364,2.618,2.6478,2.618,-0.01200000000000001,0.02980000000000027
2018-10-29,6.9377,-0.013299999999999201,-0.0019152266325097166,2.609,2.6553,2.609,-0.008999999999999897,0.04630000000000001
2018-10-30,6.9574,0.019699999999999385,0.002835533849977467,2.598,2.6571,2.598,-0.01100000000000012,0.05909999999999993
2018-10-31,6.9646,0.007200000000000095,0.0010343342396076172,2.715,2.6501,2.715,0.11699999999999999,-0.06489999999999974
2018-11-01,6.967,0.0023999999999997357,0.0003445404725576533,2.673,2.7152,2.673,-0.041999999999999815,0.04219999999999979
2018-11-02,6.9371,-0.029899999999999594,-0.004300896295353225,2.649,2.7127,2.649,-0.02400000000000002,0.06369999999999987
2018-11-05,6.8976,-0.03950000000000031,-0.0057102947418955306,2.638,2.6976,2.638,-0.01100000000000012,0.0596000000000001
2018-11-06,6.9075,0.00990000000000002,0.001434252804701474,2.613,2.6869,2.613,-0.02499999999999991,0.07390000000000008
2018-11-07,6.9065,-0.0009999999999994458,-0.0001447806575569963,2.595,2.6729,2.595,-0.017999999999999794,0.07789999999999964
2018-11-08,6.9163,0.009799999999999365,0.0014179473973390572,2.6,2.6136,2.6,0.004999999999999893,0.013599999999999834
2018-11-09,6.9329,0.016600000000000392,0.0023972515307396068,2.599,2.5831,2.599,-0.0009999999999998899,-0.015900000000000247
2018-11-12,6.9476,0.01470000000000038,0.0021180801117644255,2.624,2.5626,2.624,0.02499999999999991,-0.0613999999999999
2018-11-13,6.9629,0.01529999999999987,0.002199778033823994,2.633,2.5685,2.633,0.008999999999999897,-0.06450000000000022
2018-11-14,6.9402,-0.022700000000000387,-0.0032654616842707662,2.632,2.5962,2.632,-0.0009999999999998899,-0.035800000000000054
2018-11-15,6.9392,-0.001000000000000334,-0.00014409844830909287,2.629,2.6092,2.629,-0.0030000000000001137,-0.01980000000000004
2018-11-16,6.9377,-0.0014999999999991687,-0.00021618661312562356,2.629,2.6153,2.629,0.0,-0.013700000000000045
2018-11-19,6.9245,-0.013200000000000323,-0.001904460185203764,2.643,2.6307,2.643,0.01399999999999979,-0.012299999999999756
2018-11-20,6.928,0.0034999999999998366,0.0005053239594987497,2.665,2.6448,2.665,0.02200000000000024,-0.020199999999999996
2018-11-21,6.9449,0.016899999999999693,0.002436405994416554,2.656,2.6837,2.656,-0.008999999999999897,0.027699999999999836
2018-11-22,6.9391,-0.005799999999999805,-0.0008354941425224692,2.642,2.7085,2.642,-0.014000000000000234,0.0665
2018-11-23,6.9306,-0.00849999999999973,-0.001225693571475414,2.628,2.7162,2.628,-0.01399999999999979,0.08820000000000006
2018-11-26,6.9453,0.014699999999999491,0.0021187822770871298,2.644,2.6987,2.644,0.016000000000000014,0.05469999999999997
2018-11-27,6.9463,0.001000000000000334,0.00014397189693440073,2.643,2.726,2.643,-0.001000000000000334,0.08300000000000018
2018-11-28,6.95,0.0037000000000002586,0.0005325158621266379,2.65,2.7375,2.65,0.007000000000000117,0.08749999999999991
2018-11-29,6.9353,-0.01470000000000038,-0.002117347913530632,2.65,2.7651,2.65,0.0,0.11509999999999998
2018-11-30,6.9357,0.00039999999999995595,5.7674284494498106e-05,2.669,2.8027,2.669,0.019000000000000128,0.13370000000000015
2018-12-03,6.9431,0.007400000000000517,0.001066374715572812,2.618,2.8587,2.618,-0.051000000000000156,0.24069999999999991
2018-12-04,6.8939,-0.04919999999999991,-0.007111398040753316,2.621,2.8151,2.621,0.0030000000000001137,0.19410000000000016
2018-12-05,6.8476,-0.04630000000000045,-0.006738736703997836,2.581,2.7624,2.581,-0.040000000000000036,0.1814
2018-12-06,6.8599,0.012299999999999756,0.0017946384535831221,2.6,2.6979,2.6,0.019000000000000128,0.0979000000000001
2018-12-07,6.8664,0.00649999999999995,0.000947087049803714,2.611,2.64,2.611,0.01100000000000012,0.028999999999999915
2018-12-10,6.8693,0.0029000000000003467,0.0004222573357150016,2.615,2.588,2.615,0.0040000000000000036,-0.027000000000000135
2018-12-11,6.8996,0.030300000000000438,0.004401230150748783,2.624,2.5822,2.624,0.008999999999999897,-0.04180000000000028
2018-12-12,6.9064,0.006799999999999251,0.0009850790308389584,2.626,2.5858,2.626,0.0019999999999997797,-0.040200000000000014
2018-12-13,6.8769,-0.029499999999999638,-0.0042805489315724515,2.636,2.5981,2.636,0.010000000000000231,-0.037900000000000045
2018-12-14,6.875,-0.0019000000000000128,-0.0002763254549684037,2.683,2.6181,2.683,0.04699999999999971,-0.06489999999999974
2018-12-17,6.8908,0.015799999999999592,0.0022955450374419983,2.697,2.6885,2.697,0.014000000000000234,-0.008500000000000174
2018-12-18,6.8854,-0.005399999999999849,-0.0007839607840430781,2.694,2.7508,2.694,-0.0030000000000001137,0.05679999999999996
2018-12-19,6.8869,0.0015000000000000568,0.00021782854075659113,2.69,2.8446,2.69,-0.0040000000000000036,0.15459999999999985
2018-12-20,6.8936,0.006700000000000372,0.0009723885966295502,2.676,2.9156,2.676,-0.01399999999999979,0.2395999999999998
2018-12-21,6.8825,-0.011099999999999888,-0.0016114869087946846,2.649,2.9277,2.649,-0.027000000000000135,0.27870000000000017
2018-12-24,6.9006,0.01809999999999956,0.0026264063098281913,2.659,2.8689,2.659,0.009999999999999787,0.2099000000000002
2018-12-25,6.8919,-0.008700000000000152,-0.0012615553603557955,2.653,2.8983,2.653,-0.005999999999999783,0.24529999999999985
2018-12-26,6.8845,-0.007399999999999629,-0.001074301081807812,2.672,2.9981,2.672,0.019000000000000128,0.32609999999999983
2018-12-27,6.8894,0.0049000000000001265,0.0007114906027640052,2.695,3.4403,2.695,0.022999999999999687,0.7453000000000003
2018-12-28,6.8632,-0.026200000000000223,-0.003810193228435676,2.721,4.1311,2.721,0.026000000000000245,1.4101
2018-12-29,6.8632,0.0,0.0,2.903,4.5122,2.903,0.18199999999999994,1.6092
2018-12-30,6.8632,0.0,0.0,2.903,4.3904,2.903,0.0,1.4873999999999996
2018-12-31,6.8632,0.0,0.0,2.903,4.3904,2.903,0.0,1.4873999999999996
2019-01-02,6.8482,-0.01499999999999968,-0.002187961256176212,2.634,4.3904,2.634,-0.26900000000000013,1.7563999999999997
2019-01-03,6.8631,0.014899999999999913,0.0021733906872681177,2.547,4.0976,2.547,-0.08699999999999974,1.5505999999999998
2019-01-04,6.8586,-0.0045000000000001705,-0.0006558954300596652,2.563,3.5984,2.563,0.016000000000000014,1.0353999999999997
2019-01-07,6.8517,-0.006899999999999906,-0.0010065426114013946,2.475,2.9749,2.475,-0.08800000000000008,0.4998999999999998
2019-01-08,6.8402,-0.011499999999999844,-0.0016798256931818375,2.372,2.5525,2.372,-0.1030000000000002,0.18050000000000033
2019-01-09,6.8526,0.012399999999999523,0.0018111713294118672,2.475,2.4107,2.475,0.1030000000000002,-0.06430000000000025
2019-01-10,6.816,-0.036599999999999966,-0.005355352775464733,2.587,2.3803,2.587,0.1120000000000001,-0.2067000000000001
2019-01-11,6.7909,-0.025100000000000122,-0.00368930887559527,2.555,2.4075,2.555,-0.03200000000000003,-0.14749999999999996
2019-01-14,6.756,-0.03489999999999949,-0.0051524817058656806,2.629,2.4353,2.629,0.07399999999999984,-0.1937000000000002
2019-01-15,6.7542,-0.0018000000000002458,-0.0002664653388774157,2.652,2.4945,2.652,0.02300000000000013,-0.1575000000000002
2019-01-16,6.7615,0.007299999999999862,0.0010802253246012152,2.64,2.5946,2.64,-0.01200000000000001,-0.04540000000000033
2019-01-17,6.7592,-0.0022999999999999687,-0.0003402190747794214,2.611,2.6472,2.611,-0.028999999999999915,0.03620000000000001
2019-01-18,6.7665,0.007299999999999862,0.001079426677925212,2.618,2.6401,2.618,0.006999999999999673,0.02210000000000001
2019-01-21,6.7774,0.010900000000000354,0.0016095810443470116,2.594,2.6339,2.594,-0.02400000000000002,0.03990000000000027
2019-01-22,6.7854,0.008000000000000007,0.0011796975444289368,2.578,2.6169,2.578,-0.016000000000000014,0.038899999999999935
2019-01-23,6.7969,0.011499999999999844,0.0016933807599680863,2.584,2.5808,2.584,0.006000000000000227,-0.0032000000000000917
2019-01-24,6.7802,-0.01670000000000016,-0.002460025840862423,2.616,2.569,2.616,0.03200000000000003,-0.04700000000000015
2019-01-25,6.7941,0.013900000000000468,0.002047988457356597,2.626,2.576,2.626,0.009999999999999787,-0.04999999999999982
2019-01-28,6.7472,-0.04689999999999994,-0.006926984489503094,2.66,2.587,2.66,0.03400000000000025,-0.07299999999999995
2019-01-29,6.7356,-0.011600000000000499,-0.0017207112561415318,2.766,2.5967,2.766,0.10599999999999987,-0.16930000000000023
2019-01-30,6.7343,-0.0012999999999996348,-0.00019302296290777714,2.765,2.6426,2.765,-0.0009999999999998899,-0.12240000000000029
2019-01-31,6.7025,-0.031800000000000495,-0.0047332786631318095,2.756,2.6903,2.756,-0.009000000000000341,-0.06569999999999965
2019-02-01,6.7081,0.005600000000000271,0.0008351602949154056,2.722,2.7582,2.722,-0.03399999999999981,0.03620000000000001
2019-02-02,6.7081,0.0,0.0,2.372,2.7801,2.372,-0.3500000000000001,0.40810000000000013
2019-02-03,6.7081,0.0,0.0,2.334,2.6741,2.334,-0.03799999999999981,0.34010000000000007
2019-02-11,6.7495,0.041400000000000325,0.006152676643851858,2.596,2.5711,2.596,0.262,-0.024900000000000144
2019-02-12,6.7765,0.027000000000000135,0.003992316407188842,2.513,2.5374,2.513,-0.08300000000000018,0.024399999999999977
2019-02-13,6.7675,-0.009000000000000341,-0.001329001967614409,2.362,2.4788,2.362,-0.1509999999999998,0.11680000000000001
2019-02-14,6.7744,0.006899999999999906,0.0010190594520896794,2.33,2.4168,2.33,-0.03200000000000003,0.08679999999999977
2019-02-15,6.7623,-0.012100000000000222,-0.0017877330845217719,2.351,2.4258,2.351,0.020999999999999908,0.0748000000000002
2019-02-18,6.7659,0.0036000000000004917,0.0005322215941483333,2.395,2.4234,2.395,0.04400000000000004,0.02839999999999998
2019-02-19,6.7642,-0.001700000000000479,-0.0002512915660558985,2.398,2.3868,2.398,0.0030000000000001137,-0.011200000000000099
2019-02-20,6.7558,-0.008399999999999963,-0.0012426037101840807,2.377,2.3654,2.377,-0.02100000000000035,-0.01159999999999961
2019-02-21,6.722,-0.033799999999999386,-0.005015665888881513,2.399,2.3595,2.399,0.02200000000000024,-0.03949999999999987
2019-02-22,6.7151,-0.006900000000000794,-0.0010270074058358373,2.6,2.352,2.6,0.20100000000000007,-0.24800000000000022
2019-02-25,6.7131,-0.0019999999999997797,-0.0002978805818782391,2.658,2.4329,2.658,0.05799999999999983,-0.22509999999999986
2019-02-26,6.6952,-0.017900000000000027,-0.002669989578672639,2.745,2.5361,2.745,0.08700000000000019,-0.2089000000000003
2019-02-27,6.6857,-0.009500000000000064,-0.0014199346226591468,2.75,2.7824,2.75,0.004999999999999893,0.032399999999999984
2019-02-28,6.6901,0.004400000000000404,0.0006579045976625613,2.658,2.9697,2.658,-0.09200000000000008,0.3117000000000001
2019-03-01,6.6957,0.005600000000000271,0.0008367076045814876,2.511,3.0221,2.511,-0.1469999999999998,0.5110999999999999
2019-03-04,6.7049,0.009199999999999875,0.001373073063208914,2.38,2.9289,2.38,-0.13100000000000023,0.5489000000000002
2019-03-05,6.6998,-0.0051000000000005485,-0.0007609271742119652,2.574,2.8029,2.574,0.19399999999999995,0.22890000000000033
2019-03-06,6.7053,0.0055000000000005045,0.0008205832569130344,2.488,2.6356,2.488,-0.08599999999999985,0.14760000000000018
2019-03-07,6.711,0.005700000000000038,0.0008497127140799912,2.517,2.4859,2.517,0.028999999999999915,-0.031099999999999905
2019-03-08,6.7235,0.01249999999999929,0.001860881105685191,2.388,2.412,2.388,-0.129,0.02400000000000002
2019-03-11,6.7202,-0.0032999999999994145,-0.0004909362848441272,2.395,2.388,2.395,0.007000000000000117,-0.007000000000000117
2019-03-12,6.7128,-0.007400000000000517,-0.0011017644232208304,2.601,2.3884,2.601,0.20599999999999996,-0.21260000000000012
2019-03-13,6.7114,-0.0013999999999994017,-0.00020857853802465953,2.493,2.4126,2.493,-0.1080000000000001,-0.08040000000000003
2019-03-14,6.7009,-0.010500000000000398,-0.0015657273018146885,2.598,2.4276,2.598,0.10499999999999998,-0.17039999999999988
2019-03-15,6.7167,0.01580000000000048,0.002355116757540974,2.728,2.4626,2.728,0.13000000000000034,-0.2654000000000001
2019-03-18,6.7088,-0.00790000000000024,-0.0011768650570629362,2.709,2.5933,2.709,-0.019000000000000128,-0.11569999999999991
2019-03-19,6.7062,-0.0026000000000001577,-0.00038762579687741134,2.729,2.7312,2.729,0.020000000000000018,0.0021999999999997577
2019-03-20,6.7101,0.0038999999999997925,0.0005813823647132824,2.711,2.8061,2.711,-0.018000000000000238,0.09509999999999996
2019-03-21,6.685,-0.025100000000000122,-0.0037476434482906448,2.684,2.8805,2.684,-0.02699999999999969,0.1964999999999999
2019-03-22,6.6944,0.009400000000000297,0.0014051454544509422,2.664,2.911,2.664,-0.020000000000000018,0.2469999999999999
2019-03-25,6.7098,0.015400000000000524,0.0022977882717033268,2.668,2.8764,2.668,0.0040000000000000036,0.2083999999999997
2019-03-26,6.7042,-0.005600000000000271,-0.0008349486097110063,2.704,2.9729,2.704,0.03600000000000003,0.2688999999999999
2019-03-27,6.7141,0.00990000000000002,0.001475597027394556,2.797,3.1022,2.797,0.09299999999999997,0.3051999999999997
2019-03-28,6.7263,0.012199999999999989,0.0018154226586543686,2.705,3.2233,2.705,-0.09200000000000008,0.5183
2019-03-29,6.7335,0.007200000000000095,0.0010698525515610005,2.698,3.2894,2.698,-0.007000000000000117,0.5914000000000001
2019-04-01,6.7193,-0.014200000000000657,-0.0021110854652919967,2.579,3.3415,2.579,-0.11899999999999977,0.7624999999999997
2019-04-02,6.7161,-0.0031999999999996476,-0.000476353522858915,2.453,3.1664,2.453,-0.12600000000000033,0.7134
2019-04-03,6.7194,0.0033000000000003027,0.0004912359147573091,2.357,2.9489,2.357,-0.09599999999999964,0.5918999999999999
2019-04-04,6.7055,-0.013900000000000468,-0.002070779665708109,2.418,2.7174,2.418,0.06099999999999994,0.2993999999999999
2019-04-08,6.7201,0.014600000000000612,0.0021749502078611603,2.483,2.5235,2.483,0.06499999999999995,0.04049999999999976
2019-04-09,6.7142,-0.00590000000000046,-0.0008783487609059579,2.469,2.3853,2.469,-0.014000000000000234,-0.08369999999999989
2019-04-10,6.711,-0.0031999999999996476,-0.00047671543971065656,2.654,2.3723,2.654,0.18500000000000005,-0.28169999999999984
2019-04-11,6.7088,-0.002200000000000202,-0.00032787374174108057,2.657,2.439,2.657,0.0030000000000001137,-0.21799999999999997
2019-04-12,6.722,0.013200000000000323,0.001965631868552804,2.669,2.5118,2.669,0.01200000000000001,-0.1572
2019-04-15,6.7112,-0.010800000000000587,-0.0016079567529662,2.772,2.6038,2.772,0.10299999999999976,-0.16819999999999968
2019-04-16,6.7097,-0.0015000000000000568,-0.00022353195482355132,2.787,2.7523,2.787,0.015000000000000124,-0.03469999999999995
2019-04-17,6.711,0.001300000000000523,0.00019373058097800857,2.788,2.9055,2.788,0.0009999999999998899,0.11750000000000016
2019-04-18,6.6911,-0.019900000000000695,-0.0029696860379937926,2.75,2.992,2.75,-0.03799999999999981,0.242
2019-04-19,6.7043,0.013200000000000323,0.0019708264437899585,2.692,3.0344,2.692,-0.05799999999999983,0.34240000000000004
2019-04-22,6.7035,-0.0007999999999999119,-0.0001193335224197201,2.654,3.0109,2.654,-0.038000000000000256,0.3569
2019-04-23,6.7082,0.004699999999999704,0.0007008806031151227,2.7,2.9209,2.7,0.04600000000000026,0.22089999999999987
2019-04-24,6.7205,0.012300000000000644,0.0018318978664720194,2.764,2.8833,2.764,0.06399999999999961,0.1193000000000004
2019-04-25,6.7307,0.01019999999999932,0.0015165936057820147,2.785,2.8735,2.785,0.02100000000000035,0.0884999999999998
2019-04-26,6.7307,0.0,0.0,2.735,2.8627,2.735,-0.050000000000000266,0.12769999999999992
2019-04-28,6.7307,0.0,0.0,2.705,2.8471,2.705,-0.029999999999999805,0.14210000000000012
2019-04-29,6.731,0.000300000000000189,4.457089372818311e-05,2.691,2.8533,2.691,-0.014000000000000234,0.1623000000000001
2019-04-30,6.7286,-0.0023999999999997357,-0.0003566227860316105,2.683,2.8579,2.683,-0.008000000000000007,0.17490000000000006
2019-05-05,6.7286,0.0,0.0,2.529,2.8087,2.529,-0.15399999999999991,0.27970000000000006
2019-05-06,6.7344,0.005799999999999805,0.0008616207916247548,2.5285,2.7083,2.5285,-0.0004999999999997229,0.17979999999999974
2019-05-07,6.7614,0.027000000000000135,0.00400125017005257,2.349,2.6319,2.349,-0.1795,0.2828999999999997
2019-05-08,6.7596,-0.0018000000000002458,-0.00026625249769013235,2.286,2.5307,2.286,-0.06300000000000017,0.24469999999999992
2019-05-09,6.7665,0.006899999999999906,0.0010202498278916287,2.573,2.403,2.573,0.2869999999999999,-0.16999999999999993
2019-05-10,6.7912,0.024700000000000166,0.0036436899071976476,2.568,2.3374,2.568,-0.004999999999999893,-0.23059999999999992
2019-05-13,6.7954,0.0041999999999999815,0.0006182562427367614,2.579,2.3311,2.579,0.01100000000000012,-0.2479
2019-05-14,6.8365,0.041100000000000136,0.006029992082641571,2.65,2.3466,2.65,0.07099999999999973,-0.3033999999999999
2019-05-15,6.8649,0.028399999999999537,0.004145567704451431,2.641,2.4127,2.641,-0.008999999999999897,-0.22829999999999995
2019-05-16,6.8688,0.0039000000000006807,0.0005679460167082738,2.607,2.489,2.607,-0.03399999999999981,-0.11800000000000033
2019-05-17,6.8859,0.017100000000000115,0.002486424103729323,2.589,2.5364,2.589,-0.018000000000000238,-0.05259999999999998
2019-05-20,6.8988,0.012899999999999245,0.0018716408432198567,2.678,2.5662,2.678,0.08899999999999997,-0.11180000000000012
2019-05-21,6.899,0.00020000000000042206,2.8990128863273952e-05,2.699,2.6552,2.699,0.020999999999999908,-0.04380000000000006
2019-05-22,6.8992,0.00020000000000042206,2.8989288459909943e-05,2.69,2.7167,2.69,-0.008999999999999897,0.026699999999999946
2019-05-23,6.8994,0.00019999999999953388,2.8988448105393626e-05,2.648,2.7333,2.648,-0.041999999999999815,0.08529999999999971
2019-05-24,6.8993,-9.999999999976694e-05,-1.4494119011479288e-05,2.592,2.7189,2.592,-0.05600000000000005,0.1269
2019-05-27,6.8924,-0.006899999999999906,-0.0010006018947181236,2.711,2.6963,2.711,0.11899999999999977,-0.014699999999999935
2019-05-28,6.8973,0.0049000000000001265,0.0007106753890560876,2.823,2.76,2.823,0.1120000000000001,-0.06300000000000017
2019-05-29,6.8988,0.0014999999999991687,0.00021745275924501148,2.785,2.9521,2.785,-0.03799999999999981,0.16710000000000003
2019-05-30,6.899,0.00020000000000042206,2.8990128863273952e-05,2.665,3.0062,2.665,-0.1200000000000001,0.34120000000000017
2019-05-31,6.8992,0.00020000000000042206,2.8989288459909943e-05,2.65,3.0034,2.65,-0.015000000000000124,0.35340000000000016
2019-06-03,6.8896,-0.009600000000000719,-0.0013924346645248504,2.553,2.9713,2.553,-0.09699999999999998,0.4182999999999999
2019-06-04,6.8822,-0.007399999999999629,-0.001074659915506231,2.399,2.833,2.399,-0.15399999999999991,0.43400000000000016
2019-06-05,6.8903,0.008099999999999774,0.0011762571695650547,2.472,2.62,2.472,0.07299999999999995,0.14800000000000013
2019-06-06,6.8945,0.0041999999999999815,0.0006093668576931219,2.572,2.5212,2.572,0.10000000000000009,-0.05080000000000018
2019-06-10,6.8925,-0.0019999999999997797,-0.00029012838384401393,2.604,2.4687,2.604,0.03200000000000003,-0.13529999999999998
2019-06-11,6.893,0.0004999999999997229,7.253998769989109e-05,2.589,2.463,2.589,-0.015000000000000124,-0.1259999999999999
2019-06-12,6.8932,0.00020000000000042206,2.9014521770274383e-05,2.564,2.4879,2.564,-0.02499999999999991,-0.07610000000000028
2019-06-13,6.8934,0.00019999999999953388,2.9013679952103704e-05,2.583,2.5186,2.583,0.019000000000000128,-0.06440000000000001
2019-06-14,6.8937,0.000300000000000189,4.3518941626206044e-05,2.565,2.5387,2.565,-0.018000000000000238,-0.02629999999999999
2019-06-17,6.894,0.000300000000000189,4.351704781047348e-05,2.491,2.5445,2.491,-0.07399999999999984,0.0535000000000001
2019-06-18,6.8942,0.00019999999999953388,2.9010313168341925e-05,2.399,2.5406,2.399,-0.09200000000000008,0.14159999999999995
2019-06-19,6.8893,-0.004899999999999238,-0.0007109950602412221,2.386,2.5054,2.386,-0.0129999999999999,0.11939999999999973
2019-06-20,6.8805,-0.008800000000000807,-0.0012781596244014974,2.448,2.445,2.448,0.06199999999999983,-0.0030000000000001137
2019-06-21,6.8472,-0.03329999999999966,-0.004851514137936426,2.416,2.3716,2.416,-0.03200000000000003,-0.044399999999999995
2019-06-24,6.8503,0.0030999999999998806,0.0004526373503087975,2.326,2.2731,2.326,-0.08999999999999986,-0.05290000000000017
2019-06-25,6.858,0.007699999999999818,0.0011234071051568933,2.466,2.3258,2.466,0.14000000000000012,-0.1402000000000001
2019-06-26,6.8701,0.012100000000000222,0.001762808128348176,2.417,2.4075,2.417,-0.04900000000000038,-0.00949999999999962
2019-06-27,6.8778,0.007699999999999818,0.0011201711978051738,2.61,2.4863,2.61,0.19300000000000006,-0.12369999999999992
2019-06-28,6.8747,-0.0030999999999998806,-0.0004508271299770866,2.604,2.5892,2.604,-0.005999999999999783,-0.014800000000000146
2019-07-01,6.8716,-0.0030999999999998806,-0.00045103046675134823,2.319,2.6854,2.319,-0.28500000000000014,0.36640000000000006
2019-07-02,6.8513,-0.020299999999999763,-0.0029585604802616705,2.032,2.5859,2.032,-0.2869999999999999,0.5539000000000001
2019-07-03,6.864,0.012699999999999712,0.00185194689576931,2.145,2.4577,2.145,0.11299999999999999,0.3127
2019-07-04,6.8705,0.00649999999999995,0.0009465216040308782,2.139,2.3578,2.139,-0.006000000000000227,0.21880000000000033
2019-07-05,6.8697,-0.0007999999999999119,-0.0001164466311849952,2.271,2.2469,2.271,0.13200000000000012,-0.024099999999999788
2019-07-08,6.8881,0.01839999999999975,0.0026748478638604248,2.449,2.153,2.449,0.17799999999999994,-0.2959999999999998
2019-07-09,6.8853,-0.0027999999999996916,-0.000406580806274672,2.54,2.2021,2.54,0.09100000000000019,-0.33789999999999987
2019-07-10,6.8856,0.000300000000000189,4.357013703500601e-05,2.543,2.2755,2.543,0.0030000000000001137,-0.26750000000000007
2019-07-11,6.8677,-0.017900000000000027,-0.0026030131106062576,2.497,2.3279,2.497,-0.04600000000000026,-0.1690999999999998
2019-07-12,6.8662,-0.0015000000000000568,-0.00021843758960880797,2.559,2.3774,2.559,0.06200000000000028,-0.18159999999999998
2019-07-15,6.8677,0.0015000000000000568,0.00021843758960880843,2.669,2.4361,2.669,0.10999999999999988,-0.23289999999999988
2019-07-16,6.871,0.0033000000000003027,0.0004803948064174999,2.724,2.5182,2.724,0.05500000000000016,-0.20579999999999998
2019-07-17,6.8827,0.011699999999999378,0.0017013607716123119,2.734,2.6132,2.734,0.009999999999999787,-0.12080000000000002
2019-07-18,6.8761,-0.006599999999999717,-0.0009593860665510836,2.748,2.7251,2.748,0.014000000000000234,-0.022900000000000365
2019-07-19,6.8635,-0.012599999999999945,-0.0018341150444229262,2.753,2.8625,2.753,0.004999999999999893,0.10949999999999971
2019-07-22,6.8759,0.012399999999999523,0.001805028366119481,2.692,2.9665,2.692,-0.06099999999999994,0.27449999999999974
2019-07-23,6.8818,0.00590000000000046,0.0008577015579197568,2.634,2.9699,2.634,-0.058000000000000274,0.3359000000000001
2019-07-24,6.886,0.0041999999999999815,0.0006101192827155757,2.561,2.9292,2.561,-0.07299999999999995,0.36819999999999986
2019-07-25,6.8737,-0.012299999999999756,-0.0017878301527278822,2.642,2.8478,2.642,0.08099999999999996,0.20579999999999998
2019-07-26,6.8796,0.005899999999999572,0.0008579759565961307,2.647,2.8161,2.647,0.004999999999999893,0.16910000000000025
2019-07-29,6.8821,0.002500000000000391,0.0003633272092112188,2.657,2.792,2.657,0.010000000000000231,0.1349999999999998
2019-07-30,6.8862,0.004099999999999326,0.0005955710031290482,2.663,2.8034,2.663,0.005999999999999783,0.14040000000000008
2019-07-31,6.8841,-0.0020999999999995467,-0.0003050042506378678,2.673,2.8258,2.673,0.010000000000000231,0.15280000000000005
2019-08-01,6.8938,0.009699999999999598,0.0014080522579797733,2.638,2.8459,2.638,-0.03500000000000014,0.20789999999999997
2019-08-02,6.8996,0.0058000000000006935,0.0008409819684542146,2.647,2.7995,2.647,0.008999999999999897,0.1525000000000003
2019-08-05,6.9225,0.02289999999999992,0.003313537154643095,2.619,2.7624,2.619,-0.02799999999999958,0.14339999999999975
2019-08-06,6.9683,0.04579999999999984,0.006594316521391018,2.494,2.7302,2.494,-0.125,0.23619999999999974
2019-08-07,6.9996,0.031299999999999883,0.004481711981084218,2.52,2.6876,2.52,0.0259999999999998,0.1676000000000002
2019-08-08,7.0039,0.0042999999999997485,0.0006141322005424774,2.578,2.6407,2.578,0.05799999999999983,0.06269999999999998
2019-08-09,7.0136,0.009700000000000486,0.0013839845262412303,2.644,2.6225,2.644,0.06600000000000028,-0.021500000000000075
2019-08-12,7.0211,0.007499999999999396,0.001068779626772254,2.656,2.62,2.656,0.01200000000000001,-0.03600000000000003
2019-08-13,7.0326,0.011500000000000732,0.0016365800560414648,2.703,2.6427,2.703,0.04699999999999971,-0.0602999999999998
2019-08-14,7.0312,-0.00140000000000029,-0.00019909270675420664,2.695,2.7145,2.695,-0.008000000000000007,0.019500000000000295
2019-08-15,7.0268,-0.004400000000000404,-0.0006259781112075665,2.678,2.7849,2.678,-0.016999999999999904,0.1069
2019-08-16,7.0312,0.004400000000000404,0.0006259781112076208,2.673,2.8319,2.673,-0.004999999999999893,0.15890000000000004
2019-08-19,7.0365,0.005300000000000082,0.0007534991861868604,2.672,2.8613,2.672,-0.0009999999999998899,0.1892999999999998
2019-08-20,7.0454,0.008899999999999686,0.0012640341409925345,2.664,2.8685,2.664,-0.008000000000000007,0.2044999999999999
2019-08-21,7.0433,-0.0020999999999995467,-0.0002981112544879298,2.653,2.8487,2.653,-0.01100000000000012,0.19569999999999999
2019-08-22,7.049,0.005700000000000038,0.0008089524507484717,2.642,2.8276,2.642,-0.01100000000000012,0.1856
2019-08-23,7.0572,0.008199999999999541,0.0011626094800348933,2.651,2.8045,2.651,0.008999999999999897,0.1535000000000002
2019-08-26,7.057,-0.00019999999999953388,-2.8340253080260483e-05,2.669,2.7766,2.669,0.018000000000000238,0.10760000000000014
2019-08-27,7.081,0.02400000000000002,0.003395108650943772,2.687,2.8049,2.687,0.017999999999999794,0.11790000000000012
2019-08-28,7.0835,0.0024999999999995026,0.00035299516763157376,2.682,2.8314,2.682,-0.004999999999999893,0.14939999999999998
2019-08-29,7.0858,0.0022999999999999687,0.00032464553932811866,2.6702,2.8514,2.6702,-0.011800000000000033,0.18120000000000003
2019-08-30,7.0879,0.002100000000000435,0.0002963234745149247,2.665,2.8635,2.665,-0.005199999999999871,0.19850000000000012
2019-09-02,7.0883,0.00039999999999995595,5.643261242170145e-05,2.653,2.8727,2.653,-0.01200000000000001,0.2197
2019-09-03,7.0884,9.999999999976694e-05,1.4107655519414902e-05,2.61,2.8387,2.61,-0.04300000000000015,0.2286999999999999
2019-09-04,7.0878,-0.000600000000000378,-8.464891866064807e-05,2.604,2.7979,2.604,-0.005999999999999783,0.19389999999999974
2019-09-05,7.0852,-0.0025999999999992696,-0.00036689480408735815,2.636,2.7586,2.636,0.03200000000000003,0.12259999999999982
2019-09-06,7.0855,0.0002999999999993008,4.234088648322826e-05,2.652,2.7364,2.652,0.016000000000000014,0.08440000000000003
2019-09-09,7.0851,-0.00039999999999995595,-5.64549137095626e-05,2.652,2.724,2.652,0.0,0.07200000000000006
2019-09-10,7.0846,-0.0004999999999997229,-7.057312437208685e-05,2.628,2.7296,2.628,-0.02400000000000002,0.10159999999999991
2019-09-11,7.0843,-0.000300000000000189,-4.2346265418631054e-05,2.645,2.7408,2.645,0.016999999999999904,0.09580000000000011
2019-09-12,7.0846,0.000300000000000189,4.234626541857502e-05,2.65,2.7525,2.65,0.004999999999999893,0.10250000000000004
2019-09-16,7.0657,-0.01890000000000036,-0.0026713230446204815,2.642,2.7537,2.642,-0.008000000000000007,0.11169999999999991
2019-09-17,7.073,0.00730000000000075,0.0010326268537670887,2.638,2.748,2.638,-0.0040000000000000036,0.11000000000000032
2019-09-18,7.0728,-0.00020000000000042206,-2.827694439537765e-05,2.654,2.7385,2.654,0.016000000000000014,0.08450000000000024
2019-09-19,7.0732,0.00039999999999995595,5.6553089227629156e-05,2.709,2.7496,2.709,0.05500000000000016,0.04059999999999997
2019-09-20,7.073,-0.00019999999999953388,-2.8276144832224205e-05,2.731,2.784,2.731,0.021999999999999797,0.052999999999999936
2019-09-23,7.0734,0.00039999999999995595,5.655149014682352e-05,2.732,2.8473,2.732,0.001000000000000334,0.11529999999999996
2019-09-24,7.0729,-0.0005000000000006111,-7.068986239635264e-05,2.676,2.8771,2.676,-0.05600000000000005,0.20109999999999983
2019-09-25,7.0724,-0.0004999999999997229,-7.069485980616519e-05,2.572,2.8685,2.572,-0.10400000000000009,0.2965
2019-09-26,7.0729,0.0004999999999997229,7.069485980605236e-05,2.577,2.7879,2.577,0.004999999999999893,0.2109000000000001
2019-09-27,7.0731,0.00020000000000042206,2.8276544608301437e-05,2.59,2.6937,2.59,0.0129999999999999,0.10370000000000035
2019-09-29,7.0731,0.0,0.0,2.692,2.4835,2.692,0.10200000000000031,-0.20850000000000035
2019-09-30,7.0729,-0.00020000000000042206,-2.827654460819406e-05,2.843,2.4973,2.843,0.1509999999999998,-0.3456999999999999
2019-10-08,7.0726,-0.0002999999999993008,-4.241631614922171e-05,2.688,2.5536,2.688,-0.1549999999999998,-0.1344000000000003
2019-10-09,7.0728,0.00019999999999953388,2.8277744003386054e-05,2.627,2.6204,2.627,-0.06100000000000039,-0.006599999999999717
2019-10-10,7.073,0.00020000000000042206,2.827694439541319e-05,2.595,2.6733,2.595,-0.031999999999999584,0.07829999999999959
2019-10-11,7.0727,-0.000300000000000189,-4.241571644314663e-05,2.556,2.7668,2.556,-0.039000000000000146,0.21079999999999988
2019-10-12,7.0727,0.0,0.0,2.591,2.6836,2.591,0.03500000000000014,0.09260000000000002
2019-10-14,7.0725,-0.00020000000000042206,-2.8278143824543867e-05,2.651,2.6119,2.651,0.05999999999999961,-0.03909999999999991
2019-10-15,7.0708,-0.0016999999999995907,-0.00024039651399416527,2.684,2.6101,2.684,0.03300000000000036,-0.07390000000000008
2019-10-16,7.0746,0.0038000000000000256,0.0005372771489545004,2.686,2.6477,2.686,0.0019999999999997797,-0.0383
2019-10-17,7.0789,0.0042999999999997485,0.0006076235747056697,2.663,2.6965,2.663,-0.02300000000000013,0.033500000000000085
2019-10-18,7.069,-0.00990000000000002,-0.001399501214434417,2.691,2.7556,2.691,0.028000000000000025,0.06459999999999999
2019-10-21,7.068,-0.001000000000000334,-0.0001414727313671196,2.691,2.8031,2.691,0.0,0.11210000000000031
2019-10-22,7.0668,-0.0011999999999998678,-0.000169793701061602,2.789,2.8393,2.789,0.09800000000000031,0.05030000000000001
2019-10-23,7.0752,0.008399999999999963,0.0011879509246017818,2.693,2.8851,2.693,-0.09600000000000009,0.19209999999999994
2019-10-24,7.0727,-0.0024999999999995026,-0.0003534093435803086,2.661,2.9046,2.661,-0.03200000000000003,0.24359999999999982
2019-10-25,7.0749,0.002200000000000202,0.00031100681638351814,2.669,2.8888,2.669,0.008000000000000007,0.21979999999999977
2019-10-28,7.0762,0.0012999999999996348,0.00018373130055713546,2.671,2.9062,2.671,0.0019999999999997797,0.2352000000000003
2019-10-29,7.0617,-0.014499999999999957,-0.0020512247340962104,2.67,2.8995,2.67,-0.0009999999999998899,0.22950000000000026
2019-10-30,7.0582,-0.0034999999999998366,-0.0004957542293760671,2.683,2.8708,2.683,0.0129999999999999,0.1878000000000002
2019-10-31,7.0533,-0.0049000000000001265,-0.0006944690779767384,2.685,2.8478,2.685,0.002000000000000224,0.16279999999999983
2019-11-01,7.0437,-0.009599999999999831,-0.0013619921237168111,2.616,2.8537,2.616,-0.06899999999999995,0.2376999999999998
2019-11-04,7.0382,-0.0055000000000005045,-0.0007811446295840619,2.529,2.7993,2.529,-0.08700000000000019,0.2703000000000002
2019-11-05,7.0385,0.000300000000000189,4.262362628262443e-05,2.498,2.7384,2.498,-0.030999999999999694,0.24039999999999973
2019-11-06,7.008,-0.03049999999999997,-0.004342725651792616,2.546,2.6673,2.546,0.0479999999999996,0.12130000000000019
2019-11-07,7.0008,-0.007200000000000095,-0.0010279253946060506,2.595,2.5995,2.595,0.04900000000000038,0.0044999999999997264
2019-11-08,6.9945,-0.006299999999999528,-0.0009003023051360182,2.57,2.5483,2.57,-0.025000000000000355,-0.021700000000000053
2019-11-11,6.9933,-0.001200000000000756,-0.0001715780898990272,2.555,2.5266,2.555,-0.01499999999999968,-0.02839999999999998
2019-11-12,6.9988,0.0055000000000005045,0.0007861579438784268,2.649,2.5304,2.649,0.09399999999999986,-0.11859999999999982
2019-11-13,7.0026,0.0038000000000000256,0.0005428028758983645,2.675,2.5751,2.675,0.0259999999999998,-0.09989999999999988
2019-11-14,7.0083,0.005700000000000038,0.0008136522727968169,2.682,2.6539,2.682,0.007000000000000117,-0.028099999999999792
2019-11-15,7.0091,0.0007999999999999119,0.0001141438499105302,2.737,2.7211,2.737,0.05500000000000016,-0.015900000000000247
2019-11-18,7.0037,-0.005399999999999849,-0.0007707239477202075,2.728,2.8205,2.728,-0.008999999999999897,0.0924999999999998
2019-11-19,7.003,-0.000700000000000145,-9.995216583251548e-05,2.611,2.8842,2.611,-0.11699999999999999,0.27319999999999967
2019-11-20,7.0118,0.008799999999999919,0.0012558154460313468,2.497,2.8757,2.497,-0.11400000000000032,0.37870000000000026
2019-11-21,7.0217,0.00990000000000002,0.0014109098432038398,2.426,2.806,2.426,-0.07099999999999973,0.3799999999999999
2019-11-22,7.0306,0.008899999999999686,0.0012666967243823042,2.536,2.7284,2.536,0.10999999999999988,0.19240000000000013
2019-11-25,7.0397,0.009100000000000108,0.0012935049386025156,2.596,2.6317,2.596,0.06000000000000005,0.03569999999999984
2019-11-26,7.0344,-0.005300000000000082,-0.0007531565429453431,2.598,2.6314,2.598,0.0019999999999997797,0.03340000000000032
2019-11-27,7.0349,0.0005000000000006111,7.107674158786159e-05,2.589,2.6571,2.589,-0.008999999999999897,0.06809999999999983
2019-11-28,7.0271,-0.007800000000000473,-0.0011093728914749594,2.597,2.6967,2.597,0.008000000000000007,0.0996999999999999
2019-11-29,7.0298,0.0026999999999999247,0.0003841529829768319,2.607,2.7385,2.607,0.010000000000000231,0.13149999999999995
2019-12-02,7.0262,-0.0035999999999996035,-0.0005122367784171027,2.478,2.7604,2.478,-0.129,0.2824
2019-12-03,7.0223,-0.0038999999999997925,-0.0005552194327062449,2.343,2.7082,2.343,-0.13500000000000023,0.3652000000000002
2019-12-04,7.0382,0.01589999999999936,0.0022616559549787337,2.426,2.6444,2.426,0.08300000000000018,0.21839999999999993
2019-12-05,7.0521,0.013900000000000468,0.001972989149844788,2.433,2.579,2.433,0.006999999999999673,0.14600000000000035
2019-12-06,7.0383,-0.0138000000000007,-0.0019587810725525145,2.482,2.5231,2.482,0.04900000000000038,0.04109999999999969
2019-12-09,7.0405,0.002200000000000202,0.00031252663833671425,2.506,2.4782,2.506,0.023999999999999577,-0.027799999999999603
2019-12-10,7.04,-0.0004999999999997229,-7.102020527819559e-05,2.45,2.4724,2.45,-0.055999999999999606,0.022399999999999753
2019-12-11,7.0385,-0.0015000000000000568,-0.0002130908840680704,2.493,2.4786,2.493,0.042999999999999705,-0.014399999999999746
2019-12-12,7.0253,-0.013200000000000323,-0.0018771603515556532,2.431,2.4941,2.431,-0.06199999999999983,0.06309999999999993
2019-12-13,7.0156,-0.009699999999999598,-0.0013816780324816583,2.474,2.5081,2.474,0.04300000000000015,0.03410000000000002
2019-12-16,6.9915,-0.024099999999999788,-0.003441115403077412,2.5315,2.5241,2.5315,0.05749999999999966,-0.007400000000000073
2019-12-17,6.9971,0.005599999999999383,0.0008006520022236154,2.588,2.547,2.588,0.05650000000000022,-0.040999999999999925
2019-12-18,6.9969,-0.00019999999999953388,-2.8583678721276207e-05,2.585,2.5915,2.585,-0.0030000000000001137,0.00649999999999995
2019-12-19,7.0025,0.005600000000000271,0.0008000343298559176,2.559,2.6328,2.559,-0.0259999999999998,0.07379999999999987
2019-12-20,7.002,-0.0005000000000006111,-7.140561965273446e-05,2.529,2.6466,2.529,-0.03000000000000025,0.11759999999999993
2019-12-23,7.0117,0.009700000000000486,0.0013843598120599756,2.453,2.6076,2.453,-0.07600000000000007,0.1546000000000003
2019-12-24,7.0119,0.00019999999999953388,2.8523346360917914e-05,2.45,2.5292,2.45,-0.0029999999999996696,0.07919999999999972
2019-12-25,7.0067,-0.005199999999999427,-0.0007418715475860224,2.549,2.3713,2.549,0.09899999999999975,-0.17769999999999975
2019-12-26,6.9801,-0.02660000000000018,-0.0038035908240885716,2.607,2.4101,2.607,0.058000000000000274,-0.1969000000000003
2019-12-27,6.9879,0.007799999999999585,0.0011168386040612043,2.579,2.4727,2.579,-0.028000000000000025,-0.10630000000000006
2019-12-30,6.9805,-0.007399999999999629,-0.0010595344767157055,2.618,2.5897,2.618,0.0389999999999997,-0.02829999999999977
2019-12-31,6.9762,-0.0042999999999997485,-0.0006161915260850831,2.737,2.7251,2.737,0.11900000000000022,-0.011900000000000244
2020-01-01,6.9762,0.0,0.0,2.737,2.7251,2.737,0.0,-0.011900000000000244
2020-01-02,6.9614,-0.014800000000000146,-0.0021237523766980196,2.433,2.9191,2.433,-0.30400000000000027,0.4861
2020-01-03,6.9681,0.006699999999999484,0.0009619872237614774,2.349,2.8175,2.349,-0.08399999999999963,0.4684999999999997
2020-01-06,6.9718,0.0037000000000002586,0.0005308503055100792,2.219,2.6834,2.219,-0.13000000000000034,0.4643999999999999
2020-01-07,6.969,-0.0027999999999996916,-0.00040169861667204484,2.259,2.5321,2.259,0.040000000000000036,0.2730999999999999
2020-01-08,6.945,-0.02400000000000002,-0.0034497662500747347,2.32,2.432,2.32,0.06099999999999994,0.1120000000000001
2020-01-09,6.9497,0.004699999999999704,0.0006765169711121687,2.47,2.3519,2.47,0.15000000000000036,-0.1181000000000001
2020-01-10,6.9351,-0.014599999999999724,-0.0021030199039154293,2.487,2.3992,2.487,0.016999999999999904,-0.0878000000000001
2020-01-13,6.9263,-0.008799999999999919,-0.001269713186584149,2.522,2.4618,2.522,0.0349999999999997,-0.06019999999999959
2020-01-14,6.8954,-0.030899999999999928,-0.004471237471409651,2.654,2.5429,2.654,0.13200000000000012,-0.11109999999999998
2020-01-15,6.8845,-0.010900000000000354,-0.0015820147132200256,2.717,2.6813,2.717,0.06300000000000017,-0.03570000000000029
2020-01-16,6.8807,-0.0038000000000000256,-0.0005521169465799095,2.663,2.9177,2.663,-0.05400000000000027,0.25470000000000015
2020-01-17,6.8878,0.007100000000000328,0.0010313397435207682,2.64,2.9949,2.64,-0.022999999999999687,0.35489999999999977
2020-01-19,6.8878,0.0,0.0,2.608,3.0315,2.608,-0.03200000000000003,0.42349999999999977
2020-01-20,6.8664,-0.021400000000000752,-0.0031117792773578917,2.607,2.9871,2.607,-0.0009999999999998899,0.38009999999999966
2020-01-21,6.8606,-0.005799999999999805,-0.0008450499519418613,2.601,2.9115,2.601,-0.006000000000000227,0.3105000000000002
2020-01-22,6.8853,0.024700000000000166,0.0035938027461614955,2.607,2.7644,2.607,0.006000000000000227,0.15739999999999998
2020-01-23,6.8876,0.0022999999999999687,0.0003339892138011425,2.549,2.7066,2.549,-0.058000000000000274,0.15759999999999996
2020-01-31,6.8876,0.0,0.0,2.549,2.6503,2.549,0.0,0.10130000000000017
2020-02-03,6.9249,0.03730000000000011,0.005400918106031309,2.607,2.6503,2.607,0.058000000000000274,0.043299999999999894
2020-02-04,6.9779,0.052999999999999936,0.007624400372173357,2.416,2.6716,2.416,-0.19100000000000028,0.25560000000000027
2020-02-05,6.9823,0.004400000000000404,0.0006303634827148817,2.343,2.6757,2.343,-0.07299999999999995,0.3327
2020-02-06,6.9985,0.016199999999999548,0.0023174649877501312,2.366,2.6076,2.366,0.02300000000000013,0.24160000000000004
2020-02-07,6.9768,-0.021700000000000053,-0.0031054814479247257,2.306,2.5163,2.306,-0.06000000000000005,0.21030000000000015
2020-02-10,6.9863,0.009500000000000064,0.0013607295608908452,2.289,2.431,2.289,-0.016999999999999904,0.1419999999999999
2020-02-11,6.9897,0.0034000000000000696,0.00048654837823029946,2.225,2.3524,2.225,-0.06400000000000006,0.12739999999999974
2020-02-12,6.9718,-0.017900000000000027,-0.0025641957967061303,2.286,2.3035,2.286,0.06099999999999994,0.01750000000000007
2020-02-13,6.9785,0.006700000000000372,0.0009605528935081979,2.324,2.3121,2.324,0.03799999999999981,-0.0118999999999998
2020-02-14,6.9843,0.005799999999999805,0.0008307789746460284,2.233,2.3229,2.233,-0.09099999999999975,0.08990000000000009
2020-02-17,6.9795,-0.0048000000000003595,-0.0006874919705321782,2.261,2.3167,2.261,0.028000000000000025,0.05569999999999986
2020-02-18,6.9826,0.0030999999999998806,0.00044405928204789753,2.293,2.3143,2.293,0.03200000000000003,0.021299999999999653
2020-02-19,7.0012,0.018600000000000172,0.002660222681819679,2.268,2.3176,2.268,-0.025000000000000355,0.04960000000000031
2020-02-20,7.0026,0.00140000000000029,0.00019994572968261884,2.308,2.3068,2.308,0.040000000000000036,-0.0011999999999998678
2020-02-21,7.021,0.01839999999999975,0.0026241493708857085,2.245,2.2978,2.245,-0.06299999999999972,0.05279999999999996
2020-02-24,7.0246,0.0036000000000004917,0.0005126160618034913,2.176,2.275,2.176,-0.06899999999999995,0.09899999999999975
2020-02-25,7.0232,-0.00140000000000029,-0.00019931946705318562,2.203,2.2885,2.203,0.02699999999999969,0.08550000000000013
2020-02-26,7.0126,-0.010600000000000165,-0.0015104236331692658,2.183,2.2907,2.183,-0.020000000000000018,0.10770000000000035
2020-02-27,7.0215,0.008899999999999686,0.0012683394294052462,2.192,2.2944,2.192,0.009000000000000341,0.10239999999999982
2020-02-28,7.0066,-0.014899999999999913,-0.0021243084385271583,2.374,2.3062,2.374,0.18199999999999994,-0.06780000000000008
2020-03-02,6.9811,-0.025500000000000078,-0.003646064506572138,2.129,2.3666,2.129,-0.2450000000000001,0.23760000000000003
2020-03-03,6.9516,-0.029499999999999638,-0.004234648572556745,2.094,2.3511,2.094,-0.03500000000000014,0.25710000000000033
2020-03-04,6.9514,-0.00020000000000042206,-2.8770768900844322e-05,2.052,2.3262,2.052,-0.041999999999999815,0.2742
2020-03-05,6.9403,-0.011099999999999888,-0.001598076889410288,2.089,2.2871,2.089,0.03699999999999992,0.19810000000000016
2020-03-06,6.9337,-0.006599999999999717,-0.000951419993925286,2.035,2.2416,2.035,-0.053999999999999826,0.2065999999999999
2020-03-09,6.926,-0.007699999999999818,-0.0011111352759749528,2.074,2.162,2.074,0.0389999999999997,0.08800000000000008
2020-03-10,6.9389,0.012900000000000134,0.001860814534879865,2.241,2.123,2.241,0.16700000000000026,-0.11799999999999988
2020-03-11,6.9612,0.022299999999999542,0.0032086127627717017,2.3,2.1521,2.3,0.05899999999999972,-0.14789999999999992
2020-03-12,6.9641,0.0029000000000003467,0.00041650808843245554,2.309,2.1958,2.309,0.009000000000000341,-0.11319999999999997
2020-03-13,7.0033,0.039200000000000124,0.005613085172890328,2.252,2.2088,2.252,-0.057000000000000384,-0.04319999999999968
2020-03-16,7.0018,-0.0015000000000000568,-0.00021420768230656748,2.199,2.2037,2.199,-0.052999999999999936,0.0047000000000001485
2020-03-17,7.0094,0.007600000000000051,0.0010848465149830935,1.896,2.1845,1.896,-0.30299999999999994,0.2885
2020-03-18,7.0328,0.023399999999999643,0.0033328141829504854,1.751,2.1071,1.751,-0.14500000000000002,0.3561000000000001
2020-03-19,7.0522,0.019400000000000084,0.0027547053273573314,1.893,2.0092,1.893,0.14200000000000013,0.11619999999999986
2020-03-20,7.1052,0.052999999999999936,0.007487285461404546,1.945,1.9203,1.945,0.052000000000000046,-0.024700000000000166
2020-03-23,7.094,-0.011199999999999655,-0.0015775539921636004,1.805,1.8302,1.805,-0.14000000000000012,0.02520000000000011
2020-03-24,7.0999,0.005899999999999572,0.0008313430896096662,1.693,1.7469,1.693,-0.11199999999999988,0.05389999999999984
2020-03-25,7.0742,-0.025699999999999612,-0.0036263365100553434,1.745,1.6594,1.745,0.052000000000000046,-0.08560000000000012
2020-03-26,7.0692,-0.004999999999999893,-0.0007070435974795404,1.72,1.6696,1.72,-0.025000000000000133,-0.0504
2020-03-27,7.0427,-0.026500000000000412,-0.0037556999623237436,1.769,1.7045,1.769,0.04899999999999993,-0.0645
2020-03-30,7.0447,0.0019999999999997797,0.00028394168028682146,2.163,1.7904,2.163,0.3939999999999999,-0.3725999999999998
2020-03-31,7.0851,0.04039999999999999,0.005718426317610399,2.147,1.9461,2.147,-0.016000000000000014,-0.20089999999999986
2020-04-01,7.0771,-0.008000000000000007,-0.0011297680940697615,2.004,2.1437,2.004,-0.1429999999999998,0.13969999999999994
2020-04-02,7.0995,0.022400000000000198,0.0031601397572664563,1.857,2.1276,1.857,-0.14700000000000002,0.2706000000000002
2020-04-03,7.1104,0.010900000000000354,0.0015341419908437945,1.831,2.0629,1.831,-0.026000000000000023,0.2319
2020-04-07,7.0939,-0.016500000000000625,-0.0023232411905539986,1.773,1.9524,1.773,-0.05800000000000005,0.1794
2020-04-08,7.0483,-0.04559999999999942,-0.00644880683781962,1.739,1.7828,1.739,-0.03399999999999981,0.04379999999999984
2020-04-09,7.0536,0.005300000000000082,0.0007516717959348353,1.68,1.6029,1.68,-0.05900000000000016,-0.07709999999999995
2020-04-10,7.0354,-0.018200000000000216,-0.0025835772763935904,1.813,1.552,1.813,0.133,-0.2609999999999999
2020-04-13,7.03,-0.005399999999999849,-0.0007678416917132233,1.851,1.558,1.851,0.038000000000000034,-0.2929999999999999
2020-04-14,7.0406,0.010600000000000165,0.0015066879884670986,1.707,1.5907,1.707,-0.1439999999999999,-0.11630000000000007
2020-04-15,7.0402,-0.0004000000000008441,-5.681495371117195e-05,1.632,1.6083,1.632,-0.07500000000000018,-0.023699999999999832
2020-04-16,7.0714,0.031200000000000117,0.0044219012497989695,1.657,1.5989,1.657,0.025000000000000133,-0.05810000000000004
2020-04-17,7.0718,0.00039999999999995595,5.656428532525046e-05,1.737,1.5635,1.737,0.08000000000000007,-0.1735000000000002
2020-04-20,7.0657,-0.006099999999999994,-0.0008629531923677834,1.734,1.509,1.734,-0.0030000000000001137,-0.2250000000000001
2020-04-21,7.0752,0.009500000000000064,0.0013436204809041561,1.606,1.464,1.606,-0.1279999999999999,-0.14200000000000013
2020-04-22,7.0903,0.015100000000000335,0.002131941084937637,1.576,1.4418,1.576,-0.030000000000000027,-0.1342000000000001
2020-04-23,7.0887,-0.0015999999999998238,-0.00022568587443272164,1.663,1.4396,1.663,0.08699999999999997,-0.22340000000000004
2020-04-24,7.0803,-0.008399999999999963,-0.0011856872022158343,1.718,1.4437,1.718,0.05499999999999994,-0.2743
2020-04-26,7.0803,0.0,0.0,1.658,1.4779,1.658,-0.06000000000000005,-0.18009999999999993
2020-04-27,7.0703,-0.010000000000000675,-0.0014133678663342498,1.774,1.4595,1.774,0.1160000000000001,-0.3145
2020-04-28,7.071,0.000700000000000145,9.900079915867113e-05,1.62,1.489,1.62,-0.15399999999999991,-0.131
2020-04-29,7.0704,-0.0005999999999994898,-8.485722776526866e-05,1.755,1.5163,1.755,0.1349999999999998,-0.2386999999999999
2020-04-30,7.0571,-0.01330000000000009,-0.0018828531487088305,1.919,1.5732,1.919,0.16400000000000015,-0.3458000000000001
2020-05-06,7.069,0.0118999999999998,0.0016848249431872949,1.865,1.6622,1.865,-0.05400000000000005,-0.2028000000000001
2020-05-07,7.0931,0.024099999999999788,0.0034034533386311902,1.838,1.6853,1.838,-0.026999999999999913,-0.15270000000000006
2020-05-08,7.0788,-0.014299999999999535,-0.002018078712555244,1.809,1.6734,1.809,-0.029000000000000137,-0.13559999999999994
2020-05-09,7.0788,0.0,0.0,1.481,1.671,1.481,-0.32799999999999985,0.18999999999999995
2020-05-11,7.0769,-0.0019000000000000128,-0.00026844310227108867,1.679,1.5579,1.679,0.19799999999999995,-0.12109999999999999
2020-05-12,7.0919,0.01499999999999968,0.0021173290051170997,1.568,1.4857,1.568,-0.11099999999999999,-0.08230000000000004
2020-05-13,7.0875,-0.004399999999999515,-0.0006206186638684133,1.485,1.4524,1.485,-0.08299999999999996,-0.032600000000000184
2020-05-14,7.0948,0.007299999999999862,0.0010294522954238771,1.514,1.414,1.514,0.028999999999999915,-0.10000000000000009
2020-05-15,7.0936,-0.0011999999999998678,-0.0001691522656340048,1.657,1.3706,1.657,0.14300000000000002,-0.2864
2020-05-18,7.103,0.009399999999999409,0.0013242609320125351,1.563,1.4005,1.563,-0.09400000000000008,-0.16249999999999987
2020-05-19,7.0912,-0.011800000000000033,-0.0016626513249547081,1.521,1.386,1.521,-0.04200000000000004,-0.135
2020-05-20,7.0956,0.004400000000000404,0.0006202949419292385,1.534,1.4172,1.534,0.013000000000000123,-0.11680000000000001
2020-05-21,7.0868,-0.008799999999999919,-0.001240974888502265,1.556,1.4587,1.556,0.02200000000000002,-0.09729999999999994
2020-05-22,7.0939,0.00709999999999944,0.0010013610884197933,1.595,1.4839,1.595,0.038999999999999924,-0.11109999999999998
2020-05-25,7.1209,0.027000000000000135,0.0037988620973263922,1.785,1.4856,1.785,0.18999999999999995,-0.2993999999999999
2020-05-26,7.1293,0.008399999999999963,0.0011789309585710911,1.908,1.5636,1.908,0.123,-0.3443999999999998
2020-05-27,7.1092,-0.02009999999999934,-0.002823332984762826,2.018,1.6617,2.018,0.10999999999999988,-0.35629999999999984
2020-05-28,7.1277,0.018499999999999517,0.0025988818370155323,2.179,1.7778,2.179,0.16100000000000003,-0.4011999999999998
2020-05-29,7.1316,0.0038999999999997925,0.0005470114377629201,2.151,1.9322,2.151,-0.028000000000000025,-0.21879999999999988
2020-06-01,7.1315,-9.999999999976694e-05,-1.4022197138272985e-05,1.959,2.073,1.959,-0.19199999999999973,0.11399999999999988
2020-06-02,7.1167,-0.014800000000000146,-0.0020774561450358046,1.673,2.0112,1.673,-0.28600000000000003,0.33820000000000006
2020-06-03,7.1074,-0.009299999999999642,-0.001307640037006115,1.971,1.9086,1.971,0.29800000000000004,-0.06240000000000001
2020-06-04,7.1012,-0.006199999999999761,-0.0008727109487923633,2.001,1.8977,2.001,0.029999999999999805,-0.10329999999999995
2020-06-05,7.0965,-0.004700000000000593,-0.0006620790933302554,1.987,1.847,1.987,-0.01399999999999979,-0.14000000000000012
2020-06-08,7.0882,-0.008300000000000196,-0.0011702751481904318,1.942,1.7967,1.942,-0.04500000000000015,-0.14529999999999998
2020-06-09,7.0711,-0.017099999999999227,-0.0024153748156333465,1.947,1.8417,1.947,0.0050000000000001155,-0.10530000000000017
2020-06-10,7.0703,-0.0008000000000008001,-0.000113142970406617,1.98,1.9061,1.98,0.03299999999999992,-0.07390000000000008
2020-06-11,7.0608,-0.009499999999999176,-0.0013445522897991985,2.021,1.9189,2.021,0.040999999999999925,-0.10209999999999986
2020-06-12,7.0865,0.025699999999999612,0.00363320609167718,2.016,1.9415,2.016,-0.004999999999999893,-0.07450000000000001
2020-06-15,7.0902,0.0037000000000002586,0.000521983266064765,1.855,1.9491,1.855,-0.16100000000000003,0.09410000000000007
2020-06-16,7.0755,-0.01470000000000038,-0.0020754364805988645,1.891,1.9373,1.891,0.03600000000000003,0.04630000000000001
2020-06-17,7.0873,0.011800000000000033,0.0016663375505413106,2.057,1.9398,2.057,0.16599999999999993,-0.11719999999999997
2020-06-18,7.0903,0.0030000000000001137,0.0004232028050976252,2.1,1.9585,2.1,0.04300000000000015,-0.14150000000000018
2020-06-19,7.0913,0.001000000000000334,0.00014102781091809347,2.147,1.9963,2.147,0.04699999999999971,-0.15069999999999983
2020-06-22,7.0865,-0.0048000000000003595,-0.0006771149520227414,2.15,2.0492,2.15,0.0030000000000001137,-0.1008
2020-06-23,7.0671,-0.019400000000000084,-0.002741353740289626,2.15,2.1256,2.15,0.0,-0.024399999999999977
2020-06-24,7.0555,-0.01159999999999961,-0.001642757368855087,2.173,2.1977,2.173,0.02300000000000013,0.024700000000000166
2020-06-28,7.0555,0.0,0.0,2.182,2.2652,2.182,0.008999999999999897,0.08320000000000016
2020-06-29,7.0808,0.025299999999999656,0.0035794411568517252,2.181,2.2778,2.181,-0.0009999999999998899,0.0968
2020-06-30,7.0795,-0.0012999999999996348,-0.00018361192964160122,2.228,2.4197,2.228,0.04700000000000015,0.19169999999999998
2020-07-01,7.071,-0.008500000000000618,-0.001201371120784874,2.095,2.5983,2.095,-0.133,0.5032999999999999
2020-07-02,7.0566,-0.014399999999999302,-0.002038563519194853,2.006,2.5604,2.006,-0.08900000000000041,0.5544000000000002
2020-07-03,7.0638,0.007199999999999207,0.0010198012271600452,1.98,2.4648,1.98,-0.0259999999999998,0.4847999999999999
2020-07-06,7.0663,0.002500000000000391,0.00035385454116904086,1.794,2.3497,1.794,-0.18599999999999994,0.5556999999999999
2020-07-07,7.031,-0.03530000000000033,-0.005008061654213848,2.092,2.1605,2.092,0.29800000000000004,0.06849999999999978
2020-07-08,7.0207,-0.010299999999999976,-0.001466015050809556,2.137,2.0277,2.137,0.04499999999999993,-0.10930000000000017
2020-07-09,7.0085,-0.012199999999999989,-0.0017392300452394368,2.192,2.0426,2.192,0.05500000000000016,-0.14939999999999998
2020-07-10,6.9943,-0.014199999999999768,-0.0020281664906437007,2.203,2.0957,2.203,0.010999999999999677,-0.10729999999999995
2020-07-13,6.9965,0.002200000000000202,0.00031449238329944707,2.201,2.1894,2.201,-0.0019999999999997797,-0.011600000000000055
2020-07-14,6.9996,0.0030999999999998806,0.0004429805518242221,2.148,2.2805,2.148,-0.052999999999999936,0.13249999999999984
2020-07-15,6.9982,-0.00140000000000029,-0.00020003143417797898,2.15,2.2868,2.15,0.0019999999999997797,0.13680000000000003
2020-07-16,6.9913,-0.006899999999999906,-0.0009864542063014968,2.249,2.2866,2.249,0.0990000000000002,0.037599999999999856
2020-07-17,7.0043,0.0129999999999999,0.0018577272483847175,2.227,2.3079,2.227,-0.02200000000000024,0.0809000000000002
2020-07-20,6.9928,-0.011499999999999844,-0.00164319788921917,2.183,2.3421,2.183,-0.04400000000000004,0.15910000000000002
2020-07-21,6.9862,-0.006599999999999717,-0.0009442736233504993,2.101,2.3216,2.101,-0.08199999999999985,0.22060000000000013
2020-07-22,6.9718,-0.01440000000000019,-0.0020633335877367058,2.008,2.2829,2.008,-0.09299999999999997,0.27490000000000014
2020-07-23,6.9921,0.020299999999999763,0.0029074992374035977,2.207,2.2188,2.207,0.19899999999999984,0.011800000000000033
2020-07-24,6.9938,0.001700000000000479,0.0002431019824784168,2.147,2.21,2.147,-0.06000000000000005,0.06300000000000017
2020-07-27,7.0029,0.009100000000000108,0.0013003066840309905,2.202,2.1447,2.202,0.05500000000000016,-0.05730000000000013
2020-07-28,6.9895,-0.013400000000000745,-0.001915326047920766,2.2,2.1985,2.2,-0.0019999999999997797,-0.0015000000000000568
2020-07-29,6.9969,0.007400000000000517,0.0010581708932244957,2.174,2.2639,2.174,-0.026000000000000245,0.08990000000000009
2020-07-30,6.9902,-0.006700000000000372,-0.0009580256825855034,2.183,2.3231,2.183,0.008999999999999897,0.14010000000000034
2020-07-31,6.9848,-0.005399999999999849,-0.0007728086252243295,2.236,2.3344,2.236,0.05300000000000038,0.09839999999999982
2020-08-03,6.998,0.013200000000000323,0.001888034431035393,2.043,2.3669,2.043,-0.19300000000000006,0.32389999999999963
2020-08-04,6.9803,-0.017700000000000493,-0.0025324981521330607,2.143,2.3013,2.143,0.09999999999999964,0.1583000000000001
2020-08-05,6.9752,-0.00509999999999966,-0.0007308946618949902,2.062,2.2554,2.062,-0.08099999999999996,0.19340000000000002
2020-08-06,6.9438,-0.03139999999999965,-0.004511826031518145,2.074,2.2123,2.074,0.01200000000000001,0.1383000000000001
2020-08-07,6.9408,-0.0030000000000001137,-0.0004321334495318221,2.205,2.168,2.205,0.13100000000000023,-0.03699999999999992
2020-08-10,6.9649,0.024099999999999788,0.0034662079764861075,2.202,2.1583,2.202,-0.0030000000000001137,-0.04369999999999985
2020-08-11,6.9711,0.006199999999999761,0.000889781918635217,2.249,2.192,2.249,0.04700000000000015,-0.05699999999999994
2020-08-12,6.9597,-0.011400000000000077,-0.0016366615764677372,2.246,2.2358,2.246,-0.0030000000000001137,-0.010200000000000209
2020-08-13,6.9429,-0.016799999999999926,-0.002416815297483037,2.237,2.2826,2.237,-0.008999999999999897,0.04559999999999986
2020-08-14,6.9405,-0.0023999999999997357,-0.000345736638562051,2.222,2.3295,2.222,-0.015000000000000124,0.10749999999999993
2020-08-17,6.9362,-0.0042999999999997485,-0.0006197439070714301,2.213,2.3562,2.213,-0.008999999999999897,0.14319999999999977
2020-08-18,6.9325,-0.0037000000000002586,-0.0005335756181593812,2.19,2.3721,2.19,-0.02300000000000013,0.18210000000000015
2020-08-19,6.9168,-0.015699999999999825,-0.002267263576565738,2.204,2.3684,2.204,0.014000000000000234,0.16439999999999966
2020-08-20,6.9274,0.010599999999999277,0.0015313274976356947,2.249,2.3701,2.249,0.04499999999999993,0.12109999999999976
2020-08-21,6.9107,-0.01669999999999927,-0.0024136273198325656,2.28,2.3895,2.28,0.030999999999999694,0.10950000000000015
2020-08-24,6.9194,0.008700000000000152,0.00125812555911933,2.23,2.4362,2.23,-0.04999999999999982,0.20619999999999994
2020-08-25,6.9183,-0.001100000000000101,-0.00015898595898409227,2.241,2.4625,2.241,0.01100000000000012,0.2214999999999998
2020-08-26,6.9079,-0.010400000000000631,-0.0015043904994044316,2.222,2.51,2.222,-0.019000000000000128,0.2879999999999998
2020-08-27,6.8903,-0.017599999999999838,-0.002551058767798673,2.182,2.5265,2.182,-0.040000000000000036,0.34450000000000003
2020-08-28,6.8891,-0.0011999999999998678,-0.00017417304135648122,2.235,2.5251,2.235,0.052999999999999936,0.29010000000000025
2020-08-31,6.8605,-0.02859999999999996,-0.004160127021516322,2.228,2.5081,2.228,-0.006999999999999673,0.2801
2020-09-01,6.8498,-0.010699999999999932,-0.0015608706114939406,2.211,2.5093,2.211,-0.017000000000000348,0.29830000000000023
2020-09-02,6.8376,-0.012199999999999989,-0.0017826618979276906,2.201,2.4735,2.201,-0.009999999999999787,0.27249999999999996
2020-09-03,6.8319,-0.005700000000000038,-0.0008339734928662724,2.197,2.451,2.197,-0.0040000000000000036,0.254
2020-09-04,6.8359,0.0039999999999995595,0.0005853173318600963,2.211,2.4162,2.211,0.01399999999999979,0.20520000000000005
2020-09-07,6.8386,0.0026999999999999247,0.00039489561374633596,2.2,2.388,2.2,-0.010999999999999677,0.18799999999999972
2020-09-08,6.8364,-0.0021999999999993136,-0.00032175503019799586,2.211,2.3548,2.211,0.010999999999999677,0.14380000000000015
2020-09-09,6.8423,0.005899999999999572,0.0008626551303683512,2.193,2.3396,2.193,-0.017999999999999794,0.14659999999999984
2020-09-10,6.8331,-0.009199999999999875,-0.0013454818707918073,2.128,2.3188,2.128,-0.06499999999999995,0.19079999999999986
2020-09-11,6.8389,0.005799999999999805,0.0008484494365030727,2.162,2.2904,2.162,0.03399999999999981,0.12840000000000007
2020-09-14,6.8361,-0.0027999999999996916,-0.000409506404260181,2.161,2.2581,2.161,-0.0009999999999998899,0.09710000000000019
2020-09-15,6.8222,-0.013900000000000468,-0.0020353931014507978,2.133,2.2406,2.133,-0.028000000000000025,0.10760000000000014
2020-09-16,6.7825,-0.039699999999999847,-0.005836234931632295,2.185,2.2354,2.185,0.052000000000000046,0.05039999999999978
2020-09-17,6.7675,-0.01499999999999968,-0.0022140230446304763,2.199,2.2372,2.199,0.01399999999999979,0.038200000000000234
2020-09-18,6.7591,-0.008399999999999963,-0.001241997409517616,2.233,2.2802,2.233,0.03400000000000025,0.04719999999999969
2020-09-21,6.7595,0.00039999999999995595,5.91777255212854e-05,2.262,2.3817,2.262,0.028999999999999915,0.11969999999999992
2020-09-22,6.7872,0.02770000000000028,0.004089562565903293,2.332,2.5109,2.332,0.06999999999999984,0.17890000000000006
2020-09-23,6.7986,0.011400000000000077,0.001678223244212565,2.149,2.6585,2.149,-0.18299999999999983,0.5095000000000001
2020-09-24,6.8028,0.0041999999999999815,0.0006175835036824392,2.148,2.6308,2.148,-0.0009999999999998899,0.4827999999999997
2020-09-25,6.8121,0.009299999999999642,0.0013661505330827073,2.044,2.5575,2.044,-0.10400000000000009,0.5135000000000001
2020-09-27,6.8121,0.0,0.0,1.953,2.4019,1.953,-0.09099999999999997,0.44889999999999985
2020-09-28,6.8252,0.013099999999999667,0.0019212020017686854,2.418,2.2146,2.418,0.4650000000000001,-0.20340000000000025
2020-09-29,6.8171,-0.008099999999999774,-0.0011874831885866758,2.283,2.2257,2.283,-0.13500000000000023,-0.05730000000000013
2020-09-30,6.8101,-0.006999999999999673,-0.0010273571409660845,2.331,2.4032,2.331,0.04800000000000004,0.07220000000000004
2020-10-09,6.7796,-0.03049999999999997,-0.004488701179657589,2.174,2.4706,2.174,-0.15700000000000003,0.2966000000000002
2020-10-10,6.7796,0.0,0.0,2.029,2.5016,2.029,-0.14500000000000002,0.4725999999999999
2020-10-12,6.7126,-0.06700000000000017,-0.009931745858603689,2.073,2.4728,2.073,0.04400000000000004,0.39979999999999993
2020-10-13,6.7296,0.01699999999999946,0.002529349223084844,2.092,2.3819,2.092,0.019000000000000128,0.2898999999999998
2020-10-14,6.7473,0.017700000000000493,0.0026267183368551693,2.136,2.2559,2.136,0.04400000000000004,0.1198999999999999
2020-10-15,6.7374,-0.00990000000000002,-0.0014683310386878555,2.191,2.2255,2.191,0.054999999999999716,0.034499999999999975
2020-10-16,6.7332,-0.0041999999999999815,-0.0006235802616213968,2.199,2.2477,2.199,0.008000000000000007,0.04870000000000019
2020-10-19,6.701,-0.03220000000000045,-0.004793744571755932,2.23,2.2979,2.23,0.03100000000000014,0.06789999999999985
2020-10-20,6.693,-0.008000000000000007,-0.0011945648725284704,2.261,2.3313,2.261,0.03100000000000014,0.07030000000000003
2020-10-21,6.6781,-0.014899999999999913,-0.002228688165883274,2.207,2.388,2.207,-0.05400000000000027,0.18100000000000005
2020-10-22,6.6556,-0.022499999999999964,-0.0033749103934067877,2.19,2.4081,2.19,-0.016999999999999904,0.21810000000000018
2020-10-23,6.6703,0.01470000000000038,0.002206230868103689,2.205,2.3949,2.205,0.015000000000000124,0.18989999999999974
2020-10-26,6.6725,0.002200000000000202,0.00032976586922340136,2.227,2.398,2.227,0.021999999999999797,0.17100000000000026
2020-10-27,6.6989,0.026399999999999757,0.003948731517036047,2.33,2.5212,2.33,0.1030000000000002,0.19119999999999981
2020-10-28,6.7195,0.02059999999999995,0.0030704131914036214,2.385,2.6923,2.385,0.054999999999999716,0.30730000000000013
2020-10-29,6.726,0.00649999999999995,0.0009668663130960238,2.353,2.8571,2.353,-0.031999999999999584,0.5040999999999998
2020-10-30,6.7232,-0.0027999999999996916,-0.0004163816495336346,2.418,3.0122,2.418,0.06499999999999995,0.5941999999999998
2020-11-02,6.705,-0.018200000000000216,-0.0027107149349024657,2.464,3.1939,2.464,0.04599999999999982,0.7299000000000002
2020-11-03,6.6957,-0.009299999999999642,-0.001387987417529527,2.18,3.1396,2.18,-0.2839999999999998,0.9596
2020-11-04,6.6771,-0.018600000000000172,-0.0027817677665496893,2.092,2.9481,2.092,-0.08800000000000008,0.8561000000000001
2020-11-05,6.6895,0.012399999999999523,0.0018553713819743232,2.071,2.7293,2.071,-0.020999999999999908,0.6582999999999997
2020-11-06,6.629,-0.06050000000000022,-0.009085169672282503,2.215,2.5302,2.215,0.14399999999999968,0.3151999999999999
2020-11-09,6.6123,-0.01669999999999927,-0.002522412278940345,2.272,2.3771,2.272,0.05699999999999994,0.1051000000000002
2020-11-10,6.5897,-0.02260000000000062,-0.0034237270226108573,2.269,2.3518,2.269,-0.0029999999999996696,0.08279999999999976
2020-11-11,6.607,0.017300000000000537,0.0026218690900454483,2.306,2.4144,2.306,0.03699999999999992,0.10840000000000005
2020-11-12,6.6236,0.016599999999999504,0.0025093357384433847,2.335,2.5276,2.335,0.028999999999999915,0.1926000000000001
2020-11-13,6.6285,0.0049000000000001265,0.0007395054705751646,2.433,2.7397,2.433,0.09799999999999986,0.3067000000000002
2020-11-16,6.6048,-0.023699999999999832,-0.0035818768317701353,2.339,2.9391,2.339,-0.09399999999999986,0.6000999999999999
2020-11-17,6.5762,-0.02859999999999996,-0.004339586508299175,2.238,2.9516,2.238,-0.10099999999999998,0.7136
2020-11-18,6.5593,-0.016899999999999693,-0.002573180971404292,2.21,2.8674,2.21,-0.028000000000000025,0.6574
2020-11-19,6.5484,-0.010900000000000354,-0.0016631449472442868,2.231,2.7609,2.231,0.020999999999999908,0.5299
2020-11-20,6.5786,0.030199999999999783,0.0046012117438420045,2.228,2.6112,2.228,-0.0029999999999996696,0.3832
2020-11-23,6.5719,-0.006699999999999484,-0.0010189727508033504,2.193,2.4413,2.193,-0.03500000000000014,0.24829999999999997
2020-11-24,6.5809,0.008999999999999453,0.001368530108365479,2.232,2.3723,2.232,0.039000000000000146,0.14029999999999987
2020-11-25,6.5749,-0.005999999999999339,-0.0009121452767605938,2.224,2.5281,2.224,-0.008000000000000007,0.3040999999999996
2020-11-26,6.578,0.0030999999999998806,0.0004713789441721067,2.294,2.692,2.294,0.06999999999999984,0.39800000000000013
2020-11-27,6.5755,-0.002500000000000391,-0.00038012696698270994,2.336,2.7488,2.336,0.041999999999999815,0.4128000000000003
2020-11-30,6.5782,0.0026999999999999247,0.00041053088300943715,2.356,2.7652,2.356,0.020000000000000018,0.40920000000000023
2020-12-01,6.5921,0.013900000000000468,0.0021108107121294442,1.972,2.7577,1.972,-0.3839999999999999,0.7856999999999998
2020-12-02,6.5611,-0.031000000000000583,-0.0047136905694050825,1.925,2.5638,1.925,-0.04699999999999993,0.6388
2020-12-03,6.5592,-0.0019000000000000128,-0.00028962752578553006,2.104,2.3661,2.104,0.17900000000000005,0.2620999999999998
2020-12-04,6.5507,-0.00849999999999973,-0.0012967301338787521,2.116,2.2893,2.116,0.01200000000000001,0.1732999999999998
2020-12-07,6.5362,-0.014499999999999957,-0.002215957321211274,2.119,2.2551,2.119,0.0030000000000001137,0.1360999999999999
2020-12-08,6.532,-0.0041999999999999815,-0.0006427817365220526,2.101,2.2334,2.101,-0.018000000000000238,0.13240000000000007
2020-12-09,6.5311,-0.0008999999999996788,-0.0001377927140454975,2.074,2.2665,2.074,-0.027000000000000135,0.19250000000000034
2020-12-10,6.5476,0.016499999999999737,0.002523187893889185,2.063,2.2874,2.063,-0.010999999999999677,0.2243999999999997
2020-12-11,6.5405,-0.007100000000000328,-0.0010849551419178961,2.178,2.2709,2.178,0.11499999999999977,0.0929000000000002
2020-12-14,6.5361,-0.004399999999999515,-0.0006729578278838139,2.143,2.2797,2.143,-0.03500000000000014,0.13670000000000027
2020-12-15,6.5434,0.007299999999999862,0.0011162507371066104,2.062,2.3138,2.062,-0.08099999999999996,0.25180000000000025
2020-12-16,6.5355,-0.00790000000000024,-0.0012080528118979506,1.815,2.3235,1.815,-0.2469999999999999,0.5085000000000002
2020-12-17,6.5362,0.000700000000000145,0.00010710160127133761,1.961,2.2866,1.961,0.14600000000000013,0.3255999999999999
2020-12-18,6.5315,-0.004699999999999704,-0.0007193309002597498,2.148,2.2603,2.148,0.18700000000000006,0.11229999999999984
2020-12-21,6.5507,0.019199999999999662,0.0029352882214711325,2.05,2.2559,2.05,-0.09800000000000031,0.2059000000000002
2020-12-22,6.5387,-0.011999999999999567,-0.0018335452139727369,2.061,2.2276,2.061,0.01100000000000012,0.16659999999999986
2020-12-23,6.5558,0.017099999999999227,0.002611785057928739,2.064,2.2004,2.064,0.0030000000000001137,0.13640000000000008
2020-12-24,6.5361,-0.019699999999999385,-0.003009496691647114,1.774,2.1751,1.774,-0.29000000000000004,0.4011
2020-12-25,6.5333,-0.00280000000000058,-0.0004284818037308563,2.151,2.0823,2.151,0.3769999999999998,-0.06869999999999976
2020-12-28,6.5236,-0.009699999999999598,-0.0014858047139043916,2.133,2.1455,2.133,-0.017999999999999794,0.012500000000000178
2020-12-29,6.5451,0.02149999999999963,0.003290307283325626,2.264,2.2784,2.264,0.13099999999999978,0.01440000000000019
2020-12-30,6.5325,-0.012599999999999945,-0.001926959671320717,2.308,2.4553,2.308,0.04400000000000004,0.1473
2020-12-31,6.5249,-0.007600000000000051,-0.001164090991810777,2.381,2.7344,2.381,0.07299999999999995,0.35340000000000016
2021-01-04,6.5408,0.015900000000000247,0.0024338547263192136,1.993,2.8401,1.993,-0.3879999999999997,0.8471
2021-01-05,6.476,-0.06479999999999997,-0.009956446331750107,1.822,2.7136,1.822,-0.17100000000000004,0.8916
2021-01-06,6.4604,-0.015600000000000058,-0.0024118004331676085,1.966,2.519,1.966,0.1439999999999999,0.5530000000000002
2021-01-07,6.4608,0.00039999999999995595,6.19137541603049e-05,1.855,2.3272,1.855,-0.11099999999999999,0.47219999999999995
2021-01-08,6.4708,0.009999999999999787,0.0015465993370206022,2.141,2.0827,2.141,0.28600000000000003,-0.05830000000000002
2021-01-11,6.4764,0.005600000000000271,0.0008650519570585044,2.148,1.9782,2.148,0.007000000000000117,-0.16980000000000017
2021-01-12,6.4823,0.00590000000000046,0.0009105852296407806,1.985,1.9636,1.985,-0.16300000000000003,-0.021400000000000086
2021-01-13,6.4605,-0.021800000000000708,-0.003368671479963352,1.999,1.9739,1.999,0.014000000000000012,-0.025100000000000122
2021-01-14,6.4746,0.014100000000000001,0.0021801154354678964,2.013,1.9852,2.013,0.01399999999999979,-0.027799999999999825
2021-01-15,6.4633,-0.011299999999999422,-0.0017468063400300068,2.124,2.0003,2.124,0.11100000000000021,-0.12369999999999992
2021-01-18,6.4845,0.02119999999999944,0.003274690518083286,2.177,2.0144,2.177,0.052999999999999936,-0.16259999999999986
2021-01-19,6.4883,0.0038000000000000256,0.0005858411613041073,2.267,2.087,2.267,0.08999999999999986,-0.17999999999999972
2021-01-20,6.4836,-0.004699999999999704,-0.0007246432990798267,2.493,2.2635,2.493,0.22599999999999998,-0.22949999999999982
2021-01-21,6.4696,-0.014000000000000234,-0.002161628856408081,2.359,2.4393,2.359,-0.1339999999999999,0.08029999999999982
2021-01-22,6.4617,-0.007899999999999352,-0.00122184173019318,2.271,2.5644,2.271,-0.08800000000000008,0.2934000000000001
2021-01-25,6.4819,0.020199999999999996,0.0031212361938293097,2.296,2.6317,2.296,0.02499999999999991,0.3357000000000001
2021-01-26,6.4847,0.0027999999999996916,0.00043187883385326103,2.728,2.7197,2.728,0.4320000000000004,-0.008300000000000196
2021-01-27,6.4665,-0.018200000000000216,-0.002810552223802803,2.969,2.8636,2.969,0.24099999999999966,-0.10539999999999994
2021-01-28,6.4845,0.017999999999999794,0.002779709920497213,2.981,3.1473,2.981,0.01200000000000001,0.16630000000000011
2021-01-29,6.4709,-0.01359999999999939,-0.0020995113999835897,3.071,3.6208,3.071,0.0900000000000003,0.5497999999999998
2021-02-01,6.4623,-0.008600000000000385,-0.0013299108136489558,3.194,3.9684,3.194,0.12299999999999978,0.7744
2021-02-02,6.4736,0.01130000000000031,0.0017470764112628289,2.241,4.0905,2.241,-0.9529999999999998,1.8494999999999995
2021-02-03,6.4669,-0.006700000000000372,-0.0010355087668465794,2.146,3.8339,2.146,-0.0950000000000002,1.6879
2021-02-04,6.4605,-0.006400000000000183,-0.000990145044304908,2.324,3.4172,2.324,0.17799999999999994,1.0932
2021-02-05,6.471,0.010500000000000398,0.0016239418949912814,2.338,2.9945,2.338,0.014000000000000234,0.6564999999999999
2021-02-07,6.471,0.0,0.0,2.349,2.622,2.349,0.01100000000000012,0.2729999999999997
2021-02-08,6.4678,-0.0031999999999996476,-0.0004946362978396484,2.341,2.4094,2.341,-0.008000000000000007,0.06840000000000002
2021-02-09,6.4533,-0.014500000000000846,-0.0022443918995645883,2.425,2.4134,2.425,0.08399999999999963,-0.01159999999999961
2021-02-10,6.4391,-0.014199999999999768,-0.0022028490804158335,2.217,2.4727,2.217,-0.20799999999999974,0.25570000000000004
2021-02-18,6.4536,0.014499999999999957,0.002249335843318492,2.213,2.3856,2.213,-0.0040000000000000036,0.1726000000000001
2021-02-19,6.4624,0.008799999999999919,0.0013626511863837536,2.051,2.3758,2.051,-0.16199999999999992,0.32479999999999976
2021-02-20,6.4624,0.0,0.0,1.964,2.2896,1.964,-0.08700000000000019,0.3256000000000001
2021-02-22,6.4563,-0.006099999999999994,-0.0009443675374994007,2.206,2.1953,2.206,0.242,-0.010699999999999932
2021-02-23,6.4516,-0.004699999999999704,-0.0007282362286214247,2.277,2.2052,2.277,0.07100000000000017,-0.07180000000000009
2021-02-24,6.4615,0.00990000000000002,0.0015333269222185962,2.114,2.2785,2.114,-0.16300000000000026,0.1645000000000003
2021-02-25,6.4522,-0.009299999999999642,-0.0014403310604673935,2.215,2.2894,2.215,0.10099999999999998,0.07440000000000024
2021-02-26,6.4713,0.019099999999999895,0.0029558577640022405,2.214,2.3258,2.214,-0.0009999999999998899,0.11180000000000012
2021-03-01,6.4754,0.004099999999999326,0.0006333660526713196,2.216,2.3767,2.216,0.002000000000000224,0.16069999999999984
2021-03-02,6.4625,-0.012899999999999245,-0.001994141904767587,2.157,2.3337,2.157,-0.05900000000000016,0.17669999999999986
2021-03-03,6.4565,-0.006000000000000227,-0.0009288645299783022,1.89,2.2703,1.89,-0.2670000000000001,0.3803000000000003
2021-03-04,6.4758,0.01929999999999943,0.002984776772649234,2.161,2.1925,2.161,0.27100000000000013,0.03149999999999986
2021-03-05,6.4904,0.014600000000000612,0.0022520100214997946,1.999,2.1528,1.999,-0.16199999999999992,0.15379999999999994
2021-03-08,6.4795,-0.010900000000000354,-0.0016808152053861347,2.144,2.0839,2.144,0.14500000000000002,-0.060100000000000264
2021-03-09,6.5338,0.05430000000000046,0.008345356695559424,2.067,2.0517,2.067,-0.07699999999999996,-0.015300000000000313
2021-03-10,6.5106,-0.02320000000000011,-0.003557085716811562,2.038,2.0329,2.038,-0.02900000000000036,-0.00509999999999966
2021-03-11,6.497,-0.013600000000000279,-0.0020910859736860427,2.06,2.0407,2.06,0.02200000000000024,-0.019299999999999873
2021-03-12,6.4845,-0.012500000000000178,-0.0019258181047347785,2.134,2.0355,2.134,0.07399999999999984,-0.09850000000000003
2021-03-15,6.501,0.016500000000000625,0.0025412974286727692,2.275,2.0482,2.275,0.14100000000000001,-0.2267999999999999
2021-03-16,6.5029,0.0019000000000000128,0.0002922200283791893,2.229,2.1099,2.229,-0.04599999999999982,-0.11909999999999998
2021-03-17,6.4978,-0.0051000000000005485,-0.0007845731786151668,2.167,2.1673,2.167,-0.06200000000000028,0.000300000000000189
2021-03-18,6.4859,-0.0118999999999998,-0.0018330681288287784,2.197,2.1779,2.197,0.03000000000000025,-0.019099999999999895
2021-03-19,6.5098,0.023900000000000254,0.003678143839075742,2.199,2.1995,2.199,0.0019999999999997797,0.000500000000000167
2021-03-22,6.5191,0.009299999999999642,0.001427595818445505,2.163,2.2171,2.163,-0.03600000000000003,0.05410000000000004
2021-03-23,6.5036,-0.015500000000000291,-0.002380459861525449,2.168,2.1956,2.168,0.0050000000000003375,0.02760000000000007
2021-03-24,6.5228,0.01920000000000055,0.002947861865722305,1.992,2.1606,1.992,-0.17600000000000016,0.16860000000000008
2021-03-25,6.5282,0.005399999999999849,0.0008275228424115337,2.194,2.1247,2.194,0.20199999999999996,-0.06930000000000014
2021-03-26,6.5376,0.009400000000000297,0.001438871193769234,2.173,2.1955,2.173,-0.020999999999999908,0.022499999999999964
2021-03-29,6.5416,0.0039999999999995595,0.0006116582244646072,2.158,2.2639,2.158,-0.015000000000000124,0.1059000000000001
2021-03-30,6.5641,0.022499999999999964,0.0034336238592093007,2.236,2.3255,2.236,0.07800000000000029,0.08949999999999969
2021-03-31,6.5713,0.007200000000000095,0.001096274300149347,2.251,2.3974,2.251,0.01499999999999968,0.1464000000000003
2021-04-01,6.5584,-0.012900000000000134,-0.0019650112570529536,2.155,2.5222,2.155,-0.09600000000000009,0.3672000000000004
2021-04-02,6.5649,0.00649999999999995,0.0009906045783508242,2.145,2.4623,2.145,-0.009999999999999787,0.3172999999999999
2021-04-06,6.5527,-0.012199999999999989,-0.0018600968954116872,2.045,2.3681,2.045,-0.10000000000000009,0.32310000000000016
2021-04-07,6.5384,-0.014299999999999535,-0.002184691231092246,1.939,2.2569,1.939,-0.10599999999999987,0.31789999999999985
2021-04-08,6.5463,0.007899999999999352,0.0012075173232728954,2.014,2.147,2.014,0.07499999999999973,0.133
2021-04-09,6.5409,-0.005399999999999849,-0.0008252338630807378,2.054,2.026,2.054,0.040000000000000036,-0.028000000000000025
2021-04-12,6.5578,0.01690000000000058,0.002580410174660093,2.05,1.9715,2.05,-0.0040000000000000036,-0.07849999999999979
2021-04-13,6.5454,-0.01240000000000041,-0.0018926680050062633,2.061,1.9579,2.061,0.01100000000000012,-0.10309999999999997
2021-04-14,6.5362,-0.009199999999999875,-0.001406556004888202,2.063,1.961,2.063,0.002000000000000224,-0.10200000000000009
2021-04-15,6.5297,-0.00649999999999995,-0.0009949564188026032,2.058,1.9678,2.058,-0.0050000000000003375,-0.09019999999999984
2021-04-16,6.5288,-0.0008999999999996788,-0.00013784125304204078,2.199,1.988,2.199,0.14100000000000001,-0.21099999999999985
2021-04-19,6.5233,-0.0055000000000005045,-0.000842776308110088,2.226,2.0405,2.226,0.027000000000000135,-0.18549999999999978
2021-04-20,6.5103,-0.0129999999999999,-0.0019948447567859134,2.196,2.1182,2.196,-0.029999999999999805,-0.07780000000000031
2021-04-21,6.5046,-0.005700000000000038,-0.000875919194836096,2.133,2.1674,2.133,-0.06300000000000017,0.03440000000000021
2021-04-22,6.4902,-0.01440000000000019,-0.0022162720310022,2.15,2.1759,2.15,0.016999999999999904,0.025900000000000034
2021-04-23,6.4934,0.0032000000000005357,0.000492929551864603,2.139,2.1871,2.139,-0.01100000000000012,0.048100000000000254
2021-04-25,6.4934,0.0,0.0,2.2,2.1722,2.2,0.06100000000000039,-0.027800000000000047
2021-04-26,6.4913,-0.002100000000000435,-0.00032345761062010936,2.246,2.1647,2.246,0.04599999999999982,-0.08130000000000015
2021-04-27,6.4924,0.001100000000000101,0.00016944322537202234,2.234,2.2005,2.234,-0.01200000000000001,-0.033500000000000085
2021-04-28,6.4853,-0.007100000000000328,-0.0010941847489721306,2.189,2.2394,2.189,-0.04499999999999993,0.05039999999999978
2021-04-29,6.4715,-0.013799999999999812,-0.002130156399450559,2.252,2.2603,2.252,0.06299999999999972,0.008300000000000196
2021-04-30,6.4672,-0.0042999999999997485,-0.0006646726731909514,2.336,2.2977,2.336,0.08400000000000007,-0.0383
2021-05-06,6.4895,0.022299999999999542,0.0034422379185116495,2.152,2.3264,2.152,-0.18399999999999972,0.1743999999999999
2021-05-07,6.4678,-0.021699999999999164,-0.0033494663683871673,1.94,2.2768,1.94,-0.2120000000000002,0.3368000000000002
2021-05-08,6.4678,0.0,0.0,1.909,2.2003,1.909,-0.030999999999999917,0.2912999999999999
2021-05-10,6.4425,-0.025300000000000544,-0.0039193562329063085,1.909,2.0964,1.909,0.0,0.1874
2021-05-11,6.4254,-0.017100000000000115,-0.0026577778916357653,2.078,2.028,2.078,0.16899999999999982,-0.04999999999999982
2021-05-12,6.4258,0.00039999999999995595,6.22509960361109e-05,2.029,1.9638,2.029,-0.04899999999999993,-0.06519999999999992
2021-05-13,6.4612,0.0354000000000001,0.005493922408682565,2.082,1.9469,2.082,0.052999999999999936,-0.13509999999999978
2021-05-14,6.4525,-0.008700000000000152,-0.001347406446834097,2.074,1.9727,2.074,-0.008000000000000007,-0.10129999999999995
2021-05-17,6.4307,-0.02179999999999982,-0.0033842555897008793,2.195,2.0086,2.195,0.121,-0.1863999999999999
2021-05-18,6.4357,0.004999999999999893,0.0007772182198121153,2.196,2.0602,2.196,0.001000000000000334,-0.13580000000000014
2021-05-19,6.4255,-0.01019999999999932,-0.001586166475684182,2.149,2.1174,2.149,-0.04700000000000015,-0.03160000000000007
2021-05-20,6.4464,0.020899999999999253,0.003247386689886762,2.165,2.1525,2.165,0.016000000000000014,-0.012500000000000178
2021-05-21,6.43,-0.01639999999999997,-0.0025472972054177137,2.16,2.1784,2.16,-0.004999999999999893,0.01839999999999975
2021-05-24,6.4408,0.010800000000000587,0.001678217754106028,2.156,2.1919,2.156,-0.0040000000000000036,0.03589999999999982
2021-05-25,6.4283,-0.012500000000000178,-0.0019426384022328887,2.254,2.1832,2.254,0.09799999999999986,-0.0708000000000002
2021-05-26,6.4099,-0.01839999999999975,-0.0028664474145383505,2.269,2.2337,2.269,0.015000000000000124,-0.03530000000000033
2021-05-27,6.403,-0.006900000000000794,-0.001077039650197741,2.262,2.2787,2.262,-0.007000000000000117,0.01670000000000016
2021-05-28,6.3858,-0.017199999999999882,-0.0026898552437485458,2.278,2.3108,2.278,0.016000000000000014,0.03279999999999994
2021-05-31,6.3682,-0.017599999999999838,-0.0027599202088493223,2.502,2.3655,2.502,0.22399999999999975,-0.13649999999999984
2021-06-01,6.3572,-0.01100000000000012,-0.0017288262435397569,2.233,2.4783,2.233,-0.2689999999999997,0.24529999999999985
2021-06-02,6.3773,0.02010000000000023,0.0031567814506771224,2.156,2.4399,2.156,-0.07699999999999996,0.28390000000000004
2021-06-03,6.3811,0.0038000000000000256,0.0005956859970476833,2.092,2.3945,2.092,-0.06400000000000006,0.30249999999999977
2021-06-04,6.4072,0.026099999999999568,0.004081861739083348,2.187,2.3288,2.187,0.09499999999999975,0.14180000000000037
2021-06-07,6.3963,-0.010899999999999466,-0.0017026598404035478,2.253,2.2681,2.253,0.06600000000000028,0.015099999999999891
2021-06-08,6.3909,-0.005399999999999849,-0.0008445946448014549,2.267,2.2168,2.267,0.01399999999999979,-0.0501999999999998
2021-06-09,6.3956,0.004699999999999704,0.0007351503869978522,2.271,2.2379,2.271,0.0040000000000000036,-0.03310000000000013
2021-06-10,6.3972,0.0015999999999998238,0.00025014070545029414,2.146,2.252,2.146,-0.125,0.10599999999999987
2021-06-11,6.3856,-0.01159999999999961,-0.001814939322246115,2.169,2.2524,2.169,0.02300000000000013,0.08340000000000014
2021-06-15,6.407,0.021399999999999864,0.0033456873445521012,2.237,2.2345,2.237,0.06800000000000006,-0.0024999999999999467
2021-06-16,6.4078,0.0007999999999999119,0.00012485563583348615,2.198,2.2276,2.198,-0.039000000000000146,0.02959999999999985
2021-06-17,6.4298,0.02200000000000024,0.0034274352739975906,2.179,2.216,2.179,-0.019000000000000128,0.037000000000000366
2021-06-18,6.4361,0.006299999999999528,0.0009793330437083162,2.206,2.2078,2.206,0.027000000000000135,0.0018000000000002458
2021-06-21,6.4546,0.018500000000000405,0.0028702883010393466,2.257,2.2151,2.257,0.051000000000000156,-0.04190000000000005
2021-06-22,6.4613,0.006699999999999484,0.0010374810274114236,2.337,2.2596,2.337,0.08000000000000007,-0.07740000000000036
2021-06-23,6.4621,0.0008000000000008001,0.00012380642880701685,2.276,2.2997,2.276,-0.06100000000000039,0.023700000000000276
2021-06-24,6.4824,0.020299999999999763,0.0031364697966967657,2.254,2.3243,2.254,-0.021999999999999797,0.07030000000000003
2021-06-25,6.4744,-0.008000000000000007,-0.0012348729650234072,2.196,2.452,2.196,-0.05799999999999983,0.2559999999999998
2021-06-28,6.4578,-0.016600000000000392,-0.002567236683184643,2.258,2.5536,2.258,0.06199999999999983,0.29559999999999986
2021-06-29,6.4567,-0.001100000000000101,-0.0001703511560896856,2.431,2.6531,2.431,0.17300000000000004,0.22209999999999974
2021-06-30,6.4601,0.0034000000000000696,0.000526446190778668,2.405,2.8642,2.405,-0.026000000000000245,0.45920000000000005
2021-07-01,6.4709,0.010800000000000587,0.001670404842816042,2.186,3.0278,2.186,-0.21899999999999986,0.8418000000000001
2021-07-02,6.4712,0.0002999999999993008,4.636032793034855e-05,1.945,2.8607,1.945,-0.24099999999999988,0.9157
2021-07-05,6.4695,-0.0016999999999995907,-0.00026273694773527986,2.034,2.6734,2.034,0.08899999999999975,0.6394000000000002
2021-07-06,6.4613,-0.00820000000000043,-0.0012682898349958916,2.046,2.4995,2.046,0.01200000000000001,0.4535
2021-07-07,6.4762,0.014900000000000801,0.0023033826609084626,2.129,2.2662,2.129,0.08300000000000018,0.1372
2021-07-08,6.4705,-0.005700000000000038,-0.0008805333201953172,2.114,2.0908,2.114,-0.015000000000000124,-0.023199999999999665
2021-07-09,6.4755,0.004999999999999893,0.0007724394019171013,2.22,2.0787,2.22,0.10600000000000032,-0.1413000000000002
2021-07-12,6.4785,0.0030000000000001137,0.0004631774052237094,2.163,2.129,2.163,-0.057000000000000384,-0.03399999999999981
2021-07-13,6.4757,-0.00280000000000058,-0.00043229223627941235,2.193,2.1605,2.193,0.03000000000000025,-0.032500000000000195
2021-07-14,6.4806,0.0049000000000001265,0.0007563888198972878,2.179,2.1862,2.179,-0.014000000000000234,0.007200000000000095
2021-07-15,6.464,-0.016599999999999504,-0.0025647774515520252,2.178,2.2018,2.178,-0.0009999999999998899,0.023800000000000043
2021-07-16,6.4705,0.00649999999999995,0.0010050640607934156,2.201,2.2243,2.201,0.02300000000000013,0.023299999999999876
2021-07-19,6.47,-0.0005000000000006111,-7.727676677862409e-05,2.155,2.2188,2.155,-0.04600000000000026,0.06380000000000008
2021-07-20,6.4855,0.015500000000000291,0.002392807285781516,2.198,2.2151,2.198,0.04300000000000015,0.017100000000000115
2021-07-21,6.4835,-0.0019999999999997797,-0.00030842779178883427,2.218,2.2173,2.218,0.020000000000000018,-0.000700000000000145
2021-07-22,6.4651,-0.018400000000000638,-0.0028420079985089905,2.18,2.2253,2.18,-0.03799999999999981,0.045299999999999674
2021-07-23,6.465,-9.999999999976694e-05,-1.5467784472174895e-05,2.143,2.2261,2.143,-0.037000000000000366,0.0831000000000004
2021-07-26,6.4763,0.01130000000000031,0.0017463474105117883,2.214,2.2116,2.214,0.07100000000000017,-0.0024000000000001798
2021-07-27,6.4734,-0.0029000000000003467,-0.0004478868311202655,2.31,2.2697,2.31,0.09600000000000009,-0.040300000000000225
2021-07-28,6.4929,0.01949999999999985,0.0030077994032438548,2.356,2.3475,2.356,0.04599999999999982,-0.00849999999999973
2021-07-29,6.4942,0.001300000000000523,0.00020019865933765767,2.257,2.4238,2.257,-0.09899999999999975,0.16679999999999984
2021-07-30,6.4602,-0.03399999999999981,-0.005249193798204679,2.284,2.4728,2.284,0.02699999999999969,0.18880000000000008
2021-08-02,6.466,0.005799999999999805,0.0008974022356520186,2.071,2.504,2.071,-0.21299999999999963,0.43299999999999983
2021-08-03,6.461,-0.004999999999999893,-0.000773574727212895,2.041,2.415,2.041,-0.03000000000000025,0.3740000000000001
2021-08-04,6.4655,0.004499999999999282,0.0006962441777406778,2.04,2.3041,2.04,-0.0009999999999998899,0.2641
2021-08-05,6.4691,0.0036000000000004917,0.0005566465283746532,1.97,2.1916,1.97,-0.07000000000000006,0.22160000000000024
2021-08-06,6.4625,-0.006599999999999717,-0.0010207554475962363,1.994,2.0997,1.994,0.02400000000000002,0.1056999999999999
2021-08-09,6.484,0.02149999999999963,0.003321364038882017,2.145,2.0321,2.145,0.15100000000000002,-0.11290000000000022
2021-08-10,6.4842,0.00020000000000042206,3.084468160825029e-05,2.348,2.053,2.348,0.20299999999999985,-0.29499999999999993
2021-08-11,6.4831,-0.001100000000000101,-0.0001696575235613241,2.147,2.1517,2.147,-0.20100000000000007,0.0047000000000001485
2021-08-12,6.4754,-0.007700000000000706,-0.0011884092921615155,2.15,2.1736,2.15,0.0030000000000001137,0.023600000000000065
2021-08-13,6.4799,0.0045000000000001705,0.0006946964070267198,2.197,2.1873,2.197,0.04700000000000015,-0.009700000000000042
2021-08-16,6.4717,-0.008199999999999541,-0.0012662529873766377,2.193,2.2181,2.193,-0.0040000000000000036,0.025100000000000122
2021-08-17,6.4765,0.004799999999999471,0.0007414158292083888,2.139,2.2449,2.139,-0.05400000000000027,0.1059000000000001
2021-08-18,6.4915,0.015000000000000568,0.0023133878299975985,2.054,2.1997,2.054,-0.08499999999999996,0.14570000000000016
2021-08-19,6.4853,-0.0062000000000006494,-0.0009555515183647447,2.091,2.1787,2.091,0.037000000000000366,0.08769999999999989
2021-08-20,6.4984,0.013100000000000556,0.00201791545480067,2.115,2.168,2.115,0.02400000000000002,0.052999999999999936
2021-08-23,6.4969,-0.0015000000000000568,-0.00023085269392188982,2.16,2.1544,2.16,0.04499999999999993,-0.005600000000000271
2021-08-24,6.4805,-0.01639999999999997,-0.0025274721793924044,2.224,2.1509,2.224,0.06400000000000006,-0.07310000000000016
2021-08-25,6.4728,-0.007699999999999818,-0.0011888863697998835,2.311,2.1808,2.311,0.08699999999999974,-0.13019999999999987
2021-08-26,6.473,0.00019999999999953388,3.089805188016219e-05,2.319,2.2737,2.319,0.008000000000000007,-0.04530000000000012
2021-08-27,6.4863,0.01330000000000009,0.0020525807211046383,2.329,2.346,2.329,0.010000000000000231,0.016999999999999904
2021-08-30,6.4677,-0.018600000000000172,-0.002871701834543604,2.308,2.3944,2.308,-0.02100000000000035,0.08640000000000025
2021-08-31,6.4679,0.00020000000000042206,3.0922415661672446e-05,2.322,2.4466,2.322,0.014000000000000234,0.12460000000000004
2021-09-01,6.468,9.999999999976694e-05,1.546084926480726e-05,2.104,2.4805,2.104,-0.21799999999999997,0.37650000000000006
2021-09-02,6.4594,-0.008600000000000385,-0.0013305074908612302,2.075,2.3998,2.075,-0.028999999999999915,0.32479999999999976
2021-09-03,6.4577,-0.0016999999999995907,-0.00026321697746626264,2.059,2.3287,2.059,-0.016000000000000014,0.26969999999999983
2021-09-06,6.4529,-0.0048000000000003595,-0.0007435750811211921,2.151,2.2653,2.151,0.09199999999999964,0.11430000000000007
2021-09-07,6.4533,0.00039999999999995595,6.19857123131377e-05,2.198,2.2081,2.198,0.04700000000000015,0.010099999999999998
2021-09-08,6.4674,0.014100000000000001,0.0021825451557758117,2.201,2.1725,2.201,0.0030000000000001137,-0.028500000000000192
2021-09-09,6.4615,-0.005899999999999572,-0.0009126840503915602,2.158,2.196,2.158,-0.04300000000000015,0.038000000000000256
2021-09-10,6.4566,-0.0049000000000001265,-0.0007586255308444877,2.199,2.2114,2.199,0.040999999999999925,0.012399999999999967
2021-09-13,6.4497,-0.006899999999999906,-0.0010692453541896385,2.203,2.224,2.203,0.0040000000000000036,0.02100000000000035
2021-09-14,6.45,0.000300000000000189,4.651270960639332e-05,2.28,2.2388,2.28,0.07699999999999996,-0.0411999999999999
2021-09-15,6.4492,-0.0007999999999999119,-0.00012403870023345402,2.213,2.2695,2.213,-0.06699999999999973,0.05649999999999977
2021-09-16,6.433,-0.016200000000000436,-0.0025150996785844194,2.234,2.2818,2.234,0.020999999999999908,0.047800000000000065
2021-09-17,6.4527,0.019700000000000273,0.003057655439496694,2.398,2.3144,2.398,0.16400000000000015,-0.08360000000000012
2021-09-18,6.4527,0.0,0.0,2.234,2.3945,2.234,-0.16400000000000015,0.16049999999999986
2021-09-22,6.4693,0.016599999999999504,0.0025692631375233547,2.232,2.3824,2.232,-0.0019999999999997797,0.15039999999999987
2021-09-23,6.4749,0.005600000000000271,0.0008652524450140625,2.189,2.3725,2.189,-0.04300000000000015,0.1835
2021-09-24,6.4599,-0.01499999999999968,-0.002319325652362358,2.219,2.3534,2.219,0.029999999999999805,0.1344000000000003
2021-09-26,6.4599,0.0,0.0,2.19,2.31,2.19,-0.028999999999999915,0.1200000000000001
2021-09-27,6.4695,0.009599999999999831,0.001484987975335487,1.984,2.2328,1.984,-0.20599999999999996,0.24880000000000013
2021-09-28,6.4608,-0.008700000000000152,-0.001345676637489193,2.115,2.2764,2.115,0.13100000000000023,0.1614
2021-09-29,6.4662,0.005399999999999849,0.0008354607123226655,2.45,2.4444,2.45,0.33499999999999996,-0.005600000000000271
2021-09-30,6.4854,0.01920000000000055,0.002964886819371335,2.266,2.7349,2.266,-0.18400000000000016,0.4689000000000001
2021-10-08,6.4604,-0.025000000000000355,-0.0038622612858542223,2.17,2.7387,2.17,-0.09600000000000009,0.5687000000000002
2021-10-09,6.4604,0.0,0.0,1.896,2.7039,1.896,-0.274,0.8079000000000001
2021-10-11,6.4479,-0.012500000000000178,-0.0019367389830183082,2.199,2.5421,2.199,0.30299999999999994,0.3431000000000002
2021-10-12,6.4447,-0.0031999999999996476,-0.0004964088028345633,2.167,2.3959,2.167,-0.03200000000000003,0.22890000000000033
2021-10-13,6.4612,0.016499999999999737,0.0025569714610976487,2.202,2.1922,2.202,0.03500000000000014,-0.009799999999999809
2021-10-14,6.4414,-0.01980000000000004,-0.0030691512629214645,2.198,2.1715,2.198,-0.0040000000000000036,-0.026499999999999968
2021-10-15,6.4386,-0.0027999999999996916,-0.00043478261554473594,2.132,2.1721,2.132,-0.06599999999999984,0.0400999999999998
2021-10-18,6.43,-0.008600000000000385,-0.0013365869294717635,2.174,2.2092,2.174,0.041999999999999815,0.03520000000000012
2021-10-19,6.4307,0.000700000000000145,0.00010885877140292832,2.283,2.2069,2.283,0.10899999999999999,-0.07609999999999983
2021-10-20,6.4069,-0.0237999999999996,-0.003707862414679236,2.221,2.2238,2.221,-0.06199999999999983,0.0028000000000001357
2021-10-21,6.389,-0.017900000000000027,-0.0027977729860455065,2.055,2.2276,2.055,-0.16599999999999993,0.17259999999999964
2021-10-22,6.4032,0.014199999999999768,0.002220103787070875,2.056,2.2107,2.056,0.0009999999999998899,0.15470000000000006
2021-10-25,6.3924,-0.010799999999999699,-0.0016880806784604586,2.243,2.1773,2.243,0.18699999999999983,-0.06570000000000009
2021-10-26,6.389,-0.0034000000000000696,-0.0005320231086105207,2.262,2.2531,2.262,0.019000000000000128,-0.00890000000000013
2021-10-27,6.3856,-0.0034000000000000696,-0.0005323063078738649,2.268,2.2966,2.268,0.005999999999999783,0.028600000000000403
2021-10-28,6.3957,0.010099999999999554,0.0015804342441365193,2.301,2.3406,2.301,0.03300000000000036,0.039599999999999635
2021-10-29,6.3907,-0.004999999999999893,-0.0007820810008844108,2.299,2.3986,2.299,-0.002000000000000224,0.09960000000000013
2021-11-01,6.4192,0.028500000000000192,0.004449690789840123,2.168,2.4579,2.168,-0.13099999999999978,0.2898999999999998
2021-11-02,6.4009,-0.018299999999999983,-0.0028548938665668897,2.185,2.3878,2.185,0.016999999999999904,0.20279999999999987
2021-11-03,6.4079,0.006999999999999673,0.0010929986722997742,2.137,2.3363,2.137,-0.04800000000000004,0.19930000000000003
2021-11-04,6.3943,-0.01359999999999939,-0.0021246356276190914,2.132,2.2836,2.132,-0.004999999999999893,0.15159999999999973
2021-11-05,6.398,0.0036999999999993705,0.0005784730037878521,2.129,2.2326,2.129,-0.0030000000000001137,0.10360000000000014
2021-11-08,6.3959,-0.0020999999999995467,-0.0003282814495750866,2.121,2.1871,2.121,-0.008000000000000007,0.06610000000000005
2021-11-09,6.3903,-0.005600000000000271,-0.0008759444335398256,2.191,2.1849,2.191,0.06999999999999984,-0.006099999999999994
2021-11-10,6.3948,0.0045000000000001705,0.0007039444643884757,2.142,2.2039,2.142,-0.04899999999999993,0.061900000000000066
2021-11-11,6.4145,0.019700000000000273,0.0030758925986581268,2.113,2.2074,2.113,-0.028999999999999915,0.09439999999999982
2021-11-12,6.4065,-0.008000000000000007,-0.0012479527397639986,2.124,2.2074,2.124,0.01100000000000012,0.0833999999999997
2021-11-15,6.3896,-0.01690000000000058,-0.0026414313464517333,2.1,2.2017,2.1,-0.02400000000000002,0.10170000000000012
2021-11-16,6.3924,0.00280000000000058,0.00043811610777476687,2.096,2.1978,2.096,-0.0040000000000000036,0.10179999999999989
2021-11-17,6.3935,0.001100000000000101,0.00017206454026917902,2.182,2.1826,2.182,0.08599999999999985,0.0005999999999999339
2021-11-18,6.3803,-0.013200000000000323,-0.002066731074310696,2.172,2.1988,2.172,-0.009999999999999787,0.026799999999999713
2021-11-19,6.3825,0.002200000000000202,0.0003447519387265691,2.171,2.2125,2.171,-0.001000000000000334,0.04150000000000009
2021-11-22,6.3952,0.012699999999999712,0.001987838841420096,2.109,2.2223,2.109,-0.06199999999999983,0.11330000000000018
2021-11-23,6.3929,-0.0022999999999999687,-0.00035970942122758465,2.17,2.2279,2.17,0.06099999999999994,0.05790000000000006
2021-11-24,6.3903,-0.0026000000000001577,-0.0004067839094831248,2.269,2.2596,2.269,0.0990000000000002,-0.009400000000000297
2021-11-25,6.398,0.007699999999999818,0.0012042258831149006,2.231,2.3171,2.231,-0.038000000000000256,0.08610000000000007
2021-11-26,6.3936,-0.004399999999999515,-0.0006879514952835392,2.247,2.371,2.247,0.016000000000000014,0.12400000000000011
2021-11-29,6.3872,-0.006400000000000183,-0.0010015023370895213,2.239,2.4099,2.239,-0.008000000000000007,0.17090000000000005
2021-11-30,6.3794,-0.007799999999999585,-0.0012219386478054786,2.297,2.4679,2.297,0.058000000000000274,0.17090000000000005
2021-12-01,6.3693,-0.010100000000000442,-0.0015844756113262632,2.121,2.5694,2.121,-0.17600000000000016,0.4483999999999999
2021-12-02,6.3719,0.0026000000000001577,0.00040812482907248194,2.1,2.5028,2.1,-0.020999999999999908,0.40280000000000005
2021-12-03,6.3738,0.0019000000000000128,0.00029813976699186265,2.078,2.4264,2.078,-0.02200000000000024,0.34840000000000027
2021-12-06,6.3702,-0.0036000000000004917,-0.000564971766440477,2.129,2.3586,2.129,0.051000000000000156,0.22960000000000003
2021-12-07,6.3738,0.0036000000000004917,0.0005649717664405032,2.159,2.2915,2.159,0.029999999999999805,0.13250000000000028
2021-12-08,6.3677,-0.006099999999999994,-0.0009575011523045476,2.202,2.206,2.202,0.04300000000000015,0.0040000000000000036
2021-12-09,6.3498,-0.017900000000000027,-0.0028150205339843425,2.22,2.2409,2.22,0.018000000000000238,0.020899999999999697
2021-12-10,6.3702,0.02039999999999953,0.0032075499198484458,2.184,2.2863,2.184,-0.03600000000000003,0.10230000000000006
2021-12-13,6.3669,-0.0032999999999994145,-0.0005181713378771468,2.197,2.3033,2.197,0.0129999999999999,0.10630000000000006
2021-12-14,6.3675,0.0005999999999994898,9.423294390675066e-05,2.21,2.3161,2.21,0.0129999999999999,0.10610000000000008
2021-12-15,6.3716,0.004100000000000215,0.0006436875668711289,2.201,2.3475,2.201,-0.008999999999999897,0.14650000000000007
2021-12-16,6.3637,-0.00790000000000024,-0.0012406462373573813,2.209,2.3561,2.209,0.008000000000000007,0.1471
2021-12-17,6.3651,0.00140000000000029,0.00021997360405476548,2.151,2.3581,2.151,-0.058000000000000274,0.20710000000000006
2021-12-20,6.3933,0.028200000000000003,0.004420624204209527,2.121,2.3548,2.121,-0.029999999999999805,0.2338
2021-12-21,6.3729,-0.020400000000000418,-0.003195941997442421,2.087,2.349,2.087,-0.03399999999999981,0.262
2021-12-22,6.3703,-0.0025999999999992696,-0.0004080607753276121,2.012,2.3286,2.012,-0.07500000000000018,0.31659999999999977
2021-12-23,6.3651,-0.0052000000000003155,-0.0008166214314395762,2.023,2.2892,2.023,0.01100000000000012,0.2662
2021-12-24,6.3692,0.004100000000000215,0.000643930195090489,1.943,2.2349,1.943,-0.08000000000000007,0.29190000000000005
2021-12-27,6.3686,-0.000600000000000378,-9.420779105401065e-05,2.312,2.1867,2.312,0.3689999999999998,-0.12529999999999974
2021-12-28,6.3728,0.0041999999999999815,0.0006592682361626919,2.245,2.5573,2.245,-0.06699999999999973,0.3123
2021-12-29,6.3735,0.000700000000000145,0.00010983579559623114,2.25,2.8862,2.25,0.004999999999999893,0.6362000000000001
2021-12-30,6.3674,-0.006099999999999994,-0.000957546243371827,2.321,3.2161,2.321,0.07100000000000017,0.8950999999999998
2021-12-31,6.3757,0.008300000000000196,0.0013026659405822253,2.271,3.5717,2.271,-0.050000000000000266,1.3007
2022-01-04,6.3794,0.0037000000000002586,0.0005801601090985149,2.099,3.5411,2.099,-0.1719999999999997,1.4421
2022-01-05,6.3779,-0.0015000000000000568,-0.0002351594784025431,2.148,3.1828,2.148,0.04899999999999993,1.0347999999999997
2022-01-06,6.3728,-0.0051000000000005485,-0.0007999561235023087,2.042,2.8629,2.042,-0.10600000000000032,0.8209
2022-01-07,6.3742,0.00140000000000029,0.00021965952861535866,2.103,2.5522,2.103,0.06100000000000039,0.4491999999999998
2022-01-10,6.3653,-0.008899999999999686,-0.0013972293179352717,2.093,2.2355,2.093,-0.010000000000000231,0.14250000000000007
2022-01-11,6.3684,0.0030999999999998806,0.0004868969837898733,2.131,2.1736,2.131,0.03799999999999981,0.04260000000000019
2022-01-12,6.3658,-0.0026000000000001577,-0.000408349175626152,2.098,2.1702,2.098,-0.03299999999999992,0.07220000000000004
2022-01-13,6.3542,-0.011600000000000499,-0.0018238998766861917,2.202,2.1694,2.202,0.10400000000000009,-0.03259999999999996
2022-01-14,6.3677,0.013500000000000512,0.002122325292180881,2.213,2.1978,2.213,0.01100000000000012,-0.015200000000000102
2022-01-17,6.3599,-0.007800000000000473,-0.0012256829216025676,2.183,2.2432,2.183,-0.03000000000000025,0.06020000000000003
2022-01-18,6.3521,-0.007799999999999585,-0.0012271870640169378,2.088,2.2736,2.088,-0.09499999999999975,0.1856
2022-01-19,6.3624,0.010299999999999976,0.00162019776682675,2.127,2.2857,2.127,0.0389999999999997,0.15870000000000006
2022-01-20,6.3485,-0.013900000000000468,-0.0021871001330794095,2.113,2.2922,2.113,-0.01399999999999979,0.1791999999999998
2022-01-21,6.3492,0.000700000000000145,0.00011025618824018126,2.112,2.2945,2.112,-0.0009999999999998899,0.1825000000000001
2022-01-24,6.3411,-0.008099999999999774,-0.0012765657391855185,2.132,2.3006,2.132,0.020000000000000018,0.16860000000000008
2022-01-25,6.3418,0.000700000000000145,0.00011038484900305416,2.093,2.3317,2.093,-0.039000000000000146,0.23870000000000013
2022-01-26,6.3246,-0.017199999999999882,-0.002715848318705317,2.088,2.3398,2.088,-0.004999999999999893,0.2517999999999998
2022-01-27,6.3382,0.01359999999999939,0.002148024959600089,2.12,2.3394,2.12,0.03200000000000003,0.21939999999999982
2022-01-28,6.3746,0.03640000000000043,0.005726527511233126,2.25,2.4183,2.25,0.1299999999999999,0.1682999999999999
2022-01-29,6.3746,0.0,0.0,2.251,2.457,2.251,0.0009999999999998899,0.20599999999999996
2022-01-30,6.3746,0.0,0.0,2.272,2.4179,2.272,0.020999999999999908,0.14590000000000014
2022-02-07,6.358,-0.016600000000000392,-0.002607481489283726,2.102,2.4072,2.102,-0.16999999999999993,0.30520000000000014
2022-02-08,6.3569,-0.0010999999999992127,-0.00017302534864501546,2.087,2.3964,2.087,-0.01499999999999968,0.3093999999999997
2022-02-09,6.3653,0.008399999999999963,0.0013205265159567416,2.01,2.317,2.01,-0.0770000000000004,0.3070000000000004
2022-02-10,6.3599,-0.0054000000000007375,-0.0008487096979441014,1.965,2.2286,1.965,-0.04499999999999971,0.26360000000000006
2022-02-11,6.3681,0.00820000000000043,0.0012884979783924313,2.021,2.1661,2.021,0.05599999999999983,0.14510000000000023
2022-02-14,6.3664,-0.001700000000000479,-0.0002669912458438118,2.023,2.1064,2.023,0.002000000000000224,0.0833999999999997
2022-02-15,6.3605,-0.005899999999999572,-0.0009271700763985382,2.0,2.0652,2.0,-0.02300000000000013,0.06519999999999992
2022-02-16,6.3463,-0.014199999999999768,-0.002235024697192988,2.057,2.0452,2.057,0.05699999999999994,-0.011800000000000033
2022-02-17,6.3321,-0.014200000000000657,-0.0022400312243909142,2.002,2.0465,2.002,-0.05500000000000016,0.044500000000000206
2022-02-18,6.3343,0.002200000000000202,0.00034737573771910843,2.098,2.055,2.098,0.09600000000000009,-0.042999999999999705
2022-02-21,6.3401,0.005799999999999805,0.0009152307651428689,2.14,2.0834,2.14,0.04200000000000026,-0.056599999999999984
2022-02-22,6.3487,0.008600000000000385,0.0013555263408424945,2.191,2.1213,2.191,0.05099999999999971,-0.06969999999999965
2022-02-23,6.3313,-0.017400000000000304,-0.002744481217926772,2.176,2.2079,2.176,-0.01499999999999968,0.03189999999999982
2022-02-24,6.328,-0.0032999999999994145,-0.0005213558529693789,2.187,2.2779,2.187,0.010999999999999677,0.09089999999999998
2022-02-25,6.3346,0.006599999999999717,0.0010424400356441738,2.322,2.3513,2.322,0.13500000000000023,0.029300000000000104
2022-02-28,6.3222,-0.01240000000000041,-0.001959421649597226,2.249,2.4248,2.249,-0.07299999999999995,0.17579999999999973
2022-03-01,6.3014,-0.020799999999999486,-0.0032954179193912083,2.029,2.4671,2.029,-0.2200000000000002,0.43809999999999993
2022-03-02,6.3351,0.03369999999999962,0.005333768036159601,2.046,2.4012,2.046,0.016999999999999904,0.35519999999999996
2022-03-03,6.3016,-0.033500000000000085,-0.0053020295611907195,2.005,2.3291,2.005,-0.040999999999999925,0.32410000000000005
2022-03-04,6.3288,0.027200000000000557,0.004307075318072046,2.048,2.2458,2.048,0.04300000000000015,0.19779999999999998
2022-03-07,6.3478,0.019000000000000128,0.0029976514566516068,2.068,2.1566,2.068,0.020000000000000018,0.08860000000000001
2022-03-08,6.3185,-0.029300000000000104,-0.004626457965102944,2.114,2.0928,2.114,0.04599999999999982,-0.021199999999999886
2022-03-09,6.3178,-0.000700000000000145,-0.00011079192496479816,2.059,2.0855,2.059,-0.054999999999999716,0.026499999999999968
2022-03-10,6.3105,-0.007299999999999862,-0.0011561335750853738,2.082,2.0908,2.082,0.022999999999999687,0.008800000000000363
2022-03-11,6.3306,0.02009999999999934,0.003180105677416011,2.102,2.1075,2.102,0.020000000000000018,0.00550000000000006
2022-03-14,6.3506,0.020000000000000462,0.003154278235884548,2.104,2.1293,2.104,0.002000000000000224,0.0253000000000001
2022-03-15,6.376,0.02540000000000031,0.003991644858065009,2.122,2.1565,2.122,0.017999999999999794,0.034499999999999975
2022-03-16,6.38,0.0039999999999995595,0.0006271558687844634,2.115,2.1971,2.115,-0.006999999999999673,0.08209999999999962
2022-03-17,6.3406,-0.03939999999999966,-0.006194696161408733,2.083,2.2267,2.083,-0.03200000000000003,0.14369999999999994
2022-03-18,6.3425,0.0019000000000000128,0.00029961129601022667,2.073,2.2396,2.073,-0.010000000000000231,0.16659999999999986
2022-03-21,6.3677,0.02519999999999989,0.003965324388281126,2.104,2.2369,2.104,0.03100000000000014,0.1328999999999998
2022-03-22,6.3664,-0.001300000000000523,-0.00020417618905407036,2.073,2.2368,2.073,-0.03100000000000014,0.16380000000000017
2022-03-23,6.3558,-0.010599999999999277,-0.001666378842158629,2.074,2.222,2.074,0.0009999999999998899,0.14800000000000013
2022-03-24,6.364,0.008199999999999541,0.0012893286271720172,2.056,2.2115,2.056,-0.017999999999999794,0.15549999999999997
2022-03-25,6.3739,0.00990000000000002,0.0015544166610467248,2.207,2.2007,2.207,0.1509999999999998,-0.006299999999999972
2022-03-28,6.3732,-0.000700000000000145,-0.00010982890237059558,2.188,2.3693,2.188,-0.018999999999999684,0.1812999999999998
2022-03-29,6.364,-0.009199999999999875,-0.0014445877586763177,2.145,2.5448,2.145,-0.04300000000000015,0.39979999999999993
2022-03-30,6.3566,-0.007399999999999629,-0.0011634672632979588,2.171,2.7295,2.171,0.0259999999999998,0.5585
2022-03-31,6.3482,-0.008399999999999963,-0.0013223350582455655,2.197,2.9014,2.197,0.026000000000000245,0.7044000000000001
2022-04-01,6.3509,0.0026999999999999247,0.00042522699099685306,2.017,2.9689,2.017,-0.18000000000000016,0.9519000000000002
2022-04-02,6.3509,0.0,0.0,1.837,2.7851,1.837,-0.17999999999999994,0.9480999999999999
2022-04-06,6.3799,0.028999999999999915,0.004555888107675422,2.004,2.5219,2.004,0.16700000000000004,0.5179
2022-04-07,6.3659,-0.014000000000000234,-0.0021968029672938404,2.051,2.3526,2.051,0.04700000000000015,0.30159999999999965
2022-04-08,6.3653,-0.0005999999999994898,-9.425662945261716e-05,1.985,2.1876,1.985,-0.06600000000000006,0.2026000000000001
2022-04-11,6.3645,-0.0008000000000008001,-0.0001256893275705439,1.947,2.0639,1.947,-0.038000000000000034,0.11689999999999978
2022-04-12,6.3795,0.015000000000000568,0.0023540500513087206,2.04,2.0371,2.04,0.09299999999999997,-0.0028999999999999027
2022-04-13,6.3752,-0.0042999999999997485,-0.0006742612782595227,1.966,2.0594,1.966,-0.07400000000000007,0.09340000000000015
2022-04-14,6.354,-0.02120000000000033,-0.003330927254076934,1.905,2.0257,1.905,-0.06099999999999994,0.12070000000000003
2022-04-15,6.3896,0.03559999999999963,0.005587132773717697,1.822,1.9949,1.822,-0.08299999999999996,0.17289999999999983
2022-04-18,6.3763,-0.01330000000000009,-0.0020836767971017843,1.876,1.9632,1.876,0.053999999999999826,0.08720000000000017
2022-04-19,6.372,-0.0042999999999997485,-0.000674599776138251,1.801,1.9418,1.801,-0.07499999999999996,0.14080000000000004
2022-04-20,6.3996,0.027600000000000513,0.004322096364617764,1.937,1.915,1.937,0.13600000000000012,-0.02200000000000002
2022-04-21,6.4098,0.01019999999999932,0.0015925807853398608,1.804,1.8869,1.804,-0.133,0.08289999999999997
2022-04-22,6.4596,0.04980000000000029,0.007739327175015257,1.7,1.8539,1.7,-0.10400000000000009,0.15390000000000015
2022-04-24,6.4596,0.0,0.0,1.809,1.818,1.809,0.10899999999999999,0.009000000000000119
2022-04-25,6.4909,0.031299999999999883,0.00483379961318838,1.712,1.7956,1.712,-0.09699999999999998,0.08360000000000012
2022-04-26,6.559,0.06810000000000027,0.01043695632563526,1.681,1.8123,1.681,-0.030999999999999917,0.13129999999999997
2022-04-27,6.5598,0.0007999999999999119,0.00012196237475867952,1.743,1.824,1.743,0.062000000000000055,0.08099999999999996
2022-04-28,6.5628,0.0030000000000001137,0.0004572264722332297,1.88,1.8495,1.88,0.1369999999999998,-0.03049999999999997
2022-04-29,6.6177,0.05489999999999995,0.008330536397668552,2.006,1.9165,2.006,0.1259999999999999,-0.08949999999999969
2022-05-05,6.5672,-0.05050000000000043,-0.007660315504339648,1.903,1.9644,1.903,-0.10299999999999976,0.0613999999999999
2022-05-06,6.6332,0.06600000000000072,0.009999780305887322,1.789,1.9508,1.789,-0.1140000000000001,0.16180000000000017
2022-05-07,6.6332,0.0,0.0,1.699,1.9315,1.699,-0.08999999999999986,0.23249999999999993
2022-05-09,6.6899,0.056699999999999307,0.00851158398750353,1.814,1.863,1.814,0.11499999999999999,0.04899999999999993
2022-05-10,6.7134,0.0235000000000003,0.0035066027142832586,1.63,1.8218,1.63,-0.18400000000000016,0.1918000000000002
2022-05-11,6.729,0.015600000000000058,0.0023210151465874245,1.708,1.7643,1.708,0.07800000000000007,0.05630000000000002
2022-05-12,6.7292,0.00019999999999953388,2.972165668722209e-05,1.714,1.7219,1.714,0.006000000000000005,0.007900000000000018
2022-05-13,6.7898,0.06059999999999999,0.008965220192925621,1.671,1.6881,1.671,-0.04299999999999993,0.017099999999999893
2022-05-16,6.7871,-0.0026999999999999247,-0.000397734392327184,1.714,1.6814,1.714,0.04299999999999993,-0.03259999999999996
2022-05-17,6.7854,-0.0016999999999995907,-0.00025050654026735896,1.584,1.6565,1.584,-0.1299999999999999,0.07250000000000001
2022-05-18,6.7421,-0.04330000000000034,-0.006401796027380765,1.647,1.6484,1.647,0.06299999999999994,0.0014000000000000679
2022-05-19,6.7524,0.010299999999999976,0.0015265481492781204,1.654,1.6513,1.654,0.006999999999999895,-0.0026999999999999247
2022-05-20,6.7487,-0.0036999999999993705,-0.0005481035015855628,1.665,1.6585,1.665,0.01100000000000012,-0.00649999999999995
2022-05-23,6.6756,-0.07310000000000016,-0.010890805856400159,1.693,1.6692,1.693,0.028000000000000025,-0.023800000000000043
2022-05-24,6.6566,-0.019000000000000128,-0.00285024420018115,1.681,1.6716,1.681,-0.01200000000000001,-0.009400000000000075
2022-05-25,6.655,-0.0015999999999998238,-0.00024039183985469022,1.785,1.6703,1.785,0.10399999999999987,-0.11470000000000002
2022-05-26,6.6766,0.021599999999999397,0.0032404240902252288,1.765,1.7186,1.765,-0.020000000000000018,-0.0464
2022-05-27,6.7387,0.062100000000000044,0.009258152045217762,1.777,1.7634,1.777,0.01200000000000001,-0.013599999999999834
2022-05-30,6.7048,-0.03390000000000004,-0.005043340179958536,1.814,1.7896,1.814,0.037000000000000144,-0.024399999999999977
2022-05-31,6.6607,-0.04409999999999936,-0.0065991036683109225,1.898,1.8296,1.898,0.08399999999999985,-0.06840000000000002
2022-06-01,6.6651,0.004399999999999515,0.0006603731348061383,1.652,1.8575,1.652,-0.246,0.20550000000000002
2022-06-02,6.7095,0.04440000000000044,0.0066394752898208936,1.674,1.8147,1.674,0.02200000000000002,0.14070000000000005
2022-06-06,6.6691,-0.04039999999999999,-0.006039514269289515,1.701,1.7711,1.701,0.027000000000000135,0.07009999999999983
2022-06-07,6.6649,-0.0041999999999999815,-0.0006299685224090075,1.708,1.7427,1.708,0.006999999999999895,0.03469999999999995
2022-06-08,6.6634,-0.0015000000000000568,-0.00022508497052626625,1.689,1.7095,1.689,-0.018999999999999906,0.020499999999999963
2022-06-09,6.6811,0.017699999999999605,0.002652779853861612,1.707,1.6813,1.707,0.018000000000000016,-0.025700000000000056
2022-06-10,6.6994,0.018299999999999983,0.0027353254975608916,1.675,1.677,1.675,-0.03200000000000003,0.0020000000000000018
2022-06-13,6.7182,0.018800000000000594,0.002802291363995971,1.7,1.6666,1.7,0.02499999999999991,-0.033399999999999874
2022-06-14,6.7482,0.02999999999999936,0.00445554114382456,1.656,1.661,1.656,-0.04400000000000004,0.0050000000000001155
2022-06-15,6.7518,0.0036000000000004917,0.0005333333459753061,1.708,1.6543,1.708,0.052000000000000046,-0.05369999999999986
2022-06-16,6.7099,-0.04190000000000005,-0.006225088258988835,1.688,1.6512,1.688,-0.020000000000000018,-0.036799999999999944
2022-06-17,6.6923,-0.017599999999999838,-0.002626435975781426,1.737,1.6566,1.737,0.049000000000000155,-0.08040000000000003
2022-06-20,6.712,0.019699999999999385,0.0029393573978059237,1.829,1.6718,1.829,0.09199999999999986,-0.1572
2022-06-21,6.6851,-0.02689999999999948,-0.004015799859754776,1.796,1.6864,1.796,-0.03299999999999992,-0.10960000000000014
2022-06-22,6.7109,0.02579999999999938,0.003851900850976773,1.783,1.7109,1.783,-0.013000000000000123,-0.07209999999999983
2022-06-23,6.7079,-0.0029999999999992255,-0.00044713387933064525,1.755,1.7308,1.755,-0.028000000000000025,-0.0242
2022-06-24,6.7,-0.00790000000000024,-0.0011784098798759924,1.85,1.7367,1.85,0.0950000000000002,-0.11330000000000018
2022-06-27,6.685,-0.015000000000000568,-0.0022413158430139818,1.992,1.8655,1.992,0.1419999999999999,-0.12650000000000006
2022-06-28,6.693,0.008000000000000007,0.001195993564598615,1.98,2.0066,1.98,-0.01200000000000001,0.02660000000000018
2022-06-29,6.7035,0.010500000000000398,0.0015675739409738306,2.025,2.1331,2.025,0.04499999999999993,0.10810000000000031
2022-06-30,6.7114,0.00790000000000024,0.0011777949762190511,2.2,2.2735,2.2,0.17500000000000027,0.07349999999999968
2022-07-01,6.6863,-0.025100000000000122,-0.0037469161670581935,1.798,2.4581,1.798,-0.40200000000000014,0.6600999999999999
2022-07-04,6.7071,0.020799999999999486,0.0031060099335462332,1.624,2.3199,1.624,-0.17399999999999993,0.6959
2022-07-05,6.6986,-0.00849999999999973,-0.0012681174633307135,1.669,2.1635,1.669,0.04499999999999993,0.49449999999999994
2022-07-06,6.7246,0.0259999999999998,0.0038738948261653194,1.641,2.0232,1.641,-0.028000000000000025,0.3822000000000001
2022-07-07,6.7143,-0.010299999999999976,-0.0015328638529643296,1.626,1.8786,1.626,-0.015000000000000124,0.25260000000000016
2022-07-08,6.7098,-0.004499999999999282,-0.0006704360319956198,1.651,1.7038,1.651,0.025000000000000133,0.05279999999999996
2022-07-11,6.696,-0.0138000000000007,-0.002058811092886556,1.627,1.6738,1.627,-0.02400000000000002,0.04679999999999995
2022-07-12,6.7287,0.03270000000000017,0.0048716268775784045,1.621,1.6584,1.621,-0.006000000000000005,0.0374000000000001
2022-07-13,6.7282,-0.0004999999999997229,-7.431131987755362e-05,1.617,1.6445,1.617,-0.0040000000000000036,0.02750000000000008
2022-07-14,6.7265,-0.001700000000000479,-0.00025269980141468695,1.629,1.6319,1.629,0.01200000000000001,0.0028999999999999027
2022-07-15,6.7503,0.023800000000000487,0.0035319993977974188,1.593,1.6243,1.593,-0.03600000000000003,0.031300000000000106
2022-07-18,6.7447,-0.005600000000000271,-0.000829937061346933,1.646,1.6165,1.646,0.052999999999999936,-0.02949999999999986
2022-07-19,6.7451,0.00039999999999995595,5.9304066793728e-05,1.629,1.6197,1.629,-0.016999999999999904,-0.009300000000000086
2022-07-20,6.7465,0.00140000000000029,0.00020753654200023018,1.679,1.6185,1.679,0.050000000000000044,-0.0605
2022-07-21,6.762,0.015499999999999403,0.0022948523969891785,1.679,1.6191,1.679,0.0,-0.059900000000000064
2022-07-22,6.7522,-0.009799999999999365,-0.0014503265776464136,1.635,1.6203,1.635,-0.04400000000000004,-0.014699999999999935
2022-07-25,6.7543,0.0020999999999995467,0.0003109613914665048,1.639,1.6121,1.639,0.0040000000000000036,-0.026899999999999924
2022-07-26,6.7483,-0.005999999999999339,-0.0008887177869312232,1.632,1.6517,1.632,-0.007000000000000117,0.01970000000000005
2022-07-27,6.7731,0.024799999999999933,0.003668263317316487,1.613,1.6763,1.613,-0.018999999999999906,0.06329999999999991
2022-07-28,6.7411,-0.03200000000000003,-0.004735768274355525,1.546,1.6865,1.546,-0.06699999999999995,0.14050000000000007
2022-07-29,6.7437,0.0025999999999992696,0.0003856193688031167,1.705,1.6914,1.705,0.15900000000000003,-0.013600000000000056
2022-08-01,6.7467,0.0030000000000001137,0.00044476072606489467,1.56,1.7126,1.56,-0.14500000000000002,0.15259999999999985
2022-08-02,6.7462,-0.0004999999999997229,-7.411305208348332e-05,1.526,1.667,1.526,-0.03400000000000003,0.14100000000000001
2022-08-03,6.7813,0.03509999999999991,0.00518944058711111,1.385,1.6245,1.385,-0.14100000000000001,0.23950000000000005
2022-08-04,6.7636,-0.017699999999999605,-0.0026135313033028543,1.381,1.5773,1.381,-0.0040000000000000036,0.19629999999999992
2022-08-05,6.7405,-0.023100000000000342,-0.003421186533155328,1.384,1.5359,1.384,0.0029999999999998916,0.15190000000000015
2022-08-08,6.7695,0.028999999999999915,0.004293122804046857,1.391,1.4874,1.391,0.007000000000000117,0.09640000000000004
2022-08-09,6.7584,-0.011099999999999888,-0.0016410533033325582,1.409,1.465,1.409,0.018000000000000016,0.05600000000000005
2022-08-10,6.7612,0.0027999999999996916,0.00041421344418956217,1.43,1.4516,1.43,0.020999999999999908,0.021600000000000064
2022-08-11,6.7324,-0.028799999999999493,-0.004268696824011391,1.404,1.4565,1.404,-0.026000000000000023,0.05249999999999999
2022-08-12,6.7413,0.008899999999999686,0.0013210923939851562,1.413,1.4575,1.413,0.009000000000000119,0.044499999999999984
2022-08-15,6.741,-0.000300000000000189,-4.45027925576547e-05,1.425,1.4589,1.425,0.01200000000000001,0.03390000000000004
2022-08-16,6.773,0.03200000000000003,0.004735838361464751,1.392,1.4634,1.392,-0.03300000000000014,0.07140000000000013
2022-08-17,6.7863,0.01330000000000009,0.001961753816995893,1.467,1.4685,1.467,0.07500000000000018,0.0014999999999998348
2022-08-18,6.7802,-0.006099999999999994,-0.0008992740074575103,1.479,1.4894,1.479,0.01200000000000001,0.010399999999999965
2022-08-19,6.8065,0.02629999999999999,0.003871437928085768,1.509,1.5124,1.509,0.029999999999999805,0.0034000000000000696
2022-08-22,6.8198,0.01330000000000009,0.0019521079417823433,1.5089,1.5332,1.5089,-9.999999999998899e-05,0.02429999999999999
2022-08-23,6.8523,0.03249999999999975,0.004754216428387898,1.499,1.5483,1.499,-0.009899999999999798,0.0492999999999999
2022-08-24,6.8388,-0.013499999999999623,-0.001972084693743654,1.445,1.5551,1.445,-0.05400000000000005,0.11009999999999986
2022-08-25,6.8536,0.014800000000000146,0.002161784020880058,1.515,1.5453,1.515,0.06999999999999984,0.030299999999999994
2022-08-26,6.8486,-0.004999999999999893,-0.0007298098439558904,1.745,1.5826,1.745,0.2300000000000002,-0.1624000000000001
2022-08-29,6.8698,0.02119999999999944,0.0030907419052378414,1.639,1.6381,1.639,-0.1060000000000001,-0.0009000000000001229
2022-08-30,6.8802,0.010400000000000631,0.0015127275611975309,1.649,1.687,1.649,0.010000000000000009,0.038000000000000034
2022-08-31,6.8906,0.010399999999999743,0.0015104426725019954,1.78,1.7336,1.78,0.131,-0.0464
2022-09-01,6.8821,-0.00849999999999973,-0.0012343260332670347,1.497,1.755,1.497,-0.2829999999999999,0.2579999999999998
2022-09-02,6.8917,0.009599999999999831,0.0013939510599078474,1.51,1.7138,1.51,0.0129999999999999,0.20379999999999998
2022-09-05,6.8998,0.008099999999999774,0.0011746366865599883,1.409,1.67,1.409,-0.10099999999999998,0.2609999999999999
2022-09-06,6.9096,0.009800000000000253,0.0014193233080593854,1.449,1.6237,1.449,0.040000000000000036,0.17469999999999986
2022-09-07,6.916,0.006400000000000183,0.0009258188371053181,1.524,1.5794,1.524,0.07499999999999996,0.055399999999999894
2022-09-08,6.9148,-0.001200000000000756,-0.00017352575454956828,1.502,1.5572,1.502,-0.02200000000000002,0.055199999999999916
2022-09-09,6.9098,-0.004999999999999893,-0.0007233482658469518,1.476,1.5591,1.476,-0.026000000000000023,0.08309999999999995
2022-09-13,6.8928,-0.01699999999999946,-0.0024633052607700066,1.521,1.5586,1.521,0.04499999999999993,0.03760000000000008
2022-09-14,6.9116,0.018799999999999706,0.002723770916951931,1.557,1.5674,1.557,0.03600000000000003,0.010399999999999965
2022-09-15,6.9101,-0.0015000000000000568,-0.00021705000193733648,1.547,1.5832,1.547,-0.010000000000000009,0.03620000000000001
2022-09-16,6.9305,0.020400000000000418,0.0029478512163784343,1.643,1.5977,1.643,0.09600000000000009,-0.04530000000000012
2022-09-19,6.9396,0.009100000000000108,0.0013121752987652828,1.699,1.6182,1.699,0.05600000000000005,-0.08079999999999998
2022-09-20,6.9468,0.007199999999999207,0.0010369859207863172,1.687,1.6492,1.687,-0.01200000000000001,-0.037800000000000056
2022-09-21,6.9536,0.006800000000000139,0.0009783891891511824,1.726,1.6898,1.726,0.038999999999999924,-0.03620000000000001
2022-09-22,6.9798,0.026200000000000223,0.0037607519886653008,1.646,1.7146,1.646,-0.08000000000000007,0.0686
2022-09-23,6.992,0.012199999999999989,0.0017463752845957709,1.608,1.7239,1.608,-0.03799999999999981,0.11589999999999989
2022-09-26,7.0298,0.037799999999999834,0.005391617562510804,1.84,1.7174,1.84,0.23199999999999998,-0.12260000000000004
2022-09-27,7.0722,0.04239999999999977,0.00601334956269654,1.697,1.7357,1.697,-0.14300000000000002,0.03869999999999996
2022-09-28,7.1107,0.03849999999999998,0.0054290863738038105,1.747,1.7566,1.747,0.050000000000000044,0.009599999999999831
2022-09-29,7.1102,-0.0004999999999997229,-7.031903750198713e-05,2.015,1.7847,2.015,0.268,-0.23030000000000017
2022-09-30,7.0998,-0.010399999999999743,-0.001463758178312373,2.055,1.9213,2.055,0.040000000000000036,-0.13370000000000015
2022-10-08,7.0998,0.0,0.0,1.699,2.0209,1.699,-0.3560000000000001,0.3219000000000001
2022-10-09,7.0998,0.0,0.0,1.616,1.9645,1.616,-0.08299999999999996,0.3484999999999998
2022-10-10,7.0992,-0.000600000000000378,-8.451299392316187e-05,1.497,1.8585,1.497,-0.119,0.36149999999999993
2022-10-11,7.1075,0.008300000000000196,0.0011684629005098842,1.621,1.7943,1.621,0.12399999999999989,0.1733
2022-10-12,7.1103,0.0027999999999996916,0.0003938724748130699,1.611,1.6965,1.611,-0.010000000000000009,0.08549999999999991
2022-10-13,7.1101,-0.00019999999999953388,-2.812860397919494e-05,1.638,1.6228,1.638,0.026999999999999913,-0.01519999999999988
2022-10-14,7.1088,-0.001300000000000523,-0.00018285521434466381,1.594,1.6271,1.594,-0.04399999999999982,0.03309999999999991
2022-10-17,7.1095,0.000700000000000145,9.846465478506215e-05,1.558,1.648,1.558,-0.03600000000000003,0.08999999999999986
2022-10-18,7.1086,-0.0008999999999996788,-0.0001265991941541886,1.53,1.6412,1.53,-0.028000000000000025,0.11119999999999997
2022-10-19,7.1105,0.0019000000000000128,0.00026724617047616504,1.547,1.6243,1.547,0.016999999999999904,0.07730000000000015
2022-10-20,7.1188,0.008300000000000196,0.0011666070630795508,1.581,1.6163,1.581,0.03400000000000003,0.03530000000000011
2022-10-21,7.1186,-0.00020000000000042206,-2.8095017350571495e-05,1.682,1.6131,1.682,0.10099999999999998,-0.06889999999999996
2022-10-24,7.123,0.004400000000000404,0.0006179081198738876,1.726,1.6283,1.726,0.04400000000000004,-0.0976999999999999
2022-10-25,7.1668,0.04380000000000006,0.006130265947389154,1.876,1.6655,1.876,0.1499999999999999,-0.2104999999999999
2022-10-26,7.1638,-0.0030000000000001137,-0.00041868449943811495,1.995,1.9194,1.995,0.11900000000000022,-0.07560000000000011
2022-10-27,7.157,-0.006800000000000139,-0.0009496676877072478,2.013,2.0789,2.013,0.017999999999999794,0.06590000000000007
2022-10-28,7.1698,0.012800000000000367,0.0017868614632341833,1.963,2.1744,1.963,-0.04999999999999982,0.2113999999999998
2022-10-31,7.1768,0.006999999999999673,0.0009758410432420262,1.952,2.1998,1.952,-0.01100000000000012,0.24780000000000024
2022-11-01,7.2081,0.031299999999999883,0.00435179242078219,1.829,2.2133,1.829,-0.123,0.38429999999999986
2022-11-02,7.2197,0.01159999999999961,0.0016080071112014704,1.771,2.0787,1.771,-0.05800000000000005,0.3077000000000001
2022-11-03,7.2472,0.027500000000000746,0.0038017865780205383,1.718,1.9612,1.718,-0.052999999999999936,0.24320000000000008
2022-11-04,7.2555,0.008299999999999308,0.0011446145760694232,1.702,1.8528,1.702,-0.016000000000000014,0.15080000000000005
2022-11-07,7.2292,-0.02629999999999999,-0.003631421969663973,1.786,1.7921,1.786,0.08400000000000007,0.006099999999999994
2022-11-08,7.215,-0.014199999999999768,-0.0019661877535122625,1.812,1.7472,1.812,0.026000000000000023,-0.06479999999999997
2022-11-09,7.2189,0.0038999999999997925,0.0005403945011269969,1.855,1.7643,1.855,0.04299999999999993,-0.0907
2022-11-10,7.2422,0.023300000000000765,0.0032224409156298636,1.938,1.812,1.938,0.08299999999999996,-0.1259999999999999
2022-11-11,7.1907,-0.05150000000000077,-0.007136503207673657,1.888,1.8565,1.888,-0.050000000000000044,-0.03149999999999986
2022-11-14,7.0899,-0.10079999999999956,-0.014117288362704164,1.846,1.8803,1.846,-0.041999999999999815,0.0343
2022-11-15,7.0421,-0.04780000000000051,-0.006764814928960342,1.929,1.899,1.929,0.08299999999999996,-0.030000000000000027
2022-11-16,7.0363,-0.005799999999999805,-0.000823957314487106,1.998,1.931,1.998,0.06899999999999995,-0.06699999999999995
2022-11-17,7.0655,0.029200000000000337,0.004141321211898052,1.863,1.9673,1.863,-0.135,0.10430000000000006
2022-11-18,7.1091,0.04359999999999964,0.006151868483791886,1.791,2.0122,1.791,-0.07200000000000006,0.22120000000000006
2022-11-21,7.1256,0.016500000000000625,0.0023182796110670875,1.675,1.9901,1.675,-0.11599999999999988,0.31509999999999994
2022-11-22,7.1667,0.04109999999999925,0.005751364481958728,1.665,1.9656,1.665,-0.010000000000000009,0.3006
2022-11-23,7.1281,-0.038599999999999746,-0.005400578366685462,1.673,1.9172,1.673,0.008000000000000007,0.24419999999999997
2022-11-24,7.1201,-0.008000000000000007,-0.001122948981720634,1.769,1.8605,1.769,0.09599999999999986,0.09150000000000014
2022-11-25,7.1339,0.013799999999999812,0.0019362991878267965,1.744,1.9027,1.744,-0.02499999999999991,0.15870000000000006
2022-11-28,7.1617,0.027800000000000047,0.0038893135011682004,1.881,1.9555,1.881,0.137,0.07450000000000001
2022-11-29,7.1989,0.037200000000000344,0.005180853614447909,1.865,1.9982,1.865,-0.016000000000000014,0.13319999999999999
2022-11-30,7.1769,-0.02200000000000024,-0.003060701620010154,1.915,2.0492,1.915,0.050000000000000044,0.13419999999999987
2022-12-01,7.1225,-0.054400000000000226,-0.007608747562581961,1.729,2.1381,1.729,-0.18599999999999994,0.4091
2022-12-02,7.0542,-0.0682999999999998,-0.009635603270312865,1.693,2.0688,1.693,-0.03600000000000003,0.3757999999999999
2022-12-05,7.0384,-0.015799999999999592,-0.002242312507295092,1.689,1.9978,1.689,-0.0040000000000000036,0.30879999999999996
2022-12-06,6.9746,-0.06380000000000052,-0.009105893219580406,1.677,1.933,1.677,-0.01200000000000001,0.256
2022-12-07,6.9975,0.02289999999999992,0.0032779640147335637,1.663,1.8764,1.663,-0.014000000000000012,0.21340000000000003
2022-12-08,6.9606,-0.03689999999999927,-0.0052872648801923884,1.71,1.8005,1.71,0.04699999999999993,0.09050000000000002
2022-12-09,6.9588,-0.0018000000000002458,-0.0002586318390208891,1.759,1.8046,1.759,0.04899999999999993,0.045600000000000085
2022-12-12,6.9565,-0.0022999999999999687,-0.0003305713884637225,1.61,1.819,1.61,-0.1489999999999998,0.20899999999999985
2022-12-13,6.9746,0.01809999999999956,0.002598504092943445,1.748,1.8354,1.748,0.1379999999999999,0.08739999999999992
2022-12-14,6.9535,-0.021099999999999675,-0.003029848456209392,1.669,1.8795,1.669,-0.07899999999999996,0.2104999999999999
2022-12-15,6.9343,-0.019199999999999662,-0.00276501853893668,1.626,1.9656,1.626,-0.04300000000000015,0.3396000000000001
2022-12-16,6.9791,0.04479999999999951,0.006439857235154829,1.752,2.0001,1.752,0.1260000000000001,0.2481000000000002
2022-12-19,6.9746,-0.0045000000000001705,-0.0006449902400086812,1.8,2.0492,1.8,0.04800000000000004,0.24919999999999987
2022-12-20,6.9861,0.011500000000000732,0.0016474822324248517,1.807,2.0814,1.807,0.006999999999999895,0.2744
2022-12-21,6.965,-0.021100000000000563,-0.0030248533933937395,1.687,2.0978,1.687,-0.11999999999999988,0.41079999999999983
2022-12-22,6.9713,0.006300000000000416,0.0009041137790010409,1.579,2.0746,1.579,-0.1080000000000001,0.49560000000000026
2022-12-23,6.981,0.009699999999999598,0.0013904519774941373,1.687,2.0636,1.687,0.1080000000000001,0.37660000000000005
2022-12-26,6.9825,0.0015000000000000568,0.00021484584893049046,1.961,2.0295,1.961,0.274,0.0685
2022-12-27,6.9546,-0.027899999999999814,-0.004003707696577458,2.004,2.4461,2.004,0.04299999999999993,0.44209999999999994
2022-12-28,6.9681,0.013499999999999623,0.0019392796269265284,2.019,2.9331,2.019,0.015000000000000124,0.9140999999999999
2022-12-29,6.9793,0.011200000000000543,0.0016060344447554776,2.261,3.3575,2.261,0.242,1.0964999999999998
2022-12-30,6.9646,-0.01470000000000038,-0.002108449636875079,2.223,3.5417,2.223,-0.038000000000000256,1.3187000000000002
2022-12-31,6.9646,0.0,0.0,2.223,3.5899,2.223,0.0,1.3669000000000002
2023-01-03,6.9475,-0.017100000000000115,-0.002458292940902578,1.92,3.5899,1.92,-0.30299999999999994,1.6699000000000002
2023-01-04,6.9131,-0.034399999999999764,-0.0049637202762350605,1.582,3.1759,1.582,-0.33799999999999986,1.5938999999999999
2023-01-05,6.8926,-0.020500000000000185,-0.002969790023961835,1.388,2.7055,1.388,-0.19400000000000017,1.3175
2023-01-06,6.8912,-0.0013999999999994017,-0.00020313701661569622,1.58,2.2808,1.58,0.19200000000000017,0.7008000000000001
2023-01-09,6.8265,-0.0647000000000002,-0.009433138175039803,1.729,2.0406,1.729,0.14900000000000002,0.3115999999999999
2023-01-10,6.7611,-0.06540000000000035,-0.009626498432076806,1.933,1.9191,1.933,0.20399999999999996,-0.013900000000000023
2023-01-11,6.7756,0.014499999999999957,0.002142325019497269,1.996,1.9714,1.996,0.06299999999999994,-0.024599999999999955
2023-01-12,6.768,-0.007600000000000051,-0.0011223014261675423,1.992,2.0976,1.992,-0.0040000000000000036,0.10559999999999992
2023-01-13,6.7292,-0.03880000000000017,-0.005749356441053889,1.94,2.1741,1.94,-0.052000000000000046,0.2341000000000002
2023-01-16,6.7135,-0.015699999999999825,-0.0023358413322425065,2.054,2.1665,2.054,0.11399999999999988,0.11250000000000027
2023-01-17,6.7222,0.008700000000000152,0.001295057379362688,2.195,2.2159,2.195,0.14100000000000001,0.02090000000000014
2023-01-18,6.7602,0.038000000000000256,0.005636993506049829,2.135,2.2781,2.135,-0.06000000000000005,0.1431
2023-01-19,6.7674,0.007200000000000095,0.0010644904757508163,2.281,2.2788,2.281,0.14600000000000035,-0.002200000000000202
2023-01-20,6.7702,0.0027999999999996916,0.00041366269352430176,1.988,2.3107,1.988,-0.29300000000000015,0.3227000000000002
2023-01-28,6.7702,0.0,0.0,1.915,2.2842,1.915,-0.07299999999999995,0.36919999999999975
2023-01-29,6.7702,0.0,0.0,1.854,2.1971,1.854,-0.06099999999999994,0.34309999999999974
2023-01-30,6.7626,-0.007600000000000051,-0.001123197091362516,2.05,2.0868,2.05,0.19599999999999973,0.03680000000000039
2023-01-31,6.7604,-0.002200000000000202,-0.000325371592015005,2.121,2.0641,2.121,0.07100000000000017,-0.05690000000000017
2023-02-01,6.7492,-0.011199999999999655,-0.0016580805598905403,2.045,2.0735,2.045,-0.07600000000000007,0.028500000000000192
2023-02-02,6.713,-0.03620000000000001,-0.005378034385430838,1.959,2.1051,1.959,-0.08599999999999985,0.14610000000000012
2023-02-03,6.7382,0.02519999999999989,0.003746881985570724,1.85,2.1292,1.85,-0.10899999999999999,0.2791999999999999
2023-02-06,6.7737,0.035499999999999865,0.005254639493069457,2.007,2.111,2.007,0.15700000000000003,0.10400000000000009
2023-02-07,6.7967,0.023000000000000576,0.0033897338358578025,2.086,2.1107,2.086,0.07899999999999974,0.024700000000000166
2023-02-08,6.7752,-0.02150000000000052,-0.003168313645860353,2.194,2.1576,2.194,0.1080000000000001,-0.03639999999999999
2023-02-09,6.7905,0.01529999999999987,0.0022556899367337604,2.198,2.2672,2.198,0.0040000000000000036,0.06919999999999993
2023-02-10,6.7884,-0.0020999999999995467,-0.0003093034070125678,1.961,2.3429,1.961,-0.23699999999999988,0.38190000000000013
2023-02-13,6.8151,0.026699999999999946,0.003925465400174339,1.923,2.3422,1.923,-0.038000000000000034,0.4192
2023-02-14,6.8136,-0.0015000000000000568,-0.000220123710413641,2.007,2.3089,2.007,0.08400000000000007,0.30189999999999984
2023-02-15,6.8183,0.004699999999999704,0.000689559076318565,1.996,2.2616,1.996,-0.01100000000000012,0.26560000000000006
2023-02-16,6.8519,0.03359999999999985,0.004915812155280522,2.095,2.1965,2.095,0.0990000000000002,0.1014999999999997
2023-02-17,6.8659,0.014000000000000234,0.0020411443322760443,2.198,2.1683,2.198,0.10299999999999976,-0.02970000000000006
2023-02-20,6.8643,-0.0015999999999998238,-0.00023306288433416278,2.104,2.3153,2.104,-0.09399999999999986,0.21130000000000004
2023-02-21,6.8557,-0.008600000000000385,-0.0012536444790570785,2.136,2.36,2.136,0.03200000000000003,0.22399999999999975
2023-02-22,6.8759,0.020199999999999996,0.002942121030478578,2.158,2.3807,2.158,0.021999999999999797,0.22270000000000012
2023-02-23,6.9028,0.026900000000000368,0.0039045823155900218,2.163,2.4757,2.163,0.004999999999999893,0.3127
2023-02-24,6.8942,-0.008600000000000385,-0.001246647983444845,2.243,2.526,2.243,0.08000000000000007,0.2829999999999999
2023-02-27,6.9572,0.06300000000000061,0.009096616144019297,2.177,2.5059,2.177,-0.06599999999999984,0.32889999999999997
2023-02-28,6.9519,-0.005300000000000082,-0.0007620910420533477,2.352,2.5685,2.352,0.17499999999999982,0.21649999999999991
2023-03-01,6.94,-0.0118999999999998,-0.0017132289910946048,2.09,2.7131,2.09,-0.262,0.6231
2023-03-02,6.8808,-0.059200000000000585,-0.008566850263580453,1.993,2.6198,1.993,-0.09699999999999975,0.6268
2023-03-03,6.9117,0.030899999999999928,0.004480703526916111,1.931,2.525,1.931,-0.062000000000000055,0.5939999999999999
2023-03-06,6.8951,-0.016599999999999504,-0.0024046133787207864,1.816,2.3989,1.816,-0.11499999999999999,0.5828999999999998
2023-03-07,6.9156,0.020500000000000185,0.0029687148451558293,1.873,2.2734,1.873,0.05699999999999994,0.4004000000000001
2023-03-08,6.9525,0.03689999999999927,0.0053215778774988644,1.915,2.1144,1.915,0.04200000000000004,0.1993999999999998
2023-03-09,6.9666,0.014100000000000001,0.002025993752895445,1.921,2.0799,1.921,0.006000000000000005,0.15889999999999982
2023-03-10,6.9655,-0.001100000000000101,-0.00015790871473591429,2.013,2.0733,2.013,0.09199999999999986,0.06030000000000024
2023-03-13,6.9375,-0.02799999999999958,-0.004027913091589593,1.959,2.1027,1.959,-0.053999999999999826,0.14369999999999994
2023-03-14,6.8949,-0.04260000000000019,-0.0061594711956953745,2.055,2.1424,2.055,0.09600000000000009,0.0873999999999997
2023-03-15,6.868,-0.02689999999999948,-0.003909064841628402,2.089,2.193,2.089,0.03399999999999981,0.10400000000000009
2023-03-16,6.9149,0.04689999999999994,0.006805560660946803,2.177,2.249,2.177,0.08800000000000008,0.07200000000000006
2023-03-17,6.9052,-0.009700000000000486,-0.0014037527359192091,2.086,2.3045,2.086,-0.09100000000000019,0.21850000000000014
2023-03-20,6.8694,-0.035800000000000054,-0.005197984784572152,2.163,2.3386,2.163,0.07699999999999996,0.1756000000000002
2023-03-21,6.8763,0.006899999999999906,0.0010039504106085736,2.198,2.356,2.198,0.03500000000000014,0.15799999999999992
2023-03-22,6.8715,-0.004799999999999471,-0.0006982935735237202,2.078,2.3827,2.078,-0.1200000000000001,0.30469999999999997
2023-03-23,6.8709,-0.000600000000000378,-8.732099202201178e-05,1.937,2.3902,1.937,-0.1409999999999998,0.45320000000000005
2023-03-24,6.8374,-0.033500000000000085,-0.00488755960811687,1.703,2.3445,1.703,-0.23399999999999999,0.6415
2023-03-27,6.8714,0.034000000000000696,0.00496032763096915,2.117,2.2578,2.117,0.4139999999999999,0.14080000000000004
2023-03-28,6.8749,0.0034999999999998366,0.0005092279487036409,2.028,2.4553,2.028,-0.08899999999999997,0.4272999999999998
2023-03-29,6.8771,0.002200000000000202,0.00031995346404427267,2.157,2.6755,2.157,0.129,0.5185
2023-03-30,6.8886,0.011499999999999844,0.0016708198893367234,2.144,2.903,2.144,-0.0129999999999999,0.7589999999999999
2023-03-31,6.8717,-0.01690000000000058,-0.002456343029926585,2.215,3.2423,2.215,0.07099999999999973,1.0273000000000003
2023-04-03,6.8805,0.008799999999999919,0.001279795407441677,1.924,3.5365,1.924,-0.2909999999999999,1.6125000000000003
2023-04-04,6.8699,-0.010599999999999277,-0.0015417736356383145,1.87,3.2616,1.87,-0.053999999999999826,1.3916
2023-04-06,6.8747,0.004799999999999471,0.0006984561493439651,1.978,2.9856,1.978,0.10799999999999987,1.0075999999999998
2023-04-07,6.8838,0.009100000000000108,0.0013228188141103656,1.997,2.7452,1.997,0.019000000000000128,0.7482
2023-04-10,6.8764,-0.007399999999999629,-0.0010755658658138322,2.004,2.4642,2.004,0.006999999999999895,0.46019999999999994
2023-04-11,6.8882,0.011800000000000033,0.001714543523337413,1.985,2.2203,1.985,-0.018999999999999906,0.23529999999999984
2023-04-12,6.8854,-0.00280000000000058,-0.0004065749025049806,1.997,2.2294,1.997,0.01200000000000001,0.23239999999999994
2023-04-13,6.8658,-0.019599999999999618,-0.0028506622364468247,1.998,2.2233,1.998,0.0009999999999998899,0.22530000000000006
2023-04-14,6.8606,-0.0052000000000003155,-0.0007576640996558173,2.0,2.2068,2.0,0.0020000000000000018,0.20679999999999987
2023-04-17,6.8679,0.007299999999999862,0.0010634811797385587,2.048,2.18,2.048,0.04800000000000004,0.13200000000000012
2023-04-18,6.8814,0.013500000000000512,0.00196373696672503,2.078,2.2099,2.078,0.029999999999999805,0.13190000000000035
2023-04-19,6.8731,-0.008300000000000196,-0.0012068778955905456,2.097,2.2236,2.097,0.019000000000000128,0.12659999999999982
2023-04-20,6.8987,0.025599999999999845,0.0037177463347062263,2.101,2.2294,2.101,0.0040000000000000036,0.12840000000000007
2023-04-21,6.8752,-0.02349999999999941,-0.003412254016916819,2.199,2.2429,2.199,0.09799999999999986,0.04390000000000027
2023-04-23,6.8752,0.0,0.0,2.096,2.3228,2.096,-0.10299999999999976,0.2267999999999999
2023-04-24,6.8835,0.008299999999999308,0.0012065094822670739,2.117,2.3067,2.117,0.020999999999999908,0.1897000000000002
2023-04-25,6.8847,0.0011999999999998678,0.00017431472567777515,2.022,2.3818,2.022,-0.0950000000000002,0.35980000000000034
2023-04-26,6.9237,0.03900000000000059,0.0056487505724327775,2.062,2.4196,2.062,0.040000000000000036,0.35760000000000014
2023-04-27,6.9207,-0.0030000000000001137,-0.0004333882359591463,2.211,2.4375,2.211,0.14900000000000002,0.22650000000000015
2023-04-28,6.924,0.0033000000000003027,0.00047671673095065273,2.3,2.438,2.3,0.08899999999999997,0.13800000000000034
2023-05-04,6.9054,-0.018600000000000172,-0.0026899230935995256,1.963,2.4488,1.963,-0.33699999999999974,0.4857999999999998
2023-05-05,6.9114,0.006000000000000227,0.0008685079580154322,1.815,2.344,1.815,-0.14800000000000013,0.5289999999999999
2023-05-06,6.9114,0.0,0.0,1.745,2.2378,1.745,-0.06999999999999984,0.4927999999999999
2023-05-08,6.9158,0.004399999999999515,0.0006364267745477657,1.795,2.095,1.795,0.04999999999999982,0.30000000000000027
2023-05-09,6.9255,0.009700000000000486,0.0014016026800897786,1.825,2.0168,1.825,0.030000000000000027,0.19179999999999997
2023-05-10,6.9299,0.004399999999999515,0.0006351314502517849,1.902,1.9563,1.902,0.07699999999999996,0.054300000000000015
2023-05-11,6.9101,-0.01980000000000004,-0.0028612736283759586,1.803,1.9289,1.803,-0.09899999999999998,0.12590000000000012
2023-05-12,6.9481,0.038000000000000256,0.0054841314513662575,1.829,1.9173,1.829,0.026000000000000023,0.08830000000000005
2023-05-15,6.9654,0.01729999999999965,0.0024867946836494475,1.874,1.9391,1.874,0.04500000000000015,0.06509999999999994
2023-05-16,6.9506,-0.014800000000000146,-0.002127048804256218,1.766,1.9352,1.766,-0.1080000000000001,0.16920000000000002
2023-05-17,6.9748,0.024200000000000443,0.003475666675549816,1.844,1.9473,1.844,0.07800000000000007,0.10329999999999995
2023-05-18,6.9967,0.021899999999999586,0.0031349558652974713,1.76,1.9704,1.76,-0.08400000000000007,0.21039999999999992
2023-05-19,7.0356,0.038899999999999935,0.005544365449533467,1.91,1.9843,1.91,0.1499999999999999,0.07430000000000003
2023-05-22,7.0157,-0.019899999999999807,-0.0028324800274297512,1.897,1.9873,1.897,-0.0129999999999999,0.09030000000000005
2023-05-23,7.0326,0.01690000000000058,0.002405986226449778,1.824,1.9799,1.824,-0.07299999999999995,0.15589999999999993
2023-05-24,7.056,0.023399999999999643,0.003321837729437565,1.762,1.9568,1.762,-0.062000000000000055,0.19480000000000008
2023-05-25,7.0529,-0.0030999999999998806,-0.0004394389427787613,1.908,1.9199,1.908,0.1459999999999999,0.011900000000000022
2023-05-26,7.076,0.023099999999999454,0.00326989653582733,1.992,1.9675,1.992,0.08400000000000007,-0.024499999999999966
2023-05-29,7.0575,-0.018499999999999517,-0.0026178951520314515,1.937,2.0148,1.937,-0.05499999999999994,0.07780000000000009
2023-05-30,7.0818,0.02430000000000021,0.003437231535433934,1.993,2.0553,1.993,0.05600000000000005,0.0622999999999998
2023-05-31,7.0821,0.0002999999999993008,4.236121407856668e-05,2.058,2.1088,2.058,0.06499999999999972,0.05080000000000018
2023-06-01,7.0965,0.01440000000000019,0.0020312308621555,1.848,2.1416,1.848,-0.20999999999999974,0.29359999999999986
2023-06-02,7.0939,-0.0026000000000001577,-0.0003664449246101953,1.814,2.0878,1.814,-0.03400000000000003,0.27380000000000004
2023-06-05,7.0904,-0.0034999999999998366,-0.000493503390513971,1.847,2.0408,1.847,0.03299999999999992,0.19379999999999997
2023-06-06,7.1075,0.017100000000000115,0.002408808100966704,1.767,1.9947,1.767,-0.08000000000000007,0.2277
2023-06-07,7.1196,0.012100000000000222,0.0017009795274431508,1.855,1.9409,1.855,0.08800000000000008,0.08590000000000009
2023-06-08,7.128,0.008399999999999963,0.0011791460980474181,1.85,1.9047,1.85,-0.004999999999999893,0.05469999999999997
2023-06-09,7.1115,-0.016499999999999737,-0.002317498140362479,1.826,1.8994,1.826,-0.02400000000000002,0.07339999999999991
2023-06-12,7.1212,0.009699999999999598,0.0013630585204249183,1.83,1.8991,1.83,0.0040000000000000036,0.06909999999999994
2023-06-13,7.1498,0.02859999999999996,0.004008133738149335,1.84,1.9073,1.84,0.010000000000000009,0.06729999999999992
2023-06-14,7.1566,0.006800000000000139,0.0009506235687647937,1.846,1.9338,1.846,0.006000000000000005,0.08779999999999988
2023-06-15,7.1489,-0.007699999999999818,-0.0010765091389478424,1.839,1.9446,1.839,-0.007000000000000117,0.10560000000000014
2023-06-16,7.1289,-0.020000000000000462,-0.002801553892220378,1.925,1.9438,1.925,0.08600000000000008,0.018799999999999928
2023-06-19,7.1201,-0.008799999999999919,-0.0012351745552410319,1.984,1.9714,1.984,0.05899999999999994,-0.012599999999999945
2023-06-20,7.1596,0.03950000000000031,0.005532343221132448,2.043,2.027,2.043,0.05900000000000016,-0.016000000000000014
2023-06-21,7.1795,0.019899999999999807,0.0027756292620866787,2.009,2.0859,2.009,-0.03400000000000025,0.07690000000000019
2023-06-25,7.1795,0.0,0.0,1.95,2.138,1.95,-0.05899999999999994,0.18799999999999994
2023-06-26,7.2056,0.026099999999999568,0.0036287587351014564,1.867,2.1507,1.867,-0.08299999999999996,0.28370000000000006
2023-06-27,7.2098,0.00420000000000087,0.0005827101736813392,1.851,2.2733,1.851,-0.016000000000000014,0.4222999999999999
2023-06-28,7.2101,0.0002999999999993008,4.160916511807717e-05,1.867,2.3821,1.867,0.016000000000000014,0.5150999999999999
2023-06-29,7.2208,0.010699999999999932,0.0014829292644041952,1.884,2.5066,1.884,0.016999999999999904,0.6226000000000003
2023-06-30,7.2258,0.004999999999999893,0.000692204421752458,2.063,2.6304,2.063,0.17900000000000027,0.5673999999999997
2023-07-03,7.2157,-0.010099999999999554,-0.0013987468956429764,1.795,2.8346,1.795,-0.26800000000000024,1.0396
2023-07-04,7.2046,-0.011099999999999888,-0.0015394967084313373,1.758,2.7125,1.758,-0.03699999999999992,0.9544999999999999
2023-07-05,7.1968,-0.007800000000000473,-0.0010832281254182627,1.808,2.5752,1.808,0.050000000000000044,0.7672000000000001
2023-07-06,7.2098,0.013000000000000789,0.0018047288782178554,1.763,2.3927,1.763,-0.04500000000000015,0.6297000000000001
2023-07-07,7.2054,-0.004400000000000404,-0.0006104667485218431,1.779,2.2128,1.779,0.016000000000000014,0.4338000000000002
2023-07-10,7.1926,-0.012800000000000367,-0.0017780251940730516,1.726,2.0,1.726,-0.052999999999999936,0.274
2023-07-11,7.1886,-0.0039999999999995595,-0.0005562818267111665,1.744,1.9461,1.744,0.018000000000000016,0.20209999999999995
2023-07-12,7.1765,-0.012100000000000222,-0.0016846388624733814,1.781,1.9117,1.781,0.03699999999999992,0.13070000000000004
2023-07-13,7.1527,-0.0237999999999996,-0.0033218912271448468,1.782,1.9028,1.782,0.001000000000000112,0.12080000000000002
2023-07-14,7.1318,-0.02090000000000014,-0.0029262508192505567,1.806,1.9027,1.806,0.02400000000000002,0.09670000000000001
2023-07-17,7.1326,0.0007999999999999119,0.00011216735380936204,1.86,1.9199,1.86,0.05400000000000005,0.05989999999999984
2023-07-18,7.1453,0.012699999999999712,0.0017789735674513104,1.892,1.9446,1.892,0.031999999999999806,0.0526000000000002
2023-07-19,7.1486,0.0033000000000003027,0.00046173543380458943,1.872,1.9595,1.872,-0.019999999999999796,0.08749999999999991
2023-07-20,7.1466,-0.0019999999999997797,-0.0002798142051946655,1.832,1.9628,1.832,-0.040000000000000036,0.13080000000000003
2023-07-21,7.1456,-0.001000000000000334,-0.00013993646907154746,1.826,1.9585,1.826,-0.006000000000000005,0.13249999999999984
2023-07-24,7.1451,-0.0004999999999997229,-6.997557855155952e-05,1.808,1.9389,1.808,-0.018000000000000016,0.13090000000000002
2023-07-25,7.1406,-0.0045000000000001705,-0.0006300006508379289,1.843,1.9139,1.843,0.03499999999999992,0.07089999999999996
2023-07-26,7.1295,-0.011099999999999888,-0.0015557006942752975,1.853,1.9622,1.853,0.010000000000000009,0.10919999999999996
2023-07-27,7.1265,-0.0030000000000001137,-0.0004208754270881379,1.818,2.0044,1.818,-0.03499999999999992,0.1863999999999999
2023-07-28,7.1338,0.007299999999999862,0.001023821467663572,1.826,2.0349,1.826,0.008000000000000007,0.20889999999999986
2023-07-31,7.1305,-0.0033000000000003027,-0.000462693585927657,1.963,2.0392,1.963,0.137,0.07620000000000005
2023-08-01,7.1283,-0.0021999999999993136,-0.00030858136974449825,1.806,2.0488,1.806,-0.15700000000000003,0.2427999999999999
2023-08-02,7.1368,0.00849999999999973,0.0011917197924967268,1.777,1.9924,1.777,-0.029000000000000137,0.21540000000000004
2023-08-03,7.1495,0.012699999999999712,0.0017779275733282578,1.671,1.9353,1.671,-0.10599999999999987,0.2643
2023-08-04,7.1418,-0.007699999999999818,-0.0010775787710128213,1.64,1.8715,1.64,-0.03100000000000014,0.23150000000000004
2023-08-07,7.138,-0.0038000000000000256,-0.0005322203517834864,1.737,1.8187,1.737,0.0970000000000002,0.08169999999999988
2023-08-08,7.1565,0.018500000000000405,0.002588409574165863,1.775,1.781,1.775,0.03799999999999981,0.006000000000000005
2023-08-09,7.1588,0.0022999999999999687,0.0003213345189819864,1.782,1.7757,1.782,0.007000000000000117,-0.006299999999999972
2023-08-10,7.1576,-0.0011999999999998678,-0.00016763990986699812,1.758,1.7722,1.758,-0.02400000000000002,0.01419999999999999
2023-08-11,7.1587,0.0010999999999992127,0.00015367099071189103,1.777,1.7803,1.777,0.018999999999999906,0.0033000000000000806
2023-08-14,7.1686,0.00990000000000002,0.0013819772847132581,1.832,1.7945,1.832,0.05500000000000016,-0.03750000000000009
2023-08-15,7.1768,0.00820000000000043,0.0011432237362625835,1.886,1.8135,1.886,0.053999999999999826,-0.07250000000000001
2023-08-16,7.1986,0.02179999999999982,0.0030329614078566124,1.831,1.8452,1.831,-0.05499999999999994,0.01419999999999999
2023-08-17,7.2076,0.009000000000000341,0.001249462199728912,1.868,1.8767,1.868,0.037000000000000144,0.00869999999999993
2023-08-18,7.2006,-0.007000000000000561,-0.0009716689872085808,1.886,1.9122,1.886,0.017999999999999794,0.0262
2023-08-21,7.1987,-0.0019000000000000128,-0.00026390171897623253,1.875,1.9528,1.875,-0.010999999999999899,0.07780000000000009
2023-08-22,7.1992,0.0005000000000006111,6.945457326432493e-05,1.824,1.9696,1.824,-0.050999999999999934,0.14559999999999995
2023-08-23,7.1988,-0.00039999999999995595,-5.5563272691101656e-05,1.81,1.9715,1.81,-0.014000000000000012,0.16149999999999998
2023-08-24,7.1886,-0.010200000000000209,-0.0014179075731394065,1.795,1.9699,1.795,-0.015000000000000124,0.17490000000000006
2023-08-25,7.1883,-0.000300000000000189,-4.173361434577174e-05,1.896,1.9504,1.896,0.10099999999999998,0.054400000000000004
2023-08-28,7.1856,-0.0026999999999999247,-0.0003756809260889961,2.056,1.9814,2.056,0.16000000000000014,-0.0746
2023-08-29,7.1851,-0.0004999999999997229,-6.958603271957355e-05,2.091,2.0401,2.091,0.03500000000000014,-0.05090000000000039
2023-08-30,7.1816,-0.0034999999999998366,-0.0004872378582753141,2.235,2.12,2.235,0.14399999999999968,-0.11499999999999977
2023-08-31,7.1811,-0.0005000000000006111,-6.962479202414977e-05,2.103,2.2217,2.103,-0.13199999999999967,0.11869999999999958
2023-09-01,7.1788,-0.0022999999999999687,-0.0003203364953332328,1.814,2.2885,1.814,-0.28900000000000015,0.4744999999999999
2023-09-04,7.1786,-0.00019999999999953388,-2.7860197530567343e-05,1.728,2.2458,1.728,-0.08600000000000008,0.5178
2023-09-05,7.1783,-0.000300000000000189,-4.179175170733806e-05,1.733,2.1682,1.733,0.0050000000000001155,0.43520000000000003
2023-09-06,7.1969,0.018600000000000172,0.0025877915270506773,1.795,2.0715,1.795,0.06199999999999983,0.27649999999999997
2023-09-07,7.1986,0.0016999999999995907,0.0002361849199962354,1.904,1.9722,1.904,0.10899999999999999,0.06820000000000004
2023-09-08,7.215,0.01639999999999997,0.0022756295550409684,1.835,1.9372,1.835,-0.06899999999999995,0.10220000000000007
2023-09-11,7.2148,-0.00019999999999953388,-2.7720411927070385e-05,1.955,1.9507,1.955,0.1200000000000001,-0.0042999999999999705
2023-09-12,7.1986,-0.016200000000000436,-0.0022479091431138335,1.931,1.9837,1.931,-0.02400000000000002,0.05269999999999997
2023-09-13,7.1894,-0.009199999999999875,-0.0012788436549677421,1.874,2.0155,1.874,-0.05699999999999994,0.14149999999999974
2023-09-14,7.1874,-0.0019999999999997797,-0.00027822603262217527,1.917,2.0304,1.917,0.04299999999999993,0.11340000000000017
2023-09-15,7.1786,-0.008799999999999919,-0.0012251150077495648,1.9,2.0349,1.9,-0.017000000000000126,0.13490000000000002
2023-09-18,7.1736,-0.004999999999999893,-0.0006967573197529708,1.891,2.0322,1.891,-0.008999999999999897,0.1412
2023-09-19,7.1733,-0.000300000000000189,-4.18208811720338e-05,1.925,2.0361,1.925,0.03400000000000003,0.11109999999999975
2023-09-20,7.1732,-0.00010000000000065512,-1.3940682396719137e-05,1.961,2.068,1.961,0.03600000000000003,0.10699999999999998
2023-09-21,7.173,-0.00019999999999953388,-2.7881947834583738e-05,1.951,2.109,1.951,-0.010000000000000009,0.15799999999999992
2023-09-22,7.1729,-9.999999999976694e-05,-1.3941265448904874e-05,1.988,2.1212,1.988,0.03699999999999992,0.13319999999999999
2023-09-25,7.1727,-0.00020000000000042206,-2.7883113988076154e-05,2.005,2.168,2.005,0.016999999999999904,0.16300000000000026
2023-09-26,7.1727,0.0,0.0,1.969,2.2208,1.969,-0.03599999999999981,0.2518
2023-09-27,7.1717,-0.0009999999999994458,-0.00013942723315294898,1.848,2.2695,1.848,-0.121,0.42149999999999976
2023-09-28,7.1798,0.008099999999999774,0.0011288019872598937,2.195,2.2945,2.195,0.34699999999999975,0.09950000000000037
2023-10-07,7.1798,0.0,0.0,1.831,2.3865,1.831,-0.3639999999999999,0.5554999999999999
2023-10-08,7.1798,0.0,0.0,1.764,2.2795,1.764,-0.06699999999999995,0.5155000000000001
2023-10-09,7.1789,-0.000900000000000567,-0.00012535953828398194,1.801,2.1567,1.801,0.03699999999999992,0.3556999999999999
2023-10-10,7.1781,-0.0007999999999999119,-0.00011144389507950603,1.861,2.0886,1.861,0.06000000000000005,0.22760000000000002
2023-10-11,7.1779,-0.00019999999999953388,-2.786291446255973e-05,1.895,2.0608,1.895,0.03400000000000003,0.16579999999999995
2023-10-12,7.1776,-0.000300000000000189,-4.179582738937859e-05,1.889,2.0037,1.889,-0.006000000000000005,0.1146999999999998
2023-10-13,7.1775,-9.999999999976694e-05,-1.3932330670144855e-05,1.893,2.0492,1.893,0.0040000000000000036,0.1561999999999999
2023-10-16,7.1798,0.0022999999999999687,0.00032039450588561405,1.793,2.08,1.793,-0.10000000000000009,0.28700000000000014
2023-10-17,7.1796,-0.00020000000000042206,-2.7856317118167225e-05,1.844,2.0754,1.844,0.051000000000000156,0.23140000000000005
2023-10-18,7.1795,-9.999999999976694e-05,-1.3928449554829628e-05,1.899,2.0571,1.899,0.05499999999999994,0.15810000000000013
2023-10-19,7.1795,0.0,0.0,1.929,2.0628,1.929,0.030000000000000027,0.13380000000000014
2023-10-20,7.1793,-0.00020000000000042206,-2.7857481128395518e-05,2.103,2.164,2.103,0.17400000000000015,0.06099999999999994
2023-10-23,7.1792,-9.999999999976694e-05,-1.3929031584256535e-05,1.933,2.3899,1.933,-0.17000000000000015,0.45689999999999986
2023-10-24,7.1786,-0.0005999999999994898,-8.357826412799396e-05,1.988,2.4783,1.988,0.05499999999999994,0.49029999999999996
2023-10-25,7.1785,-0.00010000000000065512,-1.393038984225331e-05,2.006,2.6169,2.006,0.017999999999999794,0.6109
2023-10-26,7.1784,-9.999999999976694e-05,-1.3930583900617048e-05,2.045,2.803,2.045,0.039000000000000146,0.758
2023-10-27,7.1782,-0.00019999999999953388,-2.7861749998231244e-05,2.053,2.7711,2.053,0.008000000000000007,0.7181000000000002
2023-10-30,7.1781,-0.00010000000000065512,-1.3931166108571548e-05,2.041,2.6468,2.041,-0.01200000000000001,0.6057999999999999
2023-10-31,7.1779,-0.00019999999999953388,-2.786291446255973e-05,1.965,2.6245,1.965,-0.07599999999999985,0.6594999999999998
2023-11-01,7.1778,-9.999999999976694e-05,-1.3931748364932785e-05,1.889,2.6473,1.889,-0.07600000000000007,0.7583
2023-11-02,7.1797,0.0019000000000000128,0.00026467003462875185,1.837,2.5789,1.837,-0.052000000000000046,0.7419
2023-11-03,7.1796,-0.00010000000000065512,-1.3928255555975086e-05,1.742,2.4633,1.742,-0.09499999999999997,0.7212999999999998
2023-11-06,7.178,-0.0015999999999998238,-0.0002228784764338692,1.752,2.3294,1.752,0.010000000000000009,0.5774000000000001
2023-11-07,7.1776,-0.00039999999999995595,-5.572738166334999e-05,1.817,2.2183,1.817,0.06499999999999995,0.4013000000000002
2023-11-08,7.1773,-0.000300000000000189,-4.179757435358166e-05,1.822,2.085,1.822,0.0050000000000001155,0.2629999999999999
2023-11-09,7.1772,-9.999999999976694e-05,-1.393291302398571e-05,1.824,1.9932,1.824,0.0020000000000000018,0.16920000000000002
2023-11-10,7.1771,-9.999999999976694e-05,-1.393310715273906e-05,1.826,1.9954,1.826,0.0020000000000000018,0.1694
2023-11-13,7.1769,-0.00020000000000042206,-2.7866796713566015e-05,1.84,2.0194,1.84,0.014000000000000012,0.1794
2023-11-14,7.1768,-9.999999999976694e-05,-1.3933689571529318e-05,1.967,2.0454,1.967,0.127,0.0783999999999998
2023-11-15,7.1752,-0.0015999999999998238,-0.00022296544128046778,1.896,2.0988,1.896,-0.07100000000000017,0.2028000000000003
2023-11-16,7.1724,-0.00280000000000058,-0.0003903091855846283,1.951,2.1431,1.951,0.05500000000000016,0.19209999999999994
2023-11-17,7.1728,0.00039999999999995595,5.576778296615915e-05,1.9622,2.1853,1.9622,0.011199999999999877,0.22309999999999985
2023-11-20,7.1612,-0.01159999999999961,-0.001618529724057064,1.962,2.2238,1.962,-0.00019999999999997797,0.26180000000000025
2023-11-21,7.1406,-0.02059999999999995,-0.0028807582606688257,1.961,2.2415,1.961,-0.0009999999999998899,0.28049999999999975
2023-11-22,7.1254,-0.015200000000000102,-0.0021309415045311776,1.997,2.2388,1.997,0.03600000000000003,0.2417999999999998
2023-11-23,7.1212,-0.0041999999999999815,-0.0005896143812103941,1.949,2.2541,1.949,-0.04800000000000004,0.30510000000000015
2023-11-24,7.1151,-0.006099999999999994,-0.0008569642917491379,2.195,2.2599,2.195,0.24599999999999977,0.06490000000000018
2023-11-27,7.1159,0.0007999999999999119,0.00011243060935186621,2.094,2.4259,2.094,-0.10099999999999998,0.3319000000000001
2023-11-28,7.1132,-0.0026999999999999247,-0.0003795039788046938,2.051,2.6035,2.051,-0.042999999999999705,0.5524999999999998
2023-11-29,7.1031,-0.010099999999999554,-0.0014209044124418812,2.076,2.7821,2.076,0.02499999999999991,0.7060999999999997
2023-11-30,7.1018,-0.001300000000000523,-0.00018303543194671688,2.166,2.9815,2.166,0.08999999999999986,0.8155000000000001
2023-12-01,7.1104,0.008600000000000385,0.0012102279801393505,1.795,3.0042,1.795,-0.371,1.2092
2023-12-04,7.1011,-0.00930000000000053,-0.00130879939873217,1.759,2.7958,1.759,-0.03600000000000003,1.0368
2023-12-05,7.1127,0.011600000000000499,0.001632216940624957,1.816,2.5933,1.816,0.05700000000000016,0.7773000000000001
2023-12-06,7.114,0.0012999999999996348,0.00018275496125138774,1.763,2.4267,1.763,-0.05300000000000016,0.6637
2023-12-07,7.1176,0.0036000000000004917,0.0005059164221571708,1.755,2.2463,1.755,-0.008000000000000007,0.4913000000000003
2023-12-08,7.1123,-0.005300000000000082,-0.0007449103992405812,1.798,2.1743,1.798,0.04300000000000015,0.3763000000000001
2023-12-11,7.1163,0.0039999999999995595,0.0005622478817837001,1.855,2.2018,1.855,0.05699999999999994,0.3468
2023-12-12,7.1174,0.001100000000000101,0.00015456276332789413,1.839,2.2562,1.839,-0.016000000000000014,0.41720000000000024
2023-12-13,7.1126,-0.0048000000000003595,-0.0006746310867254134,1.789,2.2867,1.789,-0.050000000000000044,0.49770000000000025
2023-12-14,7.109,-0.0035999999999996035,-0.0005062721602201161,1.763,2.2863,1.763,-0.026000000000000023,0.5233000000000003
2023-12-15,7.0957,-0.01330000000000009,-0.001872620173125751,1.753,2.2793,1.753,-0.010000000000000009,0.5263000000000002
2023-12-18,7.0933,-0.0023999999999997357,-0.00033829022804816004,1.818,2.2539,1.818,0.06500000000000017,0.43589999999999973
2023-12-19,7.0982,0.0049000000000001265,0.0006905542324237217,1.767,2.2279,1.767,-0.051000000000000156,0.4609000000000001
2023-12-20,7.0966,-0.001600000000000712,-0.00022543466717064368,1.784,2.1887,1.784,0.017000000000000126,0.40469999999999984
2023-12-21,7.1012,0.004600000000000826,0.0006479877390803814,1.801,2.1802,1.801,0.016999999999999904,0.3792000000000002
2023-12-22,7.0953,-0.00590000000000046,-0.00083119083431587,1.762,2.1811,1.762,-0.038999999999999924,0.4190999999999998
2023-12-25,7.101,0.005700000000000038,0.0008030261837667636,1.822,2.1627,1.822,0.06000000000000005,0.3407
2023-12-26,7.0965,-0.0045000000000001705,-0.0006339144427811923,1.844,2.5966,1.844,0.02200000000000002,0.7525999999999999
2023-12-27,7.1002,0.0037000000000002586,0.0005212479074395912,1.864,3.1011,1.864,0.020000000000000018,1.2371
2023-12-28,7.0974,-0.0027999999999996916,-0.00039443286700581215,1.937,3.3757,1.937,0.07299999999999995,1.4387
2023-12-29,7.0827,-0.01470000000000038,-0.00207332885746903,1.867,3.4436,1.867,-0.07000000000000006,1.5766
2023-12-31,7.0827,0.0,0.0,1.867,3.3508,1.867,0.0,1.4838
2024-01-02,7.077,-0.005700000000000038,-0.000805101846492472,1.786,3.3508,1.786,-0.08099999999999996,1.5648
2024-01-03,7.1002,0.02320000000000011,0.003272863570967447,1.805,2.9552,1.805,0.018999999999999906,1.1502000000000001
2024-01-04,7.0997,-0.0004999999999997229,-7.042303117717481e-05,1.783,2.5462,1.783,-0.02200000000000002,0.7631999999999999
2024-01-05,7.1029,0.0031999999999996476,0.0004506217247756138,1.77,2.2879,1.77,-0.0129999999999999,0.5179
2024-01-08,7.1006,-0.0022999999999999687,-0.0003238638392091083,1.772,2.1645,1.772,0.0020000000000000018,0.39249999999999985
2024-01-09,7.101,0.00039999999999995595,5.633168095218709e-05,1.79,2.145,1.79,0.018000000000000016,0.355
2024-01-10,7.1055,0.0045000000000001705,0.0006335128498225626,1.797,2.1607,1.797,0.006999999999999895,0.3636999999999999
2024-01-11,7.1087,0.0031999999999996476,0.0004502539789873724,1.799,2.1664,1.799,0.0020000000000000018,0.36739999999999995
2024-01-12,7.105,-0.0036999999999993705,-0.0005206244797024493,1.846,2.1693,1.846,0.04700000000000015,0.3232999999999997
2024-01-15,7.1084,0.0033999999999991815,0.00047842178013011793,1.862,2.1666,1.862,0.016000000000000014,0.30459999999999976
2024-01-16,7.1134,0.005000000000000782,0.0007031459036138074,1.934,2.1857,1.934,0.07199999999999984,0.25170000000000026
2024-01-17,7.1168,0.0033999999999991815,0.0004778569612088563,1.943,2.2127,1.943,0.009000000000000119,0.26969999999999983
2024-01-18,7.1174,0.000600000000000378,8.430400027484789e-05,1.819,2.2483,1.819,-0.12400000000000011,0.4293
2024-01-19,7.1167,-0.000700000000000145,-9.835535798737683e-05,1.831,2.2366,1.831,0.01200000000000001,0.4056000000000002
2024-01-22,7.1105,-0.006199999999999761,-0.0008715700056900985,1.844,2.2181,1.844,0.013000000000000123,0.3741000000000001
2024-01-23,7.1117,0.0011999999999998678,0.00016875026407282782,1.807,2.2002,1.807,-0.037000000000000144,0.3932000000000002
2024-01-24,7.1053,-0.006400000000000183,-0.0009003306509556162,1.84,2.1786,1.84,0.03300000000000014,0.3385999999999998
2024-01-25,7.1044,-0.0008999999999996788,-0.00012667403269638758,1.872,2.1627,1.872,0.03200000000000003,0.29069999999999996
2024-01-26,7.1074,0.0030000000000001137,0.00042218438826333737,1.899,2.2405,1.899,0.026999999999999913,0.3414999999999999
2024-01-29,7.1097,0.0022999999999999687,0.00032355403282875635,1.863,2.3241,1.863,-0.03600000000000003,0.46110000000000007
2024-01-30,7.1055,-0.0041999999999999815,-0.0005909167823475969,1.959,2.3612,1.959,0.09600000000000009,0.4022000000000001
2024-01-31,7.1039,-0.0015999999999998238,-0.00022520303556269495,1.829,2.3773,1.829,-0.13000000000000012,0.5483
2024-02-01,7.1049,0.0009999999999994458,0.00014075784044412847,1.809,2.3847,1.809,-0.020000000000000018,0.5757000000000001
2024-02-02,7.1006,-0.0042999999999997485,-0.0006053993356561836,1.846,2.3318,1.846,0.037000000000000144,0.4857999999999998
2024-02-04,7.1006,0.0,0.0,1.958,2.2812,1.958,0.11199999999999988,0.32320000000000015
2024-02-05,7.107,0.006400000000000183,0.0009009263257537999,1.946,2.1961,1.946,-0.01200000000000001,0.2501
2024-02-06,7.1082,0.0011999999999998678,0.00016883336187327997,1.966,2.154,1.966,0.020000000000000018,0.18799999999999994
2024-02-07,7.1049,-0.0033000000000003027,-0.00046436035197091046,1.947,2.0976,1.947,-0.018999999999999906,0.15059999999999985
2024-02-08,7.1063,0.00140000000000029,0.00019702769710213926,1.791,2.0478,1.791,-0.15600000000000014,0.25680000000000014
2024-02-09,7.1036,-0.0026999999999999247,-0.00038001675345957907,1.857,1.9605,1.857,0.06600000000000006,0.10349999999999993
2024-02-18,7.1036,0.0,0.0,1.817,1.9307,1.817,-0.040000000000000036,0.11370000000000013
2024-02-19,7.1032,-0.00039999999999995595,-5.6311062323063184e-05,1.785,1.8889,1.785,-0.03200000000000003,0.1039000000000001
2024-02-20,7.1068,0.0035999999999996035,0.0005066854436339309,1.787,1.9132,1.787,0.0020000000000000018,0.1262000000000001
2024-02-21,7.103,-0.0038000000000000256,-0.0005348421639410403,1.819,1.9097,1.819,0.03200000000000003,0.0907
2024-02-22,7.1018,-0.0011999999999998678,-0.00016895697269295125,1.815,1.9391,1.815,-0.0040000000000000036,0.1241000000000001
2024-02-23,7.1064,0.0045999999999999375,0.0006475134303742913,1.816,1.9686,1.816,0.001000000000000112,0.15259999999999985
2024-02-26,7.108,0.0015999999999998238,0.00022512381905080543,1.883,2.023,1.883,0.06699999999999995,0.14000000000000012
2024-02-27,7.1057,-0.0022999999999999687,-0.00032363142884329486,1.904,2.0491,1.904,0.020999999999999908,0.14510000000000023
2024-02-28,7.1075,0.0018000000000002458,0.0002532856794562168,1.8178,2.087,1.8178,-0.08619999999999983,0.2692000000000001
2024-02-29,7.1036,-0.0038999999999997925,-0.0005488667447147537,1.775,2.1009,1.775,-0.04280000000000017,0.3259000000000003
2024-03-01,7.1059,0.0022999999999999687,0.0003237270868202855,1.806,2.0991,1.806,0.03100000000000014,0.2930999999999999
2024-03-04,7.102,-0.0038999999999997925,-0.0005489903642271943,1.811,2.0686,1.811,0.004999999999999893,0.25760000000000005
2024-03-05,7.1027,0.0006999999999992568,9.855892775849258e-05,1.855,2.0445,1.855,0.04400000000000004,0.18950000000000022
2024-03-06,7.1016,-0.0010999999999992127,-0.00015488267668214547,1.822,2.0281,1.822,-0.03299999999999992,0.20609999999999973
2024-03-07,7.1002,-0.00140000000000029,-0.00019715810735751774,1.827,2.0187,1.827,0.004999999999999893,0.19169999999999998
2024-03-08,7.0978,-0.0023999999999997357,-0.00033807578854191624,1.848,2.0093,1.848,0.02100000000000013,0.1613
2024-03-11,7.0969,-0.000900000000000567,-0.00012680789325691296,1.853,2.0062,1.853,0.004999999999999893,0.15320000000000022
2024-03-12,7.0963,-0.0005999999999994898,-8.4547529853265e-05,1.853,2.0025,1.853,0.0,0.14949999999999997
2024-03-13,7.093,-0.0033000000000003027,-0.0004651392330133188,1.882,1.9955,1.882,0.028999999999999915,0.11350000000000016
2024-03-14,7.0974,0.004400000000000404,0.0006201375776594268,1.88,1.9913,1.88,-0.0020000000000000018,0.11130000000000018
2024-03-15,7.0975,9.999999999976694e-05,1.4089567380096426e-05,1.89,1.9954,1.89,0.010000000000000009,0.10540000000000016
2024-03-18,7.0943,-0.0032000000000005357,-0.0004509646491963391,1.854,1.9926,1.854,-0.03599999999999981,0.13859999999999983
2024-03-19,7.0985,0.0041999999999999815,0.0005918494056985548,1.87,1.9923,1.87,0.016000000000000014,0.12229999999999985
2024-03-20,7.0968,-0.0016999999999995907,-0.00023951589725141603,1.844,1.9946,1.844,-0.026000000000000023,0.15059999999999985
2024-03-21,7.0942,-0.0026000000000001577,-0.0003664294312017777,1.834,2.0002,1.834,-0.010000000000000009,0.1661999999999999
2024-03-22,7.1004,0.006199999999999761,0.0008735716954731817,1.845,2.0174,1.845,0.010999999999999899,0.1723999999999999
2024-03-25,7.0996,-0.0007999999999999119,-0.00011267605645722712,1.898,2.0375,1.898,0.052999999999999936,0.13950000000000018
2024-03-26,7.0943,-0.005300000000000082,-0.0007467997162614734,1.957,2.1029,1.957,0.05900000000000016,0.14589999999999992
2024-03-27,7.0946,0.000300000000000189,4.228657613274967e-05,1.972,2.1741,1.972,0.014999999999999902,0.20210000000000017
2024-03-28,7.0948,0.00020000000000042206,2.8190057368739394e-05,1.948,2.2552,1.948,-0.02400000000000002,0.3071999999999999
2024-03-29,7.095,0.00019999999999953388,2.818926271170745e-05,1.967,2.3106,1.967,0.019000000000000128,0.3435999999999999
2024-04-01,7.0938,-0.0011999999999998678,-0.0001691474970203135,1.857,2.4663,1.857,-0.1100000000000001,0.6093
2024-04-02,7.0957,0.0019000000000000128,0.00026780365923480937,1.833,2.4136,1.833,-0.02400000000000002,0.5806000000000002
2024-04-03,7.0949,-0.0007999999999999119,-0.00011275069424088996,1.821,2.3481,1.821,-0.01200000000000001,0.5271000000000001
2024-04-07,7.0949,0.0,0.0,1.805,2.2489,1.805,-0.016000000000000014,0.44389999999999996
2024-04-08,7.0947,-0.00020000000000042206,-2.8189660034598602e-05,1.815,2.1295,1.815,0.010000000000000009,0.3145000000000002
2024-04-09,7.0956,0.000900000000000567,0.00012684721270273078,1.816,1.9912,1.816,0.001000000000000112,0.17520000000000002
2024-04-10,7.0959,0.000300000000000189,4.2278828882862796e-05,1.817,1.957,1.817,0.0009999999999998899,0.14000000000000012
2024-04-11,7.0968,0.0008999999999996788,0.00012682576270993954,1.815,1.9308,1.815,-0.0020000000000000018,0.11580000000000013
2024-04-12,7.0967,-9.999999999976694e-05,-1.4090957128493262e-05,1.82,1.9202,1.82,0.0050000000000001155,0.10019999999999984
2024-04-15,7.0979,0.0011999999999998678,0.00016907838232272892,1.797,1.9246,1.797,-0.02300000000000013,0.12760000000000016
2024-04-16,7.1028,0.0049000000000001265,0.0006901068531083792,1.805,1.9128,1.805,0.008000000000000007,0.10780000000000012
2024-04-17,7.1025,-0.000300000000000189,-4.223775633671474e-05,1.816,1.9122,1.816,0.01100000000000012,0.09619999999999984
2024-04-18,7.102,-0.0004999999999997229,-7.040022530973188e-05,1.836,1.914,1.836,0.020000000000000018,0.07799999999999985
2024-04-19,7.1046,0.0025999999999992696,0.0003660270619327798,1.87,1.9174,1.87,0.03400000000000003,0.04739999999999989
2024-04-22,7.1043,-0.0002999999999993008,-4.2227054880249095e-05,1.831,1.918,1.831,-0.039000000000000146,0.08699999999999997
2024-04-23,7.1059,0.0015999999999998238,0.0002251903571746139,1.824,1.9165,1.824,-0.006999999999999895,0.09250000000000003
2024-04-24,7.1048,-0.001100000000000101,-0.0001548129229661074,1.855,1.9161,1.855,0.030999999999999917,0.06109999999999993
2024-04-25,7.1058,0.001000000000000334,0.00014074001121011336,1.885,1.921,1.885,0.030000000000000027,0.03600000000000003
2024-04-26,7.1056,-0.00020000000000042206,-2.8146417666569063e-05,1.912,1.9313,1.912,0.026999999999999913,0.019300000000000095
2024-04-28,7.1056,0.0,0.0,1.951,1.9444,1.951,0.039000000000000146,-0.006600000000000161
2024-04-29,7.1066,0.001000000000000334,0.0001407241667934266,2.08,1.9566,2.08,0.129,-0.12340000000000018
2024-04-30,7.1063,-0.000300000000000189,-4.2215170731431314e-05,2.109,1.9981,2.109,0.028999999999999915,-0.1109
2024-05-06,7.0994,-0.006899999999999906,-0.0009714411176677118,1.874,2.028,1.874,-0.23499999999999988,0.15399999999999991
2024-05-07,7.1002,0.0007999999999999119,0.0001126792305200228,1.845,2.0158,1.845,-0.029000000000000137,0.17080000000000006
2024-05-08,7.1016,0.00140000000000029,0.00019715810735759155,1.867,1.9926,1.867,0.02200000000000002,0.12559999999999993
2024-05-09,7.1028,0.0011999999999998678,0.00016896173056995221,1.822,1.9732,1.822,-0.04499999999999993,0.1512
2024-05-10,7.1011,-0.001700000000000479,-0.00023937087815564895,1.836,1.9346,1.836,0.014000000000000012,0.09860000000000002
2024-05-11,7.1011,0.0,0.0,1.85,1.8957,1.85,0.014000000000000012,0.04569999999999985
2024-05-13,7.103,0.0019000000000000128,0.00026752839128594847,1.836,1.8799,1.836,-0.014000000000000012,0.04389999999999983
2024-05-14,7.1053,0.0022999999999999687,0.0003237544280582382,1.837,1.8767,1.837,0.0009999999999998899,0.03970000000000007
2024-05-15,7.1049,-0.00039999999999995595,-5.629758907058387e-05,1.808,1.8651,1.808,-0.028999999999999915,0.05709999999999993
2024-05-16,7.102,-0.0028999999999994586,-0.00040825233376435427,1.801,1.8503,1.801,-0.007000000000000117,0.04930000000000012
2024-05-17,7.1045,0.0024999999999995026,0.0003519515750966689,1.808,1.8397,1.808,0.007000000000000117,0.03169999999999984
2024-05-20,7.1042,-0.000300000000000189,-4.222764926346608e-05,1.803,1.8283,1.803,-0.0050000000000001155,0.0253000000000001
2024-05-21,7.1069,0.002700000000000813,0.0003799846644508374,1.847,1.8185,1.847,0.04400000000000004,-0.02849999999999997
2024-05-22,7.1077,0.0007999999999999119,0.00011256032541812414,1.838,1.8247,1.838,-0.008999999999999897,-0.01330000000000009
2024-05-23,7.1098,0.0020999999999995467,0.0002954105876941678,1.829,1.8333,1.829,-0.009000000000000119,0.0042999999999999705
2024-05-24,7.1102,0.00039999999999995595,5.625879045089378e-05,1.818,1.8347,1.818,-0.010999999999999899,0.016699999999999937
2024-05-27,7.1091,-0.001100000000000101,-0.00015471929028775097,1.888,1.8363,1.888,0.06999999999999984,-0.05169999999999986
2024-05-28,7.1101,0.001000000000000334,0.00014065488939580626,1.885,1.8638,1.885,-0.0029999999999998916,-0.021200000000000108
2024-05-29,7.1106,0.0004999999999997229,7.032002646918538e-05,1.897,1.8865,1.897,0.01200000000000001,-0.010499999999999954
2024-05-30,7.1111,0.0005000000000006111,7.03150819110687e-05,1.903,1.9102,1.903,0.006000000000000005,0.007199999999999873
2024-05-31,7.1088,-0.002300000000000857,-0.00032349032272495587,1.851,1.9339,1.851,-0.052000000000000046,0.08289999999999997
2024-06-03,7.1086,-0.00019999999999953388,-2.8134539369033173e-05,1.811,1.9335,1.811,-0.040000000000000036,0.12250000000000005
2024-06-04,7.1083,-0.000300000000000189,-4.220329326991025e-05,1.785,1.9098,1.785,-0.026000000000000023,0.12480000000000002
2024-06-05,7.1097,0.00140000000000029,0.00019693346525877635,1.776,1.8868,1.776,-0.008999999999999897,0.11080000000000001
2024-06-06,7.1108,0.001100000000000101,0.00015470623426667,1.78,1.8621,1.78,0.0040000000000000036,0.08210000000000006
2024-06-07,7.1106,-0.00020000000000042206,-2.8126626072456808e-05,1.751,1.8413,1.751,-0.029000000000000137,0.09030000000000005
2024-06-11,7.1135,0.0029000000000003467,0.0004077586687637998,1.802,1.8351,1.802,0.051000000000000156,0.03309999999999991
2024-06-12,7.1133,-0.00020000000000042206,-2.811595018049725e-05,1.796,1.8352,1.796,-0.006000000000000005,0.0391999999999999
2024-06-13,7.1122,-0.001100000000000101,-0.00015465185788795326,1.817,1.833,1.817,0.020999999999999908,0.016000000000000014
2024-06-14,7.1151,0.0029000000000003467,0.00040766695580510585,1.813,1.833,1.813,-0.0040000000000000036,0.020000000000000018
2024-06-17,7.1149,-0.00020000000000042206,-2.8109627549303282e-05,1.862,1.8339,1.862,0.049000000000000155,-0.028100000000000014
2024-06-18,7.1148,-9.999999999976694e-05,-1.4055110086837163e-05,1.882,1.8423,1.882,0.019999999999999796,-0.039699999999999847
2024-06-19,7.1159,0.001100000000000101,0.0001545953469880497,1.861,1.8592,1.861,-0.020999999999999908,-0.0018000000000000238
2024-06-20,7.1192,0.0033000000000003027,0.0004636426943421377,1.89,1.8771,1.89,0.028999999999999915,-0.012899999999999912
2024-06-21,7.1196,0.00039999999999995595,5.618450994544458e-05,1.939,1.8946,1.939,0.049000000000000155,-0.044399999999999995
2024-06-24,7.1201,0.0004999999999997229,7.022619861455887e-05,2.008,1.9387,2.008,0.06899999999999995,-0.06929999999999992
2024-06-25,7.1225,0.0023999999999997357,0.0003370171208508654,2.014,2.0381,2.014,0.005999999999999783,0.024100000000000232
2024-06-26,7.1248,0.0022999999999999687,0.0003228681953745003,2.083,2.1162,2.083,0.0690000000000004,0.033199999999999896
2024-06-27,7.127,0.002200000000000202,0.0003087329344327538,2.028,2.1894,2.028,-0.05500000000000016,0.1614
2024-06-28,7.1268,-0.00019999999999953388,-2.806269205587107e-05,2.099,2.263,2.099,0.07100000000000017,0.1639999999999997
2024-07-01,7.1265,-0.000300000000000189,-4.209551472914545e-05,1.802,2.3406,1.802,-0.29700000000000015,0.5385999999999997
2024-07-02,7.1291,0.0026000000000001577,0.00036476893695517747,1.796,2.2547,1.796,-0.006000000000000005,0.4587000000000001
2024-07-03,7.1312,0.0020999999999995467,0.0002945239602503669,1.8,2.1588,1.8,0.0040000000000000036,0.3587999999999998
2024-07-04,7.1305,-0.000700000000000145,-9.816501546971891e-05,1.811,2.0648,1.811,0.010999999999999899,0.2538
2024-07-05,7.1289,-0.0015999999999998238,-0.00022441337036832379,1.807,1.9748,1.807,-0.0040000000000000036,0.16780000000000017
2024-07-08,7.1286,-0.000300000000000189,-4.208311415668291e-05,1.82,1.8771,1.82,0.013000000000000123,0.05709999999999993
2024-07-09,7.131,0.002400000000000624,0.0003366153360070766,1.804,1.8636,1.804,-0.016000000000000014,0.059599999999999875
2024-07-10,7.1342,0.0031999999999996476,0.00044864426067289966,1.8,1.8631,1.8,-0.0040000000000000036,0.06309999999999993
2024-07-11,7.1339,-0.000300000000000189,-4.2051849937238226e-05,1.803,1.8613,1.803,0.0029999999999998916,0.05830000000000002
2024-07-12,7.1315,-0.0023999999999997357,-0.000336478475562305,1.801,1.8573,1.801,-0.0020000000000000018,0.05630000000000002
2024-07-15,7.1313,-0.00019999999999953388,-2.8044984156337193e-05,1.821,1.8518,1.821,0.020000000000000018,0.03079999999999994
2024-07-16,7.1328,0.0014999999999991687,0.00021031821222900604,1.894,1.8522,1.894,0.07299999999999995,-0.04179999999999984
2024-07-17,7.1318,-0.0009999999999994458,-0.00014020722651007984,1.885,1.8708,1.885,-0.008999999999999897,-0.01419999999999999
2024-07-18,7.1285,-0.0033000000000003027,-0.000462823371023951,1.893,1.8866,1.893,0.008000000000000007,-0.006399999999999961
2024-07-19,7.1315,0.0030000000000001137,0.0004207573694612766,1.855,1.8977,1.855,-0.038000000000000034,0.04269999999999996
2024-07-22,7.1335,0.0019999999999997797,0.0002804065913922076,1.715,1.9076,1.715,-0.1399999999999999,0.19259999999999988
2024-07-23,7.1334,-9.999999999976694e-05,-1.4018462315083963e-05,1.751,1.8952,1.751,0.03599999999999981,0.1442000000000001
2024-07-24,7.1358,0.0023999999999997357,0.00033638886870068606,1.742,1.88,1.742,-0.008999999999999897,0.1379999999999999
2024-07-25,7.1321,-0.0036999999999993705,-0.0005186467641263467,1.871,1.869,1.871,0.129,-0.0020000000000000018
2024-07-26,7.127,-0.0051000000000005485,-0.0007153326952575896,1.913,1.9,1.913,0.04200000000000004,-0.013000000000000123
2024-07-29,7.1316,0.0045999999999999375,0.0006452246587445275,1.895,1.9182,1.895,-0.018000000000000016,0.023199999999999887
2024-07-30,7.1364,0.0048000000000003595,0.0006728343399331237,1.814,1.9422,1.814,-0.08099999999999996,0.12819999999999987
2024-07-31,7.1346,-0.0018000000000002458,-0.0002522598289602291,1.772,1.9548,1.772,-0.04200000000000004,0.18280000000000007
2024-08-01,7.1323,-0.0022999999999999687,-0.0003224246360352142,1.7,1.9549,1.7,-0.07200000000000006,0.2549000000000001
2024-08-02,7.1376,0.005300000000000082,0.0007428223384474497,1.7,1.9176,1.7,0.0,0.21760000000000002
2024-08-05,7.1345,-0.0030999999999998806,-0.0004344140033704125,1.694,1.8817,1.694,-0.006000000000000005,0.18769999999999998
2024-08-06,7.1318,-0.0026999999999999247,-0.00037851440559030796,1.687,1.8504,1.687,-0.006999999999999895,0.1634
2024-08-07,7.1386,0.006800000000000139,0.0009530217113290642,1.708,1.8292,1.708,0.020999999999999908,0.12119999999999997
2024-08-08,7.146,0.007399999999999629,0.0010360809069863528,1.763,1.8201,1.763,0.05499999999999994,0.05710000000000015
2024-08-09,7.1449,-0.001100000000000101,-0.00015394411858911492,1.795,1.8272,1.795,0.03200000000000003,0.032200000000000006
2024-08-12,7.1458,0.000900000000000567,0.00012595604150816855,1.893,1.842,1.893,0.09800000000000009,-0.050999999999999934
2024-08-13,7.1479,0.0020999999999995467,0.0002938357479320774,1.828,1.871,1.828,-0.06499999999999995,0.04299999999999993
2024-08-14,7.1415,-0.006400000000000183,-0.0008957689515232689,1.869,1.8995,1.869,0.040999999999999925,0.03049999999999997
2024-08-15,7.1399,-0.0015999999999998238,-0.00022406766937334413,1.814,1.9138,1.814,-0.05499999999999994,0.09979999999999989
2024-08-16,7.1464,0.00649999999999995,0.0009099627543195709,1.811,1.9218,1.811,-0.0030000000000001137,0.11080000000000001
2024-08-19,7.1415,-0.0049000000000001265,-0.0006858950849461934,1.722,1.915,1.722,-0.08899999999999997,0.19300000000000006
2024-08-20,7.1325,-0.008999999999999453,-0.0012610342150280222,1.761,1.8931,1.761,0.038999999999999924,0.1321000000000001
2024-08-21,7.1307,-0.0018000000000002458,-0.0002523977802394932,1.808,1.8765,1.808,0.04700000000000015,0.0685
2024-08-22,7.1228,-0.00790000000000024,-0.0011084997802563493,1.821,1.8711,1.821,0.0129999999999999,0.05010000000000003
2024-08-23,7.1358,0.0129999999999999,0.0018234614340953577,1.825,1.8746,1.825,0.0040000000000000036,0.04960000000000009
2024-08-26,7.1139,-0.021899999999999586,-0.0030737513410809183,1.936,1.8882,1.936,0.11099999999999999,-0.04779999999999984
2024-08-27,7.1249,0.01100000000000012,0.0015450743304655328,1.869,1.9325,1.869,-0.06699999999999995,0.06350000000000011
2024-08-28,7.1216,-0.0033000000000003027,-0.0004632716890493941,1.758,1.9519,1.758,-0.11099999999999999,0.19389999999999996
2024-08-29,7.1299,0.008300000000000196,0.0011647898029553596,1.628,1.9474,1.628,-0.13000000000000012,0.31940000000000013
2024-08-30,7.1124,-0.01750000000000007,-0.0024574694827524286,1.647,1.9201,1.647,0.019000000000000128,0.2730999999999999
2024-09-02,7.1027,-0.009700000000000486,-0.001364746151000999,1.689,1.9009,1.689,0.04200000000000004,0.21189999999999998
2024-09-03,7.1112,0.008500000000000618,0.0011960124966733684,1.68,1.8639,1.68,-0.009000000000000119,0.18389999999999995
2024-09-04,7.1148,0.0035999999999996035,0.0005061155738571125,1.67,1.8447,1.67,-0.010000000000000009,0.17470000000000008
2024-09-05,7.0989,-0.01589999999999936,-0.0022372790522070056,1.68,1.8433,1.68,0.010000000000000009,0.1633
2024-09-06,7.0925,-0.006400000000000183,-0.0009019547661089126,1.676,1.8522,1.676,-0.0040000000000000036,0.17620000000000013
2024-09-09,7.0989,0.006400000000000183,0.000901954766108944,1.833,1.8588,1.833,0.15700000000000003,0.025800000000000045
2024-09-10,7.1136,0.014699999999999491,0.002068602320762048,1.834,1.8772,1.834,0.001000000000000112,0.043199999999999905
2024-09-11,7.1182,0.0045999999999999375,0.0006464396858005832,1.776,1.8977,1.776,-0.05800000000000005,0.12169999999999992
2024-09-12,7.1214,0.0032000000000005357,0.0004494508348364219,1.794,1.9085,1.794,0.018000000000000016,0.11450000000000005
2024-09-13,7.103,-0.018400000000000638,-0.002587105292704613,1.806,1.9124,1.806,0.01200000000000001,0.10640000000000005
2024-09-14,7.103,0.0,0.0,1.746,1.9234,1.746,-0.06000000000000005,0.1774
2024-09-18,7.087,-0.016000000000000014,-0.0022551101875539405,1.86,1.8608,1.86,0.1140000000000001,0.0007999999999999119
2024-09-19,7.0983,0.01130000000000031,0.0015931989299087421,1.947,1.8678,1.947,0.08699999999999997,-0.07920000000000016
2024-09-20,7.0644,-0.03390000000000004,-0.004787231917948626,1.929,1.9049,1.929,-0.018000000000000016,-0.02410000000000001
2024-09-23,7.0531,-0.01130000000000031,-0.0016008503507320309,1.859,1.942,1.859,-0.07000000000000006,0.08299999999999996
2024-09-24,7.051,-0.0020999999999995467,-0.0002977857524433112,1.92,1.9621,1.92,0.06099999999999994,0.042100000000000026
2024-09-25,7.0202,-0.03080000000000016,-0.004377743076526964,1.873,2.0224,1.873,-0.04699999999999993,0.1494000000000002
2024-09-26,7.0354,0.015200000000000102,0.002162839853910155,1.838,2.023,1.838,-0.03499999999999992,0.18500000000000005
2024-09-27,7.0101,-0.025299999999999656,-0.003602581234301483,1.661,2.0295,1.661,-0.17700000000000005,0.36850000000000005
2024-09-29,7.0101,0.0,0.0,1.727,2.0155,1.727,0.06600000000000006,0.28849999999999976
2024-09-30,7.0074,-0.002700000000000813,-0.00038523274954765094,1.522,2.0,1.522,-0.20500000000000007,0.478
2024-10-08,7.0709,0.06350000000000033,0.009021036720414407,1.697,1.9548,1.697,0.17500000000000004,0.25780000000000003
2024-10-09,7.0568,-0.014100000000000001,-0.0019960792884319793,1.803,1.9796,1.803,0.10599999999999987,0.1766000000000001
2024-10-10,7.0742,0.017400000000000304,0.0024626719685643924,1.7,2.0831,1.7,-0.10299999999999998,0.3831
2024-10-11,7.0731,-0.001100000000000101,-0.00015550670477291884,1.526,2.0799,1.526,-0.17399999999999993,0.5538999999999998
2024-10-12,7.0731,0.0,0.0,1.511,2.0413,1.511,-0.015000000000000124,0.5303000000000002
2024-10-14,7.0723,-0.0007999999999999119,-0.00011311097612695168,1.587,1.9465,1.587,0.07600000000000007,0.35949999999999993
2024-10-15,7.083,0.010699999999999932,0.0015118015214010004,1.517,1.9116,1.517,-0.07000000000000006,0.39460000000000006
2024-10-16,7.1191,0.03610000000000024,0.005083766168295552,1.59,1.8112,1.59,0.07300000000000018,0.22119999999999984
2024-10-17,7.122,0.0028999999999994586,0.00040727191580492756,1.549,1.7961,1.549,-0.04100000000000015,0.2471000000000001
2024-10-18,7.1274,0.005399999999999849,0.0007579266858258442,1.568,1.801,1.568,0.019000000000000128,0.23299999999999987
2024-10-21,7.0982,-0.02919999999999945,-0.004105280762816085,1.584,1.8438,1.584,0.016000000000000014,0.25980000000000003
2024-10-22,7.1223,0.024099999999999788,0.0033894761889990336,1.579,1.8432,1.579,-0.0050000000000001155,0.2642
2024-10-23,7.1245,0.002200000000000202,0.00030884128611151433,1.595,1.8498,1.595,0.016000000000000014,0.25480000000000014
2024-10-24,7.1286,0.004099999999999326,0.0005753134564531967,1.596,1.8524,1.596,0.001000000000000112,0.25639999999999996
2024-10-25,7.109,-0.019599999999999618,-0.002753274762813526,1.703,1.8528,1.703,0.10699999999999998,0.14979999999999993
2024-10-28,7.1307,0.021700000000000053,0.0030478193779324768,1.658,1.8826,1.658,-0.04500000000000015,0.22460000000000013
2024-10-29,7.1283,-0.0023999999999997357,-0.00033662950033852416,1.75,1.8876,1.75,0.09200000000000008,0.13759999999999994
2024-10-30,7.139,0.010699999999999932,0.001499933695383485,1.656,1.895,1.656,-0.09400000000000008,0.2390000000000001
2024-10-31,7.125,-0.014000000000000234,-0.00196298436560931,1.656,1.8967,1.656,0.0,0.24070000000000014
2024-11-01,7.1135,-0.011499999999999844,-0.0016153390456295801,1.507,1.8923,1.507,-0.14900000000000002,0.3853000000000002
2024-11-04,7.1203,0.006800000000000139,0.0009554722586132854,1.496,1.8514,1.496,-0.010999999999999899,0.35539999999999994
2024-11-05,7.1016,-0.01869999999999994,-0.002629748595725406,1.5,1.8224,1.5,0.0040000000000000036,0.3224
2024-11-06,7.0993,-0.0022999999999999687,-0.00032392313446485564,1.5,1.7937,1.5,0.0,0.29370000000000007
2024-11-07,7.1659,0.06659999999999933,0.00933747636139367,1.555,1.7722,1.555,0.05499999999999994,0.21720000000000006
2024-11-08,7.1433,-0.02259999999999973,-0.003158809547989116,1.645,1.7632,1.645,0.09000000000000008,0.11820000000000008
2024-11-11,7.1786,0.03530000000000033,0.004929523524541644,1.655,1.7736,1.655,0.010000000000000009,0.11860000000000004
2024-11-12,7.1927,0.014100000000000001,0.001962244824647164,1.687,1.7991,1.687,0.03200000000000003,0.11209999999999987
2024-11-13,7.1991,0.006399999999999295,0.0008893954087576176,1.644,1.8282,1.644,-0.04300000000000015,0.18420000000000014
2024-11-14,7.1966,-0.0024999999999995026,-0.0003473259410979654,1.674,1.8502,1.674,0.030000000000000027,0.17620000000000013
2024-11-15,7.1992,0.0026000000000001577,0.0003612164698412231,1.685,1.8622,1.685,0.01100000000000012,0.17720000000000002
2024-11-18,7.1907,-0.008500000000000618,-0.001181384302684468,1.697,1.8627,1.697,0.01200000000000001,0.16569999999999996
2024-11-19,7.1911,0.00039999999999995595,5.562586047690672e-05,1.693,1.8553,1.693,-0.0040000000000000036,0.1622999999999999
2024-11-20,7.1935,0.002400000000000624,0.00033369019955646655,1.684,1.8431,1.684,-0.009000000000000119,0.15910000000000002
2024-11-21,7.1934,-0.00010000000000065512,-1.3901535424875816e-05,1.659,1.8348,1.659,-0.02499999999999991,0.17579999999999996
2024-11-22,7.1942,0.0008000000000008001,0.00011120687269943929,1.653,1.8288,1.653,-0.006000000000000005,0.17579999999999996
2024-11-25,7.1918,-0.002400000000000624,-0.000333657725881541,1.727,1.8218,1.727,0.07400000000000007,0.0948
2024-11-26,7.191,-0.0007999999999999119,-0.00011124398598677312,1.723,1.8347,1.723,-0.0040000000000000036,0.11169999999999991
2024-11-27,7.1982,0.007200000000000095,0.0010007506464432684,1.7,1.8314,1.7,-0.02300000000000013,0.13139999999999996
2024-11-28,7.1894,-0.008799999999999919,-0.001223275750974792,1.726,1.8255,1.726,0.026000000000000023,0.09949999999999992
2024-11-29,7.1877,-0.0016999999999995907,-0.00023648719253844492,1.631,1.8268,1.631,-0.09499999999999997,0.19579999999999997
2024-12-02,7.1865,-0.001200000000000756,-0.00016696581413762297,1.591,1.8219,1.591,-0.040000000000000036,0.2309000000000001
2024-12-03,7.1996,0.013100000000000556,0.001821202914037641,1.601,1.7909,1.601,0.010000000000000009,0.18989999999999996
2024-12-04,7.1934,-0.0062000000000006494,-0.0008615299636612933,1.588,1.7783,1.588,-0.0129999999999999,0.1902999999999999
2024-12-05,7.1879,-0.005499999999999616,-0.0007648822106687402,1.688,1.7726,1.688,0.09999999999999987,0.08460000000000001
2024-12-06,7.1848,-0.0030999999999998806,-0.00043137337425417315,1.686,1.7762,1.686,-0.0020000000000000018,0.09020000000000006
2024-12-09,7.187,0.002200000000000202,0.0003061551117026835,1.736,1.79,1.736,0.050000000000000044,0.05400000000000005
2024-12-10,7.1896,0.0026000000000001577,0.00036169887572102427,1.784,1.8185,1.784,0.04800000000000004,0.034499999999999975
2024-12-11,7.1843,-0.005300000000000082,-0.0007374477685515432,1.722,1.8539,1.722,-0.062000000000000055,0.13190000000000013
2024-12-12,7.1854,0.0010999999999992127,0.00015309992583678586,1.635,1.8691,1.635,-0.08699999999999997,0.23409999999999997
2024-12-13,7.1876,0.002200000000000202,0.0003061295508497446,1.758,1.8842,1.758,0.123,0.1262000000000001
2024-12-16,7.1882,0.000600000000000378,8.347361542993705e-05,1.762,1.8967,1.762,0.0040000000000000036,0.13470000000000004
2024-12-17,7.1891,0.0008999999999996788,0.00012519735989023758,1.787,1.9137,1.787,0.02499999999999991,0.12670000000000003
2024-12-18,7.188,-0.001100000000000101,-0.00015302112416917826,1.776,1.9565,1.776,-0.010999999999999899,0.18049999999999988
2024-12-19,7.1911,0.0030999999999998806,0.0004311813740815237,1.627,1.9586,1.627,-0.14900000000000002,0.3315999999999999
2024-12-20,7.1901,-0.0009999999999994458,-0.00013907045331559408,1.62,1.9335,1.62,-0.006999999999999895,0.3134999999999999
2024-12-23,7.187,-0.0030999999999998806,-0.0004312413557730004,1.525,1.8928,1.525,-0.0950000000000002,0.3678000000000001
2024-12-24,7.1876,0.0005999999999994898,8.348058385602404e-05,1.489,1.8399,1.489,-0.03599999999999981,0.3509
2024-12-25,7.1868,-0.0007999999999999119,-0.00011130899388162992,1.516,1.7696,1.516,0.026999999999999913,0.25360000000000005
2024-12-26,7.1897,0.0029000000000003467,0.00040343616865491216,1.533,1.7949,1.533,0.016999999999999904,0.2619
2024-12-27,7.1893,-0.00039999999999995595,-5.563669241302414e-05,1.74,1.859,1.74,0.20700000000000007,0.119
2024-12-30,7.1889,-0.00039999999999995595,-5.5639788026712555e-05,1.95,1.9424,1.95,0.20999999999999996,-0.007600000000000051
2024-12-31,7.1884,-0.0005000000000006111,-6.955408876527087e-05,1.966,2.0318,1.966,0.016000000000000014,0.06580000000000008
2025-01-02,7.1879,-0.0004999999999997229,-6.955892687285367e-05,1.643,2.1295,1.643,-0.32299999999999995,0.48650000000000015
2025-01-03,7.1878,-9.999999999976694e-05,-1.3912366006713659e-05,1.67,2.0812,1.67,0.026999999999999913,0.4112
2025-01-06,7.1876,-0.00020000000000042206,-2.7825312688831844e-05,1.596,2.0168,1.596,-0.07399999999999984,0.42079999999999984
2025-01-07,7.1879,0.000300000000000189,4.173767869541637e-05,1.541,1.912,1.541,-0.05500000000000016,0.371
2025-01-08,7.1887,0.0007999999999999119,0.00011129196066180785,1.58,1.7969,1.58,0.039000000000000146,0.21689999999999987
2025-01-09,7.1886,-9.999999999976694e-05,-1.3910817747636887e-05,1.632,1.6918,1.632,0.051999999999999824,0.059800000000000075
2025-01-10,7.1891,0.0004999999999997229,6.955215371044028e-05,1.692,1.6697,1.692,0.06000000000000005,-0.022299999999999986
2025-01-13,7.1885,-0.0005999999999994898,-8.346316497155861e-05,1.96,1.6781,1.96,0.268,-0.28190000000000004
2025-01-14,7.1878,-0.000700000000000145,-9.738249765978295e-05,2.162,1.7845,2.162,0.20199999999999996,-0.37749999999999995
2025-01-15,7.1883,0.0004999999999997229,6.955989457529396e-05,2.117,2.0062,2.117,-0.04499999999999993,-0.11079999999999979
2025-01-16,7.1881,-0.00019999999999953388,-2.7823377203275184e-05,2.192,2.2277,2.192,0.07500000000000018,0.03569999999999984
2025-01-17,7.1889,0.0007999999999999119,0.00011128886427288916,2.039,2.7856,2.039,-0.15300000000000002,0.7465999999999999
2025-01-20,7.1886,-0.000300000000000189,-4.173187272385244e-05,2.013,3.0149,2.013,-0.026000000000000245,1.0019
2025-01-21,7.1703,-0.018299999999999983,-0.002548943151368571,1.906,2.9829,1.906,-0.10699999999999998,1.0769
2025-01-22,7.1696,-0.000700000000000145,-9.762969066122379e-05,1.813,2.8985,1.813,-0.09299999999999997,1.0855
2025-01-23,7.1708,0.0011999999999998678,0.00016735934880494476,1.995,2.7999,1.995,0.18200000000000016,0.8049
2025-01-24,7.1705,-0.000300000000000189,-4.183721141657886e-05,2.078,2.5835,2.078,0.08299999999999974,0.5055000000000001
2025-01-26,7.1705,0.0,0.0,1.864,2.6435,1.864,-0.21399999999999975,0.7794999999999999
2025-01-27,7.1698,-0.0006999999999992568,-9.76269674351821e-05,1.715,2.5468,1.715,-0.14900000000000002,0.8318000000000001
2025-02-05,7.1693,-0.0005000000000006111,-6.97393839506556e-05,1.844,2.403,1.844,0.129,0.5589999999999999
2025-02-06,7.1691,-0.00019999999999953388,-2.789711543999416e-05,1.785,2.3269,1.785,-0.05900000000000016,0.5419000000000003
2025-02-07,7.1699,0.0007999999999999119,0.00011158379256993545,1.732,2.1525,1.732,-0.052999999999999936,0.4204999999999999
2025-02-08,7.1699,0.0,0.0,1.634,1.9175,1.634,-0.09800000000000009,0.2835000000000001
2025-02-10,7.1707,0.0007999999999999119,0.00011157134301638257,1.729,1.8512,1.729,0.0950000000000002,0.12219999999999986
2025-02-11,7.1716,0.0008999999999996788,0.00012550288324487098,1.838,1.8364,1.838,0.10899999999999999,-0.0016000000000000458
2025-02-12,7.171,-0.0005999999999994898,-8.366683869723064e-05,1.845,1.8305,1.845,0.006999999999999895,-0.014499999999999957
2025-02-13,7.1719,0.0008999999999996788,0.0001254976331399781,1.763,1.8353,1.763,-0.08200000000000007,0.07230000000000003
2025-02-14,7.1706,-0.0012999999999996348,-0.00018127941482440173,1.894,1.834,1.894,0.131,-0.05999999999999983
2025-02-17,7.1702,-0.00039999999999995595,-5.578489346533783e-05,1.999,1.8977,1.999,0.1050000000000002,-0.10130000000000017
2025-02-18,7.1697,-0.0005000000000006111,-6.973549330232067e-05,2.209,1.9596,2.209,0.20999999999999996,-0.24940000000000007
2025-02-19,7.1705,0.0007999999999999119,0.00011157445514430054,1.934,2.0844,1.934,-0.27500000000000013,0.1504000000000001
2025-02-20,7.1712,0.000700000000000145,9.761743734079816e-05,1.992,2.1152,1.992,0.05800000000000005,0.1232000000000002
2025-02-21,7.1696,-0.0015999999999998238,-0.00022313957472920966,2.139,2.1718,2.139,0.1469999999999998,0.032800000000000384
2025-02-24,7.1717,0.002100000000000435,0.0002928604819660415,1.941,2.2253,1.941,-0.19799999999999973,0.2842999999999998
2025-02-25,7.1726,0.0008999999999996788,0.00012548538460309568,2.128,2.2864,2.128,0.18700000000000006,0.15839999999999987
2025-02-26,7.1732,0.0005999999999994898,8.364817582137814e-05,2.131,2.2645,2.131,0.0029999999999996696,0.13350000000000017
2025-02-27,7.174,0.0008000000000008001,0.00011152001795883286,2.24,2.2996,2.24,0.10900000000000043,0.05959999999999965
2025-02-28,7.1738,-0.00020000000000042206,-2.787883856942717e-05,2.093,2.3521,2.093,-0.14700000000000024,0.2591000000000001
2025-03-03,7.1745,0.000700000000000145,9.757253480287009e-05,1.812,2.3056,1.812,-0.2809999999999999,0.49360000000000004
2025-03-04,7.1739,-0.000600000000000378,-8.363301836448328e-05,1.718,2.1999,1.718,-0.09400000000000008,0.4819
2025-03-05,7.1714,-0.0024999999999995026,-0.00034854621727100585,1.751,2.0842,1.751,0.03299999999999992,0.33320000000000016
2025-03-06,7.1692,-0.002200000000000202,-0.0003068211953835793,1.748,1.9837,1.748,-0.0029999999999998916,0.23570000000000002
2025-03-07,7.1705,0.0012999999999996348,0.00018131481182469855,1.718,1.8753,1.718,-0.030000000000000027,0.1573
2025-03-10,7.1733,0.00280000000000058,0.00039041258739886124,1.78,1.8217,1.78,0.062000000000000055,0.04170000000000007
2025-03-11,7.1741,0.0007999999999999119,0.00011151846339120412,1.786,1.8074,1.786,0.006000000000000005,0.021399999999999864
2025-03-12,7.1696,-0.0045000000000001705,-0.0006274531881783662,1.78,1.8143,1.78,-0.006000000000000005,0.0343
2025-03-13,7.1728,0.0031999999999996476,0.0004462293692965067,1.774,1.8184,1.774,-0.006000000000000005,0.044399999999999995
2025-03-14,7.1738,0.001000000000000334,0.00013940585248339643,1.742,1.8205,1.742,-0.03200000000000003,0.07850000000000001
2025-03-17,7.1688,-0.004999999999999893,-0.0006972236836487934,1.819,1.8246,1.819,0.07699999999999996,0.005600000000000049
2025-03-18,7.1733,0.0045000000000001705,0.0006275231866559935,1.903,1.8482,1.903,0.08400000000000007,-0.05479999999999996
2025-03-19,7.1697,-0.0036000000000004917,-0.0005019870425430465,1.856,1.8846,1.856,-0.04699999999999993,0.02859999999999996
2025-03-20,7.1754,0.005700000000000038,0.0007946964886940494,1.778,1.935,1.778,-0.07800000000000007,0.15700000000000003
2025-03-21,7.176,0.000600000000000378,8.361553581538888e-05,1.754,1.9586,1.754,-0.02400000000000002,0.2045999999999999
2025-03-24,7.178,0.0019999999999997797,0.0002786679689205477,1.745,1.943,1.745,-0.008999999999999897,0.19799999999999995
2025-03-25,7.1788,0.0007999999999999119,0.00011144544756872797,1.815,1.9138,1.815,0.06999999999999984,0.0988
2025-03-26,7.1754,-0.0034000000000000696,-0.0004737289523045667,1.9,1.9729,1.9,0.08499999999999996,0.07290000000000019
2025-03-27,7.1763,0.000900000000000567,0.00012542068203503948,2.004,2.0289,2.004,0.10400000000000009,0.024900000000000144
2025-03-28,7.1752,-0.001100000000000101,-0.00015329408105826275,1.936,2.1028,1.936,-0.06800000000000006,0.16679999999999984
2025-03-31,7.1782,0.0030000000000001137,0.00041801943005629716,2.023,2.1818,2.023,0.08700000000000019,0.15879999999999983
2025-04-01,7.1775,-0.000700000000000145,-9.75222386306733e-05,1.807,2.2652,1.807,-0.2160000000000002,0.45820000000000016
2025-04-02,7.1793,0.0017999999999993577,0.00025075225808413173,1.805,2.2058,1.805,-0.0020000000000000018,0.40080000000000005
2025-04-03,7.1889,0.009600000000000719,0.0013362844933290873,1.689,2.126,1.689,-0.11599999999999988,0.43699999999999983
2025-04-07,7.198,0.009100000000000108,0.001265039892343806,1.694,2.0084,1.694,0.004999999999999893,0.3144
2025-04-08,7.2038,0.005799999999999805,0.0008054549172417225,1.725,1.9121,1.725,0.03100000000000014,0.18709999999999982
2025-04-09,7.2066,0.0027999999999996916,0.00038860823228184185,1.703,1.8454,1.703,-0.02200000000000002,0.14239999999999986
2025-04-10,7.2092,0.0026000000000001577,0.00036071533015052964,1.681,1.8252,1.681,-0.02200000000000002,0.14419999999999988
2025-04-11,7.2087,-0.0004999999999997229,-6.93582283411588e-05,1.619,1.7982,1.619,-0.062000000000000055,0.17920000000000003
2025-04-14,7.211,0.0022999999999999687,0.0003190080264506292,1.665,1.7828,1.665,0.04600000000000004,0.1177999999999999
2025-04-15,7.2096,-0.00140000000000029,-0.00019416667883422357,1.695,1.776,1.695,0.030000000000000027,0.08099999999999996
2025-04-16,7.2133,0.0037000000000002586,0.0005130729716168662,1.696,1.7507,1.696,0.0009999999999998899,0.05469999999999997
2025-04-17,7.2085,-0.0048000000000003595,-0.000665658957583791,1.652,1.7348,1.652,-0.04400000000000004,0.08279999999999998
2025-04-18,7.2069,-0.0015999999999998238,-0.0002219848226993225,1.654,1.7274,1.654,0.0020000000000000018,0.07340000000000013
2025-04-21,7.2055,-0.00140000000000029,-0.00019427715084281637,1.68,1.7273,1.68,0.026000000000000023,0.04730000000000012
2025-04-22,7.2074,0.0019000000000000128,0.0002636527015391348,1.67,1.725,1.67,-0.010000000000000009,0.05500000000000016
2025-04-23,7.2116,0.0041999999999999815,0.0005825646880898623,1.644,1.7243,1.644,-0.026000000000000023,0.08030000000000004
2025-04-24,7.2098,-0.0017999999999993577,-0.0002496290248306293,1.69,1.7163,1.69,0.04600000000000004,0.02629999999999999
2025-04-25,7.2066,-0.0032000000000005357,-0.0004439388547148566,1.638,1.7292,1.638,-0.052000000000000046,0.09120000000000017
2025-04-27,7.2066,0.0,0.0,1.641,1.7146,1.641,0.0030000000000001137,0.07359999999999989
2025-04-28,7.2043,-0.0022999999999999687,-0.00031920282834921305,1.723,1.7143,1.723,0.08200000000000007,-0.008700000000000152
2025-04-29,7.2029,-0.00140000000000029,-0.00019434727142079712,1.748,1.7303,1.748,0.02499999999999991,-0.01770000000000005
2025-04-30,7.2014,-0.0015000000000000568,-0.00020827114200926166,1.762,1.7544,1.762,0.014000000000000012,-0.007600000000000051
2025-05-06,7.2008,-0.0005999999999994898,-8.332060384475592e-05,1.707,1.7726,1.707,-0.05499999999999994,0.06559999999999988
2025-05-07,7.2005,-0.000300000000000189,-4.1662905438196135e-05,1.661,1.7851,1.661,-0.04600000000000004,0.12409999999999988
2025-05-08,7.2073,0.006800000000000139,0.0009439332174107263,1.594,1.7773,1.594,-0.06699999999999995,0.18330000000000002
2025-05-09,7.2095,0.002200000000000202,0.00030519949185352376,1.519,1.7445,1.519,-0.07500000000000018,0.22550000000000003
2025-05-12,7.2066,-0.0029000000000003467,-0.00040232795820208453,1.496,1.6949,1.496,-0.02299999999999991,0.19890000000000008
2025-05-13,7.1991,-0.007500000000000284,-0.001041254597504097,1.49,1.6385,1.49,-0.006000000000000005,0.14850000000000008
2025-05-14,7.1956,-0.0034999999999998366,-0.0004862901024644149,1.501,1.596,1.501,0.010999999999999899,0.0950000000000002
2025-05-15,7.1963,0.000700000000000145,9.727694057795842e-05,1.497,1.5662,1.497,-0.0039999999999997815,0.06919999999999993
2025-05-16,7.1938,-0.0024999999999995026,-0.00034746110522528603,1.545,1.5493,1.545,0.04799999999999982,0.0042999999999999705
2025-05-19,7.1916,-0.002200000000000202,-0.000305865671743803,1.562,1.5632,1.562,0.017000000000000126,0.0011999999999998678
2025-05-20,7.1931,0.0015000000000000568,0.00020855492369481138,1.556,1.5832,1.556,-0.006000000000000005,0.02719999999999989
2025-05-21,7.1937,0.0005999999999994898,8.340979235798673e-05,1.549,1.5941,1.549,-0.007000000000000117,0.04510000000000014
2025-05-22,7.1903,-0.0034000000000000696,-0.00047274750602364137,1.523,1.6,1.523,-0.026000000000000023,0.07700000000000018
2025-05-23,7.1919,0.001600000000000712,0.00022249725446743583,1.552,1.6026,1.552,0.029000000000000137,0.05059999999999998
2025-05-26,7.1833,-0.008600000000000385,-0.0011965052348486217,1.579,1.6051,1.579,0.026999999999999913,0.026100000000000012
2025-05-27,7.1876,0.0042999999999997485,0.000598431570510817,1.598,1.6225,1.598,0.019000000000000128,0.024499999999999966
2025-05-28,7.1894,0.0018000000000002458,0.0002503999456638772,1.578,1.6398,1.578,-0.020000000000000018,0.061799999999999855
2025-05-29,7.1907,0.0012999999999996348,0.00018080541909176688,1.602,1.6606,1.602,0.02400000000000002,0.058599999999999985
2025-05-30,7.1848,-0.005899999999999572,-0.0008208410603144018,1.617,1.6921,1.617,0.014999999999999902,0.07509999999999994
2025-06-03,7.1869,0.0020999999999995467,0.00029224100349235684,1.515,1.703,1.515,-0.10200000000000009,0.18800000000000017
2025-06-04,7.1886,0.001700000000000479,0.0002365135136761104,1.543,1.676,1.543,0.028000000000000025,0.133
2025-06-05,7.1865,-0.002100000000000435,-0.0002921718826219531,1.534,1.651,1.534,-0.008999999999999897,0.11699999999999999
2025-06-06,7.1845,-0.0019999999999997797,-0.0002783383220251801,1.5,1.6244,1.5,-0.03400000000000003,0.12440000000000007
2025-06-09,7.1855,0.001000000000000334,0.0001391788450402288,1.497,1.5898,1.497,-0.0029999999999998916,0.0928
2025-06-10,7.184,-0.0015000000000000568,-0.00020877553226601058,1.496,1.5626,1.496,-0.001000000000000112,0.06659999999999999
2025-06-11,7.1815,-0.002500000000000391,-0.00034805611015821097,1.502,1.554,1.502,0.006000000000000005,0.052000000000000046
2025-06-12,7.1803,-0.0011999999999998678,-0.0001671099726764727,1.521,1.5528,1.521,0.018999999999999906,0.03180000000000005
2025-06-13,7.1772,-0.0030999999999998806,-0.0004318300606892634,1.508,1.5577,1.508,-0.0129999999999999,0.04970000000000008
2025-06-16,7.1789,0.0016999999999995907,0.00023683312430884876,1.51,1.5643,1.51,0.0020000000000000018,0.054300000000000015
2025-06-17,7.1746,-0.0042999999999997485,-0.00059915701795908,1.508,1.5664,1.508,-0.0020000000000000018,0.05840000000000001
2025-06-18,7.1761,0.0015000000000000568,0.0002090490366969094,1.505,1.5665,1.505,-0.0030000000000001137,0.06150000000000011
2025-06-19,7.1729,-0.0031999999999996476,-0.00044602412057276493,1.524,1.5698,1.524,0.019000000000000128,0.04580000000000006
2025-06-20,7.1695,-0.0034000000000000696,-0.00047411870589166315,1.529,1.5759,1.529,0.004999999999999893,0.046900000000000164
2025-06-23,7.171,0.0015000000000000568,0.00020919772748108096,1.497,1.5788,1.497,-0.031999999999999806,0.08179999999999987
2025-06-24,7.1656,-0.005399999999999849,-0.0007533167215892724,1.629,1.5777,1.629,0.1319999999999999,-0.0512999999999999
2025-06-25,7.1668,0.0011999999999998678,0.00016745276475725818,1.671,1.6407,1.671,0.04200000000000004,-0.030299999999999994
2025-06-26,7.162,-0.0048000000000003595,-0.0006699793673649338,1.67,1.703,1.67,-0.001000000000000112,0.03300000000000014
2025-06-27,7.1627,0.000700000000000145,9.773328594079713e-05,1.668,1.7704,1.668,-0.0020000000000000018,0.10240000000000005
2025-06-30,7.1586,-0.004100000000000215,-0.0005725737345090819,1.763,1.8329,1.763,0.09499999999999997,0.06990000000000007
2025-07-01,7.1534,-0.005199999999999427,-0.0007266629721655587,1.53,1.9142,1.53,-0.23299999999999987,0.3841999999999999
2025-07-02,7.1546,0.0011999999999998678,0.0001677383286011926,1.497,1.8554,1.497,-0.03299999999999992,0.35839999999999983
2025-07-03,7.1523,-0.0022999999999999687,-0.00032152318389224246,1.456,1.7853,1.456,-0.04100000000000015,0.32930000000000015
2025-07-04,7.1535,0.0011999999999998678,0.00016776412403571834,1.423,1.7006,1.423,-0.03299999999999992,0.27759999999999985
2025-07-07,7.1506,-0.0029000000000003467,-0.00040547815517699053,1.458,1.617,1.458,0.03499999999999992,0.15900000000000003
2025-07-08,7.1534,0.00280000000000058,0.00039149888643237596,1.455,1.532,1.455,-0.0029999999999998916,0.07699999999999996
2025-07-09,7.1541,0.0006999999999992568,9.785077764210431e-05,1.464,1.5132,1.464,0.008999999999999897,0.04920000000000013
2025-07-10,7.151,-0.0030999999999998806,-0.000433411866890421,1.474,1.5029,1.474,0.010000000000000009,0.028899999999999926
2025-07-11,7.1475,-0.0034999999999998366,-0.0004895618519290245,1.475,1.5052,1.475,0.001000000000000112,0.030200000000000005
2025-07-14,7.1491,0.0015999999999998238,0.00022382944289969195,1.515,1.5085,1.515,0.039999999999999813,-0.00649999999999995
2025-07-15,7.1498,0.000700000000000145,9.790962949017827e-05,1.546,1.518,1.546,0.03100000000000014,-0.028000000000000025
2025-07-16,7.1526,0.0027999999999996916,0.00039154268315399994,1.504,1.5367,1.504,-0.04200000000000004,0.03269999999999995
2025-07-17,7.1461,-0.00649999999999995,-0.0009091736238594806,1.504,1.5401,1.504,0.0,0.03610000000000002
2025-07-18,7.1498,0.0037000000000002586,0.0005176309407054603,1.494,1.5412,1.494,-0.010000000000000009,0.04719999999999991
2025-07-21,7.1522,0.0023999999999997357,0.0003356173993187123,1.477,1.5377,1.477,-0.016999999999999904,0.060699999999999976
2025-07-22,7.146,-0.006199999999999761,-0.000867242084820374,1.462,1.5272,1.462,-0.015000000000000124,0.06519999999999992
2025-07-23,7.1414,-0.0045999999999999375,-0.0006439240392156582,1.463,1.5081,1.463,0.001000000000000112,0.04509999999999992
2025-07-24,7.1385,-0.0029000000000003467,-0.0004061653148647023,1.545,1.5032,1.545,0.08199999999999985,-0.04179999999999984
2025-07-25,7.1419,0.0034000000000000696,0.00047617714689289324,1.62,1.5227,1.62,0.07500000000000018,-0.09730000000000016
2025-07-28,7.1467,0.0048000000000003595,0.0006718643086881638,1.596,1.5665,1.596,-0.02400000000000002,-0.02950000000000008
2025-07-29,7.1511,0.004399999999999515,0.0006154793239376152,1.545,1.5911,1.545,-0.051000000000000156,0.04610000000000003
2025-07-30,7.1441,-0.006999999999999673,-0.0009793497900680232,1.501,1.6117,1.501,-0.04400000000000004,0.11070000000000002
2025-07-31,7.1494,0.005300000000000082,0.0007415958642601015,1.497,1.6276,1.497,-0.0039999999999997815,0.13059999999999983
2025-08-01,7.1496,0.00020000000000042206,2.7973984196539616e-05,1.446,1.62,1.446,-0.051000000000000156,0.17400000000000015
2025-08-04,7.1395,-0.010100000000000442,-0.0014136651968323242,1.436,1.5768,1.436,-0.010000000000000009,0.14080000000000004
2025-08-05,7.1366,-0.0029000000000003467,-0.00040627342760126886,1.432,1.545,1.432,-0.0040000000000000036,0.11299999999999999
2025-08-06,7.1409,0.004300000000000637,0.0006023463673629156,1.442,1.5159,1.442,0.010000000000000009,0.07390000000000008
2025-08-07,7.1345,-0.006400000000000183,-0.0008966474394815633,1.434,1.4916,1.434,-0.008000000000000007,0.057600000000000096
2025-08-08,7.1382,0.0037000000000002586,0.0005184723399054029,1.4356,1.4761,1.4356,0.0016000000000000458,0.04049999999999998
2025-08-11,7.1405,0.0022999999999999687,0.0003221581824524849,1.432,1.4692,1.432,-0.0036000000000000476,0.03720000000000012
2025-08-12,7.1418,0.0012999999999996348,0.00018204350890125724,1.433,1.4645,1.433,0.001000000000000112,0.03149999999999986
2025-08-13,7.135,-0.006800000000000139,-0.0009525944909522948,1.434,1.4637,1.434,0.0009999999999998899,0.02970000000000006
2025-08-14,7.1337,-0.0012999999999996348,-0.00018221702097551647,1.426,1.4642,1.426,-0.008000000000000007,0.03820000000000001
2025-08-15,7.1371,0.0034000000000000696,0.00047649747236741264,1.465,1.464,1.465,0.039000000000000146,-0.001000000000000112
2025-08-18,7.1322,-0.0049000000000001265,-0.000686789147695102,1.483,1.4708,1.483,0.018000000000000016,-0.012199999999999989
2025-08-19,7.1359,0.0037000000000002586,0.0005186394941074728,1.517,1.4811,1.517,0.03399999999999981,-0.03589999999999982
2025-08-20,7.1384,0.0024999999999995026,0.0003502798772004158,1.534,1.5027,1.534,0.017000000000000126,-0.031300000000000106
2025-08-21,7.1287,-0.009699999999999598,-0.0013597719921486298,1.495,1.5253,1.495,-0.038999999999999924,0.030299999999999994
2025-08-22,7.1321,0.0034000000000000696,0.00047683160333519326,1.463,1.5354,1.463,-0.03200000000000003,0.07240000000000002
2025-08-25,7.1161,-0.016000000000000014,-0.002245898671469182,1.484,1.5301,1.484,0.020999999999999908,0.04610000000000003
2025-08-26,7.1188,0.0026999999999999247,0.0003793493501716351,1.467,1.5301,1.467,-0.016999999999999904,0.06309999999999993
2025-08-27,7.1108,-0.008000000000000007,-0.0011244168273002102,1.491,1.5301,1.491,0.02400000000000002,0.03909999999999991
2025-08-28,7.1063,-0.0045000000000001705,-0.000633040514630709,1.526,1.5301,1.526,0.03499999999999992,0.0040999999999999925
2025-08-29,7.103,-0.0033000000000003027,-0.0004644845360898571,1.51,1.5301,1.51,-0.016000000000000014,0.020100000000000007
2025-09-01,7.1072,0.0041999999999999815,0.000591124702298395,1.438,1.5301,1.438,-0.07200000000000006,0.09210000000000007
2025-09-02,7.1089,0.001700000000000479,0.00023916545439375638,1.431,1.5301,1.431,-0.006999999999999895,0.09909999999999997
2025-09-03,7.1108,0.0019000000000000128,0.0002672348940282827,1.433,1.5301,1.433,0.0020000000000000018,0.09709999999999996
2025-09-04,7.1052,-0.005600000000000271,-0.0007878447227996477,1.437,1.5301,1.437,0.0040000000000000036,0.09309999999999996
2025-09-05,7.1064,0.0011999999999998678,0.000168876129760342,1.427,1.5301,1.427,-0.010000000000000009,0.10309999999999997
2025-09-08,7.1029,-0.0034999999999998366,-0.0004926351151406343,1.438,1.5301,1.438,0.010999999999999899,0.09210000000000007
2025-09-09,7.1008,-0.002100000000000435,-0.0002956976020757901,1.467,1.5301,1.467,0.029000000000000137,0.06309999999999993
2025-09-10,7.1062,0.0054000000000007375,0.0007601886760117605,1.449,1.5301,1.449,-0.018000000000000016,0.08109999999999995
2025-09-11,7.1034,-0.00280000000000058,-0.0003940997686409762,1.466,1.5301,1.466,0.016999999999999904,0.06410000000000005
2025-09-12,7.1019,-0.0015000000000000568,-0.00021118878243684658,1.46,1.5301,1.46,-0.006000000000000005,0.07010000000000005
2025-09-15,7.1056,0.0037000000000002586,0.0005208516746292622,1.47,1.5301,1.47,0.010000000000000009,0.06010000000000004
2025-09-16,7.1027,-0.0029000000000003467,-0.0004082121070459957,1.475,1.5301,1.475,0.0050000000000001155,0.05509999999999993
2025-09-17,7.1013,-0.0013999999999994017,-0.00019712757033689553,1.519,1.5301,1.519,0.04399999999999982,0.01110000000000011
2025-09-18,7.1085,0.007200000000000095,0.0010133852152978808,1.528,1.5301,1.528,0.009000000000000119,0.0020999999999999908
2025-09-19,7.1128,0.0042999999999997485,0.0006047267311765894,1.488,1.5301,1.488,-0.040000000000000036,0.042100000000000026
2025-09-22,7.1106,-0.002200000000000202,-0.0003093493844712916,1.466,1.5301,1.466,-0.02200000000000002,0.06410000000000005
2025-09-23,7.1057,-0.0049000000000001265,-0.0006893495767592478,1.462,1.5301,1.462,-0.0040000000000000036,0.06810000000000005
2025-09-24,7.1077,0.002000000000000668,0.0002814245730368845,1.59,1.5301,1.59,0.1280000000000001,-0.059900000000000064
2025-09-25,7.1118,0.004099999999999326,0.0005766728947742692,1.584,1.5301,1.584,-0.006000000000000005,-0.05390000000000006
2025-09-26,7.1152,0.0034000000000000696,0.0004779644429223494,1.501,1.5301,1.501,-0.08300000000000018,0.029100000000000126
2025-09-28,7.1152,0.0,0.0,1.497,1.5301,1.497,-0.0039999999999997815,0.03309999999999991
2025-09-29,7.1089,-0.006299999999999528,-0.0008858206019299267,1.523,1.5301,1.523,0.0259999999999998,0.007100000000000106
2025-09-30,7.1055,-0.0034000000000000696,-0.0004783881225858873,1.405,1.5301,1.405,-0.11799999999999988,0.1251
2025-10-09,7.1102,0.004699999999999704,0.0006612407649642387,1.495,1.5301,1.495,0.09000000000000008,0.03509999999999991
2025-10-10,7.1048,-0.005399999999999849,-0.000759760852586195,1.451,1.5301,1.451,-0.04400000000000004,0.07909999999999995
2025-10-11,7.1048,0.0,0.0,1.403,1.5301,1.403,-0.04800000000000004,0.1271
2025-10-13,7.1007,-0.004100000000000215,-0.0005772412254191702,1.447,1.5301,1.447,0.04400000000000004,0.08309999999999995
2025-10-14,7.1021,0.00140000000000029,0.0001971442257209914,1.423,1.5301,1.423,-0.02400000000000002,0.10709999999999997
2025-10-15,7.0995,-0.0026000000000001577,-0.0003661559301837468,1.414,1.5301,1.414,-0.009000000000000119,0.11610000000000009
2025-10-16,7.0968,-0.0026999999999999247,-0.0003803808080352262,1.419,1.5301,1.419,0.0050000000000001155,0.11109999999999998
2025-10-17,7.0949,-0.0019000000000000128,-0.00026776214426071053,1.415,1.5301,1.415,-0.0040000000000000036,0.11509999999999998
2025-10-20,7.0973,0.0023999999999997357,0.0003382139517308515,1.418,1.5301,1.418,0.0029999999999998916,0.11210000000000009
2025-10-21,7.093,-0.0042999999999997485,-0.0006060478117606546,1.426,1.5301,1.426,0.008000000000000007,0.10410000000000008
2025-10-22,7.0954,0.0023999999999997357,0.0003383045336880169,1.422,1.5301,1.422,-0.0040000000000000036,0.10810000000000008
2025-10-23,7.0918,-0.0035999999999996035,-0.0005074997289481669,1.417,1.5301,1.417,-0.004999999999999893,0.11309999999999998
2025-10-24,7.0928,0.001000000000000334,0.00014099798396239043,1.414,1.5301,1.414,-0.0030000000000001137,0.11610000000000009
2025-10-27,7.0881,-0.004700000000000593,-0.0006628634532497304,1.542,1.5301,1.542,0.1280000000000001,-0.011900000000000022
2025-10-28,7.0856,-0.0024999999999995026,-0.0003527660421661247,1.53,1.5301,1.53,-0.01200000000000001,9.999999999998899e-05
2025-10-29,7.0843,-0.001300000000000523,-0.0001834875339484471,1.512,1.5301,1.512,-0.018000000000000016,0.018100000000000005
2025-10-30,7.0864,0.002100000000000435,0.0002963862075088691,1.484,1.5301,1.484,-0.028000000000000025,0.04610000000000003
2025-10-31,7.088,0.0015999999999998238,0.0002257591159830916,1.439,1.5301,1.439,-0.04499999999999993,0.09109999999999996
2025-11-03,7.0867,-0.0012999999999996348,-0.00018342539928806423,1.412,1.5301,1.412,-0.027000000000000135,0.1181000000000001
2025-11-04,7.0885,0.0017999999999993577,0.0002539646720573542,1.415,1.5301,1.415,0.0030000000000001137,0.11509999999999998
2025-11-05,7.0901,0.0015999999999998238,0.00022569224137655757,1.423,1.5301,1.423,0.008000000000000007,0.10709999999999997
2025-11-06,7.0865,-0.0035999999999996035,-0.0005078791921027903,1.421,1.5301,1.421,-0.0020000000000000018,0.10909999999999997
2025-11-07,7.0836,-0.0029000000000003467,-0.0004093125723161587,1.422,1.5301,1.422,0.0009999999999998899,0.10810000000000008
2025-11-10,7.0856,0.002000000000000668,0.0002823024607294071,1.478,1.5301,1.478,0.05600000000000005,0.052100000000000035
2025-11-11,7.0866,0.0009999999999994458,0.00014112135048331137,1.501,1.5301,1.501,0.02299999999999991,0.029100000000000126
2025-11-12,7.0833,-0.0032999999999994145,-0.00046577605482892574,1.474,1.5301,1.474,-0.026999999999999913,0.05610000000000004
2025-11-13,7.0865,0.0031999999999996476,0.00045166481593238384,1.474,1.5301,1.474,0.0,0.05610000000000004
2025-11-14,7.0825,-0.004000000000000448,-0.0005646129022885021,1.468,1.5301,1.468,-0.006000000000000005,0.062100000000000044
2025-11-17,7.0816,-0.0008999999999996788,-0.00012708184794104705,1.514,1.5301,1.514,0.04600000000000004,0.016100000000000003
2025-11-18,7.0856,0.004000000000000448,0.000564684638642863,1.518,1.5301,1.518,0.0040000000000000036,0.0121
2025-11-19,7.0872,0.0015999999999998238,0.00022578460244931594,1.487,1.5301,1.487,-0.030999999999999917,0.043099999999999916
2025-11-20,7.0905,0.0032999999999994145,0.0004655198035780817,1.46,1.5301,1.46,-0.027000000000000135,0.07010000000000005
2025-11-21,7.0875,-0.0029999999999992255,-0.00042319086539316137,1.417,1.5301,1.417,-0.04299999999999993,0.11309999999999998
2025-11-24,7.0847,-0.00280000000000058,-0.00039513978583873363,1.447,1.5301,1.447,0.030000000000000027,0.08309999999999995
2025-11-25,7.0826,-0.0020999999999995467,-0.00029645733701975615,1.433,1.5301,1.433,-0.014000000000000012,0.09709999999999996
2025-11-26,7.0796,-0.0030000000000001137,-0.00042366299655038426,1.453,1.5301,1.453,0.020000000000000018,0.07709999999999995
2025-11-27,7.0779,-0.001700000000000479,-0.00024015539582146014,1.425,1.5301,1.425,-0.028000000000000025,0.10509999999999997
2025-11-28,7.0789,0.001000000000000334,0.0001412748646110574,1.437,1.5301,1.437,0.01200000000000001,0.09309999999999996
