text,label
人民币汇率有贬有升、双向波动。,1
一是更加聚焦自主创新能力。,0
大型商业银行改革继续深化。,0
房地产价格持续上涨，特别是商品住房价格上涨偏快。,0
第三，社会化中介服务不足。,0
有研究发现，劳动年龄人口增长趋缓后劳动力价格刚性的上升、全球大宗商品价格大幅下行以及国内较为突出的产能过剩矛盾等，可以较好解释当时 PPI 长期负增长以及 PPI 与 CPI缺口明显扩大等现象，相比而言这期间需求变化的影响和冲击并不很强。,1
生产价格季度降幅扩大。,1
债券发行利率总体回落。,1
二是消费稳步改善。,0
三是多元化创新品种不断丰富。,0
体系也需进一步完善。,0
二是企业债券融资活跃，拉动直接融资占比创历史最高水平。,0
短期看，全球经济存在诸多不确定性，面临一定的下行风险。,1
3月综合物价指数（HICP）为-0.1%，降幅继续收窄。,1
展望2023年，我国经济运行有望总体回升，经济循环将更为顺畅。,0
比如说，盘活低效占用的金融资源，虽然不体现为贷款增量，但使用金融资源的主体效率提高，能为经济高质量发展注入新动力。,0
在债券中引入分层设计，区别债券不同等级的风险。,1
2017年上半年，中国经济总体运行平稳，供给侧结构性改革深入推进，转型升级步伐加快，经济发展的稳定性、协调性和可持续性增强。,0
大型商业银行改革进一步推进。,0
一是保持流动性合理充裕，为高质量发展和供给侧结构性改革营造适宜的货币金融环境。,0
2020年面对新冠肺炎疫情的严重冲击，我国是全球唯一实现经济正增长的主要经济体，也是少数实施正常货币政策的主要经济体，走出了一波独立行情。,1
（一）消费拉动作用增强消费拉动作用增强，新兴业态消费增长较快。,0
汽车产业发展迅速。,0
随着债券市场的发展，债券交易系统和登记托管结算系统需要进一步升级改造。,0
钢铁行业应化挑战为机遇，以供给侧结构性改革为契机，加大结构调整和转型升级力度。,0
部分新兴市场经济体面临较大的经济下行压力，经济脆弱性凸显。,1
第三季度，印度、马来西亚、泰国、越南等国相继采取加息和提高存款准备金率等措施，抑制国内通胀压力。,1
中国人民银行积极探索发挥信贷政策的结构引导作用，支持经济结构调整和转型升级。,0
全球长期利率走势先升后降，下降的幅度略大于短期利率。,1
新兴市场经济体仍维持强劲的增长势头。,0
套利交易资金流入大宗商品市场，使得大宗商品市场金融性交易比重越来越大，商品价格甚至一定程度上脱离实际需求因素，增大了全球通胀压力。,1
此次欧洲主权债务危机也与西方国家政府支出过度膨胀有关。,1
随着通胀居高不下和经济前景走弱，第三季度美欧主要股指继续承压，前期表现良好的科技股跌幅明显。,1
债券市场指数小幅上行。,0
投资规模持续扩大，高技术产业投资增长较快。,0
展望未来，家电行业是我国稳增长、促消费的重要引擎，将继续向品质化、国际化加速转型。,0
银行间债券市场指数小幅上行。,0
近年来，中国证监会支持和引导上市公司不断改善经营效率和盈利能力，综合运用分红、回购、大股东增持等手段回报投资者，推动上市公司投资价值合理反映公司质量，起到助力市场稳定、提振投资者信心的作用。,0
农业现代化是国家现代化的基础和支撑。,0
"当前全球经济增长显著放缓,未来面临较大的下行风险，将直接影响中国的出口以及贸易部门的投资。",1
国民经济有望持续好转。,0
球价值链中低端，自主创新能力亟待加强。,1
另一方面，贸易摩擦和主要经济体货币政策的变化也可能对全球经济产生向下压力，对外需形成冲击。,1
二是容易鼓励金融机构的冒险行为，过度加杠杆，加大金融体系脆弱性。,1
支持房地产市场平稳健康发展。,0
贷款投向总体符合信贷政策导向。,0
美元指数宽幅震荡、一度连创20年新高，11月后又连续下跌，主要非美货币也屡创20年低位。,1
居民消费价格继续低位增长。,1
个人住房贷款余额增幅持续下降。,0
2004年上半年，全球经济复苏和增长势头加强，经济形势不断好转的区域由美国和东亚扩展到日本、欧元区和南美。,0
资金实力明显增强。,0
货币市场基金作为新兴的货币市场机构投资人， 对货币市场发展的影响值得进一步关注。,0
近年来，随着能源、环境、交通等约束进一步收紧，节能环保低碳和发展绿色制造已成大势所趋。,0
6月至8月是港股分红季，上市公司大部分分红资金需购汇解决。,0
同时，进一步优化金融资源配置，改善和优化融资结构和信贷结构。,0
随着节后消费需求相对减弱和天气回暖，食品类价格3月份有所回落。,1
四是资产规模不断扩大，支农资金实力有所增强。,0
内需对经济的拉动不断上升，新兴产业蓬勃发展，传统产业转型升级态势良好，经济结构继续优化，就业形势保持稳定。,0
二是出口产品升级换代，特别是机电产品进一步打开国际市场。,0
引资结构持续优化。,0
同时，受能源、食品价格大幅走高影响，欧元区通胀压力持续上升。,0
提供安全、便捷、高效支付结算服务。,0
继续深化外汇管理体制改革，支持对外贸易健康发展。,0
七是健全金融风险预防、预警、处置、问责制度体系。,1
配合其他经济结构调整政策，进一步发挥汇率在实现总量平衡、 结构调整和经济发展战略转型中的作用。,0
国际金融危机以来全球经济趋于再平衡，经济正在经历一个相对放缓、自我调整的过程。,1
固定资产投资增速回升。,0
金融机构资本充足率越低、 不良贷款比率越高，适用的存款准备金率就越高；反之，金融机构资本充足率越高、不良贷款比率越低，适用的存款准备金率就越低。,1
（四）股票市场指数震荡下行，成交量有所减少股票市场指数震荡下行。,1
失业率仍处于8.9%的高水平。,0
二是农村信用社资金实力显著增强，涉农信贷投放大幅增加。,0
通过银行负债端的存款统计可以体现出“钱在哪”。,1
国际金融危机促使国际社会更加关注金融周期变化，各国央行也认识到只关一调控框架存在着明显缺陷，难以有效应对系统性金融风险，在一定程度上还可能纵容资产泡沫，积聚金融风险。,1
一方面，新能源技术还不成熟，绿色低碳转型面临较大压力。,1
此外，美元和初级产品价格走势、国内资源价格调整等也都增加了价格变化的不确定性，总体看价格稳定的潜在风险有所加大。,1
必须加大结构改革力度，尽快在平衡增长的治本方面取得新进展、新突破。,0
调结构、促改革和防风险方面的作用。,1
外需疲弱，出口增速回落。,1
持续深化开发性、政策性金融机构改革。,0
票据融资余额快速增长，票据市场利率震荡下行。,1
应该认识到，光伏产业遇到的问题和困难，既是产业发展面临的挑战，也是促进转型升级的契机，应坚定信心，抓住全球大力发展新能源的战略机遇，在发展中解决问题。,0
从国内看，作为发展中大国，中国经济增长的潜力巨大，新型城镇化、服务业、高端制造业以及消费升级有很大的发展空间，经济韧性好、潜力足、回旋空间大的特质没有改变。,0
持续深化开发性、政策性金融机构改革。,0
在总量调控的同时，存款准备金制度也在动态革新，进一步增强宏观调控效果。,0
主要原因，一是土地使用结构不合理，住宅用地比例偏低。,1
完善养老金融顶层设计。,0
推动科技创新和技术改造再贷款落地生效，激励引导金融机构向科技型中小企业以及重点领域的数字化、智能化、高端化、绿色化技术改造和设备更新项目提供信贷支持。,0
配合有关部门加强对地方政府性债务清理处置，着力防控债务风险。,1
（一）消费逐步改善，投资持续恢复，进出口快速增长居民收入稳定增长，消费意愿有所改善。,0
从人民币贷款期限分布看，中长期贷款增长加快，短期贷款增长放缓。,1
由于汽车、电子产业链遭到严重破坏，震后日本出口骤减，5月份贸易赤字高达8537亿日元，仅低于2009年月时的危机期间水平。,1
下一步，宜按照《“十四五”电子商务发展规划》要求，各方协同发力打通制约消费的堵点，推动行业高质量发展。,0
进一步规范商业银行代理保险业务。,0
第一季度，中国人民银行进一步加强流动性管理，灵活开展公开市场操作。,0
商业性房地产贷款余额增速继续回升。,0
投资过快增长的势头继续得到抑制，消费需求较快增长，各种价格指数平稳回落，城乡居民收入和财政收入较大幅度增加。,1
债券指数小幅下行。,1
其中，生猪产能去化和看涨预期偏强，推动猪肉价格涨幅扩大，部分地区高温降雨导致鲜菜价格超季节性上涨， 食品价格涨幅由负转正，由二季度下降2.3%转为三季度上涨2.0%。,0
推动经济高质量发展必须完善科技金融服务体系。,0
2022年，国际经济金融形势较为复杂，主要发达经济体央行快速加息，全球外汇市场波动加剧。,1
全国农产品生产价格（指农产品生产者直接出售其产品时的价格）上涨幅度高于农业生产资料价格上涨幅度， 有利于农民增收。,0
积极与地方政府、监管部门沟通协调，共同推动风险依法处置。,1
预计全球经济将继续稳步增长。,0
四是债券市场基础设施建设亟待加强。,1
三是新兴产业发展动力不断增强。,0
“进”的方面主要是服务好高质量发展。,0
进一步深化证券注册制改革。,0
10月，上证综合指数和深证成份指数分别下跌7.7%和10.9%， 股市波动受诸多因素影响，包括主要发达经济体央行加息后全球股市波动、贸易摩擦、投资者预期和情绪波动等。,1
如果理财产品的发行时间和到期时间安排不当，或者理财产品持续滚动发行出现困难，就可能引发流动性风险。,1
开展常备借贷便利（SLF）操作。,0
引导金融机构优化对先进制造业、高技术制造业的金融服务，加强产融对接合作，促进产业结构调整和优化升级。,0
在全球金融危机等多重因素冲击下，未来一段时期世界经济仍可能趋于下行，复苏尚需时日，我国经济仍将面临严峻的外部环境。,1
也要看到，经济运行仍存在一些深层次问题和突出矛盾。,1
二是希腊未达成其减赤目标。,1
三是充分运用中央银行贷款，支持春耕和农村经济发展。,0
人民币对国际主要货币汇率有贬有升，双向浮动。,1
外汇市场交易主体进一步扩展。,0
基础设施行业中长期贷款快速增长。,0
经济周期一般指经济活动水平扩张与收缩的交替波动。,1
二是 PPI 与 CPI 之间的缺口明显扩大。,1
持续稳慎推进人民币国际化，进一步扩大人民币在跨境贸易和投资中的使用，深化对外货币合作，发展离岸人民币市场。,0
2009年以来，随着宏观经济基本面的好转，财政收入同比增速基本呈现逐步回升的态势。,0
推动财产保险业积极开展风险减量服务。,1
前三个季度，农业和农村经济平稳发展，农业生产结构继续改善，优质农产品比重提高。,0
上半年，人民币对美元汇率年化波动率为3.5%。,1
银行间债券市场现券交易活跃。,0
今年二季度以来，受新冠肺炎疫情及经济下行压力的影响，企业尤其是中小微企业经营困难增多，信贷需求转弱，贷款增长一度有所放缓。,1
推动保险业服务新型城镇化发展。,0
随着经济的快速增长和一系列支持农业和粮食生产政策措施的落实到位，城乡居民收入有望进一步提高，将有助于消费需求的提高。,0
继续完善多层次资本市场体系，积极发展债券市场，着力完善股票市场，推动发展期货市场和金融衍生品市场。,0
一是深化依法行政和“放管服”改革，持续完善外汇管理政务服务工作。,0
统筹推进普惠金融、 绿色金融、科创金融、供应链金融等融合发展，完善金融支持科技创新体系，促进实现金融与科技、产业良性循环。,0
前三个季度，银行间市场国债收益率曲线整体下移，特别是第三季度平坦化下移态势尤为明显。,1
消费不足也会使供给结构产生扭曲，在经济增长过多依赖投资和出口的压力下，产业结构会形成对重化工业和制造业的依赖，不利于减少资源消耗和环境污染，实现可持续发展。,1
一旦物价得到有效控制，压力就会有所减少。,1
总体上看，超额存款准备金率持续下降是金融机构自愿选择的结果。,0
不过也要看到，当前全球货币条件总体宽松，部分重要经济体已经或可能采取量化宽松的货币政策，在这样的格局下，一旦市场信心恢复，国际商品价格还可能重拾涨势。,0
二是新开工项目过多。,1
物价有望延续温和回升态势。,0
上半年工业生产者购进价格同比下降2.4%，第二季度平均降幅为2.8%。,1
完善系统重要性金融机构监管框架。,0
四是全球通货紧缩风险依然存在。,1
2022年1月美联储表示将会很快开始加息，启动缩表将在第一次加息后，并较以往规模更大、速度更快。,1
今年以来，我国经济继续快速增长，城乡居民收入、企业利润和财政收入均有较大幅度提高，农业生产向好的方向发展，对外贸易增势强劲，利用外资保持较高水平。,0
（一）主要经济体经济状况美国经济增长逐步放缓。,1
2012年第一季度，全球经济状况有所改善，但下行风险仍未消除。,1
同时，发展外汇市场，丰富外汇产品，扩展外汇市场的广度和深度，更好地满足企业和居民的需求。,0
（四）股票市场交易量明显放大，股指大幅上涨受国民经济企稳向好、市场资金充裕及上市公司利润回升等多种因素影响，股票市场交易量明显放大，股票指数在波动中大幅上涨。,0
农村信用社资产质量显著改善。,0
中国人民银行第一季度企业家问卷调查显示，反映海外需求的出口订单指数跌幅虽有所收窄，但仍较上季下跌了5个百分点。,1
继续推进农业产业结构调整，构建农村一二三产业融合发展体系，积极培育农业绿色发展的经营与服务主体。,0
《指导意见》按照问题导向、补齐监管短板，坚持规范市场秩序与激发市场活力并重，要求非金融企业依法合规投资金融机构， 立足主业，审慎经营，隔离风险，避免盲目扩张和脱实向虚。,1
进一步健全市场利率定价自律机制，提高金融机构自主定价能力。,0
公司信用类债券发行利率下行，主体评级 AAA 的企业发行的短期融资券（债券评级 A-1）平均利率为4.96%，比上年末低0.34个百分点；7年期公司债发行利率为5.5%，比上年末低0.5个百分点。,1
欧元区继续缓慢复苏，四季度经济增长有望进一步加快。,0
欧洲主权债务危机愈演愈烈存在深层次的原因。,1
英国经济增速略有放缓，通胀压力仍存。,1
此外，进一步完善信贷政策导向效果评估工作机制，推进资产证券化，以改革创新盘活存量资金。,0
这些措施改善了农村信用社的资金和资产状况，使之服务于“三农”的功能进一步得到增强。,0
第一季度，纽约商品交易所原油期货当季平均价格环比上涨9.5%，同比上涨9.0%；布伦特原油现货当季平均价格环比上涨8.5%，同比上涨12.6%。,0
欧元利率小幅波动。,1
精准支持科技创新和制造业转型升级，持续提升科技金融服务能力、强度和水平。,0
政策性、开发性金融机构改革取得突破性进展。,0
固定资产投资增速有所企稳，基础设施投资增长较快。,0
做好新增澳门元挂牌工作。,0
三是绿色信贷保持高速增长。,0
开展常备借贷便利操作，及时注入短期流动性。,0
2010年第一季度，中国人民银行密切关注国内外经济金融形势和银行体系流动性变化，按照适度宽松的货币政策要求灵活开展公开市场操作，进一步增强流动性管理的前瞻性、科学性和有效性。,0
地方加快发展和扩大投资的热情较高，财政和金融对经济发展的支持力度较大，投资有望继续保持较快增长。,0
欧盟委员会强化对“大而不能倒”机构的监管及危机处置原则。,1
今年第一季度，新冠肺炎疫情对我国经济社会发展带来前所未有的冲击。,1
资金支持政策实施进展顺利，对支持和推进改革发挥了重要的正向激励作用。,0
美国新政府的经贸政策存在不确定性。,1
因此，挑战和机遇并存，只要抓住机遇，顺应潮流，采取相应的对策，尽快增强竞争能力，我国汽车工业将充满希望。,0
当前中国城镇化发展较快，地方财政积累尚不充裕，仅靠一般意义上的财政资金以收定支难以支撑城镇化的大额资金需求。,1
一是进一步完善成品油价格形成机制，并对油品质量升级实行优质优价政策。,0
由于希腊债务重组问题迟迟无法解决，6月13日，标普公司将希腊长期主权债评级从“B”下调至“CCC”，为全球最低。,1
在国际金融危机、全球贸易摩擦、新冠肺炎疫情全球蔓延、全球通胀和发达经济体收紧货币政策等多轮重大冲击考验中，人民币汇率均能灵活调整，并在较短时间内恢复均衡，有效发挥了抵御外部冲击的“缓冲垫”作用。,1
一是金融稳定立法工作成效显著。,0
此外，坚持点面结合，立足于风险早发现、 早处置，持续推动处置高风险农村中小银行机构，快速平息零星发生的银行网点挤兑事件。,1
同时，大额存单业务进一步发展。,0
改善和优化融资结构和信贷结构，更有力地支持经济结构调整和转型升级。,0
完善金融统计和会计制度，以更全面、更准确地反映商业银行的信用扩张和经营行为。,0
如果经济长期低迷，美国政府有较充足的财力刺激经济发展。,0
二是偏低的资源价格加剧了资源供求紧张的矛盾。,1
粮食价格回落直接驱动食品价格回落，进而驱动 CPI 下行。,1
从外部看，一是国际地缘政治局势紧张，不仅扰动全球粮食、能源供给，造成大宗商品价格大幅波动，而且导致供应链和国际贸易受阻，全球化进程面临挫折。,1
但失业率仍居高不下，通胀依然维持低位。,1
粮食种植结构调整，全国夏粮有望获得较好收成。,0
（五）大力培育和发展金融市场以加大金融产品创新为重点，进一步加强市场透明度建设，推动金融市场全面协调可持续发展。,0
财政赤字占 GDP 的比重1-3季度一直维持在4.4%左右的水平，国会预算办公室预计2005财年财政赤字将有所下降。,1
保险总资产增长减缓。,1
当前，无论从外部因素看，还是内部因素看，人民币汇率都不会单边走贬，而是会保持双向波动。,1
此外，地缘政治冲突多点爆发，风险因素和不确定性加速累积， 对经济金融的影响加大。,1
受国际大宗商品价格总体下跌影响，进口价格降幅有所扩大。,1
第一季度我国 GDP 同比增长18.3%，两年平均增长5.0%，经济运行开局良好，高质量发展取得新成效。,0
另一方面，部分经济体收紧货币政策以应对国内通胀压力，减少美联储加息带来的冲击。,1
（二）国际金融市场概况主要货币间汇率宽幅波动。,1
在固定投资过快增长的同时，消费需求略有启动。,1
但经济运行中依然存在着固定资产投资规模偏大、资源、能源约束的矛盾突出等老问题，同时还出现了部分行业利润下降、进口放缓、贸易摩擦升级等新问题。,1
主要新兴市场经济体和发展中国家（地区）经济出现复苏迹象。,0
在汇市方面，美元仍将维持强势，日元汇率将有所振荡，欧元仍将低位运行。,1
如果经济增长是建立在过度消耗资源、 降低消费及损害生活环境的基础上，则这种经济增长就是有“增长”而无“发展”。,1
四是大宗商品市场动荡。,1
受原材料价格大幅上涨的影响，工业品出厂价格同比上涨5.6%，比上年同期多涨1.9个百分点。,0
地震灾害冲击日本经济，贸易和债务情况恶化。,1
非银行金融机构脆弱性突出，流动性错配明显， 一旦金融市场剧烈波动，可能面临较大抛售压力，并向银行体系传导。,1
持续推动金融风险防范化解。,0
四是金融市场存在风险隐患。,1
日本经济稳步回升。,0
做好投保机构风险监测、识别，依法采取风险警示和早期纠正措施。,1
④农村合作金融机构包括农村商业银行、农村合作银行、农村信用社。,0
主要经济体货币政策分化，国际地缘政治不确定性增加，美元指数高位运行，非美货币普遍承压，人民币汇率在定。,1
负利率债券范围扩大，持续时间放长。,1
全国农产品生产价格（指农产品生产者直接出售其产品时的价格）上涨幅度25.5%，高于农业生产资料价格17.5%上涨幅度， 有利于农民增收。,0
稳健的货币政策要灵活适度、精准有效。,0
2023年，机械工业整体呈现回暖态势，高质量发展稳步推进。,0
全球货币市场利率继续分化，美元 Libor 略有上升，Euribor 走低。,1
在相对宽松的货币条件下，若市场信心恢复，国际商品价格就可能重拾涨势。,0
展望未来，信贷增长将与我国经济从高速增长转向高质量发展进程相适应， 更加重视总量稳、结构优。,0
组织银行业金融机构进行压力测试，及时进行风险提示，引导金融机构稳健运行。,1
国际油价持续大幅上涨增大了国内通货膨胀压力。,0
下一步，必须始终坚持党中央对金融工作的集中统一领导，牢牢站稳以人民为中心的根本立场，立足新发展阶段，贯彻新发展理念，构建新发展格局，推动高质量发展。,0
一年多来，包商银行风险处置工作有序推进，即将收官。,1
农村信用社改革取得显著成效。,0
从储蓄视角看，根据“储蓄缺口=贸易缺口”的宏观经济恒等式，全球失衡问题可以用储蓄缺口联系起来，即：美国贸易逆差 = 美国储蓄负缺口 = 其他地区储蓄缺口 = 其他地区贸易顺差。,1
由于这一事件不仅加速了美国衰退的到来，可能延长本次美国经济周期，并且有可能使本次衰退加深，从而会加大和延长美国经济不景气对我出口贸易影响的力度和时间。,1
（六）进一步完善人民币汇率形成机制，促进国际收支平衡进一步完善人民币汇率形成机制，促进国际收支平衡。,0
泡沫破灭，资产必然大幅缩水，通过财富效应导致消费和投资收缩，最终体现为经济下滑。,1
债券发行利率总体下行，发行量增加，现券交易量下降。,1
三是资金利率显著下行。,1
在经过商业化改革后，商业银行风险防范意识及风险管控能力不断增强，对于市场前景不好、库存积压较多、利润明显下滑的中小企业，可能会在贷款利率乃至放贷条件等方面提出更严的要求。,1
加强跨境资本流动监测和管理，强化真实性、合规性审核要求，运用外汇核查和检查手段遏制跨境投机套利。,1
第二季度，美国经济增长势头强劲，GDP 环比折年率大幅增长3.9%。,0
近年来，消费在拉动经济增长中的贡献度总体呈上升趋势，这得益于经济结构调整步伐加快以及居民收入和消费倾向的提高。,0
近年来，中国人民银行充分运用支农再贷款，支持“三农”和实体经济发展。,0
三是看投资消费的比例是否协调，如果这些投资（主要是固定资产投资）形成的生产能力，不能与未来的消费相匹配，就会导致产能过剩，造成资源的巨大浪费。,1
（二）工农业生产快速增长，经济效益进一步改善工业生产继续保持快速增长。,0
保险业总资产继续快速增长。,0
三是聚焦能源科技创新。,0
严格控制对“两高一剩”行业的贷款，支持对整合过剩产能的企业定向开展并购贷款，促进产能过剩矛盾化解。,1
其中，生活资料价格涨幅相对稳定，生产资料价格涨幅快速上升。,0
继续推进产品与业务创新。,0
（五）就业形势总体稳定城镇调查失业率有所回落。,1
股票市场成交量同比大幅增长。,0
二、GDP 增速普遍调高。,0
灵活搭配长中短期货币政策工具，保持银行体系流动性合理充裕。,0
拉美经济继续维持稳步增长态势。,0
新兴业态消费快速增长，休闲娱乐等服务消费需求持续增长。,0
（四）股票市场指数下跌，成交量和筹资额同比减少股票市场指数下跌。,1
进一步优化贸易外汇管理。,0
创业板的推出有利于多层次资本市场体系建设进一步完善，对于我国资本市场乃至经济社会持续健康发展都具有重要的意义。,0
改善收入分配结构，提高居民部门收入占比。,0
市场品种进一步丰富。,0
鉴于2016年初开始实施的指数熔断机制并没有达到预期效果，经证监会决定，自1月8日起上交所、深交所和中金所暂停实施指数熔断机制。,1
进一步发展消费金融。,0
受疫情影响，美国企业破产数量增加，多家著名企业已申请破产，航空业、 旅游业等行业企业面临经营压力。,1
2009年第三季度，我国国民经济运行持续向好的积极因素继续增多，经济增长持续回升，经济主体信心日益加强；农业生产形势稳定，工业生产增速稳步提升；国内需求稳步走高，投资快速增长，消费需求不断扩大，进出口降幅明显收窄。,0
强化风险源头防控和监测预警，实现风险早识别、早预警、早暴露、早处置。,1
贸易和投资保护主义风险仍需警惕，地缘政治局势不容乐观。,1
在发展消费信贷方面，与中国银行业监督管理委员会共同发布了《汽车贷款管理办法》，进一步规范汽车贷款业务管理，促进汽车贷款业务健康发展。,0
外汇市场交易主体进一步扩展。,0
国际金融危机发生后，国际金融市场受到巨大冲击，金融机构出于风险控制及增加收益的考虑将境外资产调回境内，在外汇贷款需求快速增长且外汇存款增长有限的情况下，支持了外汇贷款的发放。,1
贷款利率涵盖商业银行承担的风险、成本，是合理贷款定价的基本原则。,1
近期市场对全球经济增速放缓可能增大美国经济外部风险的忧虑加深，美联储内部也关注美元持续上涨对物价带来的下行压力，如果美国关键经济数据出现反复，市场对美联储加息时点的预期出现摇摆，国际金融市场波动可能加大。,1
指导金融机构按照“有保有控”的原则，加大对“三农”、中小企业、灾后重建等国民经济重点领域和薄弱环节的信贷支持，严格控制对高耗能、高污染和产能过剩行业企业的贷款，密切监测地方融资平台贷款可能潜藏的系统性金融风险隐患。,1
鼓励保险资金支持实体经济。,0
第三季度，进口价格涨幅低于出口价格涨幅，贸易条件有比较明显改善。,0
也有观点认为，中国经济结构调整正在取得积极进展。,0
房地产价格跌至2002年中水平，由于库存较大，未来房价仍有下行空间。,1
快速增长的货币信贷与相对缓慢的实体经济存在反差，有一定合理性，但也要防止经济波动加大的风险和不良贷款反弹风险。,1
目前，布什政府正在开始推行大规模减税计划，这也有利于增强信心和促进经济回升。,0
术制造业向高附加值环节升级，以创新驱动、高质量供给引领和创造新需求。,0
但由于货币供应量和经济相关性不断弱化，最终还是放弃了数量目标。,1
二是完善对证券公司的全方位监管体系，推动证券公司持续健康规范发展。,0
保持房地产业的持续、稳定、健康发展，对国民经济健康发展至关重要。,0
近年来，随着强农惠农富农政策力度不断加大，农业现代化建设和绿色农业发展成就显著。,0
支持跨境融资业务发展。,0
四是明确风险隔离要求，在金控公司大股东、金控公司及其附属机构以及各附属机构之间建立风险隔离机制，加强“防火墙”建设，有效防范风险跨行业、跨机构、 跨市场传染。,1
资源价格改革是建设节约型社会、实现经济可持续发展的迫切需要，也是提高货币政策有效性的迫切需要。,0
在企业财务中，流动资产包括存货、应收账款等短期资产，流动负债包括短期借款、应付账款等短期负债。,1
票据融资稳中有增，利率总体下行。,1
近年来，我国汽车行业迅速发展。,0
（一）主要经济体经济形势美国经济复苏动能增强。,0
2017年9月8日，中国人民银行宣布调整外汇风险准备金政策和对境外金融机构境内存放执行正常准备金率的政策，将外汇风险准备金征收比例降为零，并取消对境外金融机构境内存放准备金的穿透式管理。,1
（三）各种价格指数平稳回落居民消费价格指数(CPI) 同比涨幅平稳回落。,1
主要货币间汇率剧烈波动。,1
劳动力市场依然强劲。,0
四是继续推动金融市场健康发展，深化金融企业改革。,0
主要发达经济体和多数新兴市场经济体股指上行。,0
我国发展仍处于并将长期处于重要战略机遇期。,0
一是确保银行体系流动性充足。,0
不断完善银行业、证券业、保险业、金融市场风险监测。,1
过去准备金政策的调整主要采取结构性的方式，法定存款准备金率比较复杂。,1
在货币基数已经较大、传统资金密集型产业增长动力不足、一些低效经济主体占用大量资金且缺乏新经济增长点的情况下，对 M2供给的机制性放缓应有客观认识。,1
印度等亚洲新兴经济体财政赤字居高不下，为弥补资金不足， 部分国家通过资本市场吸引国际资本流入，当美联储退出QE预期升温时，资本外流导致经济下滑，财政状况陷入进一步恶化的循环。,1
中国人民银行将坚持以习近平新时代中国特色社会主义思想为指导，全面贯彻落实党的二十大、二十届二中、三中全会和中央经济工作会议精神，坚持稳中求进工作总基调，完整、准确、全面贯彻新发展理念，坚定不移走中国特色金融发展之路，进一步深化金融改革和高水平对外开放，持续推动金融高质量发展和金融强国建设，加快完善中央银行制度，进一步健全货币政策框架。,0
一是人民币汇率浮动弹性增强。,0
英国房价持续下跌，Halifax房价指数在第二季度环比下跌5.1%的基础上，第三季度继续下跌5.2%。,1
国际主要债券收益率窄幅波动。,1
通货紧缩依然严峻，3月份核心 CPI 连续第25个月同比下降。,1
虽然目前日本并未见到因资产价格上涨而引发的实质风险，但需谨慎防范潜在风险，必须汲取以往的教训。,1
改制银行的市场影响力进一步增强。,0
金融机构超额准备金率为2.0%。,0
某些行业和地区盲目投资和低水平重复建设问题相当严重。,1
从国际环境看，世界经济政治形势更加错综复杂，地缘政治风险依然较大，主要发达经济体货币政策正常化存在不确定性，贸易摩擦给未来出口形势带来较大不确定性，可能造成外需对经济的边际拉动作用减弱，还可能冲击投资者情绪，加剧金融市场波动。,1
强化功能监管和穿透式监管，同类产品适用同一标准，消除套利空间，有效遏制产品嵌套导致的风险传递。,1
影响套利交易的因素主要有利率、汇率和风险偏好等。,1
六是持之以恒做好风险防范化解。,0
一是外部货币条件宽松的影响。,0
企业商品价格（CGPI）同比下降1.3%，降幅比上季度收窄0.8个百分点。,1
一些地方财政收支矛盾突出，区域性金融风险隐患仍然存在。,1
开展常备借贷便利（SLF）操作。,0
三是实施并表管理， 关注利益冲突、风险集中、风险传染等集团特有风险。,1
企业家信心指数连续6个季度走高，创历史最高水平。,0
债券发行利率总体回落。,1
随着我国经济回升向好和世界经济企稳回升，煤炭产量和价格上升。,0
货币发行机制不是一成不变的， 会根据实际需要调整。,1
工业结构调整逐步推进，高技术产业发展态势良好，战略性新兴工业发展速度进一步加快。,0
一方面，供给不足、供求关系偏紧仍是主要发达经济体劳动力市场的主要矛盾。,1
出口企业要加强自主创新能力，不断提高产品的竞争力，同时要积极开拓市场，特别是那些成长性好、 潜力大的新兴市场。,0
持续提升小微企业金融服务水平。,0
五是有效防范系统性金融风险，维护金融体系稳定。,1
推动金融机构进一步做好农村“两权” 抵押贷款试点工作，完善配套机制。,0
刚性兑付背离资产管理业务的本质特征，不但使风险在金融体系累积，也抬高了无风险收益率水平，加剧了道德风险。,1
加大对结构调整、自主创新、兼并重组、产业转移、民族区域经济协调发展的融资支持。,0
前三个季度，GDP 为35.3万亿元，实际增长率为7.7%，GDP 缩减指数（按当年价格计算的 GDP 与按固定价格计算的 GDP 的比率）变动率为1.9%，比上年同期回落6.0个百分点， 比上半年回落0.5个百分点。,1
加强外汇监测分析与风险防范。,1
下一步，应鼓励金融机构推动融资、租赁、质押业务创新发展， 加大对工业机器人领域的金融支持。,0
一是经济发展的潜能和空间依然较大，各方面发展热情很高，仍有内在扩张的动力，东中西部经济有较大的互补和回旋余地，尤其是经过多年快速发展，人力资本持续积累、基础设施大幅改善、工业生产和配套能力也有较大提升，有利于提高生产效率、 降低交易成本。,0
“债券通”五周年平稳高效运行。,0
随着人口结构变化、经济结构调整和服务业发展加快，单位 GDP 增长对就业的吸纳能力增强，就业形势总体较好。,0
度控制对钢铁、电解铝、水泥等“过热”行业的授信总量。,1
二是涉农信贷投放大幅增加。,0
推动市场创新，丰富市场产品和层次，更好地满足投资者需求。,0
债券发行量增加，利率总体下行。,1
调查还显示，目前企业出口订单主要以小单、短单为主，未来的不确定性仍然较大， 形势不容乐观。,1
出口增速下降的主要原因包括世界主要国家经济增长放缓导致外需增长减缓，出口企业原材料和劳动力成本上升，出口退税政策调整和人民币汇率上升等。,1
继续健全市场化利率形成和传导机制，完善中央银行政策利率体系。,0
适时调整外汇风险准备金率。,1
如果欧盟国家不能及时落实已达成的共识以取信于市场，将加剧已存在的主权债务危机、银行危机和经济下滑的恶性循环。,1
一是企业债务率较高，债务负担与融资需求相互推动。,1
统筹好对绿色发展和传统能源转型的金融支持，持续推动绿色债券市场高质量发展。,0
外汇市场交易主体进一步扩展。,0
持续助力消费品以旧换新政策落地。,0
前三季度，人民币对美元汇率年化波动率为3.2%。,1
货币政策方面，部分经济体的低利率水平限制了政策利率调整空经济体财政赤字与政府债务处于高位，不利于营造未来的政策应对空间。,1
（二）债券发行利率总体下行，发行量增加债券发行利率总体下行。,1
2021年以来，俄罗斯和巴西央行分别加息4次和3次，吉尔吉斯斯坦、塔吉克斯坦、格鲁吉亚等国央行加息2次，墨西哥、土耳其、智利等国央行加息1次。,1
严格控制对高耗能、高污染行业和产能过剩行业的贷款。,1
如果国际经济金融环境和其他主要经济体货币政策调整出乎市场意料，有可能引发跨境资本流动无序流动和全球风险资产重估，冲击整体金融市场稳定。,1
改善农村金融生态， 健全农村信用体系；建立信贷登记、支付结算等比较完善的农村金融基础服务体系；根据农村金融机构的特点，加强和改进金融监管。,0
新兴市场经济体经济有所企稳，但尚面临调整与转型压力。,0
PPI和GDP缩减指数也是衡量通胀的重要辅助指标。,1
三是金融产品和服务进一步优化。,0
十一是完善资产证券化市场运行机制，统筹推进资产证券化市场发展。,0
外汇市场交易主体进一步扩展。,0
推进人民币对其他货币直接交易市场发展，更好地为跨境贸易人民币结算业务发展服务。,0
但避险情绪并未推动金融市场出现较大动荡，恐慌指数VIX距2018年高位尚有一定距离， 主要经济体股市也相对平稳。,1
房地产开发投资稳步回升。,0
资金实力显著增强。,0
国际原油价格总体先升后降。,1
金融机构超额准备金率为1.7%。,0
完成对全国4000多家银行业金融机构的压力测试，及时进行风险提示，引导金融机构稳健经营。,1
东欧一些经济体由于政府财政负担过重，金融系统脆弱，对外资吸引力下降，其经济回升势头相对缓慢。,1
抓紧补齐监管制度短板，有效控制宏观杠杆率和重点领域风险，积极化解影子银行风险，稳妥处置各类金融机构风险，全面清理整顿金融秩序，守住不发生系统性风险的底线，坚决打赢防范化解重大金融风险攻坚战。,1
此次危机的主要原因之一是有关经济体长期低储蓄高消费的发展模式难以为继，我们必须从中认真吸取教训。,1
GDP 缩减指数继续上升。,1
由于外部需求疲弱、美国货币政策带来的金融市场压力及部分新兴经济体自身等因素影响，2013年部分新兴市场经济体国际收支恶化，外汇储备减少， 财政和债务状况严峻，经济增长放缓。,1
严格控制对高耗能、高排放行业和产能过剩行业的贷款，促进产能过剩矛盾化解。,1
GDP 缩减指数略有回落。,1
（二）国际金融市场概况主要国际货币间汇率宽幅震荡。,1
服务业较快发展。,0
国际原油价格波动性增大、贸易保护主义抬头和全球经济失衡仍是影响未来全球经济增长的主要风险。,1
三是随着自主创新的政策环境不断改善，企业创新意识和动力增强，工业新产品产值同比提高3.5个百分点；重大装备自主化工作进展顺利，机械工业增加值同比增长23.9%。,0
二是通胀预期较强。,0
受疫情差异化冲击影响，价格走势分化。,1
加强银行风险监测预警，针对预警银行苗头性问题及时纠偏，推动大部分银行异常指标回归至行业正常水平，实现风险早发现、早处置。,1
推动外汇管理重点领域改革，进一步便利市场主体外汇收支。,0
工业生产基本平稳，第三产业比重进一步提高。,0
当前我国货币信贷存量较大， 增速也保持在较高水平，不宜依靠大幅扩张总量来解决结构性问题。,0
中长期贷款比重提高。,0
此外，着力推动改革和结构调整，促进经济平稳可持续发展。,0
四是通胀预期增强，对价格形成进一步的上涨压力。,0
同时，要注重发挥宏观审慎工具的作用，防范金融体系顺周期波动和由非基本面因素带来的外部冲击。,1
进口价格涨幅高于出口价格涨幅。,0
推动国家开发银行商业化转型。,0
二是涉农贷款增速继续高于各项贷款平均增速。,0
利率互换交易快速增长。,0
从结构上看，主要有四个特点：一是人民币贷款占全年社会融资规模的51.4%， 为历史最低水平，比上年低0.6个百分点。,1
三是劳动力成本上升。,1
疫情暴发以来发达经济体财政政策和货币政策刺激规模巨大，不仅增加通胀压力，而且催生资产价格泡沫，使得金融市场走势与实体经济相背离，脆弱性加大。,1
强化合规性监管，整顿和规范外汇市场秩序。,1
二是盘活存量、优化增量，支持经济结构调整和转型升级。,0
量化宽松政策推出以来，欧元区经济金融状况有所改善。,0
（一）主要经济体经济和金融市场概况经济增长放缓。,1
过去我国贷款增速长期保持在两位数以上的较高水平，与当时的发展阶段相适应，为经济发展创造了适宜的环境。,0
三是美元套利交易增大全球通胀压力。,1
GDP 缩减指数小幅回落。,1
另一方面，货币政策也需要为高质量发展营造适宜的货币条件。,0
积极稳妥化解累积的地方政府债务风险，有效规范地方政府举债融资。,1
但要看到，我国构建新发展格局的要素条件较为充足，有效需求的恢复势头日益明显，经济韧性强、 潜力大、活力足，长期向好的基本面没有改变。,0
当前经济运行中也面临不少风险和挑战，形势错综复杂。,1
土地、证券等资产价格膨胀异乎寻常地超过国民生产总值增长，形成了以“地产泡沫”、“证券泡沫”和“银行泡沫”为特点的“泡沫经济”。,1
一季度，人民币对美元汇率小幅升值。,0
欧元区经济持续复苏，日本经济稳步回升。,0
9月中旬由雷曼破产等引发的华尔街危机使16日全球股市集体重挫。,1
在 PPI 持续下行和在负值区间运行阶段，市场上曾出现关于通缩风险的担忧。,1
住房消费信贷不断扩大，个人住房贷款逐年翻番。,0
严格控制对高耗能、高排放行业和产能过剩行业的贷款。,1
生产价格降幅持续收窄并由降转升。,1
一是经济发展的潜能较大，工业化、城镇化、信息化空间还很广阔，东中西部经济有较大的互补和回旋余地，各方面加快发展的意愿很强，基本面并未发生根本变化。,0
二是农村信用社资金实力显著增强，支农服务功能明显改善。,0
人民币汇率有贬有升，双向浮动。,1
引导金融机构继续加大对“三农”、小微企业、节能环保和事关全局、带动性强的重大在建续建项目的支持力度。,0
劳动报酬快速增长，劳动力成本显著上升。,0
其中，美国经济增速预测值下调为3.3%，欧元区经济增速预测值上调为1.4%，日本经济增速预测值上调为1.0%，新兴市场和发展中经济体经济增速维持在4.3%。,0
收入分配结构持续改善。,0
与此同时，国内需求稳定恢复、国际油价等大宗商品价格上涨，带动工业品价格走升，PPI 同比涨幅扩大。,0
第四季度以来，受经济增长趋稳和下调存款准备金率等因素影响，利率有所回落。,1
下一步，中国人民银行将持续完善相关制度框架，优化工具设计，根据市场情况灵活搭配政策工具，保持流动性充裕，维护金融市场平稳，为推动经济持续回升向好营造良好的货币金融环境。,0
完善偿付能力监管体系。,0
（四）大力培育和发展金融市场继续以金融产品创新为突破口，扩大直接融资渠道，加快金融市场的基础性建设，推进金融市场的整体发展。,0
三是钢材价格四季度回升企稳，原材料价格趋于稳定。,0
但不规范的民间借贷可能会产生一些负面影响，需要加强监督和规范。,1
今年以来，国债收益率持续较快下行，6月下旬，10年期国债收益率逼近2.2%关口，创20年来新低，已明显偏离合理中枢水平，不断累积金融风险。,1
进一步完善市场机制，更加充分发挥市场在资源配置中的基础性作用。,0
引导企业树立“风险中性”的财务理念，通过外汇衍生品管理汇率风险。,1
市场预期不稳或进一步加剧市场波动，相关风险值得警惕。,1
中长期看，要通过深化改革和加快结构调整，提升我国经济增长潜力，实现可持续发展。,0
同时，主要发达经济体政策空间有限，积极的财政政策可能加剧财政赤字和国债增发， 规模庞大，利率水平整体偏低，货币政策的空间也非常有限。,1
受全球经济复苏放缓和欧元区债务危机不断蔓延等因素的影响，欧元区外围国家房地产市场仍无起色。,1
全国春耕生产进展顺利，粮食播种面积稳定增加。,0
疫情反弹加剧全球经济分化。,1
为应对国内通胀压力和资本外流风险，部分新兴经济体继续加息。,1
其中，国内增值税增长60.3%，主要是去年同期留抵退税较多、基数较低。,1
近年来，国际油价节节攀升，屡创新高。,0
（三）居民消费价格同比继续上涨居民消费价格同比涨幅有所扩大。,0
（四）股票市场持续回暖，成交量同比增加股票市场指数回升。,0
当前金融数据总体领先经济数据，主要是宏观政策和金融靠前发力、实体经济恢复时滞导致的阶段性现象。,0
OECD 综合领先指数已连续多月回升。,0
二是钢材进口大幅增加。,0
收入分配结构持续改善，城乡居民人均收入比缩小。,0
一是不断提高监测分析前瞻性和针对性。,0
5月6日，受市场恐慌和传闻交易员失误等因素影响，美国道琼斯指数一度急挫997点， 跌幅达9.1%。,1
金融机构超额准备金率为2.1%。,0
综合治理寿险销售误导和车险理赔难。,1
日本受严重地震海啸灾害冲击，经济出现衰退后略有反弹。,1
美联储加息之后，新兴市场经济体宏观经济政策与发达经济体协同的难度进难选择。,1
风险需密切关注。,1
经过多年发展，文化产业展现出巨大潜力和广阔前景，逐渐成为新的经济增长点。,0
信贷结构继续改善，中长期贷款增速回升，对小微企业、“三农” 的信贷支持力度较强。,0
得益于货币政策传导效率明显提高，各项货币政策措施向实体经济传导通畅，有效支持了疫情防控和企业复工复产，缓解了实体经济的实际困难。,0
一季度，受国内外需求拉动和国际铁矿石合约价格上涨71.5%的影响，钢材价格持续攀升。,0
票据市场在规范中进一步平稳发展。,0
进口价格涨幅高于出口价格涨幅。,0
按照稳健中性货币政策要求，中国人民银行通过降准、新增 MLF 等方式前瞻性地提供中长期流动性，改善银行体系流动性期限结构。,0
三是专业人才供需矛盾较为突出。,1
持续发挥政策性开发性金融工具的作用，增强政府投资和政策激励的引导作用，有效带动激发民间投资。,0
持续优化民营和小微企业金融服务。,0
与国外相比，我国的煤、焦炭、天然气、水、电的价格均相对较低。,1
此外，完善保险营销员管理体制。,0
实际工资增长超过 GDP 增长。,0
建立健全市场化利率形成机制。,0
城乡居民收入的稳步提高支撑了消费的持续增长。,0
主要有以下原因： 一是经济结构调整、转型升级在加快推进。,0
主要国家已取得显著进展。,0
一些观点认为，受劳动生产率低迷、全球价值链分工、 人工智能蓬勃发展、全球性产能过剩等因素影响，低通胀可能成为趋势。,1
受全球经济下滑、存货增加等因素影响，企业利润增长趋缓。,1
二是服务业中长期贷款增长较快，产能过剩行业中长期贷款增速回落。,1
及时开展常备借贷便利操作。,0
资源性产品价格改革取得了新的进展。,0
六是大力发展直接融资。,0
美欧等主要发达经济体降息时点仍存在不确定性，潜藏的金融风险还需关注。,1
近两年，受美联储退出量化宽松政策及至加息、英国脱欧、特朗普政府政策的不确定性以及一些国际政治事件等因素的影响，人民币对美元汇率有所贬值， 但贬值总体来说是有序的，人民币对一篮子货币汇率保持了基本稳定。,1
同比增速为可比口径数据，为年增速。,0
进一步推进利率市场化改革。,0
完善金融支持创新体系，促进新技术产业化规模化应用，围绕创新链和产业链打造资金链，形成金融、 科技和产业良性循环和三角互动。,0
随着国民对健康发展的日益重视和市场需求的不断涌现，健康服务业发展较快，服务能力和效率有所提升，健康服务相关支撑产业规模不断扩大。,0
一是便利和规范贸易活动。,0
疫情引发全球多地出现劳动力供应紧张，部分岗位“招工难”现象加剧，多个主要港口货物积压，供应链摩擦明显加大。,1
2024年以来，人工智能等新技术热度持续较高，带动科技股和全球股市持续上行。,0
（三）值得关注的问题和趋势已滑入衰退轨道。,1
日本经济复苏动能积累。,0
固定资产投资增长总体稳定，制造业投资和民间投资增速回升。,0
5月日，葡萄牙继爱尔兰之后退出“三驾马车”的国际援助。,1
与此同时，农产品需求呈刚性增长态势，粮食和主要农产品供需之间的矛盾突出。,1
开展互联网金融风险专项整治， 规范民间融资，加大非法集资打击力度。,1
外债规模继续稳步增长。,0
制造人才缺乏导致工业机器人三大核心零部件的瓶颈难以突破，应用人才短缺导致工业机器人操作、维修和应用面临制约，装机量增长受限，系统集成人才不足导致工业机器人产业改造升级受阻，发展较为迟缓。,1
加大存量信贷资产的结构调整力度。,0
增强结构性货币政策工具的精准滴灌作用， 提高政策直达性。,0
钢铁生产总量过剩。,1
其中， 5、6月份，固定资产投资增速回升。,0
改进对中小企业的金融服务。,0
保障房信贷增长放缓。,1
货币总量增长从上年高位总体回落。,1
日本经济波动性增大，受自然灾害等因素影响，第三季度 GDP 环比折年率为-2.5%， 继第一季度萎缩1.3%后再度为负值并创2014年二季度以来最大跌幅。,1
2010年以来，受国内需求增长及大宗商品价格企稳回升影响，亚洲、拉美等地区的新兴及发展中经济体复苏强劲，成为拉动全球经济增长的主要动力。,0
坚持把金融服务实体经济作为根本宗旨，建设现代中央银行制度，始终保持货币政策的稳健性，加强优质金融服务，更好支持扩大内需，促进稳外资稳外贸，为经济社会发展提供高质量服务。,0
GDP 缩减指数明显回落。,1
这些问题单靠增加贷款不能完全解决，还需要其他支持结构调整、 产业升级的政策配合。,0
美联储实际加息路径受到多重不确定性因素制约，可能会增大未来全球经济和金融市场的波动性。,1
落实差别化住房信贷政策， 推动房地产金融健康发展。,0
目前，我国加快发展汽车工业的条件已基本成熟。,0
1、股票市场融资规模收缩。,1
钢材顺差也从6月份开始回落。,1
三是投资增速稳步回升。,0
类似地，近年来国外主要经济体存贷差也呈现扩大趋势，主要与银行资产结构多元化、特别是银行体系支持财政赤字支出等因素有关。,1
企业效益持续改善。,0
另一方面，人口老龄化、生产率增速放缓、政策不确定性上升等中长期结构性问题犹存，也可能制约经济增长。,1
近年来，我国电商行业快速发展，也带动了快递行业蓬勃发展。,0
房地产开发投资增速加快。,0
从外贸看，世界经济仍将保持适度增长，我国经济发展的外需动力不会有大的减弱；但全球失衡加剧导致部分发达国家贸易保护主义抬头， 影响出口的不确定性因素增多。,1
在党中央、国务院坚强领导下，我国农业农村发展取得新成就。,0
严禁发放“零首付”个人住房贷款。,1
生活资料价格同比上涨0.7%，涨幅比上年高0.7个百分点； 生产资料价格同比上涨8.3%，涨幅比上年高10.1个百分点。,0
迫于国内外压力，11月3日，帕潘德里欧在召开紧急内阁会议后宣布取消公投。,1
农村信用社改革取得重要进展和阶段性成果。,0
一是连锁化规模化经营程度较低。,1
其中用于偿还银行到期贷款的“过桥资金”容易掩盖企业经营困境，可能会给银行信贷带来潜在风险，应当引起商业银行的关注。,1
2011年以来，随着货币市场利率波动中有所下降，国债收益率曲线短端也有所下行，中长端收益率则受通胀预期及加息等因素影响有所上升，国债收益率曲线整体呈现陡峭化趋势。,1
"公司信用类债券发行利率下行，主体评级 AAA 的企业发行的短期融资券（债券评级 A-1）平均利率3.98%，比上年末低1.32个百分点，7年期公司债发行利率4.8%,比上年末低1.2个百分点。",1
股票市场指数上涨，成交量和筹资额同比增加。,0
房地产开发投资增速稳中趋缓。,0
进一步规范中介机构行为。,0
未来若主要经济体货币政策转向步伐加快，可能引发金融市场估值调整，增大部分新兴经济体资本流出和汇率贬值压力，债务偿付和再融资风险上升。,1
就业状况指数也较上季提高，自年初以来持续好转。,0
采取综合措施维护金融稳定，守住不发生系统性、区域性金融风险的底线。,1
外汇市场交易主体进一步扩展。,0
要抓紧拟订严禁信贷资金违规进入股市的操作办法，加强对信贷资金用途的监督，加大对违规行为的查处力度，降低和防范信贷风险。,1
另外，东南亚国家（地区） 的汇率贬值，在一定程度上削弱我国出口产品的竞争力。,1
另一方面，在欧美市场需求放缓及美国、欧盟、印度等主要出口目的地贸易壁垒日益严重的背景下，对外依存度过高导致光伏企业出口不确定性增大。,1
今年以来，在银行业风险事件等冲击下，美欧股市波动一度加大，之后随着市场情绪修复震荡走高。,1
党的十八大以来，我国经济结构转型调整深入推进，脱贫攻坚战取得全面胜利， 居民消费率相应改善，但持续提高既有空间，也有挑战。,0
目前存款利率处于改革开放以来的最低水平。,1
一是直播电商蓬勃发展。,0
股票市场成交量同比大幅提高。,0
进口增速提高与国际市场大宗商品价格大幅攀升、人民币汇率上升导致的购买力增加等因素有关。,0
二是盘活存量、优化增量，支持经济结构调整和转型升级。,0
普通生产能力超出市场预期需求，产品结构不合理，高能耗、高污染、低质量问题十分严重。,1
寓改革于调控之中，逐步取消存款利率浮动上限。,1
美、欧股市小幅震荡，日本和部分新兴市场经济体股市下挫。,1
"欧元区三季度 GDP 同比增长0.1%，连续6个季度放缓，10月制造业 PMI 降至43,连续16个月位于荣枯线以下，经济下滑风险上升。",1
5月以来，稳经济一揽子政策和接续措施落地见效，有力稳定了市场预期和信心，经济回升向好。,0
近期人民币有所升值，主要是我国经济基本面良好的体现，我国率先控制了疫情，率先实现复工复产和经济恢复正增长，出口增长较快，境外主体持续增持人民币资产。,0
“9.11”事件对工业国家间的跨国企业并购活动将会产生负面影响。,1
推动市场创新，丰富债券市场产品和层次，更好地满足投资者需求。,0
在地缘政治、供需变动等多重因素相互影响下，未来大宗商品价格不确定性依然较大。,1
主要新兴市场经济体和发展中国家（地区）经济整体仍保持较快在经济增长负面因素增多、部分经济体发生经济金融动荡、汇率波动加剧、通货膨胀形势严峻等。,1
房屋销售价格止跌回升。,0
通信业继续保持快速增长态势。,0
伦敦金属交易所铜现货当季平均价格比上季度下跌13.0%，比上年同期下跌24.8%；铝现货当季平均价格比上季度下跌9.9%，比上年同期下跌19.9%。,1
但从更深层次来看，这也与欧盟缺乏对各国财政政策的有效约束有关。,1
二是完善保险公司治理规则。,0
此外，指数熔断机制公开征求意见。,1
长期看，中国经济向好的基本面没有改变，经济韧性好、潜力足、回旋空间大的特质没有改变，随着供给侧结构性改革持续推进，全要素生产率有望将进一步提高，促进国民经济实现更高质量、更可持续的发展。,0
推动贸易便利化改革扩面提质。,0
在通胀抬头的背景下，货币政策收紧存在一定的滞后风险。,1
保险业资产加快增长，投资类资产增速更高。,0
中长期贷款增量占比回落。,1
稳健的货币政策更加灵活适度、精准导向，更好适应经济高质量发展的需要，更加注重金融服务实体经济的质量和效益。,0
（一）完善证券市场基础性制度建设进一步明晰沪港通交易细则。,0
坚持市场化、法治化处置风险， 金融风险总体收敛。,1
国际环境日趋复杂，不稳定性不确定性明显增加，国内经济还面临不少挑战。,1
通胀水平延续回落。,1
一系列政策措施成效显著。,0
高耗能行业生产放缓，产量下降。,1
投资者宜审慎评估资管产品投资风险和收益。,1
英国内部连续否决现有脱欧协议并向欧盟提出延长脱欧期限，脱欧带来的不确定性正在加大。,1
一是受国际原油和成品油价格大幅上涨的影响，我国汽油、柴油、液化石油气分别上涨15%、14%和17%。,0
态势，欧洲中央银行表示要谨慎关注中期价格上涨的风险。,1
下阶段，要围绕高水平科技自立自强目标完善金融服务体系。,0
继续完善人民币汇率形成机制，推动外汇市场发展，鼓励金融机构为企业设计针对性更强的汇率避险产品。,0
随着疫苗接种进程持续推进，全球经济总体稳步复苏。,0
对于产能过剩行业，根据“区别对待、不搞一刀切”的原则，督促金融机构按照“消化一批、转移一批、整合一批、淘汰一批”的要求，改进和强化信贷管理。,1
部分国家已经开始逐步终止非常规货币或财政措施。,1
随着全球经济不确定性增加，避险情绪普遍上升，主要发达经济体的家庭、政府和企业等部门可能同步去杠杆化，加大经济下行风险。,1
从投向看，贷款结构进一步改善。,0
从国内情况看，主要是内生增长动力尚待增强，财税和投融资体制改革持续推进，也会对全社会投资行为等产生影响，随着结构调整步伐加快经济下行压力加大，并难免伴随一定的风险暴露，同时全社会债务水平仍在上升，供给过剩与供给不足并存，经济结构性矛盾依然突出。,1
2018年以来，按照党中央、国务院部署，中国人民银行继续实施稳健的货币政策，根据外部不确定性增大、经济下行压力有所加大的形势变化，有针对性地适时适度预调微调，加大金融对实体经济尤其是小微企业和民营企业的支持力度。,1
商业健康保险税收优惠政策正式出台，用政府和市场的合力更好托举民生。,0
另一方面，避险情绪加大跨境资本流动波动，资金向美国等主要发达经济体回流，其他国家特别是新兴经济体资本流出压力上升，一些外债负担较重的经济体面临偿债压力加大的严峻挑战，全球金融市场不稳定性风险明显上升。,1
推动市场创新，丰富市场产品和层次，更好地满足投资者需求。,0
从人民币贷款期限看，中长期贷款增量比重回落。,1
5、GDP 缩减指数明显回落。,1
城乡居民收入增速提高，2007年以来农村居民家庭人均现金收入和城镇居民家庭人均可支配收入同比实际增长持续高于 GDP 增速， 为消费持续增长提供了支撑。,0
完善统计方法、申报和核查制度。,0
启动商业健康保险税收优惠试点。,0
与此同时，受国内政治不确定性、严重旱情等因素影响，南非经济增速放缓，财政疲弱，债务问题凸显。,1
房地产投资增速平稳回落，经济适用房投资降幅减少。,1
2016年，受美联储加息、外汇占款下降等多种因素影响，我国银行体系流动性供求波动有所加大，同时部分市场机构加杠杆、地方政府债集中发行、金融业“营改增”、交易所可转（交）换债券发行冻结资金等也加剧了流动性供求变化的不确定性。,1
加快推进农村信用社改革步伐，努力促进农村信用社健康可持续发展。,0
六是有效防范系统性金融风险，切实维护金融体系稳定。,1
股价和地价开始暴跌，企业的资金周转状况恶化、流动性不足。,1
对于存款利率市场化调整及时高效的金融机构，人民银行给予适当激励。,0
一方面，部分进口品供给减少以及加征关税可能推动价格上升；另一方面贸易摩擦可能阻碍出口，增加国内供给， 对价格形成向下压力。,1
第二， 国民的风险和保险意识不强，购买积极性不高。,1
此外，第一季度GDP 增速由此前公布的1.9%大幅下调至0.4%。,0
支付货币功能不断增强。,0
主要发达经济体陷入全面衰退，信心疲弱和出口大幅下滑使得新兴市场经济体在面对金融市场压力时更加脆弱。,1
一方面，高杠杆和沉重债务负担可能使未来消费和投资增长承压，加剧贫富差距，增加潜在的经济金融风险。,1
（四）股票市场指数企稳，股票融资大幅减少股票市场指数企稳。,0
对外贸易持续大幅下降，贸易顺差有所减少。,0
消费品价格上涨明显加快，服务价格上涨有所放缓。,1
主要经济体中，美国就业状况持续改善，但 GDP 增长低于预期。,0
总体看，试点工作进展顺利，形成了可复制可推广的经验。,0
"稳步推动债券市场双向开放,完善相关政策制度安排,推动市场基础设施跨境合作，给境外发行人和投资人创造更加友好、便利的制度环境。",0
总体看，出口增速依然高于进口增速，贸易顺差为614亿美元，同比增加218亿美元。,0
进一步扩大制造业中长期贷款投放。,0
此外，也有观点认为，风险共担机制虽然减少了欧央行的风险，强化了各成员国风险责任，但也可能会降低危机国家主权债券对市场的吸引力，弱化“欧版”量化宽松政策的可信度和政策效力。,1
（二）国际金融市场概况2008年以来，美元相对欧元、日元贬值加速。,1
落实好差别化住房信贷政策，支持保障性住房、中小套型普通商品住房建设和居民首套自住普通商品房消费，坚决抑制投机投资性购房需求。,1
二是支付清算和市场效率提高。,0
房地产价格持续上涨。,0
构建货币政策预期管理机制是健全现代货币政策框架的重要一环。,0
投资快速增长。,0
国际建材贸易正不断扩大，特别是中东、非洲建材市场前景广阔。,0
应该看到，农村信用社对“三农”提供有力资金支持的同时，部分农村信用社贷款增长过快，存贷比过高，加上经营管理水平低下，贷款潜在风险不容忽视。,1
农村信用社改革取得重要成果，可持续发展能力增强，农村金融服务水平提升，产权制度改革稳步推进。,0
不断提高资本项目可兑换程度。,0
随着第四季度全球通货膨胀压力趋缓、经济衰退风险加大，各主要中央银行的重心开始向经济增长倾斜，全球货币政策转向宽松。,1
一是生猪价格、饲料成本价格波动较大，亟需有效的风险管理工具。,1
5、产业结构调整成为当前中国经济发展的关键。,0
三、政策实施已见成效。,0
新冠病毒变异，奥密克戎毒株在多地蔓延，全球疫情演进存在较大不确定性。,1
本国货币政策过于宽松容易导致本币贬值压力。,1
世界贸易组织预测，受疫情影响，今年全球贸易将缩水13%至32%，可能超过2008年国际金融危机的水平，而疫情导致全球经济增长放缓进一步带动外需下降，给外贸部门带来较大压力。,1
激励银行加强对科技型中小企业、制造业数字化转型等的中长期信贷支持。,0
钢铁、水泥、铝业、房地产开发等部分过热行业投资增速均有明显回落。,1
二是实施并完善存款保险制度。,0
一是人民币贷款增加较多，但占比下降至历史最低水平。,1
（三）消费价格涨幅基本稳定居民消费价格涨幅略有扩大。,0
四是继续研究中小企业融资问题、支持中小企业健康发展。,0
严格控制对高耗能、 高排放行业和产能过剩行业的贷款。,1
当前基于互联网的创新金融发展迅速，与传统金融互相补充和融合，有利于促进竞争、发展普惠金融、 增加居民收入、提高资源配置效率。,0
人民币对国际主要货币汇率有贬有升，双向浮动。,1
其中，生产资料价格同比下降7.4%，降幅比上季度扩大1.4个百分点；生活资料价格同比下降0.3%，降幅与上季度持平。,1
发达经济体货币政策分化推动美元走强，7月中旬欧元对美元汇率几度跌破平价，日元对美元汇率上半年贬值逾15%，均创近二十年来新低。,1
随着经济结构调整和服务业发展加快，单位 GDP 增长对就业的吸纳能力也在增强。,0
但随着一大批建材新生产线建成投产， 产能增加，市场竞争压力加剧。,1
经济恢复是一个波浪式发展、曲折式前进的过程，要有耐心和信心，要继续全面深化改革开放，着力扩大内需、提振信心、 防范风险，推动经济运行持续好转。,0
三是有没有最优的沟通策略？,0
固定资产投资增幅继续回落。,1
考虑到为应对通胀而采取的紧缩性宏观政策会导致产出进一步下降，各方的共识是货币政策不宜对油价波动作出过度反应，一是因为油价波动较为频繁，二是货币政策以调节需求为主，对供给因素导致的冲击效果有限。,1
受电信资费调整的影响，3月1日和2日，中国移动（香港）和中国联通股票在香港股市上连续下跌，两天跌幅10%以上，市值缩水1500亿港元。,1
对此还应持续观察，分析其可能的复苏路径和溢出影响。,0
日本全国土地平均价格仍维持负增长态势，但下降幅度减小。,1
保证在建重点项目贷款需要，严格控制对“两高”行业、产能过剩行业以及不符合国家政策规定的地方政府融资平台公司贷款。,1
（六）外汇市场交易活跃人民币外汇远期和“外币对”交易规模快速扩张。,0
（五）全球经济展望及面临的主要风险国际货币基金组织在2012年1月发布的《世界经济展望》中预测，2012年全球经济活动将减弱，下行风险将进一步增大。,1
三是督促银行业金融机构落实好金融支持化解产能过剩矛盾的各项政策。,1
“十一五”时期中国钢铁工业发展速度较快， 节能减排成效显著，有效满足了经济社会发展需要。,0
引导企业树立“风险中性”的财务理念，以锁定外汇成本、降低生产经营不确定性为目的，通过外汇衍生品管理汇率风险。,1
债券市场指数小幅上行。,0
LPR 小幅下降，贷款加权平均利率明显下行。,1
有序推进人民币国际化，进一步扩大人民币在跨境贸易和投资中的使用，深化对外货币金融合作，发展离岸人民币市场。,0
通胀风险仍需警惕。,1
随着复势，3月份降至4.3%，通胀预期总体平稳。,1
主要发达经济体的宏观政策力度边际减弱，需关注其可能伴生的经济金融风险。,1
结构性货币政策“聚焦重点、合理适度、有进有退”， 发挥总量、结构、价格三重优势，统筹扩大内需和优化供给，促进金融资源向小微企业、绿色发展、科技创新等重点领域倾斜，推动经济实现质的有效提升和量的合理增长，为实现宏观经济稳定和高质量发展注入新动力。,0
短端 Shibor 波动向下，波幅较上个季度有所缩小。,1
粮食增产丰收为稳经济、稳预期、稳大局提供了有力支撑。,0
一些领域金融风险恐加快暴露。,1
保监会发布了《关于进一步加强保险业风险防控工作的通知》，指出当前保险业风险较为突出的九个领域： 流动性风险、资金运用风险、战略风险、新型保险业务风险、外部传递性风险、群体性事件风险、底数不清风险、资本不实风险、声誉风险等，并提出防控风险的具体要求。,1
五是涉农信贷投放显著增加，农村金融服务进一步改善。,0
上年同期=100从发展趋势上看，当前导致物价走低的主要是市场需求不振，供大于求的矛盾突出。,1
继续做好硬约束早期纠正试点工作。,1
普惠性的现代金融体系。,0
粗略估计，这部分资金规模达到数百亿美元。,1
其中包括正在着手研究将表外理财纳入险管理。,1
稳步推进资本市场改革创新。,0
总体来看价格上行压力相对更大，价格稳定的潜在威胁有所增加。,1
继续完善做市商制度，提高债券市场流动性，为培育有效的收益率曲线夯实基础。,0
优化碳减排支持工具的政策安排，持续推动绿色债券市场高质量发展。,0
由于汽车工业的高速发展，使所属的交通运输制造行业对工业增长的拉动首次超过电子通信制造行业，跃升为工业40个行业大类之首。,0
相对而言，国内银行资本补充渠道少、难点多、进展慢，存在较大资本缺口。,1
2008年由美国次贷危机引发的全球金融危机给世界经济造成了巨大的损害。,1
坚持底线思维，坚持稳中求进，抓住主要矛盾，在国务院金融稳定发展委员会的牵头抓总下， 充分发挥国务院金融稳定发展委员会办公室作用，加强部门间协调配制宏观杠杆率和重点领域信用风险，积极化解影子银行风险，稳妥处置各类金融机构风险，全面清理整顿金融秩序，加强预期管理和舆情引导，切实防范金融市场异常波动风险和外部冲击风险。,1
二是不断加强乡村振兴金融服务投入。,0
下一步，人民银行将继续会同香港金管局、香港证监会、两地金融市场基础设施服务机构和市场机构，进一步完善相关制度，支持香港国际金融中心繁荣发展，推动中国金融市场高质量发展和高水平对外开放。,0
大力培育和发展机构投资者，进一步完善做市商和经纪商制度。,0
生产价格涨幅有所扩大。,0
扩大对外投资，降低外汇储备增速。,0
落实政策性、开发性金融机构改革方案，科学建立资本约束机制，健全治理结构，完善财税扶持政策，构建符合中国特色、能更好地为经济发展服务、可持续运营的开发性和政策性金融机构。,0
考虑到全球范围内经济复苏较为乏力、债务水平整体较高、 投资增长有所放缓等因素，中期内通胀下行压力依然存在。,1
还有舆论认为大宗商品价格下跌与中国需求变化有关。,1
第三季度，受全球经济形势的复杂多变影响，主要发达经济体股市一波三折。,1
过去较长一段时期，M2增速高于名义 GDP 增速，主要与我国经济结构特征和较多依赖投资的发展模式有关。,0
人民币对欧元、日元等其他货币汇率双向波动。,1
2008年前三个季度，M2增速在小幅波动中整体有所走低，这主要受上年基数较高以及金融机构外汇占款增幅放缓影响。,1
主要经济体股市波动加剧。,1
适时开展中期借贷便利操作。,0
四是对产能过剩行业贷款严控。,1
钢铁需求继续减弱。,1
"这主要表现在：一是利率风险，由于目前国债的发行利率已处于历史低位， 同时又缺乏衍生品种的支持,使商业银行在盈利空间大大缩小的同时，又面临利率风险；二是流动性风险,由于目前国债市场的投资主体主要是金融机构等机构投资者,且持有国债的品种期限结构大都趋同,一旦风险突现,变现可能会遇到困难。",1
外币贷款持续较快增长。,0
第三，持续的低利率政策有利于资本市场发展。,0
但地缘政治风险、重大自然灾害持续发生和大宗商品价格上涨等制约经济增长的因素仍然存在，全球经济和金融市场仍有可能受到冲击。,1
需要警惕的是长期再融资操作的退出，虽然根据安排，银行可以提前归还贷款，但仍然存在到期大规模还款的所谓“陡壁效应”，可能对金融市场产生较大冲击。,1
企业生产经营景气指数持续回升，存货指数下降。,0
继续健全金融稳定监测评估框架，优化央行评级、监测预警、压力测试工作框架，切实防止金融风险累积、扩散。,1
促进优质企业便利化政策扩面提质。,0
日本经济受政策刺激强劲反弹，长期内挑战仍存。,0
拉美经济则在经历了一季度的高速增长之后有所减缓。,1
商品房价格继续上涨，但涨幅趋缓。,0
生产价格降幅逐月扩大。,1
若按调整前口径测算，超额准备金率要高于2.1%。,0
例如，某些领域价格难以做到自由浮动； 即使价格出现较大变化，由于存在软约束等因素，也难以有效出清（如一些过剩产能和僵尸企业）；而在有准入限制的情况下，市场难以提供某些领域（如医疗、 教育领域等）的有效供给；一些地方存在地方保护主义也妨碍了统一大市场的形成。,1
影响未来全球经济增长的风险因素主要是贸易保护主义加剧和全球经济失衡矛盾突出。,1
增强信贷总量增长的稳定性。,0
房屋销售价格涨幅有所回升，部分城市房价涨幅较高。,0
财政刺激加码和经济复苏预期增强是通胀预期和实际利率上升的共同动因。,0
（一）消费拉动作用增强，出口降幅收窄城乡居民收入继续增加，消费拉动作用增强，新兴业态消费增长较快。,0
设立保交楼贷款支持计划，支持金融机构向已售逾期难交付住宅项目发放保交楼贷款。,1
英国房地产市场好转。,0
美国经济形势表现强劲，欧元区经济复苏步伐加快，日本经济复苏势头转好，新兴市场经济体总体增长较快，但部分经济体仍面临调整与转型压力。,0
此外，三季度国际油价自高位明显回落，布伦特原油期货价格当季下跌21.6%。,1
跨境人民币业务保持稳定发展。,0
CPI持续小幅上涨，但长期通货膨胀预期稳定。,0
保险业市场化改革、风险防范、消费者权益保护等制度建设稳步推进。,1
财政支出逐步回升。,0
为应对危机和经济衰退，主要经济体央行大幅降低基准利率，部分已至零附近。,1
因此，物价低迷的状况短期内难以扭转，价格上升的压力在未来几个月会继续减弱。,1
受美联储连续加息等因素影响， 伦敦同业拆借市场美元 Libor 略有上升。,1
实施好适度宽松的货币政策。,0
由于经济下行压力加大往往和社会信用收缩交织共振，广义货币M2和社会融资规模增速略高于国内生产总值名义增速，体现了强化逆周期调节，以适度的货币增长支持高质量发展，防范社会信用收缩和经济下行压力之间形成恶性循环的风险。,1
（四）财政收入大幅增加2004年，我国税收收入完成2.57万亿元人民币（不包括关税和农业税收），比上年增长25.7%，增收5256亿元，总收入和增收额双双实现历史性突破，是近年来增长最快、增收最多的一年。,0
要减少对月度货币信贷高频数据的过度关注。,1
持续推动《关于金融支持巩固拓展脱贫攻坚成果全面推进乡村振兴的意见》落地见效，督促指导金融机构严格落实“四个不摘”要求， 继续支持脱贫地区和脱贫人口发展。,0
下一步，继续深化农业供给侧结构性改革，坚持以农业基础设施建设、农业科技创新、农业结构调整为重点，支持符合农业绿色发展要求的项目，优化和完善服务渠道，探索多方合作的金融服务模式。,0
从消费品和服务分类看，消费品价格下降0.6%， 比上年回落8.0个百分点；服务价格下降1.1%，比上年回落2.4个百分点。,1
美国经济较快增长， 日本和欧元区经济稳步回升，主要新兴市场和发展中国家继续保持强劲增长势头。,0
中长期消费和投资增长仍有不确定性。,1
二是随着经济复苏曲线进一步上行，供给与需求、就业与收入有望形成相互支撑的良性互动。,0
健全系统性金融风险的防范预警和评估体系，加强对地方政府融资平台、产能过剩行业和房地产行业贷款信用违约风险的监测，防范部分地区、行业、企业风险及非正规金融风险向金融体系传导。,1
劳动报酬快速增长。,0
美国经济复苏态势增强， 多项指标表现好于市场预期。,0
四是极端天气频发严重威胁农业生产。,1
（二）主要股票市场强劲反弹，美元贬值幅度较大2003年全球主要股票市场强劲反弹。,0
（四）股票市场指数和成交均大幅回升，筹资额增加较多股票市场指数全面回升。,0
优化银行风险监测预警体系，建立分级分段管理框架。,1
对经济持续稳定增长要有耐心、有信心。,0
其中，生产资料价格同比上涨8.2%，涨幅比上季度扩大0.5个百分点；生活资料价格同比上涨0.6%，涨幅与上季度持平。,0
从国内看，作为发展中大国，中国经济增长的潜力巨大，新型城镇化、服务业、高端制造业以及消费升级有很大的发展空间，经济韧性好、潜力足、回旋空间大的特质没有改变。,0
多部门联合打击地下钱庄及其交易对手，进领域违法违规行为。,1
G20匹兹堡峰会领导人声明指出，金融监管和规制的重大失效，造成了金融脆弱与风险，为形成当前危机推波助澜。,1
企业经营面临挑战，但出口形势有所好转，盈利能力有所增强。,0
三是增强公开市场操作利率弹性。,0
生产价格涨幅较高。,0
第三季度，货币市场利率有所波动，总体低于上年同期水平。,1
（一）主要经济体经济增长态势美国经济继续保持强劲增长势头。,0
水价过低致使我国水资源利用相对粗放，用水效率不高，用水浪费严重。,1
持续做好制造业和科技创新金融服务工作。,0
（五）保险业资产结构进一步多元化保险业继续保持快速发展的势头。,0
当前，国际金融市场动荡加剧，全球经济增长明显放缓，国际经济环境中不确定不稳定因素明显增多。,1
劳动力市场接近充分就业，但受制于企业涨薪动力不足、通胀预期低迷等结构性因素，通胀仍处于低位，3月 CPI 为0.5%。,1
坚持市场化、法治化处置风险， 一些突出金融风险得到稳妥处置。,1
预计全球经济将继续稳步增长。,0
（四）股票市场指数下跌，成交量增加，筹资额同比减少受贸易摩擦、国际股市动荡等因素影响，股票市场指数有所波动， 总体下跌。,1
三是对中小企业服务、支持体系不健全。,1
同时，增强营销观念，完善贷款营销的激励约束机制，拓宽信贷品种，开展信贷业务和中间业务创新，积极开拓市场有效需求。,0
利率过低还会导致“资源错配”“脱实向虚”等诸多负面影响。,1
三是外部输入型风险将继续冲击国内经济。,1
我国防范疫情输入和世界经济风险的压力仍然较大， 疫情对国内经济运行的冲击仍在，餐饮旅游、文化娱乐等服务业恢复相对缓慢。,1
固定资产投资增长放缓，民间投资增速回升。,0
债券指数小幅波动。,1
（四）加强信贷管理，密切关注部分地区房地产投资增长过快所隐藏的风险要密切关注局部地区房地产过热可能带来的信贷风险，监督商业银行严格按照国家房地产政策及其信贷政策要求，加强房地产信贷管理，对违反有关规定的要及时查处、纠正。,1
二是一些地方违反规划、无序兴办各类开发区，个别地方以发展高新技术产业为名低价或无偿出让土地，自行减免税费，产业趋同化加剧。,1
第三，受股票市场活跃的影响，股票融资同比显著上升。,0
办好城市商业银行，吸引民间资本向城市商业银行入股。,0
五是进一步发挥债券市场融资功能。,0
根据前期包商银行严重资不抵债的清产核资结果，包商银行将被提起破产申请，对原股东的股权和未予保障的债权进行依法清算。,1
居民收入、企业利润和财政收入大幅提高。,0
二季度，受美伊战争和“非典”疫情影响，东亚和东南亚一些新兴市场经济体的经济增长显著放缓，甚至出现负增长。,1
另外，人民币汇率的稳定也为出口增长创造了良好环境。,0
（一）主要经济体经济状况美国经济复苏迹象显现。,0
此外，日本政府还将长期面临削减债务和刺激经济增长的两难境地。,1
上述调整有利于进一步推动金融服务实体经济，促进外汇市场发展。,0
首先是如何看风险和收益。,1
加强银贸合作，进一步完善出口退税账户托管贷款业务。,0
在做好防控工作的前提下，全力支持各类生产企业复工复产。,0
我国中小企业融资长期主要依赖银行贷款，缺乏直接融资手段。,1
票据市场利率小幅波动，总体呈下行趋势。,1
其中，发达经济体股市大幅上涨，多次创历史新高。,0
外汇市场交易主体进一步扩展。,0
金融债、公司信用类债券发行利率回落，债券现券交易量、发行量上升。,1
劳动力市场有所降温。,1
当前我国正向实现第二个百年奋斗目标迈进，立足“两个大局”，有必要制度先行、未雨绸缪。,0
但量化宽松政策并不能从根本上解决其经济难题，反而可能加剧全球流动性泛滥和货币竞争性贬值的风险，并通过汇率和资本跨境流动渠道对新兴经济体等产生负面的溢出效应。,1
总体来看，货币供应量增速回落符合宏观调控的预期和稳健货币政策的要求，也更趋近于年初确定的13%的预期增长目标，有利于为经济平稳健康发展提供良好的货币环境，更好地发挥金融对经济结构调整和转型升级的支持作用。,0
随着汇率市场化改革持续推进，汇率弹性逐步增强。,0
国际主要债券收益率自年初以来波动较为平稳。,1
增强价格杠杆调控作用。,0
高技术产业、装备制造业以及电子商务等新兴业态发展势头较好。,0
突出表现为近期疫情点多、面广、频发，对经济运行的冲击影响加大。,1
房地产开发投资增速加快。,0
农业生产资料价格降幅大于农产品生产价格降幅，农产品生产价格下降0.2%，农业生产资料价格下降0.9%。,1
也要看到，当前我国经济结构调整、转型升级在加快推进，经济更为轻型化，信贷结构也在优化升级。,0
（三）主要经济体房地产市场走势美国房地产市场继续恶化。,1
前三季度，工业生产者出厂价格（PPI）同比下降3.1%，降幅与上半年大致持平，7至9月降幅分别为4.4%、3.0%、2.5%；工业生产者购进价格（PPIRM） 同比下降3.6%，降幅比上半年扩大0.6个百分点；人民银行监测的企业商品价格（CGPI）同比下降2.2%，较上半年持平，比上年同期低6.9个百分点。,1
适时开展中期借贷便利操作。,0
金融机构超额准备金率为1.3%。,0
农村信用社改革成效显著，经营财务状况持续改善，继续发挥农村金融服务主力军作用。,0
当前旱情较重，秋粮生产形势有不确定性。,1
美国失业率缓慢回落，经济出现积极信号，但房地产市场仍未根本好转，财政和贸易赤字问题依然存在。,1
金融市场产品创新不断推出，制度性建设取得较大进展。,0
货币市场利率继续下行，交易量增加。,1
下半年，国内国际环境仍将为经济持续协调健康发展创造有利条件。,0
当前，我国金融体系整体健康、稳定，金融服务实体经济质效进一步提升。,0
各方面对未来经济平稳较快增长的信心进一步提升。,0
一是统筹规划，促进光伏产业转型升级。,0
全力做好存量风险化解工作，坚决遏制各类风险反弹回潮。,1
为进一步增强对银行和收购主体的市场化激励，人民银行将提供的再贷款资金比例由原来的60%提高到100%。,0
要进一步提高文化产业的规模化、集约化、专业化水平， 推进文化产业转型升级。,0
短期看政策初见成效。,0
各地加快发展的积极性较高、国外持续宽松的货币政策环境以及金融机构较强的业务发展意愿，均是贷款投放较多的重要推动因素。,0
在内外因素作用下，个别基本面较弱、外部经常账户赤字的经济体更容易受到影响。,1
加强金融基础设施统筹监管与建设规划，推动形成布局合理、 治理有效、先进可靠、富有弹性的金融基础设施体系。,0
推动建立健全产业扶贫利益联结机制，促进金融支持与产业扶贫有效融合；鼓励金融机构将新增资金、 新增项目、新增服务优先投向深度贫困地区。,0
稳妥有序推进包商银行风险处置。,1
我国经济发展具有强大韧性、巨大潜力和有力支撑。,0
受国际大宗商品价格总体上涨影响，进口价格涨幅由负转正。,0
督促金融机构加强内控和风险管理， 金融的风险监测与管理。,1
具体来看： 现金投放的季节性波动是2月份“缩表”的重要原因。,1
"同比增速为可比口径数据,为年增速。",0
经济运行中积极因素增多，动能持续增强，社会预期改善，高质量发展扎实推进，呈现增长较快、结构优化、质效向好的特征，经济实现良好开局。,0
国际金融危机爆发以来，虽然就危机成因还有一些不同认识，但在金融机构行为、金融体系顺周期性以及缺乏对系统性风险的防控是导致危机重要原因这一点上，各方均已达成共识。,1
对受疫情影响较大的批发零售、住宿餐饮、物流运输、文化旅游等行业，以及有发展前景但暂遇困难的小微企业，不得盲目抽贷、断贷、压贷。,1
十一是完善资产证券化市场运行机制，统筹推进资产证券化市场发展。,0
进口价格涨幅扩大。,0
灵活开展短期逆回购操作。,0
房价上涨的城市个数增加，涨幅扩大。,0
此外， 受国际油价持续下跌等影响，日本物价水平再次面临较大下行压力， 实现通胀目标的难度加大。,1
国内黄金价格走势与国际黄金市场保持一致，整体呈震荡上升趋势。,1
新兴经济体货币政策有所分化。,0
从国内看，作为发展中大国，中国经济增长的潜力巨大，新型城镇化、服务业、高端制造业以及消费升级有很大的发展空间，经济韧性好、潜力足、回旋空间大的特质没有改变。,0
受金融危机影响，全球主要股市年初以来震荡下跌，9月后，随着金融危机加剧，主要股市加速下行。,1
（六）需关注内外部不确定不稳定因素带来的压力外部不确定性可能对出口产生滞后影响。,1
贷款加权平均利率略有下降，企业贷款利率继续下行。,1
引导市场利率围绕央行政策利率波动。,1
电力行业利润回落，甚至出现大面积亏损。,1
改进和落实好差别化住房信贷政策。,0
深化对外货币金融合作。,0
从内部需求看，国内经济活力和信心逐步增强，地方加快发展和扩大投资的热情较高，投资扩张动力较大，城镇化和消费结构升级对经济增长的拉动作用正在增强，内需有望继续保持较快增长。,0
俄乌紧张局势及俄罗斯与美、欧之间的双向制裁、埃博拉疫情传播带来的恐慌等均影响到市场信心，可能对贸易和融资活动产生不利影响。,1
煤电油运供给较大幅度增加，但紧张状况尚未根本改变。,1
另一方面，劳动力需求开始降温。,1
展望未来，全球经济可能面临以下风险： 美联储加息时点逐步接近，可能影响全球利率水平和资本流动。,1
创新直达实体经济的货币政策工具。,0
欧洲房地产市场持续调整。,0
进一步加强政策协调配合，优化政策组合，着力于体制机制改革和经济结构调整，加快转变经济增长方式，进一步提高经济发展的内生动力。,0
（二）发行利率总体回落，债券现券交易量、发行量上升国债收益率曲线下移。,1
持续强化便利化试点正向激励。,0
财政收入减少，疫情防控等支出增加，财政性存款同比下降4.5%。,1
从中国过去十多年的发展趋势看，产业结构调整总体上呈现出与地区比较优势相匹配的梯度发展态势，区域间发展差距在收敛和缩小。,0
部分企业负债和杠杆水平有所上升，一些地方平台融资渠道更加复杂。,1
五是加强金融市场基础制度建设，服务实体经济，防范市场风险。,1
房地产贷款余额占各项贷款余额的20.6%，比上年末低0.4个百分点。,1
货币市场利率总体走高。,0
（三）值得关注的问题和趋势通胀回落至疫情前水平尚需时日。,1
开展万能险专项检查，规范险资举牌， 暂停相关机构的万能险业务和股权投资。,1
“零下界”是指短期名义利率不能为负， 否则资金所有者将会以现金方式持有资金，而不愿将资金借出，从而使得利率政策“失效”。,1
出口动能强劲，贸易结构持续优化。,0
进入9月份以后，国际金融危机急剧恶化，对我国经济的冲击明显加大。,1
股票市场指数有所下跌。,1
其中，对新疆寒潮暴雪灾区增加10亿元，对西南五省旱区增加30亿元。,1
受居民收入增长缓慢、房屋购置贷款成本上升、按揭贷款数量下降等影响，西班牙、爱尔兰、法国、德国、葡萄牙、比利时等国房价持续回落。,1
第三季度我国经济保持恢复态势，发展韧性持续显现，GDP 同比增长4.9%，两年平均增长4.9%。,0
受益于消费、出口的改善，亚洲新兴经济体复苏势头明显。,0
前三季度，人民币对美元汇率年化波动率为5.1%。,1
外商投资加快向高技术产业聚集。,0
（五）就业基本稳定城镇新增就业持续增长，居民就业感受指数持续回升。,0
推动建设全国碳排放权交易市场，设计好与碳交易相关的金融产品和交易机制，在碳排放约束下促进市场发现合理的碳价格。,1
地缘政治形势依然错综复杂， 俄乌冲突持续，巴以冲突加剧，发达经济体加息的累积效应持续显现， 全球经济增长动能趋缓。,1
部分经济体继续维持宽松的货币政策。,0
1、当前世界经济增长减缓，下半年很难改观。,1
部分经济体央行采取加息等措施抑制通货膨胀。,1
目前，国际粮食、能源等价格上涨加大了我国输入型通货膨胀压力。,1
应进一步做好房地产市场调控的顶层设计，从供给端改革城镇化土地政策，完善财税制度，解决抑制新型城镇化发展的体制机制问题，保持房地产市场的持续健康发展。,0
银行体系流动性过剩不仅是一个简单的国内问题。,1
今年上半年，上市公司新增49家。,0
（七）黄金价格震荡下行黄金价格保持震荡下行格局。,1
为进一步巩固宏观调控成果，经国务院同意，中国人民银行决定从2004年10月29日起上调人民币存、贷款基准利率。,0
总之，亚洲再次发生类似1997年金融危机的可能性不大，但如果美国经济形势严重恶化，或发生诸如石油价格暴涨之类的外部冲击，东亚国家和地区再次陷入经济危机的可能性并不能完全排除。,1
保持房地产业的持续、稳定、健康发展，对国民经济健康发展至关重要。,0
疫情冲击下，经济停摆导致居民和企业收入骤降、债务上升，政府部门大力度的疫情应对和救助措施推升了短期财政赤字和政府债务水平，本已高企的全球杠杆率进一步上升。,1
发挥新发放首套房贷利率政策动态调整机制的作用，引导新发放房贷利率下行。,1
四是深入开展金融精准扶贫。,0
稳慎扎实推进人民币国际化，进一步扩大人民币在跨境贸易和投资中的使用，深化对外货币合作，发展离岸人民币市场。,0
（七）黄金价格上涨黄金价格横盘后大幅上涨。,0
GDP 缩减指数持续回落。,1
中国债券市场总体上落后于发达的市场经济国家。,1
企业家也预期销售价格继续走高，预期指数上涨3.2%。,0
加强对各类型投保机构的风险监测与核查，做好风险监测、识别，依法采取风险警示和早期纠正措施。,1
GDP 缩减指数上升。,1
（二）完善证券市场基础性制度建设建立健全期货公司分类监管制度。,0
“可操作性”，即明确支持具有显著碳减排效应的重点领域，包括清洁能源、节能环保和碳减排技术。,0
当然也要看到，经济运行面临的风险和挑战不少。,1
在国家宏观调控政策的作用下，建材行业的产业结构有所优化， 向着节能、低耗、高效方向发展。,0
欧元区经济继续改善。,0
但未来随着主要发达经济体央行退出宽松货币政策，新兴市场可能将继续承压，下行风险依然存在。,1
一是货币供应量增速不断加快。,0
美联储没有调整利率，但在8月份指出存在经济下滑的风险。,1
（七）行业分析工业企业利润增速转正。,0
第一季度，全国固定资产投资（不含农户）同比下降16.1%，降幅比1-2月份收窄8.4个百分点。,1
进一步发挥开发性金融对棚户区改造的支持作用。,0
欧盟则将成立欧洲系统性风险委员会（ESRC），负责整个欧盟金融市场系统性风险的评估和预警，并在必要时提出应对建议。,1
具体看本轮物价上涨，还与以下两个因素密不可分。,1
（四）股票指数快速上涨，股票交易和融资创历史最高水平， 基金市场快速发展股票市场交易活跃，投资者投资股票基金市场意愿较强。,0
取消1项行政审批，宣布废止失效70余件外汇管理规范性文件，提高外汇管理公共服务质量和效率。,1
首批相互保险社获准筹建。,0
可以抓住这一时机，及时理顺能源、运输、电、气、水等价格，为可持续发展打下坚实基础。,0
结构性存款和银行理财产品收益率均有所下行。,1
意大利和西班牙再度受到冲击。,1
三是市场投机因素的影响。,1
（一）消费逐步改善，投资稳步恢复，进出口较快增长居民收入稳步回升，消费意愿改善。,0
理财等资管产品规模不断扩大。,0
进一步完善了鼓励高校毕业生到西部地区和边远地区就业的相关政策，促进国家助学贷款发展。,0
货币市场利率中枢下行，交易量增加。,1
欧元区经济持续缓慢复苏。,0
稳妥推进债券市场对外开放，提高境外机构在境内债券市场发行和交易的便利性。,0
通货膨胀是指价格总水平的持续上涨。,0
推进个人外汇业务规范创新。,0
三是产能过剩行业中长期贷款增速回落。,1
二是涉农金融服务明显改善。,0
房地产贷款增速持续回落。,0
由于担心各经济体无序退出经济刺激政策而带来负外部效应，以国际货币基金组织（IMF）和金融稳定理事会（FSB）为首的国际组织均强调退出政策的灵活性、透明度、可信性、引入市场机制的必要性以及国际协作。,1
出口回落幅度较大与去年相比，我国工业行业基本格局出现了新的变化。,1
在经济结构调整过程中，一定阶段内经济下行压力和潜在风险暴露可能会有所增大，一些地区为追求增长高耗能产业等又有抬头。,1
随着各项扶持政策逐步落实，信用社历史包袱逐步得到化解，资产质量明显改善，资本充足率迅速提高，经营财务状况显著好转。,0
稳步推进养老金融发展。,0
农村信用社改革试点工作取得重要进展和阶段性成果。,0
保险业总资产稳步增长。,0
股转系统的推出，有利于进一步发挥资本市场支持经济转型升级的重要作用，标志着多层次资本市场建设取得新的进展。,0
11月15日，北交所正式开市，进一步健全多层次资本市场体系，打造服务创新型中小企业主阵地。,0
加强跨境资金流动监测和预警，严厉打击“热钱”等违规资金流动。,1
投资活动放缓，高技术产业和卫生领域投资降幅相对较小。,1
当然，未来一段时间国内外疫情演进及防控措施对供求两端的冲击还有不确定性，仍需对短期物价走势保持密切关注。,1
尤其是非保本浮动收益型产品，表面上银行只负责管理运营客户资产并收取管理费，对客户资产的盈亏不承担连带责任，但事实上银行出于商誉等考虑往往很难真正实现客户风险自担，由此带来一定的法律风险。,1
城乡居民收入的稳步提高支撑了消费的持续增长。,0
劳动力成本上升对我国经济金融的影响主要有三个方面。,1
加强对企业债务风险、银行信贷资产质量、互联网金融、 民间融资及非法集资、跨境资金流动等领域的风险监测分析，继续做好金融机构和市场的风险压力测试，及时提示风险，完善应对预案， 探索运用多种措施和手段防范化解风险。,1
进一步完善债券承销和做市机制，增强一二级市场联动，提升债券定价的有效性及传导功能。,0
4、劳动报酬增加较快，劳动力成本增加。,1
精准支持科技创新和制造业转型升级， 持续提升科技金融服务能力、强度和水平。,0
三是科技赋能助力降本增效。,0
总结经验，根据宏观调控需要不断改进和完善 MPA。,0
判断我国目前通货膨胀压力的一个重要途径是看价格的传导过程。,1
完善系统重要性金融机构监管框架。,0
（一）主要经济体经济和金融市场概况全球经济复苏进一步分化。,0
此外，人民币汇率问题正在成为一些国家针对中国实施贸易保护措施的重要借口，我国面临的贸易摩擦和贸易战风险有可能进一步增加。,1
二是出口持续走强。,0
金融支持“三农”发展的力度持续加大，农村金融机构改革不断深化， 金融产品和服务方式创新不断适应现代农业发展要求。,0
危及区域稳定，且穷尽市场化手段、严格落实追赃挽损仍难以化解风险的，依法动用地方公共资源。,1
五是支持制造业高质量发展。,0
（四）股票市场成交额和股指双双再创历史新高2007年以来，股票市场保持快速发展态势。,0
此外，全球经济放缓可能进一步加剧局部地区的区域地缘政治冲突，对全球市场与产业链产生一定影响，气候变化与环境因素等对经济金融的影响也在加大，各经济体协作应对经济衰退的能力有待强化。,1
一是农村信用社资产质量明显改善。,0
全年票据市场利率震荡下行。,1
四是我国金融体系自主性和稳定性更强，人民币资产吸引力增强。,0
四是受美元贬值及投机活跃等因素影响， 国际大宗商品价格仍维持高位，对我国形成输入型通货膨胀压力。,1
第一季度，受市场对加息的预期减弱以及资本市场资金回流等因素影响，债券发行利率有所下降。,1
目前，正在根据各方意见，对办法作进一步修改完善。,0
（五）全球经济展望及面临的主要风险国际货币基金组织在2012年4月发布的《世界经济展望》中预测，2012年全球经济前景逐步转强，但下行风险依然严峻。,1
二是历史上这一机制经受住了多轮外部冲击的考验。,1
同时，企业和居民的存款定期化趋势加剧。,1
一旦全球流动性紧缩步伐超出市场预期， 可能导致资产价格波动，触发金融周期下行。,1
组织银行业金融机构进行压力测试，及时进行风险提示，引导金融机构稳健运行。,1
利率互换交易活跃。,0
随着国内经济快速回暖，外部需求复苏，企业利润大幅增长。,0
实施“双平均”考核存款准备金，有助于提高金融机构流动性管理的灵活性，增强货币市场运行的稳健性，也有利于改善货币政策传导机制，为货币政策调控框架转型创造条件。,0
未来一段时期，中国经济总体上仍处于结构调整阶段，这可持续发展。,0
继续加大对“热钱”流入检查和打击力度。,1
部分农村信用社在明晰产权关系、完善法人治理结构、加强内部管理方面取得初步成效。,0
有序推进人民币国际化， 进一步扩大人民币在跨境贸易和投资中的使用，深化对外货币合作， 发展离岸人民币市场。,0
实施降准提供长期流动性。,0
目前，中国经济正处于结构调整的关键时期，应以调结构、促改革、推动转型升级为主，进一步释放改革红利和发展潜力。,0
债券发行利率呈持续上升态势。,0
面对更为复杂的国内经济走势和外部环境， 美联储未来货币政策的力度和节奏存在不确定性。,1
督促落实附加资本要求，提升系统重要性银行抗风险能力。,1
（七）黄金价格横盘震荡，交易规模保持增长黄金价格横盘震荡。,1
（一）国内需求稳步提高，国外需求大幅下降城乡居民收入提高，国内市场销售继续平稳增长。,0
农村信用社改革稳步推进，取得重要进展和阶段性成果。,0
柜台远期结汇快速增长带来的流动性风险、利率风险和市场风险也不容忽视。,1
更为重要的是，美国打击行动所引发一系列的反报复行动，波及范围可能扩大至美国以外地区和国家，从而加剧地区乃至全球国际关系的紧张局势，使全球国际关系陷入混乱，由此而对世界经济产生的负面影响将难以估计。,1
在传统低效产业边际产出递减的同时，新兴产业尚未产生明显经济效益。,1
及时开展常备借贷便利操作。,0
深入推进金融精准扶贫，加强易地扶贫搬迁信贷资金筹集、投放和管理工作，完善金融精准扶贫信息系统，改进金融精准扶贫政策效果评估制度，着力支持贫困地区经济社会持续健康发展和贫困人口脱贫致富。,0
2004年我国物价也存在下行的压力，主要表现为汽车、家用电器、药品等价格仍继续保持下降的态势。,1
消费品价格涨幅回升，服务价格涨幅回落。,0
为了对外汇流动性进行逆周期调节，抑制非理性预期发散，促进金融机构稳健经营，防范宏观金融风险，中国人民银行分别于2015年8月底以及9月中旬对银行远期售汇以及人民币购售业务采取了宏观审慎管理措施，要求金融机构按其远期售汇（含期权和掉期）签约额的20%交存外汇风险准备金，并提高了跨境人民币购售业务存在异常的个别银行购售平盘手续费率，旨在通过价格手段抑制部分企业及境外主体汇率方面的投机行为。,1
食品价格上涨放缓是 CPI 涨幅回落的主要原因。,1
做好化解产能严重过剩矛盾的金融服务工作，支持对整合过剩产能的企业定向开展并购贷款，对产能严重过剩行业中有市场有效益的企业不搞“一刀切”。,1
现行人民币汇率形成机制还需要进一步完善，如健全国内外汇市场机制，增强企业和居民的汇率风险意识，发展市场避险工具等。,0
"由于经济增速减缓和能源价格下跌，通货膨胀压力有所减缓，第三季度各月同比CPI分别为4.1%、3.8%和2.1%,平均为3.3%，低于前两个季度3.6%和4.0%的水平。",1
此项措施将有效减少境外大额提现，抑制资产非法转移。,1
展望未来，全球经济可能面临以下风险： 一是全球贸易摩擦升级。,1
④农村合作金融机构包括农村商业银行、农村合作银行、农村信用社。,0
钢材价格持续下跌，原材料成本居高不下，钢铁行业亏损面扩大。,1
当前，宏观调控成效初步显现，但国际收支不平衡持续发展，银行流动性总体宽裕，需要继续加强流动性管理。,0
健全人身保险产品定价机制。,0
国债收益率、企业债收益率、贷款利率等也均出现不同程度下行。,1
否则，政策退出过快，可能给复苏带来压力；退出过慢，则可能引发新一轮资产价格泡沫和恶性通胀。,1
当前国际大宗商品价格震荡与主要货币汇率波动相互交织，各种供求因素彼此影响，国际资本流动不确定性加大，各经济体经济走势和宏观应对政策分化所产生的溢出效应进一步加剧了形势的复杂性。,1
进一步完善“三档两优”存款准备金框架，建立健全银行增加小微企业贷款投放的长效机制。,0
同时，欧洲银行业普遍交叉持有大量重债国国债，不断恶化的主权债务危机使银行所持国债价格下跌，持续造成资本损失。,1
三是以自主创新和技术改造为支撑，提高产品质量，扩大高性能钢材品种，进一步推进节能减排。,0
房地产开发贷款增速回升，6月末余额同比增速为5.3%，较上年末高1.6个百分点。,0
建立完善绿色金融政策体系，大力发展绿色信贷。,0
一是重视做好对农民工的金融服务工作。,0
股票市场指数下行，成交量增加，筹资额减少。,1
促进人身保险扩面提质稳健发展。,0
其中，电子及通信设备制造业、纺织业、服装业和电气机械及器材制造业等4个行业回落较大，回落幅度为8.7-18.5个百分点。,1
同业存单的发行主体范围进一步扩大，发行交易日益活跃。,0
"同比增速为可比口径数据,为年增速。",0
工业企业利润状况改善。,0
新兴市场经济体资本流入有所增加，其中部分经济体仍面临经济下行压力。,1
（二）债券发行利率回落，发行量和交易量增加债券发行利率下行。,1
一是快递业务量稳步扩增。,0
建立了市场成员不良记录登记制度，加强对债券市场违规行为的监测和跟踪调查。,1
国际原油价格大幅上涨。,0
主要业态呈现快速发展态势。,0
农村信用社资产质量明显改善。,0
2019年第一季度，货币市场、债券市场整体运行平稳，股市波动中上升。,1
银行应进一步改进服务水平，增强服务意识，提高收费透明度，并通过完善绩效考评、内部管理等制度， 建立健全有利于中间业务健康发展的长效机制，防止出现收费与服务不匹配等不规范经营行为。,0
研究改进和完善中央银行再贴现的政策措施，促进票据市场的规范发展。,0
当前，中国经济处在结构调整和转型升级的关键时期。,0
二是加大金融支持经济发展方式转变和经济结构调整的力度。,0
经济增长由偏快转向过热的态势尚未根本缓解，通货膨胀风险加大。,1
六是全力做好助学、农民工、民族地区等薄弱环节和弱势群体金融服务。,1
产能相对过剩的矛盾突出。,1
引导企业树立“风险中性”的财务理念，通过外汇衍生品管理汇率风险。,1
中长期看， 我国经济转型和产业升级稳步推进，供需条件有望持续改善，货币条件合理适度，居民预期稳定，物价保持基本稳定有坚实基础。,0
人民币对国际主要货币汇率有贬有升，双向浮动。,1
受此推动， 国家外汇储备快速增长。,0
2017年以来，受经济回暖等影响，企业贷款需求旺盛，信贷扩张压力持续较大。,0
大力发展普惠金融，着力支持贫困地区经济社会持续健康发展和贫困人口脱贫致富。,0
积极支持证券公司做优做强，增强证券期货经营机构竞争力。,0
二是把保护知识产权作为鼓励创新的重要举措来抓。,0
房屋租赁价格涨幅远低于房屋销售价格和土地交易价格涨幅，第三季度涨幅为3.0%，比第一、二季度分别提高1.2和0.5个百分点。,0
近年来，随着人民币国际化程度持续提高，货币政策调控环境又发生了新的变化。,0
煤电油运供求形势总体宽松。,0
随着相关配套监管规则陆续出台，互联网金融行业已从“缺门槛、缺规则、缺监管”状态逐步走向法制化、规范化、阳光化发展轨道。,1
促进保险业支持经济结构调整和转型升级。,0
第一季度，全国规模以上工业企业利润总额同比下降36.7%，降幅较1-2月份收窄1.6个百分点。,1
生产价格低位运行。,1
半年末货币市场利率也保持了平稳，与公开市场操作利率的偏离较往年明显收窄。,1
其中，生活资料价格涨幅大体稳定，生产资料价格涨幅大幅提高。,0
商业银行金融债券发行量稳步增长。,0
受经济复苏动力趋缓和严重的地震海啸灾害双重影响，日本股市全年出现较大幅度下跌，日经225指数年末收于8455点，较上年末下跌17.3%。,1
票据融资余额回升，票据市场利率震荡下行。,1
近期货币扩张动力有所增强，M2增速已接近全年预期目标，预计未来一段时间 M2增速可能还会加快。,0
围绕“精准扶贫、精准脱贫”方略，推动金融机构发挥主体作用，精准对接融资需求，加强易地扶贫搬迁信贷资金筹集和管理，提高资金使用效率，扎实做好脱贫攻坚金融服务。,0
（二）国际金融市场概况2008年第三季度以来，受金融危机持续升级和全球增长放缓影响，国际金融市场动荡加剧。,1
担保债券购买计划对缓和金融市场紧张情绪、保持市场流动性发挥了一定作用，但对于抑制整个欧债危机发展作用有限。,1
二是第三产业吸纳就业的能力更强。,0
2、房地产行业随着宏观调控政策的贯彻实施，房地产开发投资进入稳步增长阶段，全国房屋销售价格涨幅趋于平稳。,0
农业生产再获丰收，夏粮单产创历史新高。,0
一般说来，中央银行资产增加的越多，负债方的基础货币增加的就越多。,1
对投资过热的治理必须采取总量政策，同时注意调控方式。,1
新兴经济体复苏相对强劲，但面临发达经济体实行量化宽松货币政策带来的资本流入和通胀压力。,0
月份后，受股票市场投资热情升高影响，增大了对流动性的需求，货币市场利率又出现一定上行。,0
适度增强公开市场操作利率弹性。,0
目前境内微观经济主体尚未完全树立财务中性理念，外汇市场容易出现“追涨杀跌”的顺周期行为和“羊群效应”，加剧市场波动。,1
生产价格降幅加深。,1
服务业继续恢复，现代服务业发展良好。,0
一是美元套利交易投资主体和领域更广。,1
受美国经济衰退预期增加、美联储连续降息等因素影响，近期美元贬值加速。,1
通货膨胀预期也出现回落。,1
部分新兴经济体通胀同样继续升温，3月巴西 IPCA、印度 CPI 分别同比上涨11.3%和7.0%。,0
（四）股票市场指数上涨，成交量和筹资额同比减少股票市场指数上涨。,0
债券市场收益率波动较大，国债收益率曲线上移。,1
国际油价快速下行带动能源价格明显回落，扣除能源的工业消费品价格由涨转跌，旅游出行等服务需求波动走弱，非食品价格涨幅由二季度的0.8%回落至三季度的0.2%。,1
金融部门要立足“三农”，大力发展农村金融。,0
全球大多数经济体货币对美元贬值。,1
2013年，金融市场继续健康发展，各项改革和发展的政策措施稳步推进，金融市场对促进经济转型和结构调整的作用进一步发挥。,0
收入分配结构持续改善，农村居民人均可支配收入名义增速和实际增速分别快于城镇居民2个、1.9个百分点。,0
为了对付紧缩，日本有可能采取更积极的货币政策和经济改革措施。,1
它表明公众对人民币汇率稳定的信心增强和本外币利差变化的影响。,0
“非典”疫情的冲击使服务业新增就业岗位明显减少，使原本就比较严峻的就业矛盾更加突出。,1
但也要看到，目前健康服务业发展尚处于初级阶段，与人民群众健康需求及经济社会协调发展要求之间还存在较大差距。,0
股票市场指数震荡下跌，成交量保持较快增长。,1
GDP 缩减指数有所回落。,1
三是资源、环境约束对产业发展形成较大制约。,1
保障房信贷增长放缓。,1
下半年，美国“财政悬崖”问题、希腊救助计划谈判和日本政局更迭的不确定性使全球主要股市加剧波动。,1
部分新兴经济体和发达经济体央行继续上调基准利率。,0
受近期资本市场波动较大和赔付支出较多影响，保险业总资产增长速度略有减缓。,1
展望未来，全球经济主要面临以下风险：一是欧债危机仍有蔓延的可能，是全球经济发展的最大不确定因素；二是伊朗核问题陷入僵局，地缘冲突可能导致高油价冲击；三是发达经济体宽松货币政策存在通货膨胀风险，可能导致资本流动波动性加大；四是新兴经济体增长速度普遍放缓。,1
分生产资料和生活资料看，生产资料价格和生活资料价格降幅均有所扩大。,1
对于成本推动型的CPI上涨，理论上不宜立即采取紧缩型的货币政策，要看外部冲击能否自然消除。,1
一方面，我国农业资源环境约束日益趋紧，开发利用难度大。,1
（一）主要经济体经济形势美国经济复苏态势增强。,0
银行间国债收益率曲线显著下行。,1
农村信用社改革取得重要进展和阶段性成果。,0
积极开展存款保险宣传和业务培训。,0
货物进出口快速增长。,0
第四，金融要支持农村市场的开拓。,0
加强市场基础性建设，为经济结构调整和转型升级提供高效的投融资市场。,0
贸易和投资增长压力较大。,1
企业商品价格（CGPI）下降1.6%，降幅与上季度持平，初级产品价格跌幅较大，投资品价格跌幅大于消费品。,1
进口商品结构良性变动，能源、资源产品和消费品进口快速增长。,0
主要资源类商品进口数量和价格有升有降。,1
为提振经济增长，一些新兴市场经济体则放宽了货币政策。,0
来新的风险。,1
二是完善对现代服务业等领域的金融服务。,0
美国经济下滑和日本经济衰退对中国经济的影响，主要通过国际贸易、资本流动、汇率渠道和市场预期四条途径进行。,1
多目标之间的权衡增加了货币政策操作上的难度。,1
2020年，在新冠肺炎疫情冲击和国内外经济复杂形势影响下，银行体系流动性供求变化的不确定性明显加大。,1
通缩局面有所改善，9月核心CPI同比上涨3.0%，剔除消费税率上调因素后为1%。,0
稳健的货币政策要精准有力，更好发挥货币政策工具的总量和结构双重功能，稳固支持实体经济恢复发展。,0
如果市场流动性减少过快，将会对金融市场乃至实体经济产生较大冲击；但如果市场流动性减少过慢，会滋生市场的投机行为以及助长通货膨胀的增加。,1
欧元区第三季度 GDP 增速为2.5%。,0
总体债务杠杆还在上升，国内区域经济分化较为明显，经济金融领域风险暴露有所增多。,1
中国船舶行业大而不强、复苏滞后的现状暴露了其发展过程中长期存在的问题，包括低端产能过剩， 高端产能不足，结构性产能过剩突出；关键部件的核心装备尚未形成品牌化和规模化，产业综合技术实力有待提升；船舶配套产业发展仍然滞后，生产效率亟待提高等。,1
（一）货币市场交易活跃，市场利率大幅下降银行间回购交易量增速大幅上升，拆借交易量快速增长。,0
第一季度，GDP 为11.9万亿元，实际增长率为7.7%，GDP 缩减指数（按当年价格计算的 GDP 与按固定价格计算的 GDP 的比率）变动率为1.7%，比上年同期回落1.3个百分点， 比上年全年回落0.1个百分点。,1
继续稳步推进金融企业改革，增强人民币汇率弹性，改进外汇管理，促进经济金融协调发展。,0
加强优质企业便利化政策宣传，支持更多信用好、能力强、有实需的银企享受便利化政策红利， 不断提升优质中小企业便利化政策覆盖面。,0
国际疫情仍处于较长的高峰平台期，地缘政治紧张局势抬头、部分国家间经贸摩擦日益深化，不稳定性不确定性较大。,1
钢铁企业整体亏损。,1
但当前经济生活中仍存在不少矛盾和问题，农业基础还不稳固，固定资产投资规模仍然偏大， 物价上涨面临较大压力。,1
此外，囿于铁路建设本身具有投资大、周期长及难以在短期内盈利等行业特征，近十年来中国铁路总公司负债逐年增长，对此亦须密切关注。,1
由于异地存款稳定性较差，积累的流动性风险易快速传染，不利于维护市场竞争秩序和金融体系稳定。,1
实到位，农村合作金融机构资产质量明显改善。,0
伦敦金属交易所铜现货当季平均价格同比下跌9.4%，跌幅比上个季度收窄12.3个百分点；伦敦金属交易所铝现货当季平均价格同比上涨1.6%，上个季度为下跌11%。,1
当前，中国汽车业进入转型升级、由大变强的战略机遇期。,0
当前我国经济继续向着宏观调控的预期方向发展，经济平稳较快发展的态势进一步巩固。,0
健全高效联通的多层次市场体系，培育多元化的合格投资者队伍。,0
总体看，2002年贷款多增加，反映了实体经济增长的内在需求，新增贷款投向符合信贷政策导向，贷款质量不断提高，金融机构盈利能力继续改善，贷款多增与经济发展的内在需求是适应的。,0
人民币国际化稳步推进。,0
工业生产恢复加快，装备制造和高技术制造业较快发展。,0
投资结构有所改善。,0
二是财政赤字和债务问题长期困扰经济增长。,1
日本经济持续复苏。,0
2020年第四季度以来，我国 CPI 降至零附近运行、个别月份为负，主要受疫情、猪肉价格波动、高基数等因素影响，2021年初还会受到春节错位的扰动，这些影响是短期、暂时的，待基数效应和供给扰动逐渐消退后，CPI 有望回升趋稳。,1
人民银行发挥最后贷款人作用，守住不发生系统性金融风险的底线。,1
同时，持续改革完善 LPR，着重提高 LPR 报价质量，更好发挥利率自律机制作用，维护理性有序竞争秩序，畅通利率传导渠道，为经济回升向好和高质量发展营造良好的货币金融环境。,0
加强对农村高风险金融机构的监测，做好金融风险防范与处置工作。,1
二是进一步完善全口径跨境融资宏观审慎管理，提高管理的有效性和覆盖面。,0
进口价格涨幅创近三年新高。,0
进一步完善金融服务，促进贸易、投资便利化。,0
工业生产价格降幅略有扩大。,1
新的“气候保护主义”值得警惕。,0
进一步发挥开发性金融作用，支持棚户区改造。,0
统筹金融支持实体经济与风险防范，稳步推动重点企业集团、中小金融机构等风险化解，保持金融体系总体稳定，守住不发生系统性金融风险的底线。,1
（五）国际经济形势展望影响未来全球经济增长的风险因素主要包括：美国次按风波走势不确定引发主要发达经济体经济放缓并对新兴市场经济体产生负面影响、全球通货膨胀压力上升、各主要经济体中央银行面临防止衰退和抑制通货膨胀的两难选择、美元持续大幅贬值、贸易保护主义抬头等。,1
金融危机以来高耗能行业加大了结构调整力度，淘汰落后产能， 大力推动节能降耗。,1
当前国内外环境复杂多变，外部环境不确定性上升、风险挑战增多，世界经济增长动能放缓，国内经济正处在结构调整转型的关键阶段，周期性矛盾和结构性矛盾相互交织。,1
3、市场利率继续回落。,1
在宏观调控各项措施的作用下，货币、信贷增长出现放缓迹象，但总体看依然偏快。,1
且在当前金融市场估值较高、市场波动较低的情况下，若货币政策正常化步伐过快，国际金融市场出现调整的概率将增加，不排除利率攀升和资产价格显著下降的可能性，由此对金融稳定造成一定冲击。,1
票据市场利率前三季度主要受到市场供求影响小幅震荡、略有下行，第四季度受年末因素影响小幅上升。,1
日本房地产业仍然保持低迷。,1
存款保险机制平稳运行，有效发挥存款保险防范挤兑、早期纠正、风险处置等核心功能。,1
银行体系流动性合理充裕。,0
一是流动性收紧加剧金融市场的调整，带动资产价格大幅波动，养老金、保险公司、对冲基金等非银行金融机构压力加大，部分财务状况较差的市场主体面临冲击。,1
（二）债券发行利率下行，发行量增加债券发行利率总体下行。,1
主要发达经济体国债收益率大幅下降，部分新兴市场经济体国债收益率显著走高。,0
四是部分新兴市场经济体短期内面临风险加剧的可能。,1
危机前，金融机构资本和拨备严重不足，财务信息披露不充分，“影子银行”业务逃离监管之外等现象普遍存在。,1
促改革和防风险方面的作用。,1
严格控制对高耗能、高排放行业和产能过剩行业的贷款。,1
初级产品价格跌幅较大，投资品跌幅大于消费品。,1
第四季度，受市场对美欧债务危机预期的震荡上扬。,1
对受疫情影响严重的企业到期还款困难的，可予以展期或续贷。,1
一般而言，利率变化具有自动调节资金供求的作用，从需求方面看，若经济主体感到融资成本过高，融资需求就会下降，货币信贷增长放缓，利率会随之回落，进而形成新的均衡。,1
进一步完善市场机制，更加充分发挥市场在资源配置中的基础性作用。,0
既要防止金融风险蔓延，也要防止出现道德风险，守住不发生区域性系统性风险的底线。,1
尽管也面临增长放缓压力， 但一些发展中经济体迫于通胀和货币贬值压力而不得不加息。,1
IT产业迅速发展已成为国民经济的重要支柱和先导产业。,0
产权制度改革进展顺利。,0
改变单纯依赖信贷资产扩张的局面，进一步优化存量资产经营方式，提高增量资产配置效率，加快发展中间业务，全面提高竞争能力和持续盈利能力。,0
二是加大了主要货币汇率波动的不确定性。,1
但并不意味着同时退出。,1
政府加大对文化产业的扶持和推动，财政资金发挥引导和示范作用。,0
有序推进人民币国际化，进一步扩大人民币在跨境贸易和投资中的使用，深化对外货币金融合作，发展离岸人民币市场。,0
继续推进生产要素价格形成机制改革，提高和强化环保及劳动保护标准，促进经济发展方式转变。,0
六是培育经济新动能。,0
负利率政策对消费、投资和通胀的提振作用有待观察。,1
智利比索、瑞典克朗、 印度卢比等货币对美元汇率升值幅度超过5%。,0
利率互换市场有序发展。,0
四是账户服务持续优化。,0
一些发达经济体主权信用下降，公共债务风险较高。,1
这些都增大了宏观政策面临的挑战和实施的难度。,1
（四）国际经济展望及面临的主要风险全球经济增长前景存在较大不确定性，预计2013年仍将保持低速增长。,1
稳慎扎实推进人民币国际化，进一步扩大人民币在跨境贸易和投资中的使用，深化对外货币合作，发展离岸人民币市场。,0
随着政策效果退去，全球经济面临一定下行压力。,1
金融宏观调控取得成效，金融平稳运行。,0
鉴于此次全球性金融危机的根源复杂、波及范围广、破坏程度严重，目前出现的部分正面信号是否意味着经济衰退已经结束尚待观察。,1
M1增速明显回升，与经济稳定增长的态势基本一致。,0
外汇市场交易主体进一步扩展。,0
居民消费价格指数（CPI）同比下降1.1%，比第一季度降幅加大0.5个百分点。,1
2011年第一季度，印度、巴西、俄罗斯、韩国、泰国、印尼、 越南、菲律宾、瑞典、波兰、匈牙利、秘鲁、以色列等经济体相继加息，抑制国内通胀压力。,1
贸易顺差仍将维持较高水平。,0
构建防范跨境资本流动冲击的体制机制。,1
美国经济增长强劲，欧元区经济缓慢复苏，日本经济复苏势头明显，亚洲和拉美地区的主要新兴市场经济体依然保持较旺盛的增长势头。,0
引导货币市场利率中枢下行。,1
固定资产投资稳步回升，高技术产业投资增长较快。,0
2011年9月份以后，全球经济复苏的不稳定性和不确定性再度增大，特别是欧债危机进一步加剧。,1
（四）优化信贷期限结构，提高金融机构风险防范能力继续完善信贷期限结构错配监测指标体系，建立对重点行业、 重点企业、重点地区信贷集中状况以及信贷风险动态评估监测制度， 及时发布预警信息，防范系统性金融风险。,1
从面临的风险和挑战看，影响国内经济运行的不确定性因素较多。,1
利率互换交易快速增长。,0
加强全方位监管，规范各类融资行为，抓紧开展互联网金融风险专项整治，切实发挥好地方政府在防范化解金融风险、打击金融犯罪、维护地方金融和社会稳定中的作用。,1
（二）稳步推动黄金市场创新发展根据市场需求积极推进黄金市场产品创新。,0
三季度末城镇登记失业率为4.05%， 保持在较低水平。,1
钢铁企业库存压力加大，钢铁市场风险增加。,1
具体来讲，一是，受美国次贷危机影响，国外需求增长减缓，消费需求也受到一定程度影响。,1
一方面欧洲主权债务危机造成全球股市、汇市和债市的大幅波动，尤其是在金融市场信心相对脆弱的时期，还可能引发系统性风险；另一方面各国同步加强财政整顿的叠加效应可能加剧欧洲国家的经济困境并制约全球需求的回升。,1
受益于个人消费支出提升、制造业回暖和联邦政府支出增长等因素支撑，第二季度美国 GDP 增速环比折年率升至2.6%。,0
2022年，我国经济受到新冠肺炎疫情、国际局势变化等多重超预期因素冲击，需求收缩、供给冲击、预期转弱的三重压力持续演化， 同时国际地缘冲突加剧，世界经济下行风险加大，发展环境的不确定性上升。,1
受能源、食品价格大幅走高影响，6月欧元区 HICP 同比上涨2.7%，连续7个月高于欧央行2%的通胀目标。,0
传统经济理论认为，货币政策是短期的总量政策，难以有效调整经济结构。,1
出口增速高位回落，进口增速明显加快，但出口增速仍高于进口增速，贸易顺差继续扩大。,0
网上零售增势强劲。,0
二是在技术不断创新和全球对高技术产品需求增长的带动下，高技术制造业市场规模也将进一步扩大。,0
钢材生产成本上升幅度较大。,0
煤电油运供求形势总体宽松。,0
进一步完善扶贫贴息贷款的运行模式。,0
国际货币市场利率波动幅度有所加大。,1
日本经济稳步回升。,0
二是利率上升加大了非金融企业偿债压力，实体部门风险或向金融部门传导。,1
（二）国际金融市场概况主要货币间汇率宽幅波动，美元持续走弱。,1
“三农”问题的核心是增加农民收入，实现途径是培育和完善农村要素市场、推动农村劳动力转移，保持农业持续稳定发展。,0
负债结构和期限结构的复杂化，也会导致金融机构对流动性的变化更为敏感。,1
进一步完善利率结构。,0
GDP 缩减指数回落。,1
继续严格执行差别化的各项住房信贷政策，支持保障性住房、中小套型普通商品住房建设和居民首套自住普通商品房消费，坚决抑制投机投资性购房需求。,1
（三）票据融资增长放缓，利率小幅震荡票据承兑业务有所下降。,1
2.高耗能行业高耗能行业一般是指钢铁、有色、建材、电力、石油加工及炼焦、 化工等六大行业。,1
美、德国债收益率水平震荡，日本国债收益率持续下行。,1
（二） 股票市场继续反弹2004年一季度全球主要股市继续上扬。,0
世界经济对美国经济过分依赖的状况不会有根本改变。,1
上半年，银行间市场国债收益率曲线总体呈现下移走势。,1
下调金融机构存款准备金率和超额存款准备金利率，支持实体经济发展。,0
欧元区经济下行风险增加。,1
服务业持续增长，现代服务业发展良好。,0
伦敦金属交易所铜现货当季平均价格同比下跌10.9%，环比上涨3.9%；铝现货当季平均价格同比下跌1.8%，环比下跌1.9%。,1
信贷结构持续优化。,0
受国际大宗商品价格下降影响，进口价格降幅扩大。,1
德国、葡萄牙、比利时、丹麦等国家房地产市场陷入低迷。,1
首先，油价下跌主要影响供给面，并不意味着最终需求下降。,1
维护外汇市场健康秩序。,0
美日的高债务问题也可能降低其潜在经济产出并加剧中长期通胀和货币贬值压力。,1
这种调控的代价，与以往的调控方式带来的种种问题相比，是相对较小的。,1
大多数新兴市场经济全面放缓， 并笼罩在一种低迷的阴霾之中。,1
第一季度，受债券供给增加、物价涨幅有所上升以及美联储推迟加息等因素叠加影响，债券市场收益率总体维持区间震荡走势。,1
今年以来，我国克服了伊拉克战争和“非典”疫情带来的负面影响，保持了经济增长的趋势。,1
近期，国务院推出深化增值税改革等多项减税举措，预计全年将减轻市场主体税负超过4000亿元，减税力度高于上年，有助于激发企业生产投资活力。,0
防范化解金融风险取得新成效。,0
严格控制对“两高一剩”行业的贷款，促进产能过剩矛盾化解。,1
继续严格执行差别化的各项住房信贷政策，支持保障性住房、中小套型普通商品住房建设和居民首套自住普通商品房消费，坚决抑制投机投资性购房需求。,1
新兴市场经济体表现继续分化。,0
但在全球货币条件较为宽松、经济总体复苏的大背景下，国际初级产品价格呈上升态势，伴随国内经济持续较快回升，市场信心逐步增强，我国价格上行的压力也在增加。,0
美元指数震荡上涨，日元、欧元对美元贬值。,1
居民消费价格同比涨幅低于上年，年末有所回升。,0
二是保持对地下钱庄违法犯罪活动及其交易对手的高压打击态势，严厉打击网络炒汇违法犯罪活动，联合多部门合力打击外汇违法违规行为。,1
一是外部价格传导、国内供给约束等因素对价格形成的冲击短期内难以改变。,1
工业品出厂价格涨势平稳，原材料、燃料、动力购进价格涨幅持续回落，两者涨幅差距进一步缩小。,0
开展非现场检查和专项检查，加大对大案要案和地下钱庄的打击力度。,1
固定资产投资增速由负转正，高技术产业和社会领域投资持续回升。,0
"进口增长趋缓,主要是原油、钢材、汽车等产品进口量下降；出口增加较快，与高耗能、高污染和资源性产品出口增长较快有关。",1
我国金融机构对硅谷银行风险敞口小，硅谷银行破产对我国金融市场影响可控。,1
疫情后跨境旅游、海外留学购汇需求也明显增加。,1
东部地区体制渐与国际接轨，特别是入世后这一进程进一步加快，先行、先发优势更明显。,0
此外，疫情冲击带来的金融风险存在一定时滞，未来不良贷款有上升压力。,1
疫情、通胀和发达经济体货币政策调整仍是全球经济的三大不确定性。,1
但是，客观上利用外资形势趋好。,0
进出口降幅明显收窄。,1
三是日本经济下行压力增加。,1
由于外部需求增长减弱，国内市场需求将受到一定抑制，可能对投资产生影响。,1
国债收益率下行。,1
六是有效防范系统性金融风险，切实维护金融体系稳定。,1
适时调整外汇风险准备金率。,1
（一）货币市场交易活跃，利率波动走高银行间回购、拆借市场交易活跃，成交量大幅增加。,0
二是长期低利率环境可能扭曲资产价格，降低风险溢价，造成风险累积，不利于金融稳定。,1
完善利率走廊机制，提高央行对市场利率的调控和传导效率。,0
一是深入开展金融精准扶贫。,0
推进外汇管理便利化改革，支持实体经济健康发展。,0
欧元区物价全年维持低位，12月综合物价指数（HICP）同比仅增长0.8%。,1
二是高技术产业投资回升较快。,0
从各个方面汇总的情况看，当前商业银行内部评级考虑的主要因素有：地方行政干预的程度，不良资产比率，信用环境，在处置不良资产时能否在保证处置效率的同时保护债权人的利益，地方在司法、执法方面的力度以及对债权人的实际保护情况，各地在处理企业和金融机构关闭破产过程中的具体做法，对再贷款的偿还进度等。,1
促进优质企业贸易外汇收支便利化政策扩面提质。,0
尽管失业率已连续小幅走低，但地震后能否延续回落态势有待观察。,1
劳动力市场接近充分就业，失业率保持低位，但也存在老龄化、劳动人口短缺等结构性问题。,1
密切跟踪系统重要性银行经营边际变化，加强对典型风险和薄弱环节的监测分析。,1
也要看到，各方感受到我国仍存在一定就业压力，主要与就业的结构性矛盾比较突出有关。,1
从2014年以来的情况看，贷款利率和企业债券利率有所下行，整体融资成本较上年末稳中略降，但部分企业特别是小微企业融资不易、成本较高的结构性问题较为突出。,1
主要发达经济体通胀走高，美联储已开启缩减购债进程，全球跨境资本流动和汇率波动加大、金融市场估值调整的风险上升。,1
5、GDP 缩减指数低于上年同期。,1
虽然近几年贷款增加较多，但仍无法弥补资金缺口。,1
全年票据市场利率总体平稳，呈先升后降趋势。,1
金融机构超额准备金率为2.4%。,0
全年，人民币汇率以市场供求为基础，对一篮子货币汇率有所贬值。,1
在我国，很多企业在生产经营活动中不太考虑外部不经济，也不对自身制造的污染付成本，因此往往低估生产成本而进行过度投资。,1
加强市场基础性建设，为经济结构调整和转型升级提供高效的投融资市场。,0
欧元区三季度 GDP 环比增长2.2%，但消费增长也出现放缓迹象。,1
一方面应以促进经济结构转型为着力点，大力发展增加就业较多的服务业和先进制造业，优化经济结构和就业结构； 另一方面需完善劳动保障制度，优化教育结构，加大职业技能培训力度，提高劳动者就业能力。,0
从3月起，全球经济复苏预期增加使避险需求减弱，加之各界对美国大规模财政赤字和超宽松政策影响美元长期稳定性的担忧加剧，美元有所贬值。,1
近期，新冠肺炎疫情和乌克兰危机导致风险挑战增多，我国经济发展环境的复杂性、严峻性、不确定性上升。,1
美欧通胀继续回落。,1
人民银行监测的企业商品价格 （CGPI）同比下降5.9%，降幅比上个季度收窄1.6个百分点。,1
（一）房地产业发展对经济增长的贡献1998年以来，房地产业的发展对中国经济保持持续增长起到了举足轻重的作用。,0
汇率是在外汇市场上一国货币与他国货币相互兑换的比例，除受各国通货膨胀率变动的影响外，主要由外汇市场的供需关系所决定，并随本国的国际收支状况、利率、经济增长、甚至政策干预、投机炒作、资本流动等诸多因素的变动而波动。,1
对于产能过剩行业，根据“区别对待、不搞一刀切”的原则，督促金融机构按照 “消化一批、转移一批、整合一批、淘汰一批”的要求，改进和强化信贷管理。,1
中国人民银行进一步完善宏观审慎政策框架，更好地发挥逆周期调节作用。,0
5但目前我国水的生产和供应业也存在两个方面的问题，一是经营效率较低，相当多的企业出现亏损。,1
2011年初，基于对国际金融危机教训的总结，中国人民银行引入差别准备金动态调整机制。,1
三是发布《中国证监会关于支持绿色债券发展的指导意见》，引导证券交易所债券市场进一步服务绿色产业健康有序发展，助推我国经济发展方式转变和经济结构转型升级。,0
2020年疫情冲击下，我国经济增长一度明显放缓，宏观杠杆率出现阶段性上升。,1
打击“地下钱庄”等违法违规外汇交易活动。,1
对外贸易大幅下降。,0
加快培育市场基准利率体系，引导金融机构增强风险定价能力，积极探索进一步推进利率市场化的有效途径。,0
一是绿色信贷保持快速增长。,0
坚持市场化、法治化原则，完善债券违约风险防范和处置机制。,1
受债务危机影响，欧元区经济整体疲弱。,1
继续实施适度宽松的货币政策，把握好政策实施的力度、节奏和重点，保持政策的连续性和稳定性，根据新形势新情况着力提高政策的针对性和灵活性，提高金融支持经济发展的可持续性，维护金融体系健康稳定运行。,0
拉美和亚洲新兴市场经济体总体保持强劲的增长。,0
新冠病毒尚在变异发展，疫情反弹的可能性持续存在。,0
此外，运输市场中，过高的路桥通行费已成为物流业改革的难点，根据中国物流与采购联合会的统计，路桥通行费已占物流企业运营总成本的三分之一。,1
6月，贷款加权平均利率为4.93%，创有统计以来新低。,1
受2008年金融危机的严重冲击，主要发达经济体复苏缓慢，失业率居高不下，发达经济体中央银行相继下调政策目标利率并维持在历史最低水平，但经济仍未有明显起色，美日还面临通货紧缩的威胁。,1
推动债券指数公募基金发展。,0
当前要高度关注固定资产投资增长过快、对外贸易结构性矛盾突出、流动性过多以及全球经济失衡可能给我国带来的风险。,1
贷款周转速度加快，质量明显提高。,0
上半年，居民消费价格（CPI）同比上涨7.9%，涨幅比上年同期提高4.7个百分点。,0
日本银行货币政策进一步宽松。,0
西部地区在改进经济增长方式上还大有可为。,0
服务业持续较快恢复，接触型聚集型服务业和现代服务业带动作用增强。,0
（二）债券发行利率回落，发行量和交易量增加债券发行利率回落。,1
（三）价格水平维持温和上涨居民消费价格涨幅相对平稳。,0
例情况加强了跟踪监测，研究建立存贷期限错配预警监测体系，以控制商业银行中长期贷款比例过高问题，预防可能出现的流动性风险和利率风险。,1
（二）完善证券市场基础性制度建设多层次资本市场建设取得新进展。,0
四、夯实农村金融基础设施，为提升农村金融服务水平创造良好环境。,0
境外宽松货币政策的溢出效应值得关注。,0
消费增速加快，农业生产稳定发展、经济效益继续提高、人民生活进一步改善。,0
美英等国债收益率有所上行。,0
经济结构调整的亮点逐步显现。,0
继续加强外汇、外债管理，及时完善相关政策和监管手段。,0
一季度末，我国规模以上工业企业已接近全面复工，全国多地餐饮、酒店等企业也陆续恢复营业，交通物流进一步恢复。,0
但要看到，这些是发展中、转型中的问题，既要坚持底线思维，也要坚定发展信心。,0
持续做好普惠金融工作。,0
全球主要股市震荡大幅下跌。,1
生产者价格指数（PPI）涨幅高于去年。,0
一是投资有望继续保持快速增长。,0
（一）美国经济大幅下滑，日本经济继续衰退，欧元区经济缓慢减速2000年下半年，美国经济增长大幅下滑，季度经济增长由二季度的5.6%， 下降到三季度的2.2%和四季度的1%。,1
债市收益率上行。,0
进出口增速由负转正。,0
当前我国经济发展仍处在企稳回升的关键时期。,0
票据融资增长较快，票据市场利率低位震荡。,1
欧元区第四季度 GDP 同比下降5.1%，降幅较第二季度收窄9.6个百分点，但较第三季度小幅扩大0.8个百分点，全年 GDP 同比下降6.8%。,1
大宗商品价格总体呈回升态势。,0
三是法人治理取得初步成效。,0
完善证券公司及上市公司监管制度体系。,0
若货币政策失之于紧，虽然可以比较有力地控制新增债务，但也可能导致存量债务兑付压力过大，造成信贷、债券市场等偿付紧张。,1
（四）推动外汇市场、黄金市场发展大力发展外汇市场。,0
部分新兴市场经济体经济有所企稳，结构调整与转型压力依然存在。,0
总体看，要实现改革目标，任务仍然十分艰巨。,1
此外，未贴现银行承兑汇票波动较大。,1
商品房成交量企稳回升，销售面积和销售额均实现同比增长。,0
存货可以用于平滑生产的波动，避免销售的下降，此外，在低价位增加存货还可以进行投机。,1
加强非现场监督能力建设，继续严厉打击地下钱庄、跨境赌博等非法金融活动，重点查处虚假欺骗性交易，有力维护外汇市场良性秩序。,1
保险总资产增长减缓。,1
一是发布存托凭证跨境资金管理办法，支持科创板健康发展，配合推动“沪伦通”落地。,0
2005年以来，我国外汇管制逐步放宽，外汇市场建设不断加强，市场工具逐步推广，金融领域改革已经取得了实质性进展；宏观调控成效显著，国民经济继续保持平稳较快增长势头；世界经济运行平稳，美元利率稳步上升。,0
（四）促进外汇市场健康发展完善银行结售汇头寸管理。,0
鼓励先进技术、重要原材料、关键设备进口，建立健全进口促进机制，同时，适当放宽市场准入，进一步扩大服务贸易的对外开放，加大知识产权保护和技术引进力度，缓解经常项目贸易顺差增长。,0
中国人民银行2018年第一季度企业家及银行家问卷调查显示，宏观热度指数、信心指数环比、同比均进一步提高；城镇储户问卷调查显示居民就业预期指数进一步改善。,0
完善系统重要性金融机构监管框架。,0
一是信息产业持续快速发展。,0
一是流动性与盈利性等经营指标的平衡性有待加强。,1
广义货币和社会融资规模增速高于去年，金融对实体经济保持了较强的支持力度。,0
新冠肺炎疫情再次反弹，经济复苏前景面临新的挑战。,0
加快小城镇建设对于汽车和房地产业持续快速增长，促进产业结构调整、增加就业、加快农村剩余劳动力转移、提高农民收入、开拓农村消费品市场，促进国民经济实现可持续发展具有重要的战略意义。,0
高利率下通胀压力依然存在。,1
石油价格、能源安全和主要货币间汇率波动等不确定因素仍是近期的主要风险。,1
近期的风险仍在于石油价格和能源安全问题。,1
在软约束和结构性矛盾较为突出的环境下，货币政策的作用和传导也会受到影响，需要兼顾和应对的矛盾更多，既要促进经济平稳运行，也要防止过度“放水”固化结构扭曲、 推升通胀和债务水平。,1
5月下旬以来相关利率指标整体呈下行趋势。,1
一是加强改进金融服务，积极支持工业稳增长调结构增效益。,0
立足国情，加快建立完善养老服务体系，迫切要求改进和创新金融服务，加大金融支持力度，增加社会养老财富储备，保障“老有所养”战略目标顺利实现。,0
我国农村人口众多，农业生产率水平低，农村基础设施和公共服务落后，需要政府和财政在公共服务、基础设施和社会事业等方面加大投入力度。,1
房地产贷款增速持续下降。,0
国际主要债券市场收益率窄幅波动，总体保持在较低水平。,1
在流动性偏紧的状态下，商业银行超额准备金总是保持在最低水平。,1
健全金融风险问责机制，对重大金融风险严肃追责问责， 有效防范道德风险，坚决守住不发生系统性金融风险的底线。,1
虽然目前欧债危机出现一些积极进展，但市场仍担心存在两种尾部风险，一是西班牙形势逆转并被迫接受全面救助的可能性，二是希腊退出欧元区的可能性。,1
适度增强公开市场操作利率弹性，进一步加强对通胀预期的管理。,0
受资金流出、需求不振影响，日本房价持续走低。,1
其中，生活资料价格涨幅相对稳定，同比上涨0.9%，涨幅与上季度持平；生产资料价格同比下降1.33%，上季度为上涨0.4%。,0
三是外贸韧性较强。,0
由于外部融资环境及本地区经济前景恶化，中东欧部分国家一度陷入严重的债务困境。,1
2012年第二季度，随着西班牙银行业危机浮出水面，欧洲应对危机政策的焦点开始转向银行业问题。,1
投资规模继续扩大，高技术产业投资持续较快增长。,0
近十年来，汽车行业实质性推进供给侧结构性改革，以提高供给质量为主攻方向，以全面提高产品和服务质量为中心任务，结构调整和转型升级取得了积极成效，国产化率和进口替代率持续上升。,0
但是，储蓄高增长在一定程度上制约了最终消费的实现，使银行体系运行的压力和风险加大。,1
人民币对欧元、日元等其他国际主要货币汇率多数贬值。,1
适应高质量发展的内在需要，注重引入激励相容机制，创新和运用结构性货币政策工具，引导金融机构加大对符合新发展理念相关领域的支持力度。,0
另一方面，推动餐饮业信息化智能化深入发展，培育更多规模化连锁品牌， 改进服务质量和管理水平，增强企业竞争力。,0
三是要求金融机构坚持信贷原则，有效防范和控制信贷风险。,1
国际金融危机爆发后，对危机的起因一度存在争论，不过经过两次国际金融峰会的讨论，各方在这个问题上已更多形成共识，正如G20伦敦峰会公报所指出的，金融业和金融监管措施的重大失误，是导致当前危机的根本原因。,1
今年上半年，受伊拉克战争和“非典”疫情影响，世界经济增速放慢，低于预期，国际组织纷纷下调世界经济增长率。,1
地缘政治冲突升级风险仍存，保护主义、单边主义抬头，或进一步影响全球经济秩序。,1
受消费税上调前抢先消费和私人投资扩张的影响，第一季度 GDP 环比折年率增长6.7%，创两年半以来新高。,0
金融机构普遍认同。,0
管制利率时期，金融机构缺乏贷款定价的自主权。,1
农村信用社资金实力明显增强，支农力度进一步加大。,0
受次贷危机影响，海外资金大量撤出日本房地产市场，其国内金融机构融资态度也变得谨慎，再加上国内经济出现衰退迹象，第三季度日本房地产市场明显降温。,1
（三）各种价格同比增幅平稳回落，但通胀压力依然存在居民消费价格指数（CPI）同比涨幅继续平稳回落。,1
首先，原燃材料价格持续高企。,0
全国一般公共预算支出11.6万亿元，同比下降5.8%，降幅与第一季度基本持平。,1
房地产贷款增速小幅回升。,0
人民币对国际主要货币汇率有所升值。,0
（四）财政支出增长加快，就业形势保持稳定财政收入增长放缓。,1
同时，在基数效应消退的推动下，PPI 同比降幅有所收窄。,1
着力完善存款保险制度功能。,0
规范债券登记、托管和结算业务，保护投资者合法权益，防范相关业务风险。,1
建立健全金融市场基础设施的统筹管理框架，进一步加强市场基础设施建设，确保金融市场整体稳定和安全高效运行。,0
同时，加强反洗钱工作，整顿和规范外汇市场秩序。,1
持续深化开发性、政策性金融机构改革。,0
但中国自主品牌轿车以低端市场为主，产销量占比不高。,1
除了地缘政治冲突、能源短缺、通胀高企外，货币政策收紧对经济下行也有影响， 主要发达经济体快速加息的紧缩效应具有滞后性和累积效应，对全球经济增长的拖累可能超出预期。,1
下一步，人民银行将继续完善气候风险敏感性压力测试方法，拓展测试覆盖行业范围，并探索开展气候风险宏观情景压力测试。,1
在美联储货币政策正常化持续推进、加息时点难以准确判断、美元指数走势有较大不确定性及诸多经济体陆续调整货币政策的情况下，国际资本流动的不确定性仍然较大。,1
一是城乡信息通信基础设施建设和应用不完善。,1
2018年以来，全球经济总体延续复苏态势，但受全球贸易摩擦及金融环境变化等影响，下行风险逐渐累积，同步性有所减弱。,1
如，防火墙建设任重道远；银行部门风险不容小觑，银行业去杠杆化进程依然缓慢，信贷活动疲弱；财政联盟仍需长期推进； 政府债务仍在攀升以及结构性失衡问题短期内难以解决等。,1
五是有效防范系统性金融风险，维护金融体系稳定。,1
一是融资环境持续改善。,0
加快发展外汇市场，推动汇率风险管理工具创新。,0
2013年以来，部分新兴市场经济体经济增长放缓，其中一些国家国际收支恶化、 外汇储备减少、财政和债务状况严峻。,1
从生产资料和生活资料分类看，生产资料价格下降6.7%，降幅比上年扩大4.2个百分点；生活资料价格下降0.3%，降幅比上年扩大0.3个百分点。,1
同时，加快结构调整，着力扩大内需。,0
金融部门主动作为，积极采取多种措施支持养老产业高质量发展。,0
提升支持科技创新金融服务水平。,0
但也必须高度重视商业银行资产负债期限错配可能带来的风险，尤其是在全球通胀压力上升的情况下，如果市场利率水平发生变化或出现逆转，金融机构可能会面临一定的流动性风险和利率风险。,1
当前外部环境复杂多变，全球经济复苏充满挑战和变数，对我国经济产生外溢影响，同时，国内需求不足，部分企业生产经营困难，群众就业增收面临压力，风险隐患仍然较多。,1
同时，针对贷款投放过快的情况，人民银行及时对商业银行进行了窗口指导。,1
工业生产加快回升，企业利润降幅减缓。,1
东亚和拉美地区主要股市亦出现不同程度的下跌。,1
（五）就业形势总体稳定城镇调查失业率有所回落。,1
欧元区经济稳步增长。,0
一是继续培育金融市场基准利率体系。,0
用好碳减排支持工具推动绿色低碳发展。,0
民间投资增势较好， 国有企业投资增长乏力。,1
消费品价格涨幅回升，服务价格涨幅回落。,0
随后西亚和北非局势动荡、日本地震导致避险需求增加，收益率逐步回落。,1
第二，网上零售获客成本与物流成本增加。,1
大力发展资本市场是完善货币政策传导机制的重要方面。,0
第三季度，全球经济延续复苏态势，经济持续扩张，通胀总体温和。,0
部分小微金融机构与互联网企业在业务系统升级、数据挖掘、精准营销等方面开展深入合作，取得积极成效。,0
消费品价格同比上涨0.7%，涨幅比上季度高0.2个百分点；服务价格同比上涨3.1%， 涨幅比上季度高0.2个百分点。,0
在非常规经济政策的作用下，2009年以来，全球经济出现探底企稳迹象，部分新兴市场经济体开始复苏。,0
证券投资基金发展较快。,0
4月27日，人民银行、银保监会、 证监会、外汇局联合发布《关于规范金融机构资产管理业务的指导意见》（以下简称“资管新规”），按照产品类型统一监管标准，核心在于弥补监管短板、治理市场乱象、防范系统性风险。,1
银行间债券市场现券交易活跃。,0
十是完善绿色金融政策体系， 大力发展绿色信贷。,0
2020年6月23日，银保监会发布《关于开展银行业保险业市场乱象整治“回头看”工作的通知》， 对保险机构的市场乱象整治工作重点予以明确。,1
总的来看，新兴市场经济体基本面较为脆弱，考虑到美联储 QE 退出等不确定性因素，个别经济体短期内风险可能上升。,1
风险控制。,1
二是部分新兴市场经济体可能面临严峻的经济下行压力。,1
一是严格规范保险销售行为，防止片面不实宣传，要求保险机构和人员不得夸大产品功能、虚假承诺、错误解读监管政策。,1
稳妥有序推进重点风险项目和重点领域风险处置，按照市场化、 法治化原则，支持中小银行风险处置。,1
当前仍存在一些潜在需求巨大、但有效供给受到严重抑制的问题，如社保体制不完善和消费产品升级跟不上抑制了家庭消费增长，服务业受制于过度管制发展不足，市场优胜劣汰机制难以发挥作用，不利于资源优化配置和新动力的形成， 民营经济发展和经济内生增长动力尚显不够。,1
展望未来一段时期，经济持续健康发展的有利条件较多。,0
推动实现个人用汇双向便利。,0
一是制造业贷款比重触底回升。,0
南非经济第三季度略有起色，但失业率仍居高不下。,1
农村信用社改革取得重要成果。,0
至此，我国大型国有银行股份制改革基本顺利完成。,0
中国仍处于经济扩张和转型阶段，一直以来经济主体对资金的需求都比较强。,0
加快发展现代物流业， 对于促进产业结构调整、转变发展方式、提高国民经济竞争力具有重要意义。,0
一是房租大幅上涨主要集中在部分一、二明显。,0
执行好差别化房贷政策，促进房地产市场健康平稳发展。,0
（一）主要经济体经济状况美国经济复苏动能增强。,0
GDP 缩减指数降幅缩小。,1
二是委托贷款和信托贷款负增长的势头明显减缓。,1
投资稳定增长，结构调整优化。,0
民粹主义热度有所下降，但相关风险仍需高度关注。,1
一是继续培育金融市场基准利率体系。,0
指导和督促金融机构以完善创新担保方式为突破口，积极探索适合服务产业发展特点的信贷产品和服务方式。,0
工业生产增长平稳，产销衔接状况良好。,0
实际利率随之快步走低(参见下图)。,1
煤炭行业利润继续高速增长，增幅有所回落。,1
农村居民收入增长快于城镇居民，城乡收入分配结构持续改善。,0
二是保持对地下钱庄违法犯罪活动及其交易对手的高压打击态势，严厉打击网络炒汇违法犯罪活动，联合多部门合力打击外汇违法违规行为。,1
四是助力贸易新业态创新发展。,0
三是协同促进经济结构调整优化。,0
促进优质企业便利化政策扩面提质。,0
第扩大利率浮动区间等因素影响，各期限国债收益率明显下行，国债收益率曲线陡峭化下移。,1
欧债危机对核心国家和实体经济的影响继续深化，欧元区经济较为疲弱。,1
受需求持续萎缩影响，纺织行业生产增速下降，但降幅有所收窄。,1
进出口价格上升，进口价格涨幅远高于出口价格涨幅。,0
促改革和防风险方面的作用。,1
2011年是“十二五”开局之年，各地发展热情较高，投资动力较强，前期出台的振兴战略性新兴产业，加快保障房建设和棚户区改造，鼓励和引导民间投资等政策措施和各项区域发展战略正在发挥作用，加之国内市场潜力巨大， 消费升级和城镇化都在发展过程中，收入分配改革力度加大，转变发展方式和调整经济结构步伐加快，总体看经济持续增长的动能较为充足。,0
7月2日，中国人民银行取消银行对客户美元挂牌买卖价差管理。,1
（三）各项价格指数平稳回落1、居民消费价格指数（CPI）同比涨幅平稳回落。,1
但消费领域的部分指标稍显脆弱。,1
未来价格上行风险有所加大，价格稳定面临潜在压力。,1
此次 MLF 和公开市场操作中标利率下降，体现了货币政策主动作为、靠前发力，有利于提振市场信心，推动企业综合融资成本稳中有降。,0
但考虑到国际收支顺差矛盾持续积累后有向物价上涨扩散的趋势，综合国内外因素判断，当前物价上涨并非仅受偶发或临时性因素影响， 通货膨胀风险趋于上升。,1
密切关注房地产市场变化，推动房地产金融健康发展。,0
近三年来受疫情影响，我国消费动能进一步放缓。,1
例如，硅谷银行风险爆发后， 签名银行（Signature Bank）遭遇挤兑，3月12日被 FDIC 接管。,1
一是提升供给侧结构性改革和制造业高质量发展金融服务。,0
健全系统性金融风险的防范预警和评估体系，继续加强对产能过剩行业、地方融资平台贷款、房地产市场、 各类影子银行业务、企业互保联保等风险领域的监测分析，动态排查风险隐患，督促金融机构及有关方面做好各种情景下的应对预案。,1
市场物价仍在低位运行。,1
PPI回升一定程度上反映了去产能取得积极进展、经济景气回升，也有助于防止通缩预期，改善企业利润。,0
全球主要股市持续上行。,0
一是加剧了煤电油运供求矛盾。,1
完善保险保障基金制度建设。,0
人民银行监测的企业商品价格（CGPI）同比下降2.2%，比一季度低1.6个百分点，比上年同期低8.0个百分点。,1
钢材价格全面下跌，处于低位盘整阶段。,1
加强债券市场市场化、法治化、国际化建设，以发展促创新，提升债券市场服务实体经济能力。,0
（三）票据融资降幅趋缓，利率小幅震荡票据承兑业务降幅趋缓。,1
当然， 部分民企治理机制不健全，财务制度不规范，过度融资投资、过度多元化，也导致企业财务杠杆较高，抗风险能力较弱。,1
近两年来， 货币市场利率与公开市场操作利率的偏离程度明显收窄。,1
推进保险业参与养老第三支柱建设。,0
加强对外汇领域购付汇真实性审核，遏制外汇资金异常流动。,1
商业银行不良贷款反弹压力加大是经济结构调整加快、部分企业利润下降在金融领域的直接体现， 但中国商业银行不良贷款率与世界主要经济体相比仍处在较低水平。,1
2.电子信息产业信息技术是当今经济社会发展的重要驱动力，电子信息产业是国民经济的战略性、基础性、先导性产业，发展前景广阔。,0
一是分类统一标准规制，逐步消除套利空间。,1
对于外汇风险， 可以通过合理选择对外经济活动的货币，合理运用外汇避险工具，保持外币资产与负债币种的匹配等方式加以规避。,1
持续的信贷紧缩将对非金融企业日常运营、投资规划和居民的信贷消费产生不良影响，从而抑制实体经济和就业增长，而经济低迷又将阻碍银行业复苏。,1
保险业总资产稳步增长。,0
与此同时，长期利率不升反降。,1
金融机构对受疫情影响行业的信贷投放稳步增加。,1
作为发展中的转轨经济国家，我们要充分重视金融产品的创新工作， 处理好实践的积累和健全规则制定之间的互动关系，为金融产品的创新创造一个良好的市场环境。,0
前三季度，人民币汇率小幅贬值，继续保持弹性。,1
人民币对国际主要货币汇率有所升值。,0
此外，还出台了《保险资产管理重大突发事件应急管理指引》，通过规范保险资产管理重大突发事件预案管理、监测预警、应急处置和报告制度，进一步引导保险机构增强风险防范意识，建立健全资产管理风险监控预警机制。,1
当然也要看到，经济运行中面临着不少老矛盾和新挑战。,1
二季度我国经济顶住压力实现正增长。,1
金融机构超额准备金率为1.7%。,0
但在经济结构转型、内外部不确定不稳定因素增加的背景下，部分民营企业经营风险上升，融资难问题加剧。,1
美国经济相对稳健，但出现放缓迹象。,1
金融机构也保持了必要的风险防范意识，对贷款项目的还款来源、收益及担保等方面积极开展调查，合理把握好保增长和防风险之间的关系。,1
当前国内经济增长势头放缓，通货膨胀压力不大，国际经济受“9.11“事件的冲击继续下滑，在这种背景下，更应立足国内市场，进一步扩大国内需求。,1
美联储加息预期导致全球金融资产重新配置，金融市场震荡加剧，外部投资环境更趋复杂。,1
"2005年前三季度，金融市场健康平稳，货币市场流动性充足， 市场利率止跌企稳,债券发行情况良好，债券品种进一步丰富，金融市场制度性建设取得重大进展。",0
我国偏低的资源价格不能及时和充分地反映市场供求和资源稀缺程度，缺乏对投资者、经营者和消费者的激励和约束作用，这在一定程度上加剧了资源的过度开发、过度需求和过度浪费。,1
一是取消合格境外机构投资者（QFII/RQFII） 资金汇出、锁定期限制，允许开展外汇套期保值管理汇率风险，有序扩大资本市场和外汇市场对外开放。,1
货物贸易顺差再创历史新高，带动经常项目顺差较快增长。,0
由于国际股票市场走低，预计今年上市公司境外筹资金额将小于去年。,1
用好政策工具促进房地产市场平稳健康发展。,0
通过市场化的利率传导机制，贷款利率实现更大幅度下行。,1
日本房地产市场降温迹象明显。,1
关停封堵境内外互联网外汇交易平台。,1
由于我国投资主要依赖银行信贷，社会融资过度集中于银行体系。,1
预案，加强国际协作，应对金融危机的不确定冲击。,1
认真贯彻全面推进乡村振兴战略部署，持续健全完善金融支持乡村振兴政策体系。,0
同时，保护主义、单边主义上升，地缘政治紧张局势抬头， 部分国家间经贸摩擦日益深化，全球产业链供应链受非经济因素严重冲击，经济复苏进程的不稳定性不确定性较大。,1
目前，坚持农村信用社县（市）法人地位的长期稳定，有利于农村信用社健康可持续发展，有利于发展适度竞争的农村金融市场，有利于改善县域和农村金融服务。,0
继续稳步推进国家开发银行商业化转型，进一步完善公司治理结构。,0
促改革和防风险方面的作用。,1
四是促进区域协同发展。,0
国际债市公开发行量增长放缓，国际债券收益率明显下降。,1
（一）多方面促进提高债券市场流动性进一步完善做市商制度。,0
推进新股发行体制改革，进一步完善全国中小企业股份转让系统建设。,0
为促进房地产业健康持续发展，中国人民银行决定，从2005年月17日起，调整个人住房贷款政策。,0
资金支持政策实施进展顺利，对支持和推进改革发挥了重要的正向激励作用，农村信用社资产质量明显提高。,0
继续实施科技创新和技术改造再贷款，激励引导金融机构向科技型中小企业以及重点领域的数字化、智能化、高端化、绿色化技术改造和设备更新项目提供信贷支持。,0
展望未来，全球经济主要面临以下风险：一是欧元区主权债务问题导致金融市场持续动荡，若危机进一步向核心国家蔓延，可能引发全球系统性风险。,1
与存贷款利率、准备金政策等货币政策工具协调配合，公开市场操作利率稳步下行。,1
生产价格降幅收窄。,1
土耳其连续两个季度经济萎缩。,1
而保持货币信贷适度增长，从抑制重复建设和产能过剩的意义上说，又可以防止将来可能发生的通货紧缩。,1
欧洲移民潮带来的不稳定因素和巴黎恐怖袭击等负面冲击对欧元区经济复苏的影响仍有待进一步观察。,1
日本经济继续复苏，但仍未摆脱通货紧缩的困扰。,1
二是涉农金融服务明显改善。,0
（六）行业分析工业利润降幅减缓，生产加速回升。,1
二是近年来商业银行不良贷款剥离与核销力度加大。,1
消费品价格涨幅回落，服务价格涨幅回升。,0
坚持综合施策，下决心处置一批风险点，着力防控资产泡沫，及时采取有效措施防范化解金融风险，牢牢守住不发生系统性金融风险的底线。,1
中国经济正从高速增长阶段迈向高质量发展阶段。,0
物价形势基本稳定，但不确定性依然存在。,1
一是完善货币供应调控机制。,0
召开全国主要银行信贷结构调整座谈会，加强政策指导，推动银行持续改善小微企业金融服务，促进小微企业融资“增量、降价、提质、扩面”。,0
四是报价形成机制持续优化。,0
稳健的货币政策要精准有力。,0
储蓄意愿止跌回升。,0
未来围绕扩大消费、改善民生，各项政策还将陆续出台并逐步落实，消费环境不断改善，居民消费意愿有望进一步增强。,0
工业生产快速增长，企业效益继续提高。,0
二是委托贷款、 信托贷款和未贴现银行承兑汇票降幅明显收窄。,1
2．一季度国民经济起步良好，保持了持续快速发展的好势头。,0
国际金融市场将继续保持稳定，但全球性贸易失衡加剧对长期金融稳定潜藏威胁。,1
新兴经济体货币政策分化。,0
汽车消费市场高速发展。,0
商品房销售降幅持续收窄。,1
四是不断健全金融风险监测、评估、预警体系。,1
进一步提升贸易投资便利化水平。,0
一是救助拨款未如期到位。,0
着力完善存款保险制度功能。,0
美联储陡峭加息背景下，创业公司现金流趋紧，硅谷银行存款持续下降，需出售证券资产补充流动性，导致其证券资产从浮亏转为实亏。,1
严格控制对高耗能、 高污染行业和产能过剩行业的贷款。,1
各国经济指标继续改善促使美元避险需求减弱，而美国财政赤字的急剧扩大又加大了投资者对美元稳定性的担忧，美元持续贬值。,1
美国二季度 GDP 环比折年率为-0.9%，连续两个季度环比负增长。,1
"当前我国通货膨胀压力主要集中在三个方面，一是水、电、燃料和城市交通等公共服务品调价的压力,二是国际原油和主要原材料价格快速上涨造成的对下游产品涨价的压力，三是劳动力成本上升的压力。",1
同时，新房开工数量、新房销售数量和待售新房数量下滑明显。,1
中小企业融资难问题得到进一步缓解。,0
稳步推进养老金融发展。,0
随着金融创新和金融市场深化发展，价格型指标将更趋重要。,0
工业生产增长企稳。,0
进一步完善市场价格发现机制。,0
支持区域开放创新。,0
年末，金融机构与超过700家上市公司和主要股东签订股票回购增持贷款合同， 金额超过300亿元，上市公司拟申请的回购增持贷款金额上限近600亿元，带动回购增持金额上限超过800亿元。,0
今年二季度以来，受新冠肺炎疫情及经济下行压力的影响，企业尤其是中小微企业经营困难增多，信贷需求转弱，贷款增长一度有所放缓。,1
二是完善境外投资外汇管理，配合商务、 发展改革部门严格按对外投资管理政策要求进行备案或核准，促进我国对外投资持续健康发展。,0
下阶段，要进一步推动我国新能源汽车产业高质量发展，加快建设汽车强国，以高质量供给引领和创造需求，有力提振汽车等大宗消费。,0
货币市场交易活跃程度提升。,0
推动绿色债券市场高质量发展，进一步拓宽金融机构绿色资金来源。,0
由于美国过度消费，国内储蓄短缺，不得不引入国外过剩储蓄，从而造成了巨额贸易赤字。,1
欧元区同业拆借利率Euribor延续了上年的下行趋势，收于0.060%，较上年末下跌了27个基点。,1
债券指数走高。,0
四是加强老年人金融知识宣传教育和消费者权益保护，提升金融服务适老化水平。,1
在此过程中，过多的市场需求与适度的流动性供给之间就可能产生短期的“冲突”，从而表现为市场利率的变化。,1
中小企业贷款难问题需要综合治理，逐步加以解决。,1
同时，美联储宽松货币政策退出的时间和具体方案仍存较大不确定性，这将加大跨境资本流动、全球汇市、资产价格、大宗商品价格的波动性，未来金融市场波动将可能加剧，不确定性风险也会增加。,1
阿根廷受金融市场动荡影响，二、三季度 GDP 同比连续收缩。,1
对外贸易形势有所好转，工业生产扩张速度有所提升，随着企业利润改善，企业固定资产投资温和增长。,0
同时， 积极转换贸易发展模式，抓住机遇，变压力为动力，促进整体竞争力明显提高， 进一步增强企业对外议价能力。,0
主要经济体股市继续上行。,0
加强对金融机构的风险提示，加强地方政府融资平台公司贷款风险管理。,1
美国和日本经济同时陷入衰退， 欧元区经济加速下滑。,1
部分农村信用社在构建多种产权制度和组织形式、明晰产权关系、完善法人治理方面进行了有益探索，取得了初步成效。,0
在需求减弱背景下，企业效益继而财政收入会受到影响。,1
银行开办的远期和人民币对外币的掉期业务，可用于规避外汇风险。,1
但钢铁行业依然存在生产增长过快、出口总量过大、生产成本快速上升等问题，而且部分产能落后的钢铁企业规模小、效率低、污染重，对资源和生态环境构成严重威胁。,1
贷款加权平均利率有所下降，企业贷款利率继续下行。,1
同时还对报价行的报价质量按年考核、实行末位淘汰。,1
此外，新西兰央行暂停购债计划，加拿大和澳大利亚央行降低购债规模。,1
工业生产者价格涨幅显著下降。,0
股票指数震荡下行。,1
分城乡看，城镇消费增速快于乡村，增速差距基本保持稳定。,0
二是完善外汇市场基础设施。,0
健全金融风险问责机制，对重大金融风险严肃追责问责，有效防范道德风险，坚决守住不发生系统性金融风险的底线。,1
三是用电紧张问题在局部地区明显加剧。,1
促改革和防风险方面的作用。,1
第一，经济手段在资源配置和宏观调控中的作用得到进一步发挥。,0
坚持市场化、法治化处置风险， 金融风险总体收敛。,1
三是绿色发展方面，快递企业将节能减排纳入核心考量范畴，随着节能减排技术、 环保包装材料以及废弃物回收利用的普及和应用，有助于实现快递行业可持续发展。,0
征求意见稿针对程序化交易建立了申报核查、接入管理、指令审核、收费管理等监管制度，规范程序化交易，减少其在加大市场波动、影响市场公平性、增加技术系统压力等方面的消极影响。,1
（四）加强股票和期货市场的监管制度建设善了期货市场风险控制制度和监管体制。,1
支持房地产市场平稳健康发展。,0
人民币对国际主要货币汇率有升有贬，双向浮动。,1
三是外汇流入速度有所减缓，外汇储备增长速度明显放慢。,1
创设扶贫再贷款， 精准支持扶贫开发，大力发展普惠金融，着力支持贫困地区经济社会持续健康发展和贫困人口脱贫致富。,0
第二，美国财政政策的不确定性将继续给美国和全球经济带来冲击。,1
此外，进一步完善信贷政策导向效果评估工作机制，进一步推进信贷资产证券化，以改革创新盘活存量资金，引导金融机构将盘活的信贷资源重点支持棚改、水利、中西部铁路等领域建设。,0
坚持市场化、法治化原则，完善债券违约风险防范和处置机制。,1
（一）货币市场交易活跃，市场利率总体平稳银行间回购交易量增速大幅上升，拆借交易量快速增长。,0
得益于房地产市场持续复苏和消费市场继续向好，第二季度 GDP 环比折年率增长1.7%，高于一季度和上年四季度。,0
此外，地缘政治博弈也可能对全球经济产生负面影响。,1
对中小银行实行较低存款准备金率，确立“三档两优”的存款准备金率新框架。,1
总的来看，弹性较强、市场出清和结构调整较快的经济体表现出了更强的复苏势头。,0
三是环保压力仍然较大，超低排放具体实施中还存在技术难题，亟待行业内外协作攻关。,1
货币市场利率低位波动。,1
第一季度受年初不利天气影响，实际 GDP 环比折年率萎缩2.1%。,1
强化风险处置资源保障，研究扩大风险处置基金积累，更好支持高风险机构风险化解。,1
4至5月份，受西班牙地区银行危机加剧及希腊形势恶化影响，全球主要股市下行。,1
推动经济结构调整和转型升级、深化改革开放和防范金融风险方面的作用。,0
部分新兴市场经济体增长有所放缓，金融市场波动增大。,1
下半年，随着货币市场利率逐步走高，票据市场利率持续上扬，特别是第四季度票据市场利率上升幅度较大。,0
与发达国家相比，东南亚国家的经济发展普遍高于年初预测。,0
为提振经济增长，更多新兴市场经济体开始放松货币政策。,0
农业生产形势稳定，全年粮食产量有望连续六年增产。,0
为控制货币信贷过快增长，货币政策操作面临的主要问题是如何对冲银行体系过剩的流动性。,1
（二）国际金融市场概况受全球经济复苏曲折缓慢、欧债危机前景不明、主要经济体量化宽松措施频出及国际地缘政治冲突等因素的交替影响，2012年国际金融市场波动较大。,1
服务业持续恢复，市场预期向好。,0
人民银行各分支行要密切关注金融市场情况，及时打击各种扰乱金融市场秩序的投机活动，保证金融市场正常交易。,1
自美国次级抵押贷款风波爆发以来，全球金融市场波动较大。,1
现在净值越高，意味着是在更高的价格位置投资，未来的损失风险可能越大。,1
有序推进中小金融机构风险处置和改革重组，重点高风险集团风险处置工作取得阶段性进展。,1
完善系统重要性金融机构监管框架。,0
讲，收益率快速反弹。,0
农业生产形势较好，秋粮预计增产较多，全年粮食产量有望再获丰收。,0
未来， 贸易摩擦与政策的不确定性还可能通过推高通胀、损害家庭与企业信心、引发金融市场波动等方式对全球经济产生不利冲击。,1
持续深化开发性、政策性金融机构改革。,0
要继续大力淘汰落后产能，坚决遏制低水平重复建设和盲目发展，严格控制“两高一资”产品出口。,1
考虑到当前日本企业的资本投资水平依然较低，人口老龄化挑战依旧严峻，加之企业的债务水平较高和去库存压力增大，日本经济前景仍有待观察。,1
目前，我国直接融资比例过低，间接融资比重过高，全社会的融资风险过度集中在银行体系。,1
持续推动债券二级市场发展，不断优化交易、清算和结算等相关制度安排，完善做市商制度等市场化评价体系，提升债券市场流动性，为市场参与者创造更加友好、便利的投资环境。,0
如果投资主要来源于银行贷款，则可能产生大量新增不良资产甚至酿成金融危机。,1
进口价格同比涨幅有所回落主要是受近期国际大宗商品价格下跌的影响。,1
生产价格涨幅扩大。,0
（三）票据承兑业务回落，票据融资稳中有降票据承兑业务回落。,1
9月下旬以来，债券收益率出现明显回落，国债收益率曲线有所下移，但短端下行幅度有限。,1
同时，密切监测地方投融资平台贷款可能潜藏的系统性金融风险隐患。,1
2010年，希腊、爱尔兰因债务危机先后接受欧盟和 IMF 救助，葡萄牙、西班牙等欧元区重债国家也受到严重影响。,1
选取部分地区作为试点，对新增的高风险机构， 强化“早期纠正”的限期整改硬约束。,1
房地产贷款增速回升。,0
（四）股票市场指数下跌，成交量和筹资额同比增加股票市场指数下跌，跌幅远小于外围市场。,1
生产资料价格和生活资料价格降幅均有所收窄。,1
严格实施差别化住房信贷政策，坚决抑制投机投资性购房，继续支持保障性住房、中小套型普通商品住房建设和居民首套自住普通商品房消费。,1
主要经济体通胀水平仍在低位运行。,1
目前我国城镇化率在同等收入档次国家中仍然偏低。,1
在经济总体增速有所放缓、结构调整不断深化的大背景下，信息产业对国民经济和社会发展的支撑作用不断增强。,0
持续深化开发性、政策性金融机构改革。,0
近几年，湘鄂等省新增电力装机容量增长较快，铁路直达运力却未增加，滇桂等省目前都在兴建大的电源点，但区域煤炭产能增长滞后，铁路运输的结构性矛盾直接加剧了局部地区煤炭供应紧张。,1
稳妥处置高风险集团风险，有序压降重点区域、 重点领域金融风险。,1
目前美国经济运行面临的不确定性因素增多。,1
另一方面，由于美元走势具有不确定性，参考一篮子货币使得人民币对美元汇率也会呈现双向浮动的特点，这有助于打破市场单边预期，避免单向投机。,1
普惠性的现代金融体系。,0
依托中心城市发展若干城市群，提高大城市周边中小城市（卫星城）的吸引力，吸引人口适当向城镇集中，创造更多就业岗位。,0
第二季度公布的主要经济数据多逊于预期。,1
严格控制对高耗能、高排放行业和产能过剩行业的贷款。,1
工业服务业较快增长，投资增速稳步回升。,0
房屋销售价格继续快速上涨，但涨幅趋缓。,0
个人住房贷款增速回升。,0
固定资产投资增速高位趋缓。,0
主要发达经济体增长动能放缓，货币政策面临两难。,1
进一步推动信贷资产证券化市场健康持续发展。,0
经济发展模式转型、经济结构调整短期内可能会对经济增长产生一定影响，但要看到，我国经济基本面坚实，市场广阔、经济韧性强、 潜力大等有利条件并未改变。,0
全国农产品生产价格（指农产品生产者直接出售其产品时的价格）上涨8.8%，幅度高于农业生产资料价格上涨幅度，有利于农民增收和调动农民发展农业生产的积极性。,0
国有商业银行以及大金融机构之间的拆借利率运行较为平稳，而资产质量较差的金融机构的拆借利率波动较大。,1
东南亚地区经济恢复是区域内贸易扩大的一个结果，也为进一步促进区域内经济金融合作的发展提供了良好基础。,0
总体看，经济增长和通货膨胀在多重因素作用下难免会出现周期性波动，但其波动程度的大小和持续时间的长短，不仅取决于客观因素，还取决于宏观调控的方向、节奏和力度。,1
从法律角度看，商业银行设立基金管理公司不存在法律障碍。,1
信贷结构持续优化。,0
通过推进大型煤炭基地建设，加快煤矿企业兼并重组，煤炭行业集中度持续提高。,0
目前 M2、社会融资规模、贷款增速保持在10%左右的相对高位，高于上半年约5%的名义 GDP 增速，为经济持续整体好转创造良好的货币金融环境。,0
今年以来，世界经济增长前高后低，不确定性增加。,1
全球经济失衡从长期来看是不可持续的，一旦发生无序调整，就会对全球经济增长和金融市场稳定构成重大威胁。,1
信贷稳固支持实体经济发展。,0
进一步强化外汇市场监管。,0
综合各方面情况分析，“非典”对全年经济增长的负面影响是有限的，国民经济仍将保持良好的发展势头。,1
大力发展消费型服务业，促进消费结构升级。,0
城镇化和消费结构升级对经济增长的拉动作用也有望进一步增强。,0
劳动报酬增速加快。,0
一是收益与风险相匹配。,1
但也必须看到，当前经济运行中面临不少风险和挑战。,1
随着世界经济形势的好转，国际金融市场总体将保持稳步增长的态势。,0
美、德、日国债收益率持续上行。,0
二是同前几年的高速增长相比，金融机构票据业务增长速度有所回落。,1
三是金融监管加强，金融市场不断完善，对影子银行导致杠杆率上升的状况有所抑制。,1
加快发展外汇市场，推动汇率风险管理工具创新。,0
Shibor 在制度安排上强调了报价形成的市场约束和监督管理。,1
同时，进一步完善省级自律机制。,0
综合物价指数（HICP）降至2.2%。,1
放宽单家 QFII 机构投资额度上限、简化审批管理、便利资金汇出入、放宽锁定期限制。,0
运用多种手段支持农业发展。,0
第三季度，黄金价格整体呈现弱势盘整。,1
银行间债券市场债券指数有所下行。,1
而受生产率增长长期低迷、政治不确定性、人口增长放缓及企业债务高企等因素影响，全球投资前景亦承压。,1
该法基本上取消了对贷款利率的限制，并宣布成立存款类金融机构解除管制委员会，决定分阶段取消对存款利率的限制。,1
完善保险中介市场准入机制，提高了保险中介市场准入门槛，引导保险专业中介机构规模化发展，支持推动兼业代理专业化工作。,0
房价上涨城市数量较上年末有所增加，房价环比涨幅回落、同比涨幅提高。,0
（四）完善保险市场基础性制度建设2014年，国务院先后发布《关于加快发展现代保险服务业的若干意见》和《关于加快发展商业健康保险的若干意见》，保险业发展规划进一步明确。,0
（四）促进外汇市场健康发展一是丰富外汇产品。,0
结构调整继续推进，供求总体平衡，消费对经济增长的拉动作用增强，制造业投资和民间投资增速回升，进出口较快增长，物价、就业形势稳定。,0
深化对外货币金融合作。,0
1-4月份，欧洲经济整体运行平稳，市场加息预期强烈，欧元对美元持续升值；5月份后， 受欧洲债务危机恶化和蔓延影响，欧元对美元震荡回落。,1
另一方面，当前地缘政治风险犹存，若未来国际供应链受阻、运输成本上升等问题再现，不排除大宗商品价格上涨带动美国通胀反弹。,1
一是努力完善农村金融服务。,0
"第三产业发展持续加快,2013年第一季度第三产业占GDP的比重达到47.8%， 对 GDP 的贡献已超过第二产业。",0
人民币对欧元、日元等其他国际主要货币汇率有升有贬。,1
一是农产品供给能力不断提高，结构持续优化。,0
生产价格涨幅持续回落。,0
鼓励金融机构利用现代信息和管理技术，创新金融产品和服务，改进经营和考核机制。,0
收入分配结构持续改善，农村居民人均可支配收入名义增速和实际增速分别快于城镇居民2.4个、 2.6个百分点。,0
主要新兴市场和发展中国家（地区）继续保持强劲增长势头。,0
夏粮丰收已成定局。,0
货币市场利率有所抬升，市场交易保持活跃。,0
从贷款结构看，第一季度贷款增势主要在以下两方面明显减缓。,1
OMT虽未付诸操作，但其无限量的信号具有为重债国资金缺口兜底的政策效力。,1
未来价格走势尚有不确定性。,1
居民消费价格继续低位增长。,1
此外，中东地区政治形势趋于恶化，东亚地区地缘政治紧张形势短期内难以缓和，均可能对双边经贸关系和区域经济合作形成干扰，制约全球经济复苏。,1
发达经济体通胀压力总体缓解，继续回落的速度或不及预期。,1
这充分反映了国际投资者对于中国经济长期健康发展、金融持续扩大开放的信心。,0
三是产权制度改革取得一定进展。,0
Shibor对债券定价的指导作用有所增强。,0
首先推出的是资产担保债券购买计划，其目的是改善债券市场的流动性，鼓励金融机构扩张信贷供给。,0
下一步，中国人民银行将继续研究完善存款准备金考核制度，提高金融机构流动性管理的灵活性，增强货币市场运行的稳健性，健全货币政策传导机制，为货币政策调控框架转型创造条件。,0
一是受地缘政治冲突影响，能源、金属等大宗商品价格剧烈震荡。,1
在经济全球化的背景下，各国产业结构和金融体系相互渗透，如贸易摩擦不断升级，更大范围的全球产业链将受到波及，引发更大的全球宏观经济风险乃至全球金融市场动荡，拖累长期经济增长。,1
（四）股指小幅回落，股票成交较为稳定股票市场总体有所回落。,1
也有观点认为，我国存在一定价格下行的压力，但尚未形成典型的通货紧缩。,1
地缘政治冲突多点爆发，风险因素加速累积。,1
7月下旬至8月上旬，受标普下调美国主权信用评级及欧债危机前景恶化拖累，全球主要股市暴跌。,1
2010年以来，全球经济缓慢复苏，但欧洲部分国家的主权债务危机和金融部门风险增加了全球经济前景的不确定性。,1
四是金融机构流动性充足。,0
继续培育市场基准利率和完善国债收益率曲线，健全市场化的利率形成机制。,0
股票市场筹资额大幅增加。,0
国家开发银行股份有限公司正式挂牌，商业化转型取得突破性进展。,0
2014年，银行体系流动性总体合理适度，货币市场利率呈下降趋势，在人民银行再贴现利率引导贴现利率下行的政策作用下，同时受货币市场利率和票据市场供求变化等因素影响，票据市场利率总体波动下行。,1
中期借贷便利采取招标方式，第三季度1年期中期借贷便利中标利率为3.20%。,0
六是引导企业和金融机构树立“风险中性”理念。,1
一是深入推进金融精准扶贫。,0
黄金价格有所反弹。,0
上半年，保险业累计赔款、给付477亿元，同比增长25.5%，增幅比上年同期高15.3个百分点，发挥了灾害事故“减震器”的作用。,1
（二）债券市场收益率和发行利率总体下行，发行规模同比多增国债收益率水平下行明显，曲线呈陡峭化趋势。,1
各类债券发行利率均明显回落。,1
五是推进金融企业改革，促进金融业可持续发展。,0
对各类金融机构开展资产管理业务实行平等准入、给予公平待遇。,0
（一）主要经济体经济状况美国经济进入衰退。,1
进一步推动信贷资产证券化市场健康持续发展。,0
6月24日，世界卫生组织宣布取消了对北京的旅行限制建议，并把北京从 “非典”疫区的名单上除名。,1
一是灵活安排操作工具组合。,0
③农村合作金融机构包括农村合作银行、农村商业银行、农村信用社。,0
持续提升小微企业金融服务质效。,0
集中整治违规同业业风险影子银行业务，影子银行系统性风险隐患明显减弱。,1
在第一季度市场需求明显减弱的情况下， 钢铁生产总量过高，供应继续增长，造成国内市场供大于求。,1
股票市场筹资额大幅增加。,0
二是支持扩大有效投资、促进外贸创新发展，加快传统动能改造提升。,0
新兴经济体方面，6月印度、南非CPI同比涨幅均超过7%， 俄罗斯 CPI、巴西 IPCA 均超过10%，阿根廷、土耳其的 CPI 涨幅甚至高达64%和78.6%。,0
人民银行、银保监会会同有关部门指导商业银行开展压力测试，积极制定疫情冲击下不良贷款上升应对预案，支持、鼓励商业银行动态考虑形势变化，采取前瞻性措施，合理运用财务资源，加大不良贷款损失准备计提力度及核销处置力度， 妥善应对疫情冲击下未来不良贷款上升风险，提高风险抵御能力和服务实体经济能力。,1
居民对未来收入和消费信心恢复，前期积累的部分预防性储蓄有望逐步释放为实际消费需求。,0
中国经济总体平稳，转型升级有新的进展。,0
近年来，金融领域持续加大对高技术制造业发展的支持力度。,0
进一步完善消费信贷政策，促进个人住房、汽车和助学贷款等消费信贷业务健康发展。,0
2008年以来，在国内外多种因素影响下，我国CPI走势出现较大波动。,1
中国人民银行金融机构加强对表外业务风险的管理。,1
一是企业融资环境持续改善。,0
受欧洲主权债务危机的影响，全球金融市场震荡下行，主要货币汇率波动加大。,1
中国人民银行根据外汇一级交易商履行义务的情况，定期进行评估，对评估结果不合格的外汇一级交易商，中国人民银行将暂停或取消其资格。,1
进一步完善金融风险监测、评估和预警体系建设，加强重点领域风险排查， 加强对企业债务风险、银行资产质量和流动性变化情况、股票市场异常波动、保险资金运用、房地产泡沫风险、互联网金融、跨境资金流动、跨行业跨市场风险等领域的风险监测分析。,1
票据融资余额下降，票据市场利率小幅震荡。,1
着力改善农村金融服务。,0
从国际环境看，世界经济形势错综复杂， 地缘政治风险依然较大，主要发达经济体货币政策趋势存在不确定性， 贸易摩擦给未来出口形势亦带来较大不确定性，可能造成外需对经济的边际拉动作用减弱，还可能影响投资者情绪，加剧金融市场波动。,1
增加再贷款、促进贴现业务发展，不断增强中小金融机构支持中小企业发展的资金实力。,0
受债务危机影响，欧元区经济整体疲弱不振。,1
着力推动已出台金融政策措施落地见效，加大存量商品房和存量土地盘活力度，推动房地产市场止跌回稳，完善房地产金融基础性制度，助力构建房地产发展新模式。,0
票据业务增长快、波动大，对货币信贷总量的影响日渐突出。,1
四是商业银行经营机制还有待改善。,0
韩国、俄罗斯、印度、巴西、波兰、马来西亚、泰国、菲律宾、挪威、瑞典、智利等经济体第二季度相继采取加息和提高存款准备金等措施，抑制国内通胀压力。,1
加快发展外汇市场，推动汇率风险管理工具创新。,0
伦敦同业拆借市场美元 Libor 先升后降。,1
农村信用社改革进展顺利，资产质量持续改善，涉农信贷投放大幅增长。,0
持续做好普惠金融相关工作。,0
三是负债管理的多元化和稳定性有待增强。,1
二是用户普及规模持续扩大，消费结构不断升级。,0
工业化、城市化、国际化以及产业和消费结构升级仍然继续推进。,0
重大金融风险危及金融稳定的，按照规定使用金融稳定保障基金，以切实防范道德风险，严肃市场纪律。,1
新兴经济体增长势头普遍趋缓。,0
三是市场自律性下降与监管不当的共同作用。,1
期货经营机构监管规则进一步健全。,0
企业的存货调整有可能会加剧经济和价格的波动，降低生产和进口速度，导致周期转换时的产出波动强于真实需求波动。,1
日本经济有所好转。,0
既要防止金融风险蔓延，也要防止出现道德风险，守住不发生区域性系统性风险的底线。,1
保险业总资产增长有所减缓。,1
二是恐怖主义继续破坏世界经济恢复的环境。,1
美元适度贬值，反映了当前美国经济状况。,1
一是联合多部门合力打击外汇违法违规行为，与公安部、最高法、最高检等部门联合开展打击利用离岸公司和地下钱庄转移赃款专项行为。,1
日本经济仍然低迷。,1
商业银行向实体经济发放贷款面临资本约束，化解风险也要消耗资本，我国对商业银行资本充足率有明确的监管标准。,1
火电企业生产成本上升，电力行业全行业利润回落。,1
新兴及发展中经济体仍是引领全球经济增长的主要动力，但增速趋缓。,0
金融机构超额准备金率为2.3%。,0
收入分配结构持续改善，农村居民人均可支配收入名义增速和实际增速分别快于城镇居民2.3个、2.4个百分点。,0
通过这次试点工作，中国的金融监管协调机制得到了进一步完善，银行业和资本市场改革开放取得新的进展。,0
（七）进一步改进外汇管理继续深化外汇管理体制改革，努力改善国际收支平衡状况。,0
对中小银行实行较低存款准备金率，构建“三档两优”的存款准备金新框架。,1
第三，农业农村持续稳步发展压力加大。,0
今年以来，货币信贷快速增长有力地支持了国民经济发展。,0
国际金融市场波动加大。,1
受消费乏力影响，一季度日本经济陷入负增长，GDP 环比折年率下降2.9%。,1
国际原油和铁矿石价格及海运费大幅攀升，加之国内需求居高不下，推高了能源和黑色金属价格，成为生产价格涨幅回升的主要原因。,0
在促进经济平稳较快增长的同时，高度重视防止通货膨胀和金融风险。,1
收入分配结构持续改善，城乡居民人均可支配收入比值缩小。,0
推动完善金融扶贫配套机制，抓好金融扶贫领域风险防范化解，配合做好脱贫攻坚普查等工作，促进实现高质量可持续脱贫。,0
加快转变经济发展和外贸增长方式，加大结构调整，进一步增强内需对经济增长的拉动作用，优化进出口商品结构，着力提高利用外资质量。,0
推动经济结构调整和转型升级、深化改革开放和防范金融风险方面的作用。,0
储备货币功能逐渐显现。,0
畅通货币政策传导机制，持续丰富货币政策工具箱， 提高资金使用效率。,0
另一方面， 更多的新兴市场经济体为提振经济增长放宽了货币政策。,0
总的看，当前人民币汇率没有偏离基本面，外汇市场运行总体有序。,1
利率是市场资金配置的试金石，利率过低可能导致资金大量流向僵尸企业，加剧企业部门债务攀升和产能过剩问题，阻碍技术创新和产业升级转型。,1
聚焦进一步深化供给侧结构性改革，在实施稳健中性货币政策、增强微观主体活力和发挥好资本市场功能三者之间，形成三角形支撑框架，促进国民经济整体良性循环。,0
首先要求理财产品可单独核算，这是考查风险和收益的基础；其次是风险与收益之间的平衡，即体现“高风险高收益、低风险低收益”原则。,1
完善跨境资金流动监管，防范异常跨境资本流动风险。,1
房地产、地方政府性债务等问题比较突出，资源环境约束也明显加大。,1
日本经济稳步回升。,0
我国纺织行业应抓住当前的战略机遇期，坚持落实科学发展观，全面推进技术进步，加快自主创新，转变经济增长方式，保持纺织行业持续健康发展。,0
今年以来，交通运输行业延续转好复苏，货运市场表现活跃、 客运快速回暖。,0
出口价格同比涨幅提高较多，进口价格相对稳定。,0
一是交通运输经济稳步增长。,0
发挥公开市场操作的预调和微调作用，有效熨平季节性因素对银行体系流动性的冲击。,1
提高交通运输高水平对外开放， 加强交通基础设施互联互通，完善交通国际合作机制，畅通国际国内物流通道，推进产业链供应链融合发展。,0
国土交通省都道府县地价调查结果显示，7月1日时点基准地价全国平均同比下跌1.2%，跌幅扩大。,1
伦敦同业拆借市场美元 Libor 低位波动。,1
投资增速稳步回升，高技术产业投资增长较快。,0
2015年放开存款利率管制后，利率自律机制通过行业自律协商约定存款利率上限，约束个别银行的高息揽存行为，抑制存款市场非理性竞争，有效维护了存款市场竞争秩序。,1
一是资产质量继续改善， 可持续发展能力显著增强。,0
全球贸易体系和金融体系向不同方向的变化，可能进一步加剧全球失衡。,1
非银行金融机构审慎监管不足，加杠杆行为抬头可能成为重要的潜在风险。,1
（三）价格上涨压力仍然较大居民消费价格涨幅高位有所回落，通货膨胀压力依然较大。,1
完善系统重要性金融机构监管框架。,0
（四）股票市场指数回落，成交额和筹资额明显下降股票市场指数有较大幅度回落。,1
受益于美国经济强劲增长，拉美新兴市场经济体工业生产和进出口贸易也在快速恢复增长之中。,0
此外，金融机构过度依赖抵押担保、激励考核机制不完善、尽职免责落实不到位等体制因素也加剧了民企融资难问题。,1
受境内资金供求变化和国际金融市场利率波动影响，占比较大的3个月以内期限的境内美元贷款利率于4月份达到年内高点6.63%，之后逐月小幅回落，12月份降至3.65%，比月初下降2.39个百分点。,1
（二）国际金融市场概况主要货币间汇率宽幅波动。,1
拉美和亚洲新兴市场经济体保持了强劲的增长。,0
在地价方面， 不少地区为招商引资，压低征地补偿费。,1
稳步推动债券市场双向开放，完善相关政策制度安排，进一步完善“债券通”等市场基础设施跨境合作，给境外发行人和投资人创造更加友好、便利的制度环境。,0
事实上，中小金融机构的承压能力更弱、 脆弱性更明显，同样有可能在风险积累和市场恐慌中酿成系统性风险。,1
上半年，全国规模以上工业增加值同比下降1.3%，降幅比第一季度收窄7.1个百分点。,1
继续深化大型商业银行改革，推动其不断完善公司治理，逐步健全现代金融企业制度，加快发展方式转型， 提高创新发展能力和国际竞争力。,0
二季度日本 GDP 同比增长2.0%，与一季度持平，总产出仍未恢复至疫情前水平。,1
上半年，人民币对美元汇率年化波动率为4.6%。,1
2009年第一季度，GDP 季节调整后环比折年率为-6.1%，连续第三个季度为负，比上年同期低7个百分点。,1
伯南科认为，货币政策是否应对资产价格波动作出反应，取决于这种资产价格波动是否给宏观经济产生通胀或通缩的压力。,1
随着制造业快速发展和生活用能源的迅猛增加，石油需求急剧扩张，增加对进口油的需求。,0
（七）黄金价格整体呈现弱势盘整黄金市场交易规模下降。,1
防范化解银行业不良资产风险，控制不良贷款增量。,1
经济快速增长主要由投资需求拉动。,0
中长期看，我国处于经济恢复和产业转型升级的关键期，供需条件有望持续改善，货币条件合理适度，居民预期稳定，不存在长期通缩或通胀的基础。,0
五是人身险产品监管进一步完善。,0
完善债券市场法制， 推动公司债券法制建设。,0
日本经济稳步回升。,0
但也存在一些不确定性因素。,1
全年物价水平将保持总体稳定，但要警惕结构性通胀压力。,1
拓宽中外金融市场合作领域，建立健全公开透明、 操作便利、风险可控的合格境外投资者制度。,0
三是直接融资大幅增加，存量增速明显加快，企业债券融资贡献较大。,0
不断完善金融市场规则，加快金融市场的发展和金融产品创新，增强商业银行在金融市场上灵活调整资产和对市场价格及时反应的能力。,0
健全高效联通的多层次债券市场体系，加快商业银行柜台债券市场发展，提高债券市场流动性，形成更加连续有效的二级市场价格。,0
平稳有序推动重点区域、重点机构和重点领域风险处置和改革化险。,1
适当的杠杆比率指标，不仅可以作为潜在承担过度风险的指标，还可以起到抑制周期性波动被放大的作用。,1
展望未来，高技术制造业作为我国经济转型发展的重要驱动力， 将继续向高质量发展加速迈进。,0
当前， 信贷增长已由供给约束转化为需求约束，对该变化还有个认识、适应的过程，仍有“规模情结”现象。,1
一是三大造船指标快速增长。,0
用户的增长给通信业带来了持续发展的动力。,0
加强农村金融基础服务设施建设，提供安全、便捷、 高效的农村金融服务。,0
有序推进中小金融机构风险处置和改革重组。,1
全球过剩资本寻找高回报机会，刺激了房地产价格的上涨。,0
部分企业负债和杠杆水平上升较快，一些地方平台融资渠道更加复杂，融资成本上升。,1
上海房屋销售价格同比持续下降。,0
另一方面中国经济持续平稳较快发展，国内市场前景广阔，有望继续吸引国际长期资本流入。,0
但进入2007年以来，受国内能源供需形势缓解、一些地区实施优惠政策盲目招商引资以及高耗能行业利润提高等因素影响，高耗能行业盲目扩张的势头在一些地区有所抬头，高耗能行业生产加快增长，投资居高不下，部分高耗能产品出口增长过快。,1
但也要看到，未来物价上涨的压力仍然存在。,1
四是全球范围内面临通胀下行压力。,1
打好防范化解重大金融风险攻坚战，健全金融风险预防、 预警、处置、问责制度体系，维护金融安全，牢牢守住不发生系统性金融风险的底线。,1
物价将延续温和回升态势。,0
一是受疫情扰动以及芯片主要生产地日本地震、美国德克萨斯州大雪等事件影响，全球各大芯片厂商均不同程度地停产或减产。,1
碳减排支持工具是直达实体经济的结构性货币政策工具，以稳步有序、精准直达方式，支持清洁能源、节能环保、 碳减排技术等重点领域的发展，并撬动更多社会资金促进碳减排。,0
部分地区、 部分煤种价格5月份以来逐步回落。,1
一是保持流动性合理充裕。,0
受自身结构性因素制约、大宗商品价格持续低迷、地缘政治冲击等因素影响，部分新兴市场经济体国际收支受到冲击，财政收入锐减， 汇率大幅贬值，外汇储备流失，部分国家出现负增长，如巴西2015年全年 GDP 同比下跌3.8%，俄罗斯2015年 GDP 同比萎缩3.7%。,1
固定资产投资增速继续加快。,0
一是进一步完善 “三档两优”存款准备金框架。,0
加快发展战略性新兴产业，充分发挥企业技术创新主体作用，加强梯次衔接的多层次人才队伍建设，进一步建立完善产业技术创新体系，培育优质品牌产品。,0
农村信用社资金实力增强，支农服务改善。,0
加强银行风险监测预警，对4000多家银行业金融机构开展压力测试，针对预警银行苗头性问题及时纠偏， 实现风险早发现、早处置。,1
一是需求压力较为突出，近年来机械工业中低端产品需求明显放缓，加之钢铁、 煤炭等下游传统行业处于产业转型期，机械工业行业经营压力加大。,1
四是探索可持续的业务发展模式。,0
中长期看，我国发展仍然处于重要战略机遇期，经济长期向好、高质量发展的基本面没有改变。,0
中央银行的沟通经历了一个发展的过程。,0
展望未来，全球经济主要面临以下风险：一是美国等发达经济体失业率居高不下，将抑制全球需求。,1
商业性房地产贷款全年持续快速增长，但第四季度增速已明显减缓。,0
目前，农民收入增长缓慢是影响消费需求的一大因素。,1
货币市场利率在波动中明显回落。,1
Shibor是进一步推进利率市场化的突破口。,0
持续深化开发性、政策性金融机构改革。,0
（四）股票市场指数下跌，成交量小幅增加股票市场指数下跌。,1
国民经济自主增长的内在活力明显增强，经济持续保持高增长，物价正在小幅回升，企业效益提高。,0
挂牌以来，中国银行间外汇市场人民币对新兴市场货币交易健康发展，报价日益活跃，成交快速增长。,0
欧元区经济微弱增长。,1
未来合同需要展期，或是市场主体需要再融资时，高利率带来的融资成本压力和违约增加会更加明显。,1
电子信息产业结构调整步伐加快。,0
当前，必须充分估计困难、风险和不确定性，切实增强紧迫感，抓实经济社会发展各项工作。,1
目前各国资产价格处于历史高位，金融市场脆弱性上升，一旦流动性变化超出市场预期或市场对经济放缓恐慌加大，可能导致资产价格波动，引发金融市场震荡。,1
通胀将延续缓慢下行态势。,1
通货膨胀压力依然较大。,1
调结构、促改革和防风险方面的作用。,1
推动柜台债券业务扩容和规范发展，提高金融基础设施服务效率及便利性。,0
资源价格偏低是我国经济内外失衡的重要诱因。,1
同比增速为可比口径数据，为年增速。,0
上半年工业生产者购进价格同比下降2.0%，第二季度平均降幅为1.9%， 降幅比上个季度收窄0.2个百分点。,1
工业生产加快，企业效益持续改善。,0
杠杆水平较高和房地产泡沫等仍可能制约经济的长期动能。,1
本次测试是人民银行评估气候风险对金融体系影响的初步探索，测试所用的压力情景和关键假设不代表我国现行政策及未来政策导向。,1
强化资产负债管理，防范匹配失衡风险，建立健全消费者权益保护机制。,1
金融体系脆弱性不断积累，潜在风险不容忽视。,1
今年上半年价格指数在1%－2%之间波动。,1
进出口增速温和反弹。,0
一是在利率上升的背景下，许多银行的证券资产出现账面亏损。,1
五是加强金融市场基础制度建设，服务实体经济，防范市场风险。,1
进口价格继续上涨，涨幅高于出口价格。,0
完善相应的考核和激励机制，科学合理地考核银行经营绩效，优化金融组织体系，进一步改善金融服务。,0
流动资金贷款比例明显提高。,0
俄乌冲突升级风险仍存，西方继续对俄实施大规模制裁，能源等大宗商品市场还可能遭受冲击。,1
全球通货紧缩压力和风险的明显增大对世界经济恢复构成了一定的威胁。,1
人民币对欧元、日元等其他国际主要货币汇率有升有贬。,1
日本经济复苏迹象逐步明朗。,0
汽车行业的发展对我国产业结构调整、城镇化进程以及居民消费结构升级都起着重要推动作用。,0
改革对企业外币资产、负债的影响不大。,1
总体看，财政、货币、产业、就业等政策持续发力，协同合力进一步显现，经济金融良性循环进一步畅通，我国经济将继续向常态化运行轨道回归，预计全年5%左右的增长目标能够顺利实现。,0
主要威胁和风险来自国际原油价格继续攀升、中东局势难以平息或出现反复、国际恐怖主义活动等因素。,1
（一）主要经济体经济形势美国经济增长动力有所减弱。,1
主要经济体股市普遍上涨。,0
如果是全年CPI，则至少有半年的滞后期，会对物价形势的判断产生误导，不利于适时适度进行宏观调控。,1
将疫情防控作为当前最重要的工作来抓，加大对新冠肺炎疫情防控的货币信贷支持力度。,1
财政赤字有所减少，但是前景不容乐观。,1
进一步完善债券承销和做市机制，增强一二级市场联动，提升债券定价的有效性和传导功能。,0
政府部门要加大差别电价实施力度，提高高耗能、高污染产品差别电价标准。,1
二是增资扩股进度较快， 资本充足率快速提高。,0
此外，地缘政治及恐怖主义等风险因素和不确定性仍可能对经济金融产生较大影响，需予以密切关注。,1
二是近期贸易摩擦风险有所缓和，但不确定性犹存。,1
进一步改善和加强金融支持社会主义新农村建设的各项工作，鼓励和引导金融机构通过组织、产品和体制创新，进一步加大对“三农”的有效信贷投入，提高对农民工的金融服务水平。,0
建立健全金融市场基础设施的统筹管理框架，继续加强对高风险企业的债券违约风险的排查和预警。,1
（二）国际金融市场概况全球大多数经济体货币对美元贬值。,1
M2增速8、9月份持续于19%以上的较高水平运行，均超过6月末增速，近期货币总量增速有所抬头的态势值得关注。,0
支持贸易新业态健康发展。,0
劳动报酬快速增长。,0
要充分发挥外汇市场自律机制作用， 要求金融机构保持“风险中性”，加强对企业进行外汇衍生品交易的真实性审核， 防止部分企业脱离实需、加杠杆炒汇、投机套利行为带来金融机构的信用风险。,1
其中，哈萨克斯坦坚戈贬值幅度在40%以上，阿根廷比索、巴西雷亚尔贬值幅度在30%以上，南非兰特、俄罗斯卢布均贬值20%以上，马来西亚林吉特、墨西哥比索、印尼盾均贬值10%以上。,1
农业生产资料价格降幅大于农产品生产价格降幅，农产品生产价格同比下降0.7%，农业生产资料价格同比下降0.9%。,1
掉期交易量大大超过远期交易量，呈快速增长态势。,0
健全证券期货业监管规则。,0
2020年初在疫情冲击下，经济活动受限，企业停工停产较多，就业市场受到明显影响。,1
五是进一步扩大香港人民币业务。,0
同时，信贷扩现金融风险，又寄望央行通过增发货币来帮助处置。,1
统一规制标准，有效防控资产管理产品等影子银行风险。,1
近期的风险仍然是石油价格和能源安全问题。,1
也要看到，当前我国经济发展面临需求收缩、供给冲击、预期转弱三重压力，外部环境更趋复杂严峻和不确定。,1
国际大宗商品价格有所下跌。,1
一是加大检查和处罚力度， 重点查处逃汇、非法套汇、非法买卖外汇、虚假交易等性质恶劣违规行为。,1
推动经济结构调整和转型升级、深化改革开放和防范金融风险方面的作用。,0
一是借鉴国内外银行业的先进理念，制定更加科学完善的绩效考核体系。,0
贸易结构进一步优化。,0
二是中小金融机构的监管应重视。,0
2012年以来，同比 CPI 总体回落，环比 CPI 基本保持历史均值水平。,1
居民消费价格指数(CPI)同比上涨5.9%， 涨幅比上年提高1.1个百分点。,0
商业性房地产贷款显著回升。,0
上海黄金交易所交易规模稳步增长。,0
三是扩大外汇市场做市商和会员，提高外汇市场交易活跃程度。,0
2003年以来，随着我国经济快速增长，高耗能行业加速发展，其能源消费呈现出大幅快速增长态势。,0
三是进一步提高金融资源配置效率。,0
工业生产增速9月份有所反弹。,0
7、8月份主要经济体国债收益率走低。,1
秋粮丰收已成定局。,0
欧美日需求锐减，外需低迷。,1
受日本年来首现年度贸易逆差影响，投资者看跌日元，第一季度日元大幅贬值。,1
继续推动资产管理公司转型发展。,0
组织银行业金融机构进行压力测试， 及时进行风险提示，引导金融机构稳健运营。,1
二是清理整顿违法从事证券业务活动，规范信息系统外部接入行为，落实证券账户实名制管理，禁止持有人通过证券账户下设子账户、分账户和虚拟账户，禁止证券公司将客户的资金账户和证券账户提供给他人使用。,1
失业率依然处于8.9%的高水平。,0
深化对外货币金融合作。,0
集中表现在固定资产投资过快增长，一些行业和地区的低水平重复建设没有得到有效遏止，资源的瓶颈约束加剧，通货膨胀压力加大。,1
当前外部需求依然疲弱，国内经济回升基础还不稳固，在内外部不确定性较大的环境下，需求不足仍可能构成价格下行的压力。,1
10月，增加科技创新再贷款额度2000亿元，进一步加大对科技创新企业的支持力度。,0
主要发达经济体通胀已从2022年高点的10%左右降至目前的3%左右，随着紧缩货币政策的累积效应逐步显现，主要经济体通胀大概率延续回落势头，但回落速度可能放缓。,1
投资依然是拉动当前经济快速增长的首要因素，物价总水平持续回升。,0
7月21日，精心准备、周密部署的人民币汇率形成机制改革终于顺利出台。,0
受疫情影响，主要经济体第一季度经济增速下滑。,1
进一步加强金融市场基础设施建设。,0
房地产贷款余额占各项贷款余额的19.8%，比上年末低0.3个百分点。,1
今后将根据市场需求，进一步发展在双方银行间外汇市场挂牌人民币对新兴市场货币交易，促进中国与新兴市场经济体之间的经贸往来，更好地为跨境贸易人民币结算业务发展服务。,0
国内金价持续高于国际金价，但价差逐渐减小。,0
继续加强金融市场基准利率体系建设，引导金融机构加强利率定价机制建设，积极探索进一步推进利率市场化的有效途径。,0
“十二五”时期是电子商务加速发展的战略机遇期。,0
票据融资波动中有所增长，票据市场利率总体走低。,1
欧洲房地产市场趋于低迷。,1
国际收支更趋平衡，资本和金融项目自亚洲金融危机以来首次出现年度逆差。,1
支持了相关行业优势企业降低财务成本、提高竞争能力。,0
主要发达经济体公共债务、银行体系脆弱性可能威胁经济增长，失业率居高不下，贸易保护主义有所抬头， 新兴市场经济体面临的通胀及资本流入压力加大。,1
外汇市场交易主体进一步扩展。,0
第三，探索建立当地民间借贷活动的监测分析制度，及时预警和处置风险， 防范发生群体性事件和区域性风险。,1
全球主要股市反弹。,0
农村信用社改革取得重要成果，农村信用社可持续发展能力显著增强，农村金融服务水平明显提升，产权制度改革稳步推进。,0
欧元区第一季度 GDP 同比增速为1.9%，第二季度继续回升至2.1%。,0
票据融资总体平稳，利率有所下行。,1
近期疫情对接触型消费冲击较大，部分地区商场、餐厅和娱乐性场所歇业，3月商品零售额同比下降2.1%，餐饮收入同比下降16.4%。,1
国际大宗商品价格的震荡下行，对于刺激消费需求有一定积极作用，但同时也使部分经济体通缩风险上升，加大了国际经济环境的复杂性。,1
今年以来，美欧银行业危机叠加美债违约风险同步发酵，对全球金融市场带来冲击。,1
商品房销售面积增速继续放缓，销售额增速提高。,0
"但是，国债利率的不断下行,也使金融机构风险日趋积聚，会对今后金融机构特别是商业银行的经营状况产生不利影响。",1
下一步，宜根据《“十四五”建筑业发展规划》和《“十四五”建筑节能与绿色建筑发展规划》，持续提升建筑效能，大力推动建筑业绿色低碳转型，加快智能建造与新型建筑工业化协同发展。,0
进一步完善债券市场法制，加强信息披露要求，强化中介机构监管。,0
二是需求面指标同比放缓。,1
污水处理价过低致使水资源污染严重。,1
从人民币贷款期限看，中长期贷款增量比重回落。,1
下一步，要正确认识信贷与经济增长关系的变化，保持合理的融资环境，促进企业转型升级与经济高质量发展。,0
45 % 固定资产投资月度累计同比增速国有及国有控股投资月度累计同比增速固定资产投资增速仍在较高水平，中西部投资增速明显快于东部。,0
利率走廊非对称下调，宽度由75个基点收窄至50个基点。,1
11月，推出碳减排支持工具和2000亿元支持煤炭清洁高效利用专项再贷款，支持清洁能源、节能环保、碳减排技术、煤电清洁高效利用等重点领域发展，增加能源总体供给能力。,0
证券投资基金发展较快。,0
部分国家财政危机与银行危机可能相互转化，引发投资者担忧。,1
性合理充裕。,0
资产质量明显改善。,0
推动省级人民政府“一省一策”制定中小金融机构风险处置规划。,1
农村信用社改革试点进展顺利，并取得了明显成效。,0
第四，对我国汇率水平的影响。,0
一是小微企业贷款较快增长，贷款增速高于各项贷款平均水平，全年贷款增量高于上年。,0
信贷结构持续优化。,0
近几年随着服务业加快发展、 经济结构调整优化，就业弹性有所回升。,0
房地产业是国民经济的重要支柱产业，对于拉动钢铁、建材及家电家居用品等产业发展举足轻重，对金融业稳定和发展至关重要，对于推动居民消费结构升级、改善民生具有重要作用。,0
企业可以根据对外经济活动的结算货币汇率的走向提前或推迟结算，规避汇率风险。,1
房地产开发投资增速加快，开发结构有所改善。,0
与此同时，企业投资依然低迷，制造业增速低位波动，服务业扩张速度有所放缓，出口较为疲软。,1
境内大额外币活期存款利率走低，外币贷款利率总体呈上升走势。,1
发展消费信贷，支持扩大内需。,0
就业状况仍无改善。,1
二是通胀压力增大。,1
一是创新动能不断累积。,0
（四）股票市场指数继续上涨，成交量和筹资额大幅增加股票市场指数总体大幅上涨。,0
主要发达经济体失业率与疫情前的差距收敛，但劳动参与率恢复迟滞，劳动力供给不足的矛盾凸显。,1
四是企业盈利能力有所提升。,0
运用综合手段支持小企业发展。,0
美国经济回升势头强劲。,0
2017年以来，随着供给侧结构性改革、简政放权、创新驱动战略等深化实施，我国经济结构加快调整，发展新动能增强，经济增长的稳定性、 协调性进一步增强。,0
一是小微企业贷款增速高于各项贷款平均水平。,0
和增强竞争改善金融服务。,0
加强国际政策协调，有效防控国际疫情的影响。,1
上半年，进出口总额同比下降3.2%，降幅比第一季度收窄3.3个百分点。,1
二是邮政储蓄快速增长。,0
但在经历十几年通缩后，企业涨薪动力不足，生产商涨价意愿不强，通胀水平依然疲软， 2017年以来通胀率未超过1.0%，远低于日本银行2%的通胀目标。,1
稳妥推进债券市场对外开放，提高境外机构在境内债券市场发行和交易的便利性。,0
三是降低财务公司存款准备金率3个百分点，进一步鼓励其发挥好提高企业资金运用效率的作用。,0
三是表外融资有所恢复。,0
货币市场资金价格显著下行，资金面整体宽松；债券市场发行总量同比增加，债券收益率快速下行；股票市场整体先扬后抑，各主要股指下跌。,1
进一步健全市场利率定价自律机制，提高金融机构自主定价能力。,0
随着贷款效益、贷款质量的提高，金融机构经济效益有所提高。,0
4月以来，建材等部分品种钢材价格出现较大幅度下滑。,1
完善房地产金融宏观审慎管理。,0
受美联储加息预期影响，伦敦同业拆借市场美元 Libor 略有上升。,1
由于人们担心美国经常账户进一步恶化，以及美国资产的吸引力降低，在外汇市场上，美元兑日元和欧元的汇率呈下降趋势，波动加剧。,1
进一步发挥信贷资产证券化盘活存量的积极作用，推动经济提质增效和转型升级。,0
进出口增速加快，但出口增速继续高于进口增速，贸易顺差扩大。,0
适时调整外汇风险准备金率。,1
重视预期管理，保持物价水平稳定。,0
健全系统性金融风险的防范预警和评估体系，加强对地方政府融资平台、产能过剩行业和房地产行业贷款信用违约风险的监测，防范部分地区、行业、 企业风险及非正规金融风险向金融体系传导。,1
成品油价格存在较大上调空间。,0
国内金价持续高于国际金价，价差大幅增加。,0
农村信用社改革取得明显成效。,0
持续深化开发性、政策性金融机构改革。,0
一是稳健的货币政策更加灵活适度、精准导向。,0
我国发展仍处于并将长期处于重要战略机遇期。,0
（四）股票市场成交活跃，股指创年内新高股权分置改革工作对股票市场发展的积极作用逐渐显现，加之国民经济持续向好，中国银行等优质大盘蓝筹股在国内 A 股市场上市等因素影响，股票市场交易活跃，股指创出年内新高。,0
部分大型互联网企业依托在云计算、大数据等方面的技术优势和网络平台优势，为传统金融机构开发多样化、个性化、精准化金融产品提供技术与系统支撑。,0
（二）工业持续高速增长受投资、出口快速增长和汽车、通信等消费热点的共同拉动，我国工业生产持续高速增长。,0
对保险企业实施税收优惠。,0
货币市场交易活跃， 债券发行情况良好，市场创新产品不断推出，制度性建设获得较大进展，市场运行机制进一步完善。,0
人民币贷款利率整体下降，金融对实体经济的支持力度进一步增强。,0
资金实力显著增强，支农服务力度进一步加大。,0
由于受美元贬值、安然等公司财务作假丑闻不断曝光等因素的影响，预计美国经济下半年难以维持一季度的强劲增长。,1
密切关注地方政府融资平台债务存量和增量的变化情况，加强信贷风险预警提示。,1
（五）国际收支状况进一步改善2011年，国际收支继续呈现“双顺差”，但国际收支状况进一步改善。,0
欧洲等地能源供给紧张可能进一步加剧企业和居民生产生活困难，抑制经济复苏进程。,1
推动经济结构调整和转型升级、深化改革开放和防范金融风险方面的作用。,0
油价下跌对各经济体影响存在差异。,1
英国三季度 GDP 环比下降0.2%，自2021年一季度以来再次出现环比负增长。,1
（一）消费、投资平稳增长，进出口增速由负转正城乡居民收入继续增加，消费拉动作用增强，新兴业态消费增长较快。,0
外商投资预期和信心稳定趋好，资金向高技术产业聚集。,0
物价短期可能受到供给冲击等影响，中长期看则主要取决于总需求、产出缺口和经济的结构性变化。,1
鼓励金融机构创新组织、机制、产品和服务模式，完善相应的考核和激励机制，科学合理地考核银行经营绩效，优化金融组织体系，进一步改善金融服务。,0
工业生产增长加快，企业利润大幅提高。,0
当前世界经济增长持续放缓，仍处在国际金融危机后的深度调整期，全球动荡源和风险点显著增多，应密切关注和研究。,1
二是资金实力明显增强，支农力度进一步加大。,0
金融稳定风险上升。,1
规范短期健康保险业务。,0
利率互换交易活跃。,0
积极与地方政府、监管部门沟通协调，推动风险依法处置。,1
一是保持流动性合理充裕。,0
三是与保交房和“白名单”机制形成合力，降低房地产市场风险水平。,1
农村信用社改革进展顺利，成效显著。,0
年初以来， 受中东国家主权基金赎回、欧洲银行业风险暴露等因素影响，投资者避险情绪升温，国际金融市场出现大幅度震荡。,1
价格形势比较复杂，通胀预期管理仍需加强。,1
交通基础设施规划建设任务重，资金需求大，资金供给能力不足，2009年新开工项目多、重点项目建设加快等，都加剧了资金投入的压力。,1
先行试点地区农村信用社的历史包袱得到明显化解，总体经营状况有所好转；支农金融服务功能有所增强；增资扩股进度较快，资本充足率迅速提高。,0
及时开展常备借贷便利操作。,0
美元指数上涨，国际地缘政治不确定性增加，大宗商品价格出现较大波动，非美货币普遍承压，人民币汇率在定。,1
新兴经济体央行继续降息。,0
严格控制对“两高促进产能过剩矛盾化解。,1
商品房销售快速增长。,0
（一）消费持续改善，投资稳步回升，对外贸易实现正增长居民收入持续回升，消费稳步恢复。,0
为进一步缓解结构性就业压力，一是要进一步推动城镇化进程。,0
从基本面和发展优势看，我国经济持续增长仍有较大潜力。,0
3、产业结构调整是实现长期、持续、稳定的经济增长的关键。,0
三是政策效应持续显现。,0
食品价格回落和基期因素影响减弱是居民消费价格涨幅继续回落的主要原因。,1
当前中国仍处于重要发展战略机遇期，支撑中国经济平稳较快发展的基本面并未发生根本性变化，增长的动力和潜力依然较大，在宏观政策预调微调的协调配合下，中国经济有望继续保持稳定增长。,0
值得注意的是，由于能源和粮食价格持续上涨，9月HICP 同比上涨为2.1%，这是自2006年9月以来欧元区HICP升幅首次高于欧央行设定的2.0%的通胀目标。,0
持续推动金融风险防范化解。,0
日本经济增长有所减缓。,1
日本银行“量化和质化宽松货币政策”可能进一步加剧各界对货币竞争性贬值的担心。,1
当然，经济运行中面临的矛盾和问题依然突出。,1
三是加强和改进对中小企业的金融服务，促进中小企业健康发展。,0
房价过快上涨势头有所减缓。,1
三批次再贷款再贴现政策具有资金支持覆盖面逐步扩大、普惠性逐步增强、资金利率保持优惠、投向管理要求精准的特点。,0
防止发生系统性金融风险是金融工作的永恒主题。,1
稳妥有序推进包商银行风险处置。,1
不断提高对养老家政健康消费等新消费领域和现代服务业的金融服务水平，推进产业结构战略性调整，加快新旧发展动能接续转换，推动经济提质增效和转型升级。,0
券融资放缓。,1
为企业有序复工复产提供低成本、普惠性的资金支持，切实解决企业复工复产面临的债务偿还、资金周转和扩大融资等迫切问题。,0
集中行业优势力量解决“卡脖子”问题，加快关键性前沿技术赶超，改变高端供给“不充分”局面，助力产业链上下游协同发展。,0
英国经济持续低速增长，脱欧带来的不确定性加大。,1
经济下行压力仍然较大，同时债务水平还在较快上升，经济金融领域风险暴露增多。,1
定期开展央行评级，对存量高风险机构推动各方形成合力，采取多种措施压降，对增量高风险机构，有序开展硬约束早期纠正试点工作，防止风险淤积。,1
目前，中小企业反映贷款难，商业银行反映难贷款。,1
建全风险早期纠正硬约束制度，筑牢有效防控系统性风险的金融稳定保障体系。,1
严格控制对高耗能、高排放行业和产能过剩行业的贷款，促进产能过剩矛盾化解。,1
此外，我国中小企业主要集中在纺织、印染等传统制造业，且很多为高耗能或高污染行业，产业结构不合理，这也成为制约中小企业融资的一个重要因素。,1
另一方面，疫情防控能力有限、经济复苏放缓、债务积压较重、全球流动性收敛等多重压力叠加，发展中国家偿债能力面临考验，跨境资本流动、金融市场调整等金融安全问题同样不容忽视。,1
年初以来监管当局整顿措施的出台和规范股票市场的大讨论，对二级市场交易起到一定的降温作用。,1
一是制定技术标准、环保标准，控制污染法令强制企业实行；二是要求企业支付更高的排放费，即要求企业支付其造成外部危害等额税款。,1
（二）农业生产稳定发展，工业生产快速回升第二产业增速大幅提升。,0
同时，国家注资获得明显收益，实现了国有资本保值增值。,0
PPI 与 CPI 之间保持了较大缺口。,1
城市消费虽然仍是消费快速增长的主力，但农村消费增速持续加快，城乡消费增长率差距有所缩小。,0
因此，进一步解决好“三农”问题，加快农业和农村经济发展是保持国民经济持续快速健康发展的必然要求。,0
三是积极做好中小微企业复工复产金融服务。,0
进口价格同比降幅有所收窄。,1
美国通货紧缩压力已有所减弱，美联储年内很可能将联邦基金目标利率维持在1%。,1
加快建立完善养老金融体系，构建养老金融长效机制， 服务银发经济高质量发展。,0
主要表现在： 一是货币供应量与经济增长相适应，货币流动性有所回落。,1
（五）保费收入和保险业总资产增长减缓保费收入增长明显减缓。,1
工业生产有所加快，结构持续优化。,0
主要经济体国债收益率波动加大。,1
公司信用类债券市场的规范快速发展取得显著效果。,0
国际货币基金组织（IMF）在7月份也上调了对中国经济增速的预期。,0
2022年二季度以来，受新冠肺炎疫情及经济下行压力的影响，企业尤其是中小微企业经营困难增多， 信贷需求转弱，贷款增长一度有所放缓。,1
二是历史上看PPI指标本身波动就相对较大，在数月内阶段性下探或冲高的现象并不鲜见。,1
未来，虽然主要经济体重新陷入衰退的可能性不大，但是金融领域风险尚未完全消除，全球经济复苏之路难以一帆风顺，国际资本跨境流动可能出现较大波动。,1
改进外债指标管理。,0
此外，进一步完善信贷政策导向效果评估工作机制，进一步推进信贷资产证券化，以改革创新盘活存量资金。,0
9月份出口增速同比下降1.1%，降幅继续收窄，较上月收窄5个百分点。,1
主要新兴市场和发展中国家继续保持强劲增长势头。,0
同时，维护好存款市场竞争秩序，保持银行负债端成本基本稳定。,1
2019年，人民币对美元汇率年化波动率为4%，与国际主要货币基本相当。,1
债券发行利率上行。,0
初级产品价格跌幅较大，投资品价格跌幅大于消费品。,1
进一步增强人民币汇率浮动弹性。,0
一是稳健的货币政策更加灵活适度、精准导向。,0
此外，英国退欧安排及影响仍有不确定性。,1
上半年中国还曾出现经济下行压力，呈现出经济与金融不同步的复杂形势。,1
由于企业纷纷破产，银行等金融机构形成了巨额的不良资产。,1
上半年，货币市场流动性宽裕， 宏观经济仍面临较大下行压力，但地方政府债券供给加大，在上述因素的交互影响下，国债收益率整体有所回落，但中长端下行幅度有限。,1
从主要经济体近期表现来看，经济增长动能均有所减弱。,1
生产价格降幅有所收窄。,1
同时，银行卡存款不计入 M1，也相应拉低了货币流动性比例。,1
针对金融深化和创新发展，进一步完善调控模式， 疏通货币政策向实体经济的传导渠道，着力解决突出问题，提高金融运行效率和服务实体经济的能力。,0
三是金融市场基准利率体系不断健全。,0
股票市场指数波动较大，总体呈先升后抑态势。,1
落实好差别化住房信贷政策，支持保障性住房、中小套型普通商品住房建设和居民首套自住普通商品房消费，坚决抑制投机投资性购房需求。,1
落实差别化住房信贷政策，推动房地产金融健康发展。,0
年初以来，国债收益率曲线整体下移。,1
外贸进出口运行处于合理区间，贸易顺差收窄。,1
月9日，惠誉宣布将希腊主权信用评级降至 BBB-，这使得希腊政府更难以从金融市场中获得资金。,1
日元贬值已影响中国对日本出口和中国机电产品在欧美市场上的竞争力。,1
健全银行内部转移定价机制。,0
人民币对欧元、日元等其他国际主要货币汇率双向波动。,1
一是移动支付便利性进一步提升。,0
房地产贷款增速基本持平。,0
继续发挥再贷款精准滴灌和正向激励作用，支持巩固脱贫攻坚成果同乡村振兴有效衔接。,0
四是创新并运用定向中期借贷便利（TMLF）。,0
结构性因素与通胀预期可能相互交织影响，加剧通货膨胀压力。,1
这些迹象表明，美国经济正在接近衰退的边缘。,1
重点对新冠肺炎疫情可能引发的跨境资金流动风险开展监测与分析。,1
债券衍生产品交易逐渐活跃。,0
一是钢铁产量呈现回落态势，但行业整体供大于求的格局没有根本改观。,1
第遍下跌，钢铁行业盈利高位回落。,1
由于很难对零售客户实施负利率，部分商业银行净息差有所下降，零售存款业务比重较大的银行受冲击更大。,1
加强对企业自主创新的金融服务。,0
增大对“三农”、灾后恢复重建、小企业、服务业、自主创新、节能环保等的信贷支持力度。,0
继续加强金融监管，提升金融监管协调的有效性，加强对系统性金融风险的防范预警，守住不发生系统性、区域性金融风险底线。,1
（三）居民消费价格温和上涨，生产价格涨幅有所扩大食品价格涨幅回落，居民消费价格温和上涨。,0
进一步改进外汇指定银行结售汇周转头寸管理，完善现有汇价管理和监测体系。,0
2月7日，北京一中院裁定宣告包商银行破产，原包商银行的股东权益清零，大额债权人承担部分损失，包商银行风险处置工作基本完成。,1
八是全力做好助学、大学生村官、民族地区等薄弱环节和弱势群体的金融服务。,1
持续深化开发性、政策性金融机构改革。,0
利率互换交易活跃。,0
国内疫情散发叠加国际物流瓶颈和地缘政治冲突加剧， 全球电子信息产业链分工和布局面临新的挑战，我国产业转移有所加快。,1
受债务危机影响，西班牙、意大利、爱尔兰等欧元区国家的房地产价格出现下跌。,1
高杠杆和沉重债务负担可能使消费和投资增长承压。,1
采取综合措施维护金融稳定，守住不发生区域性系统性金融风险的底线。,1
第三季度以来，股市大幅波动，加之经济下行压力较大， 市场避险需求上升，推动国债中长端收益率显著下行。,1
负利率给商业银行、保险机构、养老基金等金融机构的盈利能力带来压力。,1
宏观杠杆率因疫情应对出现阶段性上升，不良贷款上升等信用风险可能滞后显现，区域性金融风险隐患仍然存在。,1
（四）股票市场交易趋于活跃，股票指数震荡上行随着国民经济企稳回升趋势的进一步明确，受主要经济体股市总体上涨、市场流动性充裕等多种因素影响，股票市场交易趋于活跃， 股票指数波动上行。,0
促改革和防风险方面的作用。,1
上半年，人民币对美元汇率有所升值。,0
目前日本经济继续恶化，金融市场剧烈动荡。,1
对外贸易加快恢复，贸易顺差大幅收窄。,0
我国目前的收益率曲线是在通货紧缩状态下形成的，长期收益率较低。,1
新兴市场经济体货币政策分化。,0
城乡居民收入的快速增长带动国内消费需求不断扩大。,0
进一步发挥开发性金融作用，支持棚户区改造。,0
考虑到债务水平较高，还有可能会产生“债务-通缩”的交互作用，步入“PPI 收缩—实际利率上升—负债加剧—经济进一步收缩”的循环。,1
第一，增加债券市场的供应。,0
发行短期融资券支持了优质企业的改革和发展。,0
西亚和北非地区政局动荡可能威胁全球复苏。,1
受国际大宗商品价格总体下跌等因素影响，进口价格下降。,1
第三季度，利率互换曲线整体下移。,1
而第三产业的发展与城镇化的趋势是一致的。,0
但由于出口增速持续高于进口增速，贸易顺差继续扩大。,0
1994年我国成功实现汇率并轨以来，国家外汇储备持续增加，人民币汇率基本稳定，极大地提高了人民币的国际地位和对外资的吸引力，增强了国内外对中国经济健康发展的信心，对于平衡国际收支，促进国内经济发展，保证国家经济金融安全发挥了积极作用。,0
二是部分申请贷款的企业资产负债率较高，盈利能力差，缺乏规范的财务报表。,1
此外，地缘政治博弈和部分国家政局动荡也可能对全球经济产生负面影响。,1
但长期以来汽车产业发展中存在着重复建设严重、研发能力弱等突出问题，而限制性的汽车消费政策又制约了汽车市场的拓展。,1
根据金融机构存款规模、资本充足水平、资产质量、流动性状况、风险管理水平以及公司治理等，逐步实施风险差别费率，有利于促进公平竞争，奖优罚劣，是发挥存款保险风险约束和校正作用的重要措施。,1
第一季度物价涨幅出现一定回升，各方面较为关注。,0
消费升级类商品和网上零售持续较快增长。,0
阿根廷、土耳其受金融市场动荡影响，第一季度 GDP 均为负增长。,1
外部不经济的一个典型的例子就是环境污染。,1
2008年金融危机后，各国普遍加强了对系统重要性金融机构的评估和监管，而对中小型金融机构的关注相对有限。,1
开展定向中期借贷便利操作。,0
进一步规范证券经营机构业务。,0
高质量发展的主要内涵，就是从总量扩张向结构优化转变，着力提高供给体系的质量和效益。,0
石油生产增速显著回调。,0
开展常备借贷便利（SLF）操作。,0
外汇风险是指企业因持有外币资产（债权）或借用外币债务，当外币汇率发生变动，折成本币或其他货币导致资产减少或负债增加的风险。,1
3月失业率维持在6.7%，通胀维持低位。,1
一是股市走低。,1
保险业总资产增速回升。,0
但2月中旬以后钢材市场供大于求，价格明显回落。,1
生产价格涨势趋缓。,0
2004年第一季度以后，全球经济复苏和增长势头进一步加强。,0
二是境内外汇率点差收窄。,1
现在看来，这几年发挥重要作用的货币政策工具是连续几年的低利率政策。,1
近两年来，直接融资（不含国债）的比重连续下降，这不利于形成合理的企业资本结构，也不利于防范系统性金融风险。,1
10月下旬之后，国债收益率整体水平进一步上行。,0
离岸人民币市场较为活跃。,0
9月，面对日元持续贬值压力，日本央行时隔多年再次干预外汇市场。,1
利率互换市场有序发展。,0
全球经济复苏仍是一波三折，调整过程中不稳定不确定因素不时出现，随着市场预期美联储加息时点逐步趋近，国际主要货币汇率波动和跨境资本流动的不确定性可能会加大，从而增大国内实施宏观调控的难度。,1
健全系统性金融风险的防范预警和评估体系，加强对地方政府债务、银行信贷风险的监测和管理，强化跨行业、跨市场、跨境金融风险的监测评估， 防范实体经济部分地区、行业、企业风险及非正规金融风险向金融体系传导。,1
企业盈利能力有所下降。,0
五是加强“非标”业务管理，防范影子银行风险。,1
西班牙可能被迫接受国际社会全面救助，法国债务水平高、经济增长率低，这些因素均有可能成为加剧欧债危机的潜在风险点。,1
2010年上半年，随着市场对希腊债务危机恶化以及全球经济复苏前景的担忧加剧，避险需求上升，主要国债收益率震荡走低。,1
利率管制取消后，美国商业银行倒闭数量有所上升，但由于有较为完善的市场基础和健全的存款保险制度，总体上未对金融稳定产生过大的冲击。,1
新兴市场经济体货币政策分化。,0
黄金价格强势反弹，交易规模快速增长。,0
二是欧元区面临低通胀或通缩风险。,1
进一步健全市场利率定价自律机制，提高金融机构自主定价能力。,0
农业生产再获丰收。,0
（七）黄金价格波动较大2014年，黄金市场价格先扬后抑。,1
农村信用社改革试点工作取得重要进展和阶段性成果。,0
四是部分新兴市场经济体短期内仍面临下行风险。,1
展望未来，全球经济主要面临以下风险： 第一，主权债务危机仍是全球经济增长面临的主要风险。,1
10月开始缩减资产负债表， 缩减规模上限分别为60亿美元国债和40亿美元机构抵押支持证券 （MBS），缩减规模上限每季度增加一次，增幅分别为60亿美元和40亿美元，直至每月缩减规模上限达到300亿美元和200亿美元。,1
资源价格偏低和比价关系不合理，对我国经济发展带来诸多不利影响。,1
一是降低金融资源配置的效率，会加剧结构扭曲。,1
积极规范发展多层次资本市场，促进资本市场稳定健康发展。,0
2018年第二季度以来，受贸易摩擦和国际汇市变化等因素影响，外汇市场出现了一些顺周期波动的迹象。,1
货币政策有较大空间，但也面临艰巨挑战。,1
新一轮医药卫生体制改革实施以来，全民医保基本实现，基本医疗卫生制度初步建立，为加快发展健康服务业创造了良好条件。,0
农业发展的好形势，对促进国民经济发展和保持社会稳定发挥了至关重要的作用。,0
产业升级、区域协调发展、提高住房保障、加大节能减排以及灾后恢复重建等客观上都会产生投资需求，加之各方面发展热情较高， 可能推动投资保持相对较快增长。,0
二季度日本实际经济增长率从第一季度的零增长，升为0.6%。,1
更为重要的是，要加快推进经济结构调整，转变发展方式，拓展资金运用空间。,0
提高金融结构的适应性，在服务经济结构转型升级的同时增强金融体系的韧性。,0
（四）大力培育和发展金融市场，推动金融产品创新大力推动金融市场制度性建设，扩大直接融资渠道，改善金融资产结构，丰富市场层次与产品种类，培育和发展机构投资者，推进金融市场的整体协调发展。,0
政策性开发性金融工具落地落细需要合理工作机制支撑。,0
贸易及财政赤字问题不容乐观。,1
受外需下降等因素影响，日本出口疲软继续拖累整体经济。,1
完善市场利率监测体系，提高利率政策的调控效果。,0
受投资者对美国经济悲观预期影响，美元在年初相对欧元、日元等货币快速贬值。,1
通胀依然保持低位，劳动力市场喜忧参半。,1
在经济全球化的背景下，各国产业结构和金融体系相互渗透，若贸易摩擦继续升级，更大范围的全球产业链将受到波及， 可能进一步引发全球宏观风险和金融市场动荡，拖累长期经济增长。,1
从下行风险看，由于近年来我国消费品产能不断扩大，消费品供大于求的局面在短期内难以改变，消费品，特别是耐用消费品价格存在继续下降的风险；钢铁、电解铝、水泥等产能过剩行业的产品价格将继续面临一定的下降压力，会导致 PPI 下行；粮价走势存在不确定性，可能会成为 CPI 下行的因素。,1
当前全球经济处于衰退之中、经济在潜在产出水平之下运行的格局未变，产能过剩及需求不足构成下一阶段价格下行的主要压力。,1
2004年，金融市场进一步规范发展，金融产品创新和制度建设取得新进展。,0
继续深化大型金融机构改革，进一步完善公司治理，厘清股东大会、董事会、监事会和高管层的职责边界，形成有效的决策、执行、制衡机制。,0
采取综合措施维护金融稳定，守住不发生系统性、区域性金融风险的底线。,1
货币市场利率低位波动。,1
外汇市场交易主体进一步增加。,0
四是持续推动金融支持制造业高质量发展。,0
伦敦同业拆借市场美元 Libor 低位波动。,1
随后市场利率止跌企稳。,0
商品房销售面积增速持续放缓。,0
金融机构缺乏信贷风险价格补偿机制，是其各项损失准备和资本不足的重要原因。,1
人民币汇率主要由市场供求决定，中央银行不会将人民币汇率作为工具来应对贸易摩擦等外部扰动。,1
今年国际资本看好中国市场，纷纷寻求在华投资机会，这是经济发展中的一大亮点。,0
近期全球通胀有所回落，但仍处于历史高位。,1
三是贸易摩擦对物价的滞后影响需全面分析。,1
三是建立风险共担机制，有效防范道德风险。,1
分类别看，食品价格上涨6.2%，拉动CPI上涨2.1个百分点，贡献率为78%，是拉动CPI上涨的主要因素；居住类价格上涨3.8%，对CPI上涨拉动作用也较大。,0
2020年第一季度，受新冠肺炎疫情影响，金融市场运行波动有所加大。,1
国际主要债券收益率波动下行。,1
这些问题都值得进一步深入研究。,0
未来美元利率趋势、汇率预期和风险偏好都可能出现方向性变化，美元套利交易前景有较大不确定性。,1
SDR 计价债券的推出，有利于丰富我国债券市场交易品种，促进我国债券市场的开放与发展，也是扩大SDR使用的标志性事件，对于增强国际货币体系的稳定性和韧性具有积极意义。,0
二是加大金融产品创新，积极探索发展中小企业多元化融资方式。,0
食品价格涨幅由负转正， 非食品价格涨幅有所回落。,0
一是资产质量改善。,0
持续做好普惠金融工作。,0
未来一段时间， 全球贸易增速放缓对经济增长的拖累，能源价格对通胀走势的扰动， 以及全球高债务、高利率可能诱发的金融风险仍需关注。,1
第一季度，全国房地产开发投资完成额1.8万亿元，同比增长6.2%，同比增速止跌回升，较上年全年提高5.2个百分点。,0
深化对外货币金融合作。,0
重点支持民生工程尤其是保障性安居工程、欠发达地区、科技创新、 节能环保、战略性新兴产业、企业技术改造等。,0
外汇市场会员进一步扩大。,0
要采用资源节约型和环境友好型的发展模式，在提高经济增长水平的同时提高经济发展的质量。,0
农业生产稳定发展，粮食连续增产。,0
一旦全球保护主义情绪加剧，将放缓甚至逆转国际政策协调和经济全球化进程，阻碍贸易自由化、资本和劳动力流动，并可能引发不可持续的政策，拖累全球生产率和经济增长，加剧金融市场动荡。,1
二是内需回升的基础还不牢固，特别是民间投资意愿偏低，部分行业和企业生产经营情况还比较困难，经济结构不合理、自主创新能力弱的问题依然存在。,1
展望未来，疫情形势、通胀走势、发达经济体宏观政策调整仍有较大不确定性，可能伴生的经济金融风险不容忽视。,1
二是大力推动绿色可持续发展。,0
估计一季度 GDP仍将是负增长，但下降幅度会略有减缓。,1
目前西班牙、意大利国债收益率居高不下；西班牙完成赤字目标存在困难；希腊各项改革进度落后，深陷衰退，退出欧元区的风险并未从根本上消除。,1
续支持经济结构调整，更好地服务实体经济发展。,0
与发达国家不同，我国居民的恩格尔系数依然较高，食品价格在我国CPI中的权重约为三分之一，从历史数据看，粮食价格波动是导致CPI波动的主要力量。,1
居民消费价格涨幅持续扩大。,0
2006年以来，尽管各主要货币当局多次加息，目前利率仍保持在相对较低的水平。,1
此外，信贷渠道要发挥作用，信贷市场应能够有效配置信贷资源，这要求有完善的市场退出机制和不良贷款处置机制，及时淘汰效率低下的企业，银行能够迅速处置不良资产，使腾挪出来的资金投向高效率企业。,1
（一）主要经济体经济状况美国陷入严重的金融危机，实体经济面临极大的下行风险。,1
稳慎扎实推进人民币国际化，进一步扩大人民币在跨境贸易和投资中的使用，深化对外货币合作，发展离岸人民币市场。,0
另一方面，金融机构、住户、企业部门通过违约、破产等手段也进行了自我调整。,1
四是东北地区投资由负转正，全年为2.8%；其他地区投资增速总体稳定。,0
在电力生产上，实施煤电节能减排升级与改造行动，推动火电发电量尽早达峰；优化新能源发展布局，鼓励新能源就地开发利用，逐步实现光伏、风电、水电等清洁替代，逐步形成具有我国自主知识产权的新型电力系统关键技术体系。,0
外币存贷款利率在国际金融市场利率波动、境内外币资金供求变化等因素的综合作用下，低位小幅波动。,1
深入推进金融精准扶贫，加强易地扶贫搬迁信贷资金筹集、 投放和管理工作，强化金融精准扶贫信息共享、统计监测和政策效果评估，着力支持贫困地区经济社会持续健康发展和贫困人口脱贫致富。,0
贸易摩擦带来的不确定性、加征关税对通胀及对全球供应链的影响已逐渐显现，企业选择推迟投资决策或考虑调整供应链，部分供应链上下游经济体面临外部需求放缓等冲击，贸易摩擦亦可能通过对信心的冲击加剧全球范围金融市场的波动。,1
股市下挫，负财富效应对消费增长也会产生不利影响。,1
房价过快上涨势头减缓。,1
的波动性可能进一步加大。,0
完善证券公司及上市公司监管制度体系。,0
（四）着力优化信贷结构，加强对重点领域和薄弱环节的金融支持。,1
应通过气候风险压力测试、环境和气候风险分析等手段，增强金融体系管理转型风险和气候变化风险的能力。,1
当前 M2增速仍高出名义 GDP 增速3个百分点左右，可以满足实体经济的有效需求。,0
进一步拓宽中小企业发展的多元化融资渠道，支持中小企业健康发展。,0
进一步督促金融机构健全内控制度，增强自主合理定价能力和风险管理水平，从提高金融市场深度入手继续培育市场基准利率和完善国债收益率曲线，不断健全市场化的利率形成机制。,0
法国、意大利、比利时、德国等国债收益率和 CDS 利差也一度大幅走高。,0
欧洲经济表现疲软，四季度欧元区 GDP 同比增长0.1%，环比持平。,1
另一方面，过低的成品油价使得价格杠杆在石油供求调节上发挥不了应有的作用，市场配置石油资源的基础性作用失效，不利于节约用油，同时还导致了不正常的投机需求快速增加，进而加剧了市场供求的紧张程度，一些地区甚至出现了“油荒”。,1
受建筑基本法修改和原材料价格上涨影响，上半年新房开工数同比继续下跌。,1
持续深化开发性、政策性金融机构改革。,0
在各国宽松货币政策和恢复经济增长措施的刺激下，当前发达经济体经济大幅下滑的趋势正在减缓，经济企稳迹象有所显现。,0
贸易顺差仍将维持在较高水平。,0
持续推动债券二级市场发展，提升债券市场流动性，不断优化交易、清算和结算等相关安排，完善做市商制度等市场化评价体系建设，为市场参与者创造更加友好、便利的投资环境。,0
存贷款市场的利率传导效率受损影响调控效果，制约货币政策空间。,1
进口价格大幅上涨。,0
二是主要发达经济体缺乏可信的财政整顿计划，可能在中长期影响复苏。,1
美国经济仍保持较强劲的增长势头，就业状况继续改善。,0
一是当前我国宏观经济体量扩大，韧性更强。,0
二是欧元区经济复苏前景不明。,0
钢铁、化工、化纤行业利润增幅下降，石油加工及炼焦业净亏损98亿元。,1
民间投资也有回升迹象。,0
现代服务业发展活力不断释放。,0
制造业中长期贷款增速为24.7%， 创十年来新高。,0
% 名义累计增速实际累计增速外贸进出口继续增长。,0
近期，希腊经济快速衰退、处于债务违约边缘，西班牙、意大利等国主权债务风险上升。,1
但企业涨薪动力不足， 投资意愿不足，通胀依然疲软。,1
总体看，6月份企业商品价格呈现有升有降的特点。,1
农民收入持续增长，增收渠道日益多样化。,0
进一步督促金融机构健全内控制度，增强自主合理定价能力和风险管理水平，从提高金融市场深度入手继续培育市场基准利率和完善国债收益率曲线，不断健全市场化的利率形成机制。,0
二是盘活存量、优化增量，支持经济结构调整和转型升级。,0
对理财产品的监管，应着重考量其风险收益的分担是否合理。,1
对预警银行苗头性问题及时纠偏，实现风险早发现、早处置。,1
世界地缘政治局势有可能加剧动荡，如果中东等地区地缘政治动荡加剧，国际油价很可能会大幅反弹。,1
信贷结构持续优化。,0
票据融资余额小幅下降，票据市场利率小幅震荡。,1
出口商品进一步向价值链高端迁移。,0
不断增强近年来，中国人民银行等金融部门出台了多项支持中小企业发展的政策措施，进一步改进和加强中小企业金融服务。,0
三是明确审慎监管要求，包括信息报送与披露、风险数据加总和风险报告、公司治理要求等。,1
三是多种不确定性交织，可能放大各经济体的脆弱性。,1
四是建立市场成员不良记录登记制度。,1
（四）股票市场交易活跃，股指上涨强劲股权分置改革的积极效应继续显现，股票市场交易活跃，投资者投资股票和基金市场意愿较强。,0
国际社会普遍认为，多数金融危机时期实施的非常规措施将逐步终止。,1
银行间债券市场指数有所上行。,0
5月下旬以来，监管加强预期减弱， 资金面趋稳，国债收益率有所回落。,1
如果通胀水平长期较低，有可能降低市场通胀预期，增加央行货币政策影响的不确定性。,1
股权分置改革有利于解决制约股市发展的制度问题，增强投资者信心，从而对股票市场的发展起到积极作用。,0
从外部环境看，全球经济持续复苏的稳定性有所增强，外需有望继续改善。,0
（二）债券发行利率回落，债券发行量同比增加债券发行利率回落。,1
全国财政收入增长呈前高后低、逐月回落态势。,1
发展消费信贷，支持扩大内需。,0
一方面，多个经济体为提振经济、缓解外部冲击先后放宽了货币政策。,0
五是全球贸易增速持续放缓。,0
新兴市场经济体复苏出现分化。,0
进一步健全市场利率定价自律机制，提高金融机构自主定价能力。,0
一是取消银行对客户美元挂牌买卖价差限制，银行可自主定价。,1
第三，采取多种措施，进一步改进对中小企业金融服务。,0
从政策出台后的初步情况看，金融机构存贷款利率总体下行。,1
房地产贷款增速回升。,0
但商业投资仍较疲软，新增非农就业等部分短期数据也不及预期，劳动参与率保持较低水平。,1
加快发展外汇市场，推动汇率风险管理工具创新。,0
完善系统重要性金融机构监管框架。,0
鼓励企业和行业协会开办职业技术教育，增强职业教育的实用性，提高人才供需结构的匹配度。,0
我国经济增长好于预期。,0
各地推动城镇化、 工业化和区域协调发展的热情很高，消费扩张势头较好，服务业潜力巨大，经济内生动力依然较强。,0
四是推动金融市场健康发展。,0
（三）主要经济体货币政策宽松2003年，为克服不利外部影响，刺激经济增长，各主要经济体纷纷采取了连续降息等宽松的货币政策。,0
由于存款同质化高，竞争存款主要靠价格，为避免无序恶性竞争，目前仍通过行业自律的方式对银行存款利率进行上限管理。,1
二是资产质量明显提高。,0
2010第三季度，中国经济继续朝着宏观调控的预期方向发展， 经济平稳较快发展的势头进一步巩固。,0
Shibor 短端小幅波动，中长端有所下行。,1
前三季度，人民币对美元汇率有所贬值。,1
欧元区经济和日本经济稳步回升。,0
加强对异常资金流入的检查。,1
目前，我国物价向下走的压力主要是居民的即期消费倾向仍然较低，商品供大于求的格局依然存在。,1
但价格工具的运用也受到多种因素掣肘，如流动性约束和较大幅度调整利率难以被接受、部分微观主体对利率敏感性不够、汇率市场化进程仍需推进等，因此还必须借助于宏观审慎等政策工具发挥必要作用。,1
主要包括：一是全球企业部门债务负担加剧，脆弱性上升，企业部门高风险债务规模已占企业部门总债务的三分之一。,1
工业生产者购进价格同比下降2.1%，降幅比上个季度扩大0.6个百分点。,1
高耗能行业的盲目扩张，使能源供应紧张、环境污染和国际贸易不平衡等问题进一步加剧。,1
一是发起机构类型不断扩展。,0
（四）股票市场成交活跃受国民经济持续向好、股权分置改革取得重大进展、券商治理工作进展顺利等影响，上半年股票市场信心逐步增强，成交较为活跃， 指数明显回升。,0
日本经济恶化会使美国经济雪上加霜。,1
（二）国际金融市场概况美元指数震荡下行，日元、欧元对美元升值。,1
二是支农主力军地位明显提升，涉农信贷投放大幅增长。,0
当然也要看到，要把发展空间用足，把增长潜力释放出来，形成持续稳定增长的新动力，还面临一些挑战。,0
实施稳健的货币政策要服务好打好三大攻坚战、防范系统性金融风险的要求，为打赢防范化解重大风险攻坚战营造适宜的货币环境，既要防止货币条件过紧引发风险， 也要防止大水漫灌加剧扭曲和继续累积风险。,1
随着居民收入水平上升，对提高生活质量的追求上升，服务业发展加快，服务业吸纳的就业量在1994年超过了工业，在2011年超过了农业。,0
第六、完善汇率形成机制，继续保持人民币汇率稳定。,0
日本货币政策进一步宽松。,0
培育多元化的参与主体，强化市场化约束和风险分担机制建设。,1
人民币对其他主要货币汇率总体走强。,0
货币政策要有预见性或前瞻性。,0
（二）工业保持快速增长，经济效益继续提高2003年一季度，全国工业生产实现快速增长。,0
2024年还是全球选举大年，世界政治经济形势的不确定性可能增大。,1
此外，针对国际金融市场动荡加剧的新情况，研究创设了短期招标工具（TAF），及时为流动性出现暂时困难的境内金融机构提供资金支持。,1
但也要看到，我国经济韧性强、潜力大、活力足，具有市场规模巨大、产业体系完备、人力资源丰富等优势条件，长期向好的基本面没有改变。,0
贷款质量明显提高。,0
房价同比上涨的城市个数持平，环比上涨的城市个数增加。,0
夯实金融稳定的基础，以经济高质量发展化解金融风险。,0
人民币对国际主要货币汇率有贬有升，双向浮动。,1
构建危机管理和风险处置框架，推进存款保险制度建设。,1
PPI波动较大在全球也都是普遍现象。,1
证券投资逐步恢复净流入，四季度境外投资者净增持境内债券超过620亿美元。,0
近年来，M2增速与名义 GDP 增速趋近，从满足实体经济合理需求的角度看，M2增速是适度的。,0
（三）票据融资降幅趋缓，利率小幅震荡票据承兑业务小幅下降。,1
在经济基本面总体平稳、美联储加息缩券发行量上升。,1
健全金融风险问责机制，对重大金融风险严肃追责问责，有效防范道德风险。,1
再次，非常规政策还加大了部分经济体债务负担。,1
短期内，保护主义可能通过阻碍贸易、抑制外商直接投资削弱全球需求，威胁经济持续、强劲增长。,1
作为全球失衡的核心，美国巨额贸易赤字则对应着其总体储蓄的空前萎缩。,1
中国人民银行监测的企业商品价格 （CGPI）同比下降1.3%，降幅比上年收窄0.8个百分点。,1
（一）加强证券市场制度建设，增强金融服务民营企业能力科创板正式落地，相关规则进一步细化。,0
气候变化带来的自然灾害频发，也会对多个领域造成冲击。,1
消费品价格同比上涨1.6%，涨幅比上季度高0.5个百分点；服务价格同比上涨2.2%，涨幅比上季度高0.1个百分点。,0
一批新技术产业、新商业模式发展势头较好，一些积极推进转型升级和自主创新的产业和企业呈现出较强的抗风险能力和发展活力。,0
分城乡看，城镇消费增速快于乡村，增速差距基本保持稳定。,0
同时，国际原油等大宗商品价格震荡下行带动 PPI 涨幅持续回落，10月同比涨幅转负，预计年内将维持低位运行。,1
股票市场筹资额大幅减少。,0
全球贸易和投资面临不确定性。,1
股票市场成交量大幅增长。,0
日元急剧贬值，对我国出口造成了压力。,1
GDP 缩减指数低于上年同期。,1
加强对保险公司管理，促进保险业健康发展。,0
投资活动稳步恢复，高技术产业和社会领域投资增长较快。,0
石油价格、能源安全以及地缘政治紧张是近期影响世界经济稳步增长的风险因素，这些因素也在一定程度上加剧了通货膨胀压力。,1
针对2023年中人民币汇率外部压力较大的情况，综合采取措施，加强预期管理，防范大起大落。,1
强化跨行业、跨市场、跨境金融风险的监测评估，防范实体经济部分地区、行业、企业风险及非正规金融风险向金融体系传导。,1
银行间回购和拆借交易活跃。,0
国际原油价格从10月下旬的高点回落。,1
工业生产价格同比降幅有所收窄。,1
新兴市场股市明显好转，但多数国家尚未恢复至疫情前水平。,0
保障房信贷增长放缓。,1
2016年上半年，全球经济复苏总体缓慢，受欧洲银行业风险暴露、英国脱欧公投等事件影响，国际金融市场出现几轮震荡，世界经济金融运行中的不确定性和不稳定性因素增多。,1
国际贸易受阻的状况短期难以改善，外需可能继续下降，进一步拉低我国经济增速。,1
主要经济体国债收益率普遍下行。,1
从人民币贷款期限看，中长期贷款增量比重回落。,1
国际原油和黄金价格出现反弹。,0
只要小微企业在申请延期时承诺保持就业岗位基本稳定，金融机构即予以延期，做到“应延尽延”。,1
目前，我国的价格上涨具中初级和中间产品价格涨幅高于最终产品、购进价格涨幅高于出厂价格、生产资料价格涨幅高于消费资料价格。,0
受债务危机影响，希腊经济再次陷入萎缩，通缩风险加剧，失业率一度升至近26%，位居欧元区各成员国之首。,1
俄乌紧张局势、俄罗斯与美、欧之间的双向制裁以及极端势力活动和由贫富差距扩大引致的社会反对力量等都可能影响全球市场信心，对经济、贸易和金融活动产生不利影响，进而增加全球经济复苏的复杂性和不确定性。,1
当前，我国经济面临下行压力，小微企业经营面临困难，继续加大金融支持小微企业力度，有利于稳企业保就业，有利于稳定宏观经济大盘。,1
目前轻重工业一慢一快的增迷，重工业生产增长落后于轻工业的格局形成了鲜明的对照。,1
在规范发展已推出金融产品的同时，进一步调动市场主体的积极性和创造性，鼓励金融产品与金融工具创新， 发展金融衍生产品，满足市场多样化需求。,0
进一步推进金融机构改革。,0
同时，我国正处于消费结构和产业结构加快升级的发展阶段，工业化、城市化、市场化、国际化进程加快，经济增长的内在活力进一步增强，推动经济增长的动力依然强劲，国民经济总体仍将保持平稳较快的发展势头。,0
第三季度，受美元指数走强和贸易摩擦等因素影响，人民币对美元汇率有所贬值。,1
发达经济体是本次危机的发源地，受危机冲击最重，经济下滑程度也最大。,1
煤电油运供求形势总体宽松。,0
畅通货币政策传导机制，丰富完善货币政策工具箱， 提高资金使用效率。,0
一是阻止了全球经济陷入更大的萎缩。,1
加强宏观审慎管理，强化对顺周期、跨行业、跨市场风险及风险传导的分析研判。,1
地缘政治冲突多点爆发，风险因素加速累积。,1
在结构矛盾突出、国际收支继续双顺差的背景下，控制货币信贷过快增长的任务仍然比较艰巨。,1
日本央行将于2022年3月底如期结束对商业票据和公司债的额外购买，使其余额逐步降至疫情前约5万亿日元的水平。,1
通胀压力下降和就业数据疲软加剧投资者对美国经济增长动能放缓的担忧，进一步增强美联储降息预期，金融市场也有波动。,1
四是完善期货市场制度建设。,0
总体看，当前中长期贷款快速增长，有利于拉动需求和推进经济结构调整， 对于实现我国经济全面协调可持续发展具有重要意义。,0
三是航班效益不断提高。,0
国内发生汶川大地震等严重自然灾害， 国际上美国次贷危机加剧，并在9月中旬急剧恶化为百年难遇的国际金融危机。,1
农产品生产价格涨幅高于农业生产资料价格。,0
全面推进农村金融体制改革，进一步完善农村金融服务体系，深化农村信用社改革，真正建立起产权清晰、财务健康、监管到位、有可持续发展能力、主要为农村服务的金融企业。,0
但是，我国 IT产业的发展前景远大。,0
第一季度我国 GDP 为6.6万亿元， 实际增长率为6.1%，GDP 缩减指数（按当年价格计算的 GDP 与按固定价格计算的 GDP 的比率）为-2.4%，比上年同期回落10.5个百分点， 比上年回落9.6个百分点。,1
一是投资增长过快。,1
受各种不利因素的影响，国际金融市场动荡加剧。,1
受此影响，进口价格同比下降5.0%，降幅比上个季度扩大3.5个百分点。,1
由于投资者担心希腊银行业挤兑的风险扩散至欧元区其他国家，德国、法国等国家股票市场在6月29日出现普跌。,1
产业结构调整积极推进。,0
资本市场对外开放水平进一步提升。,0
另外，随着减轻农民负担政策的进一步落实，农村消费市场将更加活跃。,0
实施低利率政策后，发达经济体通胀水平长期低于中央银行的通胀目标，原因主要有以下三点：一是低利率政策对长期结构性因素作用有限， 难以改变经济潜在增速和中性利率下降的长期趋势。,1
新能源消纳离不开完善的配套电网建设，近年来我国持续投建特高压体系，至2023年末累计建成35项特高压工程，线路长度超过4.6万公里。,0
要加强对重要金融基础设施的统筹监管，统一监管标准，健全准入管理，优化设施布局，健全治理结构，推动形成布局合理、治理有效、先进可靠、富有弹性的金融基础设施体系。,0
（三）消费价格温和上涨居民消费价格涨幅略有扩大。,0
5、GDP 缩减指数继续回落。,1
其中居民未来收入预期指数与上季基本持平，就业预期指数略有回落。,1
不断加大对小微民营、科技创新、绿色发展等支持力度，大力支持培育经济内生增长动能。,0
（二）加强证券期货业监管制度建设上市公司治理体系进一步完善。,0
鼓励金融机构创新组织、机制、产品和服务模式，支持农业适度规模经营和新型农业经营主体发展。,0
进一步督促金融机构健全内控制度，增强自主合理定价能力和风险管理水平，从提高金融市场深度入手继续培育市场基准利率和完善国债收益率曲线，不断健全市场化的利率形成机制。,0
中国人民银行自2015年9月起按月对金融机构代客远期售汇业务签约额收取外汇风险准备金，冻结期为1年，外汇风险准备金率暂定为20%，以促进金融机构稳健经营，防范宏观金融风险。,1
外部看， 发达经济体经济温和复苏难为新兴市场经济体创造强大的外部需求。,0
日本经济复苏。,0
2016年，世界经济保持复苏态势，同时经济政治社会领域“黑天鹅”事件频现，民粹主义、逆全球化、贸易及投资保护主义抬头， 地缘政治不确定性上升。,1
二是关于退出工具的选择。,1
这一系列支农政策措施在促进农业发展和农民增收方面起到了巨大作用，极大地调动了农民的生产积极性，农业发展呈现良好的发展势头。,0
三是改善金融服务，促进经济结构调整。,0
原材料价格高位波动，加之环保投入增加，钢铁企业整体利润空间受到挤压。,1
中国发展仍处于并将长期处于重要战略机遇期。,0
展望未来，全球经济“双速复苏”的趋势仍将持续。,0
对评级为1- 级的机构，按季组织预警；对8-10级的高风险机构，区分增量和存量，采取有力措施压降。,1
继第二季度全球主要股市稳步上扬之后，7月中旬起，在各种经济利好数据的刺激下，市场信心大增，以欧美股市为主的全球主要股市出现了新一轮的快速反弹行情。,0
大宗货物运输明显升温，外贸货物增速低于总体增速。,0
受经济下行压力较大、金融市场出现较大波动等多种原因影响，部分时段的货币政策在实施上可能是稳健略偏宽松的。,1
此后，受美国次级抵押贷款风波影响，全球股市波动较大。,1
食品价格同比上涨3.0%，涨幅比上季度高0.9个百分点， 拉动 CPI 上涨约1.0个百分点；非食品价格同比上涨1.1%，涨幅比上季度高0.1个百分点，拉动 CPI 上涨约0.7个百分点。,0
（二）债券发行规模显著扩大，发行利率回落银行间债券市场现券交易量同比降幅继续收窄。,1
二是进一步完善水价形成机制。,0
（二）房地产宏观调控效果显著金融机构房地产贷款增速出现下降。,0
推动经济结构调整和转型升级、深化改革开放和防范金融风险方面的作用。,0
民航货邮总运输量同比下降8.8%，降幅较第一季度、第二季度分别收窄8.6个百分点和3.6个百分点。,1
引导金融机构运用存款利率差别定价，加强主动负债管理，约束资产过度膨胀。,1
但基建投资增速下行，企业经营景气有所回落，需关注内外部不确定不稳定因素带来的下行压力。,1
投融资货币功能持续深化。,0
随着国际商品价格回落，进口价格涨幅高位减缓，有助于减轻我国通货膨胀压力。,1
传统避险国国债收益率低位盘整，重债国国债收益率有所下降。,1
农民收入增长缓慢问题变得更加突出。,1
2019年第一季度受净出口改善、库存增加等因素影响，GDP 增速反弹至3.1%。,0
日本货币政策已基本上没有调整的空间，短期内日本经济要有起色的难度较大。,1
5月6日，国务院常务会议决定商业健康保险享受个人所得税税收优惠，用政府与市场的合力更好托举民生。,0
此外， 社会保障，特别是低收入阶层保障水平不断提高以及资本市场繁荣所带来的财富效应等因素都有助于增强居民的消费信心。,0
处理好稳增长和防风险的关系，牢牢守住不发生系统性金融风险的底线。,1
培育多元投资主体，放宽市场准入，鼓励广泛吸引包括民间投资、外资等在内的社会资本参与铁路投资建设。,0
人民币对国际主要货币汇率有所升值。,0
新技术应用深度和广度有待拓展，交通运输数字化、智能化、物联化发展水平不足，部分关键核心产品和技术自主创新能力不强。,1
实体部门获得感明显增强，生产生活快速恢复， 就业形势持续改善。,0
我国农业基础设施较为落后，土地产出率、资源利用率和劳动生产率较低。,1
房屋销售价格涨势平稳，但部分地区房价涨幅较高。,0
这是直达实体经济的结构性货币政策工具，以精准直达方式支持清洁能源、节能环保、碳减排技术的发展，并撬动更多社会资金促进碳减排。,0
受货币贬值、资本流出、贸易摩擦等因素影响，部分新兴市场经济体股市下跌。,1
得益于消费者和联邦政府支出增加及住房市场的持续改善，第三季度 GDP 增速有所回升，环比折年率增长2.0%。,0
一是科技金融的政策框架持续健全。,0
④农村合作金融机构包括农村商业银行、农村合作银行、农村信用社。,0
严格控制对高耗能、高排放行业和产能过剩行业的贷款。,1
主要表现在，一是国际需求减弱使外商及港澳台投资企业增速回落。,1
近年来我国建筑行业积极应对疫情冲击等挑战，运行态势总体平稳。,1
初级产品价格跌幅较大，投资品价格跌幅大于消费品。,1
伦敦同业拆借市场美元 Libor 震荡下行。,1
当前的宏观调控：2003年，国民经济运行中出现了粮食供求关系趋紧，固定资产投资增长过猛，货币信贷投放过多，煤电油运供求紧张等问题。,1
从2007年第三季度起，货币政策开始采取紧缩态势，第四季度继续收紧。,1
根据形势发展变化，研究进一步改进宏观审慎评估体系，丰富和完善调控工具。,0
这主要是因为在国内外市场变化及政策面影响下，市场对紧缩性政策出台的预期不断减弱，债券收益率一路下行，中长期债券尤为明显。,1
股票市场继续回暖，成交量和筹资额同比增加。,0
二是运输能力大幅提升。,0
原材料购进价格23个月持续攀升。,0
这样，既可以满足企业生产经营的需要，也可以规避汇率风险。,1
工业生产增长加快，企业效益有所提高。,0
一方面，部分负债消费主体存在非理性，未来收入与还款支出不匹配，容易超过自身经济能力过度借贷消费，埋下金融风险的隐患。,1
四是继续完善汇率改革的各项配套措施，进一步深化外汇管理体制改革，完善银行结售汇头寸管理。,0
（一）主要经济体经济和金融市场概况经济增长动能放缓。,1
综合考虑 CPI 统计、价格控制等多方面因素，目前我国各类价格指数虽然出现了不同程度的回落，但出现通货紧缩的可能性很小，通货膨胀的压力依然存在。,1
引导金融机构优化信贷结构，支持实体经济发展和结构调整。,0
股票市场止跌回升，成交量同比增加。,0
维护金融安全，健全金融风险预防预警处置体系、问责制度，抓紧补齐监管制度短板，坚决守住不发生系统性金融风险的底线。,1
放宽首套住房贷款利率下限。,0
其次是表外表内业务交叉风险。,1
展望未来，全球经济主要面临以下风险： 第一，主权债务危机仍是全球经济增长面临的最大风险。,1
三是严厉打击各类外汇违规违法活动。,1
近期， 受主要产油国冻产协议传闻、美元走软、投资者对美国石油减产预期等因素影响，油价震荡回升，但在地缘政治、供需平衡等多重因素相互影响下，未来大宗商品价格走势的不确定性依然较大。,1
货币总量增长总体有所回升。,0
近年来，我国极端天气频发，对粮食安全带来严峻挑战。,1
当前信贷投放动力仍然较强：一是随着供给侧结构性改革持续推进，经济增长的稳定性增强，经济景气较好。,0
在信用风险加快暴露情况下，部分中小金融机构风险偏好下降。,1
（一）消费逐步改善，投资、进出口增速由负转正居民收入实际增速由负转正，消费意愿逐步改善。,0
总的来看，跨境贸易人民币结算试点进展顺利，资金清算渠道安全、畅通。,0
3．B股市盈率急升，投资者开户数大幅增加。,0
落实存款利率市场化调整机制，着力稳定银行负债成本。,1
第二， 票据业务的发展促进了商业银行资产结构调整和流动性管理。,0
据2009年第二季度“中国人民银行进出口企业问卷调查”，70%以上企业认为当前我国出口下滑的主要原因是国外需求疲软。,1
二是法人治理取得初步成效，可持续发展机制基本建立。,0
实施宏观审慎政策的主要目的，是从防范系统性金融风险的角度出发，抑制短期投机性交易，防范以加杠杆为主要特征的顺周期行为和货币错配风险，维护金融稳定，总体看具有市场化、价格型、透明、非歧视、动态调整等特征，并非行政管制，也不是资本管制。,1
二是提高价格透明度。,0
金融机构超额准备金率为1.4%。,0
同时，国内经济中的不确定性因素也在增加。,1
工业生产稳步恢复。,0
受国际油价波动影响，国内能源价格有所下行，一季度均值与去年同期持平。,1
从国内看，基建投资增速下行， 金融机构风险偏好下降，信用增长延续放缓态势，小微企业、民营企业融资难问题较为突出，货币政策传导仍然面临一定约束。,1
"（一）消费对经济增长贡献较高，制造业、民间投资增速持续回升消费对经济增长贡献保持高位,网上消费增速加快。",0
另一方面，创新和完善结构性货币政策工具体系，精准设计激励相容机制，引导金融机构加大对符合新发展理念相关领域的支持力度，继续运用普惠性再贷款、再贴现政策，加大对科技创新、小微企业、绿色发展的金融支持。,0
（一）主要经济体经济发展美国经济继续保持较强增长势头。,0
2009年1月，由于经济衰退、财政状况恶化，希腊、葡萄牙及西班牙的信用评级相继被降低，从而引起了市场对欧洲主权债务偿还能力的担忧。,1
一是全球生产率增长乏力。,1
第四，疫情还影响了全球投资者预期，国际金融市场“黑天鹅”事件频发。,1
农村信用社改革稳步推进，经营财务状况和涉农金融服务持续改善。,0
展望未来， 全球经济可能面临以下风险： 一是全球贸易摩擦升级与政策不确定性增加。,1
人民币对欧元、日元等其他国际主要货币汇率双向波动。,1
第一季度，中长期国债收益率有所上升，短期国债收益率继续下行。,1
收入分配结构持续改善，农村居民人均可支配收入名义增速和实际增速分别快于城镇居民2.6个、2.8个百分点。,0
第一，线上流量红利趋于饱和。,0
针对跨境资金违规流动开展各类专项检查，加大对大要案件和地下钱庄等外汇违法犯罪行为的打击力度， 维护外汇市场正常秩序。,1
贯彻落实《国务院关于鼓励和引导民间投资健康发展的若干意见》，吸引高质量民间资本投入金融领域，大力发展基层金融机构，深化基层金融服务，有效支持小型微型企业、 三农和县域经济的发展。,0
钢铁产品出口增长过快，加剧了国内能源、运输紧张矛盾。,1
另一方面，部分新兴经济体为促进经济增长，进一步放松了货币政策。,0
2021年第一季度，影响银行体系流动性供求的不确定性因素较多，特别是春节因素的扰动较大。,1
Shibor 总体有所下行。,1
有些政府部门对资产评估收费过高。,1
而GDP缩减指数因为综合反映了CPI和PPI的情况，比较全面， 所以是判断通货膨胀最好的参考值，但GDP缩减指数是季度统计，不如CPI、PPI 那么及时。,1
消费稳定增长，投资增速放缓，进出口降幅收窄。,1
着力提升贷款使用效率，通过部分贷款到期回收后转投更高效率的经营主体、优化新增贷款投向、推动必要的市场化出清，为经济可持续发展提供更好支撑。,0
贸易摩擦对信心的冲击亦加剧了全球范围金融市场的波动性。,1
英国房价探底回升。,0
主要经济体国债收益率整体上行。,0
而受生产率增长长期低迷、政治不确定性、人口增长放缓及企业债务高企等因素影响，全球投资前景亦承压。,1
对此应继续密切关注，在维护物价稳定的同时，注重抑制资产泡沫和防范金融风险。,1
再贴现利率的提高，不是货币政策紧缩的信号，而是着眼于票据市场的健康发展，进一步理顺利率体系的举措。,0
为实现处置成本最小化， 接管组最初希望引入战略投资者，在政府部门不提供公共资金分担损失的前提下， 仅通过收购股权溢价款，抵补包商银行的资不抵债缺口。,1
固定资产投资稳定增长，投资结构有所改善。,0
前期在市场预期美联储加息时点临近的背景下，受新兴经济体金融市场波动触发，全球金融市场一度出现恐慌性下跌。,1
（五）保险业总资产快速增长，投资类资产占比超过六成保险业保费收入和总资产快速增长。,0
完善金融风险监测、评估和预警体系建设， 进一步加强重点领域风险排查，关注实体经济特别是产能过剩行业、 房地产、地方政府性债务等领域风险。,1
受国际经济形势不明朗及国际金融市场波动影响，黄金市场价格继续保持震荡。,1
推动人民币对其他货币直接交易市场发展，更好地为跨境贸易人民币结算业务发展服务。,0
电力行业持续健康发展是转变经济增长方式、促进节能减排和区域经济协调发展的客观要求。,0
但也要看到，当前投资、信贷回落的基础还不稳固，国际收支不平衡问题依然突出，整体通货膨胀压力有所加大，消费率过低、储蓄率过高的深层次结构性矛盾仍是制约经济可持续发展的突出问题。,1
要进一步优化商品结构、市场结构，积极促进加工贸易转型升级。,0
④农村合作金融机构包括农村合作银行、农村商业银行、农村信用社。,0
经济结构不断优化，新兴动能加快成长，质量效益明显提高。,0
这种高投入、高消耗的粗放型经济增长方式对我国资源的合理利用和环境保护造成严重的负面影响，难以为继。,1
三是多数制成品供大于求的局面在短期内难以改变。,1
拉美经济则在经历了一季度的高速增长之后有所减缓。,1
2020年12月，国务院常务会议部署促进人身保险扩面提质稳健发展的措施，包括加快发展商业健康保险、将商业养老保险纳入养老保障第三支柱加快建设、提升保险资金长期投资能力等。,0
加快发展外汇市场，推动汇率风险管理工具创新。,0
（二）当前房地产业存在的主要问题1、住宅价格过高。,1
督促落实附加资本要求，提升系统重要性银行抗风险能力。,1
前三季度，食品价格上涨10.6%，拉动CPI上涨3.5个百分点；非食品价格上涨1.0%，拉动CPI 上涨0.6个百分点。,0
与此同时，德国、葡萄牙房地产市场则停滞不前。,1
建立风险预警指标体系，加强对系统性风险的监测与管理。,1
进一步推动证券产品业务创新。,0
采取综合措施维护金融稳定，守住不发生系统性、区域性金融风险的底线。,1
工业生产持续发展，高技术制造业和装备制造业增长较快。,0
同时，在贸易摩擦加剧、主要经济体货币政策收紧等背景下，也需注意本外币政策的协调。,1
此外，金融危机的爆发也暴露出微观经济主体自身存在诸多问题，以及金融监管当局在某些方面的监管不力。,1
同时加快存款保险制度建设，建立市场化的风险处置机制，防范系统性风险。,1
生产资料价格涨幅有所反弹。,0
持续深化大型商业银行和其他大型金融企业改革，提高经营管理水平和风险控制能力。,0
国债收益率曲线平坦化下行，超长端下行幅度较大。,1
2017年9月8日，人民银行宣布调整外汇风险准备金政策和对境外金融机构境内存放执行正常准备金率的政策，将外汇风险准备金征收比例降为零，并取消对境外金融机构境内存放准备金的穿透式管理。,1
当前就业压力较大，居民对未来收入的预期也不乐观，可能对消费需求产生不利影响。,1
一是保监会发布《关于进一步加强保险业风险防控工作的通知》和《关于强化保险监管打击违法违规行为整治市场乱象的通知》，针对当前保险业风险较为突出的领域提出防控风险的具体要求，着力整治股东虚假出资、公司治理失衡、违规投资等乱象。,1
做好投保机构风险监测、识别和推动处置工作，促进风险早发现和少发生。,1
第三季度，人民银行监测的 CGPI 同比下降7%，降幅比上季度扩大1.5个百分点。,1
三是保险的经济补偿作用明显增强。,0
但不确定因素仍然存在，世界贸易不平衡状况突出，国际竞争更加激烈，贸易保护主义加剧，能源和原材料价格波动较大可能对我国敏感行业的成本和经营造成不利影响。,1
国际大宗商品价格出现上涨。,0
农村信用社改革进展顺利，成效显著。,0
9月份希腊政府未达欧盟及国际货币基金组织的援助条件，希腊国债违约风险加大。,1
货币市场利率中枢下行， 成交活跃度上升。,1
PPI 较长时间维持在负值区间运行，反映出产能过剩问题较为严重，同时也与国际大宗商品价格下降等有关。,1
引导金融机构做好科技创新、文化产业发展等战略性新兴产业的金融服务工作，积极发展低碳金融。,0
推动存量高风险机构持续压降，高风险机构数量明显减少。,1
人民币利率互换交易大幅增长。,0
进一步加强金融风险监测和重点领域风险排查，关注实体经济特别是产能过剩行业、房地产、地方政府性债务等领域风险。,1
欧元汇率不断攀升，年底对美元汇率达到三年来最高点。,0
自改革开放以来， 我国经历了一个货币深化的过程，货币流通速度总体呈下降趋势，但也存在一定的波动，大致是经济增长较快时，货币流通速度上升，经济增长放缓时，货币流通速度增长率放缓或者下降。,1
出口商品进一步向价值链高端迁移。,0
加大对“热钱”流入打击力度，有效抑制违法违规资金流入。,1
这与企业预期不乐观、投资领域不足从而导致货币流通速度下降有关。,1
美国经济出现衰退迹象。,1
长期积累的风险隐患有所暴露，经济仍面临下行压力。,1
从国际环境看，发达经济体货币政策调整可能对全球经济、资本流动造成冲击，全球贸易和投资增长仍不稳固，同时地缘政治风险及不确定性也可能加大，我们仍将面临高度复杂多变的国际环境。,1
国际大宗商品价格总体上涨，进口价格涨幅明显扩大。,0
2015年以来，希腊与债权人谈判一波三折，一度陷入危机。,1
居民收入在国民收入分配中的比重偏低，居民收入水平增长低于经济增长是我国消费率低和储蓄率高的主要原因。,1
只有增强人民币汇率弹性，才能帮助对冲外部不稳定性不确定性的冲击，保持货币政策自主性。,1
2020年以来，人民币汇率双向波动也反映了国内外经济周期和货币政策的差异。,1
一是可持续发展能力显著增强。,0
近几年来企业效益改善，实力提升，信用扩张能力和市场信心增强，投资意愿总体较高。,0
房地产贷款增速基本平稳。,0
加强产融信息对接和银证保多方合作，促进制造业高质量发展。,0
Shibor 总体有所下行。,1
这两次调整存款准备金率，对于抑制当时经济过热、物价上涨过快和货币投放过多的状况起到了积极作用。,1
与此同时，德国、葡萄牙房地产市场依然低迷。,1
但未来各主要经济体货币政策还存在很多的不确定性。,1
保险业保费收入增速回升，资产增速提高。,0
"目前，农村信用社改革已经取得了阶段性成效，但绝大多数农村信用社在完善法人治理结构、转换经营机制，尤其是在全面加强内部管理等方面尚未取得突破性进展，改革达标任务艰巨, 农村信用社只有始终牢牢把握住改革试点工作的重点，才能逐步实现健康可持续发展。",0
根据投入产出模型测算，成品油价格上调1%，会拉高 CPI 约0.04%，而本次油电价格的上调，将提高 CPI0.7个百分点左右。,0
进一步发挥银行服务实体经济的作用，畅通经济金融良性循环。,0
推动人民币对其他货币直接交易市场发展，更好地为跨境贸易人民币结算业务发展服务。,0
证监会正式批准瑞银集团增持瑞银证券的股权比例至51%，成为首家外资控股证券公司。,0
受美联储连续加息等因素影响，伦敦同业拆借市场美元 Libor 略有上升。,1
受粮食、肉禽蛋等食品价格较快上涨的影响，上半年，居民消费价格同比上涨3.2%，涨幅比上年同期提高1.9个百分点。,0
此外，地缘政治冲突及政治不确定性等风险因素加大，对全球经济金融领域也会产生较大影响。,1
前三季度，我国经济继续保持快速增长的良好态势，但发展中的一些问题也有所显现。,0
但当前市场和底层资产仍复杂多变，市场的螺旋循环效应也依然存在，对资管产品净值的波动还需要审慎观察。,1
随着全球经济失衡的加剧以及发达国家对来自新兴市场国家竞争的担忧增多，贸易保护主义在全球有重新抬头趋势，而且贸易摩擦从商品贸易领域扩大到了服务贸易和投资领域。,1
第三季度，货币市场利率在波动中有所回落。,1
货币市场交易量增长放缓，市场利率明显回落；债券交易量同比下降，债券发行规模扩大；股票市场沪深指数震荡走低，成交量小幅增加。,1
与此同时，随着我国内生增长动能增强，工业生产持续回暖向好，2020年第四季度以来生产资料价格加快上涨，PPI 同比降幅进一步收窄， 短期内有望转正。,0
下一阶段，要多措并举推动新能源汽车产业健康发展。,0
（四）股票市场成交活跃受国民经济形势良好、股权分置改革取得重大进展等因素影响， 股票市场信心明显增强，成交活跃，指数明显回升。,0
二是资产质量和经营财务状况有所改善。,0
二季度以来，日本经济持续回升，居民消费和国内设备投资增长较快，出口增长强劲。,0
要坚持处理好稳增长、调结构和防风险之间的关系，守住不发生区域性系统性金融风险的底线。,1
欧元区经济继续疲弱。,1
加强对银行体系涉及外汇潜在风险的监测和提示。,1
同时，财政收支变化及库款波动等也加大了流动性管理的复杂性。,1
保险业资产保持快速增长。,0
股票市场指数一季度总体走好，二、三季度有所回落。,1
四是积极培育和发展外汇市场。,0
此外，需关注石油相关金融资产风险，在必要时采取相应措施，防范风险。,1
要落实和完善促进合理住房消费的政策措施，促进房地产市场平稳健康发展。,0
从国内看，有效需求仍然不足，企业经营压力较大， 重点领域风险隐患较多，国内大循环不够顺畅。,1
当前物价处于低位的根本原因在于实体经济需求不足、供求失衡，而不是货币供给不够。,1
尤其是，在经济复苏时，如果这些非常规政策退出过快，可能给经济带来新的冲击；但如果退出过慢、流动性回收不够及时果断，又存在引发恶性通货膨胀的风险。,1
东部地区经济总量大， 经济内生增长动力和稳定性均有所增强，景气状况趋于改善，中西部地区后发优势比较明显，加快发展的意愿很强，区域协调发展还有较大空间。,0
引导新发放房贷利率持续下降。,0
全国农产品生产价格上涨幅度较大，同比上涨7.3%，其中粮食生产价格同比上涨7.3%，畜牧业产品价格同比上涨13.8%。,0
国际大宗商品价格大幅上涨和我国对原油、铁矿石等资源和能源进口依赖度较强是进口价格大幅上升的主要原因。,0
2.钢铁行业第一季度，钢铁需求继续减弱，钢铁生产总量过剩，国内市场供大于求，钢价全面下跌，处于低位盘整阶段，钢铁企业整体亏损。,1
三是有序推进金融产品创新。,0
（三）居民消费价格温和上涨，生产价格涨幅扩大居民消费价格温和上涨。,0
三是持续保障产业链供应链安全。,0
从商品结构看， 机电产品出口平稳增长，传统劳动密集型产品出口增长乏力。,1
活期存款的上升说明货币的流动性增强，经济的活跃程度提高。,0
但在全球货币条件较为宽松的大背景下，伴随经济持续回升，市场信心逐步增强， 存在价格走势趋升的可能性。,0
目前，非金融企业人民币存款增速仍保持相对较高水平，企业支付能力依然较强。,0
部分新兴市场经济体增长放缓，金融市场动荡，面临的风险上升。,1
欧元区经济弱于预期，且伴随较大的通缩压力。,1
CPI的上涨主要有两种类型，一是成本推动，二是需求拉动。,0
二是与海关、税务部门完善联合监管合作机制，推动实施信息共享，开展联合监管合作。,0
日本经济温和复苏。,0
房地产开发投资增速回升。,0
（三）消费价格温和上涨居民消费价格涨幅有所上升。,0
稳健的货币政策要灵活适度、精准有效。,0
胀目标，但环比已呈现明显放缓趋势。,1
（四）股票市场指数和成交均大幅上升，筹资额大幅增加股票市场指数继续大幅上涨。,0
着力完善存款保险制度功能。,0
以法国为代表的欧洲其他国家房价也缓慢回落，房屋开工量持续萎缩。,1
出口降幅收窄，进口持续低迷。,1
欧元区和日本经济下行风险增加。,1
有序推动重点风险项目和重点领域风险化解，稳妥化解中小金融机构风险。,1
银行间债券市场指数小幅上行。,0
贸易增长前景面临诸多挑战。,0
目前，各金融机构的周期付息型存款产品已基本整改完毕。,1
拉美经济保持稳步增长态势。,0
一方面，一些新兴市场经济体相继采取更灵活的汇率制度。,0
四是加强财税、金融方面的行业支持力度，鼓励民间资本及创业与私募股权投资， 培育中小型创新企业发展，为行业转型升级提供保障。,0
外币贷款增长有所放缓。,1
（二）债券发行利率下降，发行量和交易量同比增加债券发行利率回落。,1
根据比较优势理论， 任何地区都有自己的比较优势，只要有正确的发展战略和准确的产业定位，就应该能够建立自己的竞争力和吸引力；只要能不断改善地区金融生态环境，就能够吸引越来越多的资金流入该地区。,0
资本项目可兑换程度不断提高。,0
三是导致经济“脱实向虚”。,1
二是民航节能环保压力进一步加大，转变行业发展方式，实现绿色低碳发展的任务更加繁重。,0
二是技术、绿色含量相对较低。,1
健全系统性金融风险的防范预警和评估体系，动态排查风险隐患，继续加强对地方政府性债务、房地产市场、产能过剩行业、各类影子银行业务、企业互保联保等风险领域的监测分析，督促金融机构及有关方面做好各种情景下的应对预案。,1
农村居民收入增长快于城镇居民，城乡收入分配结构持续改善。,0
日本经济稳步回升。,0
国际金融市场波动加剧。,1
9月新发放普惠小微贷款加权平均利率4.62%，处于历史较低水平。,1
工业生产稳中趋升，第三产业比重进一步提高。,0
英国脱欧看起来是“黑天鹅”事件，其实背后早有渊源。,1
一是进一步完善铁路设施网络。,0
伦敦同业拆借市场美元 Libor 总体下行。,1
一是保险机构不断发展。,0
通胀回落速度不及预期。,1
当前发展外向型经济要求不断提高对外开放水平，转变外贸增长方式，这与扩大内需可以相辅相成、并行不悖。,0
欧元区经济有所好转。,0
国际油价的持续攀升，带动国内油价再度上调。,0
受制于结构性改革进展困难等体制机制性因素，欧日经济体复苏仍存在较大不确定性，面临经济增长乏力和通胀下行问题，一些新兴经济体也面临调整压力。,1
但票据融资余额降幅较大。,1
包括银行贷款、债券、表外融资等在内的社会综合融资成本继续下行。,1
服务业逐步恢复。,0
受欧央行升息、国际金融市场动荡加剧等因素影响，欧元利率震荡调整，9月30日欧元区1年期同业拆借利率 Euribor 为5.495%，较上个季度末上升0.11个百分点。,1
结构性货币政策工具“聚焦重点、合理适度、有进有退”，持续加大对小微企业、科技创新、绿色发展等支持力度。,0
回购业务平稳发展。,0
其中巴西经济连续五个季度负增长，第二季度 GDP 同比下降2.6%，标普已将巴西评级下调至垃圾级；俄罗斯经济下行与通胀上升并存，面临一定滞胀风险。,1
2011年第四季度，受欧洲主权债务危机加剧、市场避险情绪上升等因素影响， 外汇占款出现波动。,1
（四）股票市场指数显著回升，成交量大幅增加股票市场指数显著回升。,0
房地产业的健康发展，对于巩固和发展宏观调控成果，保持国民经济平稳较快发展，具有重要意义。,0
建立健全各类市场有机结合、协调发展的机制，积极推进货币市场、资本市场和保险市场的协调发展。,0
一是核心国家增长动力明显减弱。,1
其中，6月份，出口和进口价格涨幅均为1.2%，贸易条件有所改善。,0
引导金融机构盘活存量、优化增量，支持经济结构调整和转型升级。,0
二是鼓励金融机构对受疫情影响市场主体实施贷款延期还本付息。,1
在农村固定资产投资中，农户投资增速持续低于非农户投资增速。,0
着力完善存款保险制度功能。,0
此外，地缘政治风险有所上升。,1
主要经济体股市反弹。,0
国际收支平衡进一步理顺外汇供求关系，完善人民币汇率形成机制。,0
此后在全球降息潮推动下，全球金融市场出现一波反弹走势。,0
人民币对欧元、日元等其他国际主要货币汇率双向波动。,1
加强市场基础性建设，为经济结构调整和转型升级提供高效的投融资市场。,0
量化宽松政策缩量、政府债务问题等因素既会影响经济复苏前景，也会对全球产生较强的溢出影响。,0
农村信用社改革取得重要进展和阶段性成果。,0
三是行业集中度低。,1
股票市场成交量大幅增加。,0
欧元区各成员国竞争力差异较大，从根本上看， 加快经济结构调整和改革才是经济复苏的治本之策。,0
在此背景下，国际上大量的短期资本在不断寻找投机套利的可能性。,1
另一方面，随着金融市场的逐步开放、经济全球化发展， 市场对于新的金融产品需求不断扩大，又为金融市场的发展和金融产品的创新提供了契机。,0
持续深化开发性、政策性金融机构改革。,0
2011年，金融市场在创新中保持平稳健康发展，各项改革发展的政策措施稳步推进，充分发挥了金融市场在改善融资结构和优化资源配置中的基础性作用。,0
（三）居民消费价格涨幅和生产价格涨幅有所上升 GDP平减指数涨幅扩大。,0
此外，2017年欧元区主要国家相继进入选举年，存在一定政治不确定性。,1
金融改革取得阶段性进展，利率市场化改革迈出新步伐，人民币跨境使用进一步扩大。,0
（一）全球经济增速放缓，增长动能不足，贸易摩擦与地缘政治等不确定性形成拖累全球经济增速放缓趋势明显。,1
2020年10月，国务院印发《关于进上市公司做优做强等六个方面提高上市公司质量。,0
④“——”表示数据缺失或者有关业务量很小。,1
由于货币政策难以解决人口老龄化、投资需求和融资需求不足等导致日本经济长期低迷的结构性问题，如果新的经济增长战略缺乏关键的结构性改革措施， 或者落实不坚决、不到位，宽松货币政策带来的效果可能难以持久，甚至引发资产泡沫、财政状况恶化、全球竞争性贬值等问题。,1
继续加强短期外债管理。,0
提高自主品牌竞争力，优化产业结构，发展环保节能产品将是汽车产业今后发展的重要方向。,0
伦敦同业拆借市场美元 Libor 震荡下行。,1
近年来， 在国家创新驱动战略的积极引领下，我国高技术制造业提质增效、加速推进，产业规模不断扩大。,0
粮食生产扭转了连续几年下滑的局面，某些过热行业投资和生产增速明显回落。,1
印度经济增长较快，第二季度 GDP 同比增长8.2%，第三季度略有放缓至7.1%，通胀压力略有下降。,1
人民币对国际主要货币汇率有升有贬， 双向浮动。,1
④农村合作金融机构包括农村商业银行、农村合作银行、农村信用社。,0
金融机构超额准备金率为2.0%。,0
全球主要经济体国债收益率普遍下跌。,1
从发展阶段、发展条件、发展优势等方面综合考量，我国发展前景仍长期看好，要保持定力、稳中求进，坚定不移深化改革、扩大开放，更加注重有力有效实施宏观政策调控，扎实推动经济高质量发展，同时保持合理的经济增速。,0
避险需求压低国际主要债券收益率。,1
稳健的货币政策要松紧适度，既要防止货币条件过紧引发风险，也要防止大水漫灌加剧扭曲和继续累积风险，其核心是服务好实体经济。,1
（一）消费增速加快，投资增幅仍处高位，贸易顺差继续扩大居民收入进一步提高，国内消费需求持续旺盛。,0
美国经济增长动力有所减弱。,1
各期限 Shibor 总体波动下行。,1
国有独资商业银行这一经营方略上的变化，是否与其降低不良贷款的目标有关？,1
继续加强对地方政府性债务、房地产市场、产能过剩行业、各类影子银行业务、企业互保联保等风险领域的监测分析，动态排查风险隐患， 督促金融机构及有关方面做好各种情景下的应对预案。,1
进口价格涨幅回落，出口价格涨幅提高。,0
2018年以来，生产端扩张态势有所减弱，通胀预期仍较低迷，企业涨薪动力不足，通胀水平依然处于低位。,1
采取综合措施维护金融稳定，守住不发生系统性、区域性金融风险的底线。,1
流动性陷阱和接近零利率的境地使货币政策在反通缩中收效甚微，受到财政赤字上限要求等制约，采取反通缩政策的空间有限。,1
下一阶段，要加强对价格形势的监测分析，改善供给、优化结构，增强经济内生增长动力，促进经济平稳健康发展。,0
经济潜在增速是指不引起通货膨胀的情况下，经济增长所能取得的可持续的最大增速。,0
秋粮可望再获丰收，全年粮食产量将超过上年。,0
近几十年来，全球一体化大生产成为全球经济增长重要来源，各国经济活动停滞容易引发全球供应链受阻甚至中断。,1
第四，城乡、 区域发展不平衡。,0
在内需和外贸拉动下，亚洲新兴市场国家经济继续强劲增长。,0
前三季度，全国主要农产品生产价格同比上涨17.4%，涨幅比上半年和上年同期分别上升8.6和17.7个百分点，上涨幅度高于农业生产资料价格上涨幅度，有利于农民增收。,0
同时，进一步完善应急管理预案，丰富政策工具储备。,0
固定资产投资增幅有所回落，但仍居高位。,1
严格控制对高耗能、高排放行业和产能过剩行业的贷款。,1
同时，此次调整还着眼于对贷款购房者和银行进行风险提示。,1
不规范的同业业务收缩、“冲存款”行为减少有其正面意义，不仅有利于堵塞金融体系漏洞、增强金融体系稳定性，也有利于抑制全社会杠杆水平过快上升，一定程度上看是宏观调控希望看到的结果。,1
世纪以来，我国曾多次出现 CPI 阶段性下行现象。,1
同时，危机后发达经济体的公共债务和财政赤字居高不下，宽松货币政策也有利于降低公共债务融资成本。,1
直接融资比重大幅下降应引起重视。,0
一方面，要从严掌握商业银行风险计量， 根据业务真实属性和风险状况，及时、足额计提资本和风险准备。,1
二是持续开展法规清理。,0
进一步推动信贷资产证券化市场健康发展。,0
收入分配结构持续改善，农村居民收入增速高于城镇1个百分点。,0
证券期货经营机构监管规则进一步健全。,0
工业生产者购进价格（PPIRM）同比下降2.1%，降幅比上半年收窄0.5个百分点。,1
土地开发投资快速增长，但土地购置面积持续下降。,0
受此影响，发达经济体“工资—物价”螺旋上涨的现象更加明显，通胀持续攀升。,0
在美联储加息不确定性较大、地缘政治冲突加剧等背景下，投资者避险情绪上升，大多数新兴市场经济体金融市场波动增大，其中阿根廷、土耳其和印尼10年期国债收益率升幅较大。,1
日本银行继续维持“零利率”政策，并通过增加金融市场流动性注入等方式应对地震海啸灾害。,1
新兴经济体虽未直接受到危机影响， 但因外部市场萎缩，经济也出现了严重的下滑。,1
主要经济体股市普遍回升。,0
负利率对汇率的作用存在不确定性。,1
商业银行要做好各项应急准备工作，防止由于疫情变化对金融机构的冲击，保证金融机构业务正常开展。,1
商品房销售快速增长，但增速有所放缓。,0
城乡居民收入的稳步提高支撑了消费的持续增长。,0
从市场预期看，服务业业务活动预期指数为56.8%，比上月回升17.1个百分点，企业对市场发展信心增强。,0
二是普惠小微贷款发力，助企惠民成效显著。,0
票据市场在规范中进一步平稳发展。,0
6月14日，日本银行推出总额5000亿日元的融资支持框架，鼓励金融机构对具备技术优势的中小企业提供优惠贷款，促进经济复苏。,0
发达经济体国债收益率总体维持低位且波动加剧。,1
电力、热力的生产和供应业－成本费用利润率造成目前水、电、燃气行业亏损或利润减少的主要原因是价格扭曲，如水全行业亏损主要是因为长期以来我国水价过低，不能覆盖成本且浪费严重；电力行业利润率从2004年的8%降至2005年5月份4%，主要是因为电价的上涨跟不上煤价的上涨。,1
继续推动资产管理公司转型发展。,0
持续推动债券二级市场发展，不断优化交易、 清算和结算等相关制度安排，完善做市商制度等市场化评价体系，提升债券市场流动性，为市场参与者创造更加友好、便利的投资环境。,0
新兴市场经济体经济复苏喜忧参半。,0
（四）全球经济面临的主要风险未来几个季度，全球经济前景存在较高不确定性，主要风险包括： 一是欧洲债务危机尾部风险可能威胁全球经济复苏。,1
资产质量明显改善。,0
（四）适当控制中长期贷款，促进信贷期限结构优化研究建立商业银行存贷期限错配预警监测体系，合理衡量商业银行存贷款期限匹配情况，向错配程度较高的商业银行提示风险，并要求其限期整改；对在规定期限内未达到要求的商业银行，采取措施抑制其发放中长期贷款。,1
主要发达经济体和多数新兴市场经济体股指上行。,0
日本经济复苏迹象明显。,0
2、厂商开发能力弱，制约了新产品的发展。,1
2015年第一季度，中国经济下行压力较大，物价涨幅回落，外汇占款变化等不确定因素有所增多。,1
进口价格降幅继续加深。,1
目前，Shibor 与货币市场发展已经形成了良性互动的格局。,0
2006年，美国道琼斯工业平均指数突破了2000年网络科技泡沫膨胀最严重时期的高点，创下了历史新高， 其它许多发达国家和新兴市场国家的股市也普遍涨势强劲并突破历史记录。,0
货币市场回购交易活跃。,0
当时，不少银行理财资金投向债市，随着市场利率上行，债券价格下跌，部分产品净值回撤乃至“破净”，市场产生恐慌情绪，大规模赎回潮伴随出现，底层金融资产价格与资管产品净值波动又形成共振，市场螺旋下行循环进一步放大。,1
新兴市场经济体复苏出现明显分化。,0
美欧通胀压力较快回落，年末有所反复。,1
保险业资产保持快速增长。,0
随着各项政策加快落地见效、内需持续改善，物价上行动能将进一步积蓄。,0
公投，再次引发金融市场震荡。,1
加强风险监测预警，着力防范化解重点领域风险，完善金融安全防线和风险应急处置机制。,1
保险业总资产增速稳步回升。,0
全球主要股指大幅震荡下跌。,1
“十二五”期间，降低石油依存度，促进国民经济健康发展需要新的思路。,0
Shibor 整体有所下行。,1
（二）债券交易活跃，发行利率逐步上升，品种进一步丰富债券二级市场交易活跃。,0
食品价格大幅上涨是推动CPI 上涨的主要原因。,0
生产价格降幅有所加深。,1
贸易摩擦等带来的不确定性以及对全球供应链的扰乱已逐渐显现，企业与居民信心受损并推迟投资或降低消费，导致全球总需求不足，全球经济增长动能总体偏弱。,1
设立科技创新和技术改造再贷款，额度5000亿元，利率1.75%，激励引导金融机构向处于初创期、成长期的科技型中小企业，以及重点领域的数字化、智能化、高端化、绿色化技术改造和设备更新项目提供信贷支持。,0
随着市场情绪缓解，全球股市逐渐企稳，恢复上行态势。,0
各类贷款快速增长有利于促进经济平稳较快发展。,0
美国经济政策调整仍存在不确定性，可能对全球资本流动和资金成本产生较大影响，欧元区经济仍较疲弱，存在一定通缩风险，新兴市场经济增长相对乏力，全球经济仍面临诸多长期的结构性问题。,1
二是物价上涨的压力仍未根本缓解。,1
部分新兴经济体货币政策也趋于进一步宽松。,0
“弃房价、稳汇率”的一种逻辑是紧缩货币，从而挤出资产泡沫，并以高利率来稳定汇率，这会导致危机式的被动去杠杆，代价很大， 过程比较痛苦，汇率实际上也很难稳住；“弃汇率、稳房价”则是放松货币来支致调整的时间更长、代价更大。,1
中国发展仍处于并将长期处于重要战略机遇期。,0
（一）货币市场利率小幅回落，市场交易活跃货币市场利率回落。,1
督促落实优化存款利率监管措施，规范存款市场竞争秩序，稳定银行负债成本，引导企业贷款利率下行，有力推动降低企业综合融资成本。,1
一是加大了未来全球通货膨胀的风险。,1
第三，发达经济体竞相宽松的货币政策及其负面溢出效应值得警惕。,0
作为一个发展中大国，中国经济增长的潜力依然巨大，新型城镇化、服务业、高端制造业以及消费升级还有很大的发展空间，经济韧性好、潜力足、回旋空间大的特质没有改变。,0
加强和改进保险监管。,0
伦敦同业拆借市场美元Libor和欧元区同业拆借利率Euribor保持低位波动。,1
农村信用社改革取得重要进展和阶段性成果。,0
6月份美联储已开始考虑逐步退出应对疫情的超宽松货币政策，7月份已就缩减资产购买进行深入讨论和准备，多数公开市场委员会委员认为年内开始缩减资产购买是合适的。,1
银行间债券指数和交易所债券指数先升后降，总体呈上升趋势。,1
全球经济增长面临的下行风险有所增加，但总体仍保持平稳增长。,1
在季度、月度间大起大落。,1
持续做好制造业和科技创新金融服务。,0
需进一步完善相关配套政策措施。,0
秋粮生长形势较好，有望再获丰收。,0
受国际大宗商品价格下降影响，进口价格降幅显著扩大。,1
欧央行采取上述非常规政策组合拳，与欧元区严峻的经济金融形势密不可分。,1
引导、鼓励企业适当降低积累比例， 增加利润分红水平。,0
提升金融风险防控的前瞻性、全局性和主动性，牢牢守住不发生系统性金融风险的底线。,1
外汇储备降幅逐渐收窄，个别月份还有所增加。,1
6月10日，中国证券监督管理委员会（以下简称证监会）发布《关于进一步改革和完善新股发行体制的指导意见》，进一步健全新股发行机制、提高发行效率。,0
例如，越是建设项目多的地方，越反映资金紧张。,1
新兴市场经济体经济下行压力加大，部分国家政局不稳，金融市场动荡，风险上升。,1
因此，未来一段时间中央银行可能将不得不继续面对银行体系流动性供给过多的局面，对冲过剩流动性仍将是货币政策的重要任务。,1
（一）消费、投资平稳增长，进出口增速温和反弹城乡居民收入水平继续提高，国内消费需求稳定增长。,0
进一步促进保险业服务实体经济。,0
部分新兴市场经济体经济增速大幅下降，经济脆弱性凸显。,0
从下行风险看，主要是部分产能过剩行业的产品和一般消费品价格存在一定的下行压力。,1
多数发达经济体收益率有所下跌。,1
二是主权债务危机逐渐演变为银行危机。,1
"其中，储蓄缺口指储蓄与投资之差,贸易缺口指出口与进口之差。",1
改进支农金融服务，形成农业信贷投入稳定增长的机制，切实增强农村金融体系的服务功能， 促进农村金融机构健康和可持续发展。,0
我国经济持续恢复增长，发展动力进一步增强。,0
为缓解中小微企业贷款的还本付息压力，人民银行会同银保监会及时出台中小微企业贷款延期还本付息政策，明确中小微企业贷款还本付息最长可延期至2021年3月31日，其中对普惠小微企业贷款“应延尽延”，对其他困难企业贷款协商延期。,1
特别是中西部发展步伐正在加快，各地抓住机遇实现赶超式发展的热情很高。,0
保险业保费收入增速回升，资产增速提高。,0
继续推动同业存单规范发展。,0
在全球流动性过剩和次贷危机的影响下，美欧等主要金融市场动荡加剧，国际金融资本转向炒作原油期货也是油价大幅上涨的重要原因。,1
与此同时，在全球流动性过剩背景下，全球性通货膨胀风险持续上升，各国宏观政策调控的难度加大，各主要经济体央行在加息回收流动性抑制通货膨胀和降息提供流动性避免经济衰退间面临两难选择，货币政策操作空间受到进一步挤压。,1
目前，我国 CPI 虽然出现回落，但价格上涨的压力依然存在。,1
农村信用社改革取得重要进展和阶段性成果。,0
套利交易赚取的利润主要包括利差、汇率升值和资本增值。,0
一是提高技术创新能力。,0
人民币对国际主要货币汇率有升有贬，双向浮动。,1
对保险企业实施税收优惠。,0
全球性通货紧缩趋势未有根本缓解。,0
受国际金融危机影响，全球贸易大幅萎缩。,1
目前中国人民银行正在研究完善汽车消费贷款的管理办法，商业银行要进一步改进汽车金融服务，提高汽车信贷消费的水平。,0
二是核心 CPI 由负转正，但通缩趋势犹存。,0
长期国债收益率主要反映长期经济增长和通胀的预期，同时也受到安全资产缺乏等因素的扰动。,1
一是Shibor对债券产品定价的指导性持续增强。,0
长期内，保护主义会阻碍资本和劳动力流动，影响资源的有效配置，抑制全球价值链参与者的竞争，拖累生产率的提升和经济增长，加剧金融市场动荡。,1
但也要注意到，价格上涨可能会在一定程度上抑制居民的消费需求。,1
M1增速连续10个月高于 M2，货币流动性仍相对较强。,0
二是涉农信贷投放大幅增加。,0
创新、创业蓬勃发展，就业形势稳定，也为保持经济平稳增长创造了有利条件。,0
同时人民银行相机使用利率招标和数量招标的方式， 一定程度上减缓了货币市场短期利率的波动。,1
继续深化大型商业银行改革，推动其不断完善公司治理，逐步健全现代金融企业制度，加快转变发展方式和盈利模式，提高创新发展能力和国际竞争力。,0
外汇市场交易主体进一步扩展。,0
引导金融机构增强风险定价能力，加强金融机构定价机制建设，用好利率浮动定价权合理定价，加强主动负债管理和成本约束，科学评估利率风险，自觉维护定价秩序。,1
全球地缘政治风险上升，可能拖累世界贸易和投资增长，潜在风险仍需关注。,1
与更低的实际中性利率和低通胀相适应，部分发达经济体实施了零利率甚至负利率政策，但从政策效果看，低利率政策效果不及预期，作用还有待观察。,1
前三季度，人民币对美元汇率年化波动率为5.4%。,1
三是服务质量和管理水平有待提升。,1
一是国内文旅市场加速回暖。,0
进口价格降幅大于出口价格。,1
股票市场指数回升， 成交量和筹资额同比增加。,0
指导有关金融基础设施机构落地便利投资一揽子措施。,0
针对金融深化和创新发展，进一步完善调控模式，疏通传导机制，着力解决突出问题，提高金融运行效率和服务实体经济的能力。,0
随着改革措施的出台，各行迅速出台了各种新业务，包括各种新型外币理财业务及规避汇率波动风险的产品和服务。,1
如果任凭这种情况发展下去，势必导致产能过剩、企业生产经营困难，银行呆坏账增加，金融风险加大，下岗失业人员增多等问题，影响经济运行和社会稳定。,1
执行好差别化房贷政策，促进房地产市场健康平稳发展。,0
三是严厉打击外汇领域违法犯罪，开展虚假转口贸易和远期结汇等专项检查，上半年共查处外汇违规案件684起，共处行政罚款1.29亿元人民币。,1
加快发展外汇市场，推动汇率风险管理工具创新。,0
钢材需求增幅放缓，出口增长部分弥补下游行业需求疲软的影响。,1
房价环比涨幅略升，但同比涨幅回落。,0
受美联储暂停加息、国际金融市场利率走低等因素影响，境内美元贷款、大额存款利率水平有所下降。,1
四是农业产地环境逐步改善，绿色发展成效卓越。,0
稳妥退出对产能过剩、长期资不抵债、经营亏损企业的贷款。,1
目前，美国次按风波的未来走势仍不明朗。,1
研究做好金融支持脱贫攻坚与乡村振兴政策衔接，持续巩固提升脱贫攻坚成效。,0
外贸持续复苏，出口产品结构改善，多元化贸易格局日益强化。,0
房屋销售价格涨势平稳，但部分地区房价涨幅较高。,0
引导督促金融机构加强内部风险控制，合理把握信贷资金投放节奏，防范信贷风险。,1
银行间债券市场指数小幅上行。,0
工业生产者购进价格（PPIRM）同比下降2.6%，降幅较一季度收窄0.8个百分点。,1
六是开发商行为不规范，部分房地产商市场炒作，误导消费者进行不合理的住房投资，推动住宅价格上涨。,1
10月份以来，市场对英国“硬脱欧”及埃及埃镑贬值的担忧加剧，加之美联储加息预期增强，美元指数大幅走强， 主要经济体货币对美元有所贬值。,1
第三，建立债券评级体系。,0
债券一级市场融资活跃。,0
这是落实防风险和去杠杆要求、促进银行体系稳健运行的重要举措。,1
总的来看，在全球通胀压力上升的背景下，更需关注食品等涨价向一般消费品传导的风险。,1
二是盘活存量、优化增量，支持经济结构调整和转型升级。,0
（三）居民消费价格水平上涨较快居民消费价格同比涨幅持续扩大。,0
股票市场指数下行，成交量和筹资额同比减少。,1
自4月上旬指导自律机制启动违规手工补息整改工作，截至6月末，21家全国性银行整改进度已超9成。,1
第三，不良贷款余额下降缓慢，不良贷款损失额仍在增加。,1
二是促进结构优化，支持经济结构调整和转型升级。,0
而存款准备金具有“深度”冻结流动性的功能，在中央银行被动吐出基础货币的情况下，可以作为对冲工具。,1
五是继续推动金融市场产品创新，保持金融市场健康发展。,0
农民出售农产品收入增速小于工资性收入和经营性收入的增速，农户投资增速低于非农户投资增速。,0
四是进一步完善国际货币汇率的日常监测机制。,0
第一季度，国民经济开局平稳， 积极因素逐渐增多，提振了市场信心，人民币对美元汇率和对一篮子货币汇率都有所升值。,0
全球股市波动幅度较大。,1
2004年，中国工商银行和中国农业银行也在完善经营机制、加大内部改革、完善风险控制和提高盈利水平等方面作出很大努力，为进一步股份制改革奠定了基础，创造了条件。,0
从人民币贷款结构看，住户贷款增速高位回落，非金融企业及其他部门贷款增速回升；新增中长期贷款占比上升。,0
3月底以来美元已有较大贬值，但美国经常账户赤字不减，特别是美国财政赤字加大。,1
2001年粮食价格前升后降，前三季度受粮食种植面积调减和灾情严重等因素导致夏粮和早稻较大幅度减产的影响，粮食价格上升了5.7％。,1
秋粮播种面积稳中有增，秋粮生产有望丰收。,0
继续通过深化改革增强市场机制的作用，完善货币政策传导机制，提高金融资源配置效率，促进经济持续健康发展。,0
第一季度票据市场利率略有下行。,1
（五）保险市场需求明显增加，保险总资产增长减缓保险需求明显增加。,1
引资质量持续提升，高技术产业实际使用外资增长7.9%，其中高技术制造业增长28.8%。,0
当前主要经济体经济增长前景黯淡，失业率高企，金融监管加强，贸易摩擦和投资风险增加。,1
三是货币信贷总量和结构调控难度加大。,1
房地产业和汽车产业成为国民经济发展的主要支柱。,0
同时，进一步建立健全央行政策利率调控机制，培育完善市场基准利率体系， 疏通利率传导渠道。,0
分地区看，中部地区投资增长较快，东北地区投资降幅收窄。,1
支农服务力度进一步加大。,0
虽然家庭资产负债表和房地产市场略有改善，CPI持续回落， 但失业率仍居高位，私人消费支出增长缓慢，私人储蓄率仍处低位， 制造业 PMI 连续三个月下行，进出口增幅也趋于放缓。,1
二是委托贷款降幅收窄，未贴现的银行承兑汇票全年有所增长。,1
下一步，要按照《“十四五”旅游业发展规划》《关于释放旅游消费潜力推动旅游业高质量发展的若干措施》等要求，着力开发打造优质旅游产品，全面提升行业管理水平，进一步推动旅游业高质量发展。,0
（四）影响未来全球经济增长的主要风险国际原油价格高位波动、贸易保护主义抬头和国际收支失衡仍是影响全球经济增长的主要风险。,1
信贷结构持续优化。,0
新兴市场和主要发展中国家继续保持强劲经济增长势头。,0
大型国有银行改革不断深化。,0
私人消费继续呈复苏态势。,0
综上所述，“融资难、融资贵”的成因非常复杂，既有宏观经济因素又有微观运行问题，既有实体经济因素又有金融问题，其中债务率较高及风险溢价上升是重要原因，这又与股本融资不足、部分主体存在财务软约束、经济增长对投资的依赖较大等体制机制性因素有关。,1
上半年，我国 GDP 为14万亿元，实际增长率为7.1%，GDP 缩减指数（按当年价格计算的 GDP 与按固定价格计算的 GDP 的比率）为-3.1%，比上年同期回落11.6个百分点，比第一季度回落0.7个百分点。,1
引导金融机构坚持对绿色发展和传统能源转型支持并重。,0
随着疫情防控取得积极成效，复工复产复市持续推进，就业岗位逐步恢复，就业形势持续回稳向好。,0
对预警银行苗头性问题及时纠偏，实现风险“早识别、早预警、早暴露、早处置”。,1
农村信用社改革试点取得重要的阶段性成果，农村信用社资产质量显著改善，资金实力显著提高，支农服务功能明显增强，产权制度改革取得一定进展。,0
进一步发挥信贷资产证券化盘活存量的积极作用，推动经济提质增效和转型升级。,0
发布推进期货行业创新发展意见。,0
通胀总体下行但有所分化。,1
进出口形势逐季好转。,0
但失业率仍居高位，制造业增长有所放缓。,1
当前中国正处于经济结构调整与转型升级的关键时期，需要充分利用各种有利条件，抓住全球经济分工调整的重要战略机遇期，加快推动装备制造业从“中国制造”向“中国创造”转变。,0
逐步建立健全中央银行利率调控体系，提高中央银行对市场利率的引导能力。,0
债券发行利率走稳，发行量增加。,0
银行间债券市场指数下行。,1
初级产品价格跌幅较大，投资品价格跌幅大于消费品。,1
展望未来，全球经济可能面临以下风险： 民粹主义、逆全球化和国际贸易及投资保护主义抬头，逐渐成为全球经济复苏的重大风险之一。,1
2020年2月以来，受意、法、德等国疫情影响， 欧元区经济下滑程度令人担忧。,1
消费结构升级特征较明显，通讯类器材商品持续热销，新能源汽车产销两旺，文体娱乐、保值类商品需求提升。,0
一是受“出口倍增”计划影响，4月份出口创下1758亿美元的历史新高。,0
标普公司4月18日宣布， 将美国信用评级的展望从“稳定”降至“负面”，但仍维持其 AAA 级的信用评级不变。,1
但美联期，在年内某时点加息的可能性很高。,1
引导商业银行转变过分依赖信贷业务的发展模式，抓紧发展中间业务，拓展新的利润增长点，增强持续盈利能力。,0
欧元区经济形势更趋低迷。,1
严格控制对高耗能、高排放行业和产能过剩行业的贷款。,1
外商直接投资结构持续优化。,0
外债总规模增速略有回升。,0
五是进一步完善房地产信贷政策，支持居民自住和改善型住房需求。,0
包商银行正常经营，未出现客户挤兑等群体性事件。,1
完善资本市场服务科技创新制度体系。,0
地缘政治冲突多点爆发，风险因素加速累积。,1
（四）股票市场沪深指数下跌较多，成交量同比上升股票市场沪深指数下跌较多，创业板指数上升。,1
初级产品价格回升较快，同比上涨6.2%；投资品价格同比下降0.6%，消费品价格同比上涨2.9%。,0
由于经济增长缓慢，加上美伊战争带来的不确定因素，一季度国际金融市场动荡加剧。,1
普惠性的现代金融体系。,0
保持季末流动性合理充裕。,0
当然，在开放宏观经济格局下， 这两类经济体之间存在千丝万缕的联系，油价下跌对石油进口国也会带来一定风险。,1
从投向看，贷款结构进一步改善。,0
为应对通胀压力、资本外流和汇率贬值风险，2021年主要新兴经济体多次加息。,1
前瞻操作稳定春节资金面。,0
美国次级抵押贷款风波导致全球性金融市场震荡。,1
特别是个别银行因高风险经营、盲目追求规模而高息揽存，使得正常经营的银行也不得不跟随定价，陷入“囚徒困境”，出现“坏银行定价”问题。,1
针对受疫情影响暂时困难的企业，给予临时性延期还本付息安排，不盲目抽贷、断贷、压贷。,1
进口增速快于出口增速，贸易顺差同比有所减少。,0
人民币对欧元、日元等其他国际主要货币汇率有升有贬。,1
受全球各大金融机构相继披露因美国次按风波遭受重创的信息以及对美经济衰退预期增强等因素影响， 月15日至20日前后，全球股市出现一轮急速下跌行情，部分主要股指创“9·11”以来最大跌幅，此后维持震荡整理格局。,1
M2增速年末加快。,0
二是盯住利率精准开展操作，政策目标更加明确清晰。,0
上半年，企业商品价格（CGPI）同比下降4.8%，降幅比上年同期收窄0.8个百分点。,1
（四）财政收支总体良好财政收入持续快速增长。,0
票据融资余额持续下降，但票据市场交易总体活跃。,0
同时，进一步完善省级自律机制。,0
下一步，需加快推动钢铁行业转型升级和高质量发展。,0
拉美和亚洲新兴市场经济体总体保持了强劲的增长。,0
受国际大宗商品价格总体继续下跌影响，进口价格降幅扩大。,1
相较而言，全球一些央行在应对疫情冲击期间大规模购买国债等资都受到影响。,1
一是健全绿色金融标准体系。,0
中长期看，我国处于经济转型和产业升级的关键期，供需条件有望持续改善，货币条件合理适度，居民预期稳定，物价保持基本稳定有坚实基础。,0
贸易结构继续优化，出口商品进一步向价值链高端迁移。,0
四是地方债发行有所放缓，地方政府存量债务置换对贷款的替代作用减弱。,1
境内外币利率先升后降。,1
钢铁行业应化挑战为机遇，加大结构调整和转型升级力度。,0
全球经济复苏前景仍缺乏亮点支撑。,0
四是加快金融市场产品创新，推动金融市场健康发展。,0
人民币资产吸引力不断增强。,0
“非典”疫情的滞后影响主要集中在出口、就业和农民收入三个方面。,1
防范跨行业、跨市场风险，防范非正规金融及其他相关领域风险向金融体系传导。,1
生猪产能逐步恢复。,0
持续提升消费金融政策质效。,0
引导大型银行服务重心下沉，提高效率，更好服务小微企业、民营企业。,0
加大对有市场发展前景的先进制造业、战略性新兴产业、现代信息技术产业和信息消费、文化产业、服务业、传统产业改造升级以及绿色环保等领域的资金支持力度。,0
通货膨胀压力仍需关注。,1
完善股权结构和公司治理，规范关联交易，健全风险隔离机制，防止滥用控制权，严禁不当干预金融机构经营。,1
（六）行业分析工业利润同比下降，降幅有所收窄。,1
培育和发展住房租赁市场，既是构建房地产新发展模式的重要一环，也有助于促进房地产市场的平稳健康发展。,0
对外贸易平稳增长，但出口增速仍高于进口增速，贸易顺差继续扩大。,0
（四）财政收支低速增长上半年，全国财政收入（不含债务收入）6.9万亿元，同比增长7.5%，比上年同期低4.7个百分点；全国财政支出6.0万亿元，同比增长10.8%，比上年同期低10.5个百分点。,1
股票市场指数震荡下行，成交量和筹资额同比减少。,1
随着发达国家复苏放缓，加上欧元区主权债务风险上升，主要股市全线下跌， 后因希腊政府通过财政紧缩计划而反弹。,1
坚持市场化、法治化处置风险， 金融风险总体收敛。,1
人民币对国际主要货币汇率有升有贬，双向浮动。,1
保持银行体系流动性合理充裕。,0
稳健的货币政策要灵活适度、精准有效。,0
（四）财政收入降幅收窄，就业形势总体改善财政收入降幅收窄。,1
做好化解产能过剩矛盾金融服务工作，根据“区别对待、不搞一刀切”的原则，督促金融机构按照“消化一批、转移一批、整合一批、淘汰一批”的要求，改进和强化信贷管理。,1
6月份起，沪、深股市出现下滑。,1
和债务风险增加。,1
中小企业融资难问题长期存在，一方面受制于我国直接融资不发达、金融机构体系不完善，另一方面也与中小企业的自身特点有关。,1
日本央行则继续维持宽松货币政策。,0
继续完善养老金融政策体系，服务银发经济高质量发展。,0
普惠性的现代金融体系。,0
商品房销售额略有回升。,0
以出口为主的企业则会出现一定的汇兑损失，如电子信息业。,1
引导金融机构针对疫情风险分区分级提供差异化金融服务。,1
但是， 债券市场发行利率的走低，对二季度债券的发行情况影响不大。,1
保险业总资产增速稳步回升。,0
美国经济温和增长，失业率缓慢回落，但房地产市场仍然低迷，财政和贸易赤字问题严重；欧元区部分国家主权债务风险犹存，由于通胀压力增加，欧央行开始收紧货币政策；日本地震导致海啸和核泄漏事故，为日本乃至全球经济复苏蒙上阴影； 新兴经济体需求旺盛，但为应对跨境资本大规模流动和经济过热等风险，部分经济体主动收紧了宏观政策。,1
年内两度降准接力强化政策支持效应，进一步巩固实体经济回升向好态势。,0
2008年第三季度以来，随着国际金融动荡加剧，国际环境中不确定不稳定因素增多，国内经济运行中的一些矛盾也比较突出。,1
定合理有效的风险应对预案，证监会会同人民银行等相关部门建立信息共享机制，规定不同风险情形下基金管理人自有资金、风险准备金等风险处置资金来源。,1
这些成员国未能重视财政赤字扩大的风险，过度发债，最终造成了被动的局面。,1
继续严格执行差别化的各项住房信贷政策，支持保障性住房、中小套型普通商品住房建设和居民首套自住普通商品房消费，抑制投机性购房。,1
四是产权制度改革取得一定进展。,0
受乌克兰危机和经济下行影响，俄罗斯股市显著下行， 全年跌幅高达45.2%。,1
加强外汇管理信息综合利用，密切跟踪外汇形势变化，及时关注构造贸易套利、虚假转口贸易等新问题。,1
目前，中国的金融监管框架仍侧重于微观审慎监管，难以及时、充分地监测系统性风险并立即采取行动。,1
欧洲房地产市场仍较低迷。,1
供给过剩和供给不足并存，一些新领域增长潜力释放不足，影响了经济活力，债务杠杆上升较快，经济金融领域风险暴露增多。,1
强化对进口延期付汇、出口预收货款等贸易信贷资金的管理和监控。,1
分类别看，经济适用房、高档住房销售价格同比分别上涨5.4% 和8.2%；普通住宅销售价格同比上涨5.3%。,0
外汇市场交易主体进一步扩展。,0
贸易顺差进一步扩大。,0
按市场化、法治化原则稳定暂遇困难的民营企业融资。,1
三是重启3年期中央银行票据。,0
我国的绿色保险主要是指环境污染责任保险。,1
对于银行来说，虽然目前个人住房贷款风险相对小于公司类贷款，但由于个人住房贷款的平均违约率需要经历一、 两个经济周期的调整才能加以判断，商业银行的风险仍然存在。,1
全球主要股市震荡走低，较上季度末跌幅均超过10%。,1
6月份，欧洲中央银行和美联储相继降息，进一步刺激了股市的上涨。,0
五是金融体系风险隐患依然存在。,1
密切关注国际形势变化对资本流动的影响， 加强跨境资本流动监测预警。,1
商品房销售回暖加速。,0
根据欧洲中央银行预测，欧元区2012年经济增长将降至-0.4-1％之间，有陷入新一轮衰退的可能。,1
一是微观金融主体不健康。,1
促进优质企业便利化政策扩面提质。,0
四是从政策效果看，我国经济社会已全面恢复发展。,0
预计2002年全球经济增长速度将高于去年，国际贸易增速回升。,0
三是高精尖技术突破，行业持续向高端化发展。,0
美联储年初以来四次降息的效应将在今年底或明年初充分显现。,0
贸易信贷负债包括我国进口商的进口应付款，以及我国出口商预收的货款。,1
中国人民银行2005年第三季度城镇储户问卷调查显示，城镇居民未来收入信心指数较上季提高1.9，较上年同期提高1.7，居民的增收信心较强。,0
建立完善多层次债券市场体系。,0
外汇市场仍将动荡多变，美元总体上仍将处于疲软状态。,1
二是全球化走向不明朗。,1
截至3月末，新增票据融资在新增贷款中所占比重达13%，同比提高了7个百分点。,0
加强绿色债券评估认证机构自律管理，持续推动绿色债券市场高质量发展。,0
由于担心危机可能向欧元区核心国家蔓延、担心主权债务危机演变为银行危机，国际金融市场出现新一轮动荡。,1
进一步完善“三档两优”存款准备金框架，建立健全银行增加小微企业贷款投放的长效机制。,0
金融市场产品创新不断推出，市场制度性建设获得较大进展。,0
二是新股发行重启。,0
但由于包商银行的损失缺口巨大，在公共资金承担损失缺口之前，没有战略投资者愿意参与包商银行重组。,1
以制造业绿色低碳化改造为契机，持续推动产业优化升级，推进设备更新、 工艺优化、产品升级改造，带动制造业投资，促进模式创新和发展方式转变。,0
乱收费和繁杂的购车手续抑制了个人购车的积极性，阻碍了汽车需求增长。,1
完善期货市场制度建设。,0
"目前,叙利亚国内政局动荡不安，伊朗核危机有加剧迹象，中东局势进一步恶化可能对全球石油供给产生重大冲击，推升全球石油价格。",1
商品房竣工增速仍然低于销售增速，但施工面积增长较快。,0
其中，生活资料价格涨幅相对稳定，生产资料价格涨幅明显下降。,0
金融业综合经营试点要注重风险防范机制建设。,1
总体看，PPI 类似倒 U 型走势，年中6、 月降幅收窄至最小值，同比下降0.8%，12月降幅走扩，同比下降2.3%。,1
对以诈骗敛财为目的非法集资、转贷谋利、洗钱和暴力催收导致的人身伤害等违法犯罪行为，公安司法机关应该介入，严厉打击。,1
对安全边际内的1-7级银行， 开展风险早期预警，及时提示风险。,1
房地产贷款增速持续回落，新增贷款减少。,0
三是绿色转型加快，绿色船舶产品体系供应能力进一步提升，绿色供应链体系建设不断健全完善。,0
积极推进恒丰银行、锦州银行改革重组，防止风险蔓延。,1
发放助学贷款，资助困难学生完成学业。,1
前三季度，消费品价格上涨4.9%，拉动CPI上涨3.5个百分点；服务价格上涨1.7%，拉动CPI上涨0.4个百分点。,0
加强与产业政策的协调配合，改进和完善宏观信贷政策指导。,0
金融市场开放有利于中国实现高质量的经济增长，也有利于全球投资者分享中国经济的发展成果。,0
一是中长期贷款需求非常旺盛。,0
鼓励地方积极创新扶持方式，支持民营企业的健康发展。,0
促改革和防风险方面的作用。,1
国际原油价格上涨对世界经济和我国经济的影响值得进一步关注。,0
继续深化大型商业银行改革，推动其不断完善公司治理，逐步健全现代金融企业制度，加快转变发展方式和盈利模式，提高创新发展能力和国际竞争力。,0
执行好差别化房贷政策，促进房地产市场健康平稳发展。,0
随着我国经济发展，煤炭行业取得了长足发展，煤炭产量持续增长，生产技术水平逐步提高，煤矿安全生产条件有所改善。,0
美德国债收益率小幅上涨，部分新兴市场经济体国债收益率攀升。,0
保险业资产增长有所放缓。,1
受美联储连续加息等因素影响， 伦敦同业拆借市场美元 Libor 略有上升。,1
债券发行利率总体明显回落。,1
近年来，金融有力支持船舶制造业高质量发展。,0
三是全球金融市场波动的风险隐患上升。,1
经过年多的试点，中国农业银行“三农金融事业部”的体制机制优势逐步显现，改革试点取得了积极进展和明显成效。,0
此外，钢铁需求量大增。,0
继续推进债券二级市场发展，完善做市商考评等市场化评价体系建设， 优化交易、清算、结算相关安排，进一步提升债券市场流动性，并推动完善会计、审计、税收等方面的配套政策，创造更加友好、便利的投资环境。,0
一是稳健的货币政策要灵活精准、合理适度。,0
固定资产投资继续快速增长。,0
军事打击对美国经济和全球经济产生的影响更大。,1
继续加强金融对乡村全面振兴的支持。,0
2008年以来，全球经济整体增速放缓、通货膨胀压力上升、金融市场动荡加剧。,1
二是物流成本依然偏高，推动实体经济节本增效仍大有可为。,0
9月中旬后，金融危机恶化带来的外需减弱以及其他负面效应快速显现， 新兴市场和发展中经济体形势急转直下，工业增长减速、出口放缓、 资本外流加速，部分过度依赖出口和外资流入的经济体受到较大冲击。,1
贸易摩擦、主要经济体货币正常化等因素引发全球金融市场动荡，部分新兴市场经济体出现股市、债市、汇市联动下跌，发达经济体股指也出现一定波动。,1
二是盘活存量、优化增量，支持经济结构调整和转型升级。,0
在全球总需求增长仍较缓慢、发达经济体货币政策可能转向的背景下，许多新兴市场经济体仍面临外需疲弱与跨境资本波动等潜在风险，存在调整与转型压力。,1
改革以来贷款利率明显下行，为了与资产收益相匹配，银行会适当降低其负债成本，高息揽储的动力随之下降，从而引导存款利率下行。,1
（三）物价总体有所回升居民消费价格涨幅扩大。,0
总体看，当前国民经济的持续平稳较快发展，是我们抓住国内外大环境总体有利的发展机遇期，国内机制体制改革不断取得突破、经济增长活力进一步增强的综合反映。,0
大力发展现代物流业，加快建立社会化、专业化、信息化的现代物流服务体系，不仅是物流业自身结构调整和产业升级的需要，也是整个国民经济发展的必然要求。,0
同时，公开市场对冲操作在一定程度上受到商业银行购买意愿的制约。,1
因此，有必要密切关注美国次级抵押贷款市场对国际金融市场的影响及对我国可能产生的冲击，并采取措施加强风险防范工作，确保国家金融安全。,1
但同时也出现了投资需求膨胀过快， 煤、电、油、运全面紧张，通货膨胀压力加大等问题。,1
完善跨境资本流动监管，防范异常跨境资本流动风险。,1
各大电商平台和商家积极推动产品更新换代， 精致露营和冰雪运动需求快速增长，绿色家电消费潜力逐步释放。,0
进口价格降幅大于出口价格。,1
2021年以来，受经济持续恢复、市场需求旺盛等因素推动，钢铁行业营业收入和利润明显增长。,0
在维护总量平衡的同时，优化信贷结构，加大对重点领域和薄弱环节的支持力度。,1
前三季度，全国一般公共预算收入14.1万亿元，同比下降6.4%，降幅比上半年收窄4.4个百分点。,1
近两年来，农民工务工收入水平有所提高。,0
中央银行必须增强货币政策和金融宏观调控的前瞻性和科学性。,0
经济继续快速增长，经济效益进一步提高。,0
在实际操作中，指导性的信贷规划是有弹性的， 具有应对外部冲击的灵活性。,1
二是转变农业发展方式任重而道远。,0
（一）消费需求平稳增长，投资增速有所加快，出口增速回升城乡居民收入较快增长，消费需求稳定增长。,0
深入推进法规清理整合，公布废止和失效的外汇管理法规50件，促进外汇管理依法行政。,1
（三）主要经济体房地产市场走势美国房地产市场仍继续恶化。,1
国内经济运行面临风险挑战较多，企业生产投资趋于谨慎，制造业投资和民间投资增长有所放缓，外需减弱对出口增长形成压力，经济内生增长动力有待进一步增强。,1
构建危机管理和风险处置框架，推进存款保险制度建设。,1
三是贸易赤字激增。,0
受家庭消费和固定资产投资显著疲弱、工业生产大幅收缩、出口增长停滞等影响，第二季度 GDP 环比增长折年率为-3.0%，跌幅为2001年第三季度以来最大。,1
这五年极不寻常、极不平凡，世界百年未有之大变局加速演进，世纪疫情影响深远，地缘政治冲突加剧；我国全要素生产率提高受到一定制约，劳动力、土地等传统红利弱化，近来又面临需求收缩、供给冲击、预期转弱三重压力，一些领域风险上升，宏观稳定的重要性更为凸显。,1
（四）股票市场波动中大幅走低受市场信心不足、国际金融危机对我国影响不断加剧、上市公司利润下滑等多种因素影响，2008年股票市场在波动中大幅回调，成交量明显萎缩。,1
从下行风险看，消费品供大于求的局面在短期内难以改变，部分行业生产资料和消费品产能较快增长会抑制相关产品价格上升。,1
上半年，钢铁、有色金属、 水泥行业投资增幅逐月回落。,1
建立健全金融市场基础设施的统筹管理框架，进一步加强市场基础设施建设，确保金融市场整体稳定和安全高效运行。,0
如阐明能源资源价格形成机制改革主要是为了理顺价格关系，促进资源节约利用和节能减排，为发展生产力、提高人民群众生活水平创造良好的价格环境，并不意味整体价格的上涨。,0
进一步完善便利外籍人员在华旅游、支付的新举措，切实打通来华旅游堵点。,0
完善民营企业金融支持政策，引导金融机构持续做好民营企业金融服务。,0
三是全球银行体系风险增加，“去杠杆化”形势严峻，可能对实体经济造成冲击。,1
资金支持政策逐步落实到位，正向激励作用开始显现，农村信用社历史包袱得到有效化解，资产质量明显改善，支农服务功能显著增强。,0
GDP 平减指数降幅收窄。,1
一系列利率政策取得显著成效，利率传导效果明显增强。,0
四是全球经济贸易增长乏力，保护主义和地缘政治紧张局势抬头，再加上新冠肺炎疫情冲击，全球范围内的民航运输服务竞争和博弈更加激烈。,1
同时，“自动减赤程序”中的开支削减计划生效时间被延后两个月等。,1
进一步发挥信贷资产证券化盘活存量的积极作用， 推动经济提质增效和转型升级。,0
房屋销售价格继续较快上涨，但涨幅趋缓。,0
三是在建规模过大。,1
进入下半年，随着国内经济增长趋稳和稳健货币政策效果逐步显现，加之国际大宗商品价格整体出现回落，价格上涨压力有所减轻，主要价格指标开始趋稳回落，物价上涨过快的势头得到了初步遏制。,1
切实支持巩固拓展脱贫攻坚成果和全面推进乡村振兴。,0
近年来，钢铁行业的快速发展是由房地产、汽车、家电等耐用消费行业的需求强劲增长带动的。,0
健全系统性金融风险的防范预警和评估体系，强化跨行业、跨市场、跨境金融风险的监测评估，防范实体经济部分地区、行业、企业风险及非正规金融风险向金融体系传导。,1
消费较快增长，投资增速高位回稳，对外贸易快速恢复，消费、投资、出口拉动经济增长的协调性增强，工业增长总体较快，企业效益大幅提高，居民消费价格温和上涨。,0
六是有效防范系统性金融风险，切实维护金融体系稳定。,1
五是县域金融服务仍存在薄弱环节。,1
四是金融机构流动性管理能力增强。,0
反过来，物价水平的普遍连续上涨，也会造成劳动者生活成本提高，刺激劳动者要求增加工资薪酬，从而推升劳动力成本。,0
灵活开展公开市场操作。,0
近期，诸多迹象显示全球经济增长较为疲弱。,1
继续推动资产管理公司转型发展。,0
人民币升值增加了人民币资产的对外购买力，居民总体受益。,0
同时，国有独资商业银行剥离1.31万亿元不良贷款到资产管理公司后，贷款相应减少，但存款并未变动。,1
三是商业银行经营机制还有待改善。,0
继续完善做市商制度，提高债券市场流动性，为培育有效的收益率曲线夯实基础。,0
纵观中央银行的历史，负利率政策是近年来出现的新事物。,1
进一步引导我国外汇市场规范发展，加强对外汇市场运行和衍生产品创新的监管。,0
本轮国际金融危机前相对主流的观点认为货币政策不应关注资产价格，除非资产价格变动会影响到通胀预期，央行只是在泡沫破灭后履行最后贷款人职责，维护市场稳定，即所谓的事后清理（mop up after）。,1
二是表外融资同比大幅多增。,0
票据融资余额快速增长，票据市场利率震荡下行。,1
2006年，针对我国经济中出现的投资增长过快、信贷投放过多、 贸易顺差过大及环境、资源压力加大等问题，中国人民银行按照党中央、国务院的统一部署，继续实施稳健的货币政策。,1
工业生产增速有所回落，结构调整逐步推进。,0
房市调整加深引发的负财富效应很可能加剧美国国内消费低迷，依靠美元贬值带来的贸易状况改善缺乏可持续性，美国经济有可能经历一个比较长的低速调整阶段。,1
债券市场指数小幅上行。,0
一是长期的低利率政策导致全球风险偏好上升。,1
（五）影响未来全球经济发展的主要风险影响未来全球经济发展的风险因素主要包括：全球经济增长放缓、通货膨胀压力上升、金融市场波动、贸易保护主义威胁长期存在等。,1
和之前紧缩周期相比，本轮货币政策正下行空间受限，全球范围内杠杆率高企，长期通胀率和生产率结构性改变，政治不确定性升高等。,1
采取多种形式促进担保机构发展， 建立健全中小企业的地方担保体系。,0
从完善市场法律制度体系、加强基础设施建设、进一步完善债券交易会计制度、完善市场运行架构、提高市场流动性、不断改进和完善收益率曲线等方面加快金融市场基础性建设，进一步推动金融市场产品和工具的创新。,0
GDP 平减指数继续回落。,1
在我国，国民收入分配结构失衡以及居民收入差距扩大的现象一直比较突出，严重制约了居民整体消费能力和意愿的提升。,1
目前，我国工业行业发展中存在的主要问题是行业结构不合理，某些生产能力过大的行业仍在盲目扩张，新一轮的重复建设势必进一步加剧结构失衡。,1
主要工业国家短期利率呈下降趋势，下降幅度有所放缓。,1
继续运用普惠小微贷款支持工具，持续支持小微企业发展。,0
二是促进结构优化，支持经济结构调整和转型升级。,0
当不确定性（随机冲击）主要来自商品市场，那么选择货币供应量作为中介目标较为合适；若不确定性主要来自货币市场，那么选择利率作为中介目标较为合适。,1
上半年进口价格总体下跌8%，降幅比第一季度收窄3.5个百分点；出口价格总体下跌3.2%，降幅比一季度减少1个百分点。,1
通胀回落速度放缓也增大了未来货币政策的不确定性。,1
人民币汇率有贬有升，双向浮动。,1
加快发展外汇市场，推动汇率风险管理工具创新。,0
农村信用社改革试点成效明显。,0
二是加强建筑节能绿色改造，推动绿色建筑规模化发展。,0
继续深化大型商业银行改革，推动其不断完善公司治理，逐步健全现代金融企业制度，深化内部治理和风险管理，提高创新发展能力和国际竞争力。,0
2. 高技术制造业高技术制造业是推动我国经济高质量发展、提升全球竞争力的重要力量，近年来保持快速发展。,0
做好脱贫人口小额信贷工作。,0
中长期贷款平稳增长，个人住房贷款增速回升。,0
下一步，人民银行将继续健全现代货币政策框架，支持高质量发展，加快构建以国内大循环为主体、国内国际双循环相互促进的新发展格局。,0
另一方面企业债券融资、股票融资等直接融资对企业贷款的替代性进一步增强。,0
证券投资基金发展较快。,0
房地产开发投资继续回落。,1
物价有望触底回升。,0
一是便利市场主体持有和使用外汇。,0
债券现券交易量快速增长。,0
国际油价在波动中呈上升趋势。,1
房屋销售价格涨势平稳，但部分地区房价涨幅较高。,0
财产险业务发展平稳，总体运行情况较好；人身险不断创新产品，开拓市场，业务持续快速发展。,0
探索完善信贷政策导向效果评估，更好地盘活现有信贷存量，增加存量信贷资金对小微企业的投入。,0
（一）消费增速进一步加快，固定资产投资增长依然强劲， 贸易顺差继续扩大城乡居民收入增幅较大，国内消费需求持续旺盛。,0
采取综合措施维护金融稳定，守住不发生区域性系统性金融风险的底线。,1
这可能带来两方面的风险。,1
实际上，银行的资产扩张以支持。,0
上半年工业生产者购进价格同比上涨4.4%，第二季度平均上涨4.4%，涨幅与上个季度持平。,0
要落实科学发展观，促进我国钢铁行业持续健康发展。,0
2018年城镇化率提高超过1个百分点，新型城镇化、服务业、高端制造业以及消费升级仍有较大的发展空间，回旋空间也比较大。,0
二季度，美国 GDP 环比折年率为2.8%，较一季度的1.4% 回升；工资增速保持在历史高位，并高于消费价格涨幅。,0
严格控制对“两高一剩”行业的贷款，支持对整合过剩产能的企业定向开展并购贷款，促进产能过剩矛盾化解。,1
继续发挥再贷款精准滴灌和正向激励作用， 支持巩固脱贫攻坚成果同乡村振兴有效衔接。,0
2018年我国经济总体保持平稳发展态势，但在内外部多重因素影响下，经济运行面临一些新的挑战，部分民营企业出现违约，金融机构对民营企业风险偏好下降，一些生产经营正常的民营企业遇到融资困难，部分民企陷入债务违约、 信贷融资难度加大、股权质押风险上升的负向循环，企业财务状况不佳与融资环境变化相互强化。,1
此外，低碳改造成本较高。,0
加大对有市场发展前景的先进制造业、战略性新兴产业、现代信息技术产业和信息消费、文化产业、服务业、传统产业改造升级以及绿色环保等领域的资金支持力度。,0
受石油、煤炭等能源价格下跌及高基数影响，叠加房地产行业需求较弱，下游相关行业产品价格继续回落。,1
国际主要债券市场收益率普遍出现上升，但总体仍保持在较低水平。,1
三是非金融企业股票融资大幅增加拉动直接融资占比明显提高。,0
2011年德国和法国房地产价格仍继续上涨，英国的房地产价格先升后降，12月 HALIFAX 房价指数环比下跌0.9%，第四季度同比下跌1.3%。,1
进一步统筹推进证券化工作，推动证券化市场规范化发展。,0
通货膨胀压力主要来源于成本推动因素。,1
二是明确恢复与处置计划要求。,0
其中第一季度上涨2.7%，第二季度上涨3.6%，总体上呈逐步上涨趋势。,0
取消境外直接投资购汇额度限制，允许提前购汇支付前期费用。,1
加大对仓储物流企业金融支持力度，助推流通业态提质增效。,0
另外，由于我国商业银行，特别是国有独资商业银行经营策略和机制的问题，金融服务方面还存在缺陷，也加剧了上述矛盾。,1
3月4日，欧央行宣布部分取消危机期间推出的紧急贷款措施，但仍保留了对银行的资金缓冲措施。,1
三是积极培育发展外汇市场。,0
人民币利率互换交易大幅增加。,0
继续加强真实性合规性审核。,0
服务业持续恢复，现代服务业增势较好。,0
二是欧元区经济下行和通缩风险依然较大。,1
多数新兴经济体货币政策趋于进一步宽松。,0
一是持续加大货币政策支持力度。,0
创设证券、基金、保险公司互换便利。,0
破获多起地下钱庄、非法网络炒汇等违法犯罪案件，有力打击各类违法犯罪活动。,1
国内房地产等重要领域依然面临回调压力，将连带影响诸多行业。,1
生产资料价格上涨带动生产价格涨幅小幅回升。,0
房地产价格在今年的涨幅明显高于去年。,0
④农村合作金融机构包括农村商业银行、农村合作银行、农村信用社。,0
（三）票据融资稳定增长，票据市场利率总体下行票据承兑业务稳定增长。,1
工业生产者购进价格自2016年10月开始同比涨幅由负转正，黑色金属、有色金属和燃料动力类价格指数上涨较快。,0
（二）支持企业扩大出口，出台出口退税账户托管贷款今年以来，受全球经济走弱的影响，我国出口增势放慢。,1
四是外部不确定性较大，外贸部门结构性就业压力可能加大。,1
与美欧不同，由于日本土地价格持续走低，日本房价一直呈现负增长。,1
全国农村信用社产权制度改革稳步推进，明晰产权关系、完善法人治理结构、加强内控管理制度建设等取得一定成效，经营管理水平有所提高。,0
对石油出口国而言，油价下跌会使收入减少，财政和国际收支平衡面临压力，本币贬值。,1
在市场份额和效益下降的压力下，汽车行业兼并和重组加快。,1
进一步完善做市商制度，提高债券市场流动性，推动债券经纪业务的开展，适时推出债券衍生产品。,0
五是有效应对外部冲击风险。,1
六是持续推进农村金融服务。,0
加强对企业债务风险、银行资产质量和流动性变化情况、 房地产市场、互联网金融、跨境资金流动、跨行业跨市场风险等领域的风险监测和防范。,1
疫情期间，发达经济体推行量化宽松政策、 置的低收益资产，需要在紧缩阶段用高利率负债平衡，造成较大亏损。,1
工业生产保持较快增长，实现利润同比增幅回落。,1
由于缺乏宏观审慎管理手段，难以通过实施反周期的宏观经济政策来熨平经济周期，也缺乏手段来减少出现问题的系统重要性机构对整体经济的冲击，保持市场稳定。,1
二是进一步扩大保险业对外开放。,0
同时，超额准备金也有满足银行支付清算的功能，对银行至关重要。,0
进口价格大幅上涨。,0
资产管理公司转型改制工作取得新进展。,0
资金持续流入令新兴市场本币大幅升值、资产价格上涨， 亚洲新兴经济体首当其冲。,0
资源价格偏低是我国经济内外失衡的重要诱因。,1
工业生产增速有所回落，新兴产业运行相对平稳，传统产业压力较大。,1
《规划》统筹国内国际两个大局，全面系统谋划金融业改革与发展，发展战略有高度，发展目标可行， 政策措施有亮点，是“十二五”时期指导金融业发展的纲领性文件之一。,0
从国际环境看，世界经济形势错综复杂，地缘政治风险依然较大，外部经济环境总体趋紧。,1
在轿车生产大幅增长的同时，汽车消费市场也明显升温。,0
工业生产增速回升。,0
PPI 在高基数影响下保持低位运行。,1
从价格指数涨幅波动循环来看，其波动与GDP增长波动基本一致，但略有滞后。,1
哈尔滨银行、甘肃银行财务重组和增资扩股方案顺利实施。,0
加之受自身结构性因素制约，一些经济体经济增速放缓，部分国家甚至出现负增长，如巴西第三季度 GDP 同比下跌4.5%，俄罗斯2015年 GDP 同比萎缩3.7%。,1
改进完善金融精准扶贫信息系统， 推动贫困户基础信息和金融扶贫信息对接共享。,0
近期，资金池理财产品因其一些特征所隐含的风险而引起了较多关注。,1
及时开展常备借贷便利操作。,0
此外，劳动力等要素成本上升也较快。,1
债券发行利率回落，发行进度加快。,1
人民币贷款增速有所回升。,0
日本经济在疫情暴发前就已处在衰退边缘，疫情冲击将进一步加重经济失速。,1
GDP 平减指数有所回落。,1
也要看到，我国经济具有巨大的发展韧性和潜力，长期向好的基本面没有改变。,0
期货投资者保护长效机制进一步完善。,0
此外，地缘政治冲突多点爆发，风险因素和不确定性加速累积， 气候变化与环境因素等对经济金融的影响也在加大。,1
收入分配结构改善，农村居民收入增速高于城镇。,0
同时，督促商业银行加强信贷管理，防止一些地区出现房地产泡沫。,1
伦敦金属交易所铜和铝现货当季平均价格比上个季度分别下降1.0%和2.9%，环比降幅较上个季度均明显收窄。,1
全球主要股指大幅震荡，国际汇市和债市波动较大。,1
从实施效果看，信贷结构变化较好地支持了经济结构调整和转型升级。,0
同时继续限制对“两高”行业和产能过剩行业劣质企业的贷款。,1
中国出口信用保险公司改革实施总体方案获得国务院批准，200亿元注资已经到位，改革方案正在进一步落实。,0
国际金融危机暴露了银行流动性管理的重大缺陷，凸显了流动性对金融市场及银行体系正常运转的重要性。,1
健全金融风险问责机制，对重大金融风险严肃追责问责，有效防范道德风险，坚决守住不发生系统性金融风险的底线。,1
在当前国际金融危机和国内经济下行的压力下，中国工商银行、中国银行、中国建设银行和交通银行制，提升经营管理水平和服务效率，取得了较好的经营效益。,1
美国经济总体稳健，但出现放缓迹象。,1
从需求面来看，一是实施了5300亿美元的减税和救济，提振消费。,0
全球股市遭受重挫，反弹无力，“熊态”与萧条弥漫。,1
一是能源和原材料价格涨幅较大。,0
企业盈利能力有所下降。,0
资产质量明显改善，盈利能力显著增强。,0
（三）票据融资增长较快票据融资总体增长较快，波动较大。,1
推动人民币对其他货币直接交易市场发展，更好地为跨境贸易人民币结算业务发展服务。,0
信贷结构进一步改善，体现了“有保有压”。,0
外汇市场交易活跃，黄金市场量价齐升。,0
居民消费价格涨幅继续扩大。,0
下半年进口价格增长较快，涨幅高于出口价格涨幅。,0
一是做好与公众的沟通和引导工作，增强社会公众对稳定价格的信心。,0
生产价格降幅收窄。,1
价格整体上行压力依然较大，通胀风险仍须关注。,1
保险业资产保持快速增长。,0
四是农民收入增长相对缓慢。,1
当前，国内外需求增长由高位回调， 国内货币条件适度收紧，农产品价格出现季节性回落，都有利于抑制物价过快上涨势头。,1
从考核结果看，绝大多数银行信贷支农支小情况良好，满足定向降准标准，可以继续享受优惠准备金率；一些此前未享受定向降准的银行通过主动调整优化信贷结构，达到了定向降准标准，可以在新年度享受优惠准备金率；少数银行不再满足定向降准标准，因而不能继续享受优惠准备金率。,0
日本房地产市场下滑风险加大。,1
股票市场筹资额稳步增长。,0
2003年4、5月份，受“非典”疫情的影响， 始终平稳增长的消费需求出现了大幅度的下滑。,1
生产企业大幅减少了原材料采购，压缩了原材料需求，甚至可能直接抛售原材料存货，加剧了上游生产资料价格下跌。,1
总体而言，与经济复苏态势背离的低通胀现象的背后成因复杂，各方仍存在较大争议。,1
GDP 缩减指数继续上升。,1
"投资、出口比重过高,消费比重偏低，同样不利于经济的健康稳定发展。",1
外汇市场交易主体进一步扩展。,0
二是全球化背景下的全球失衡直接催生了全球流动性过剩。,1
新兴市场经济体或将集体遭遇失速。,1
农村信用社改革进展顺利，成效显著。,0
受美联储加息预期减弱等因素影响，伦敦同业拆借市场美元 Libor 略有下降。,1
执行好差别化房贷政策，促进房地产市场健康平稳发展。,0
加强系统性风险监测评估。,1
新兴经济体货币政策分化。,0
一是深入开展金融精准扶贫。,0
保险专业中介机构和保险公司的分支机构不断设立，市场竞争增强。,0
三是物流基础设施能力不足，尚未建立布局合理、衔接顺畅、能力充分、便捷高效的综合交通运输体系。,0
若利率长期过低， 又会带来产能过剩、通货膨胀、资产价格泡沫、资金空转等问题。,1
近年来，我国货币政策操作框架不断完善，公开市场操作更加科学透明、灵活精准，保持了流动性合理充裕。,0
2020年底以来按季对央行金融机构评级1-7级的银行开展风险监测预警，及时识别苗头性风险并采取措施促使大部分银行异常指标回归至行业正常水平。,1
英国经济持续低速增长，仍面临脱欧带来的不确定性。,1
为此，中国人民银行今年以来主要依靠经济手段对货币信贷过快增长进行了调控。,1
完善高层次创新型人才的培养、引进、使用机制，带动电子信息产业人才资源的整体开发利用。,0
（三）居民消费价格总体平稳，生产价格降幅扩大居民消费价格总体平稳。,1
从目前人民银行的资产负债约占总负债的63%，还有一部分负债是货币发行，约占21%，其他项目占比较低。,1
劳动力市场复苏相对偏慢。,0
运用多种工具和手段，对暂时出现流动性困难的金融机构及时提供资金支持。,1
3月10日，硅谷银行因挤兑风波倒闭并被接管，成为美国次贷危机后破产的最大银行。,1
年内物价大幅上扬的可能性不大。,0
三是受欧美主权债务危机持续蔓延影响，全球金融市场剧烈波动，主要股票市场出现较大幅度下跌，能源、原材料和粮食等大宗商品价格大幅震荡。,1
二是盘活存量、优化增量，支持经济结构调整和转型升级。,0
同时，地方政府债大量发行、股票市场剧烈波动、新股 IPO 以及金融监管考核等因素也加大了银行体系流动性变化的不确定性，流动性管理的难度和复杂性趋于上升。,1
建立完善绿色金融政策体系，大力发展绿色金融。,0
PPI 低位运行，通常反映工业需求偏弱，但近几个月 PPI同比降幅扩大主要是受基数效应影响，并不意味着存在显著的工业品通缩压力。,1
这些冲击可能包括： 加大跨境资本流动、全球汇市、资产价格、大宗商品价格的波动性， 增加新兴市场经济体货币贬值的风险、宏观经济管理和结构改革的难度和不确定性等。,1
消费平稳增长，进出口形势逐季好转，投资增速和物价涨幅有所放缓，经济结构调整步伐加快。,0
二是期限错配。,1
在一揽子经济刺激政策的带动下，固定资产投资增速快速回升。,0
而希腊、葡萄牙等重债国形势持续恶化，第三季度 GDP 同比分别萎缩5.2%和1.7%。,1
三是鼓励保险资金支持实体经济。,0
人民币对欧元、日元等其他国际主要货币汇率双向波动。,1
从消费品和服务分类看，消费品价格涨幅高于服务价格上涨幅度，上半年消费品价格上涨9.9%，拉动CPI上涨7.5个百分点；服务价格上涨1.8%， 拉动 CPI 上涨0.4个百分点。,0
但也存在结构不合理、增长方式粗放、安全事故多发、资源浪费严重、环境治理滞后等突出问题。,1
外汇市场会员进一步扩大， 人民币掉期交易活跃，成交量大大超过远期交易。,0
在经济全球化背景下，我国积极参与全球分工，充分利用劳动力成本低等比较优势，大力引进外商直接投资发展加工制造业，承接国际产业转移。,0
另一方面，部分农产品国内外价格倒挂。,1
人民银行监测的企业商品价格（CGPI）同比下降1.5%，降幅较一季度和上年同期均收窄0.7个百分点。,1
利率互换交易活跃。,0
另一方面，部分经济体收紧货币政策以应对国内通胀压力，减少美联储加息带来的冲击。,1
而企业利用外汇贷款进口设备和原材料，与本币购汇相比会面临资产负债和现金流的双重币种错配风险。,1
如果国内物价和房价过高，投资就可能转到国外资产价格更低的地方。,1
价格、生产资料价格涨幅高于消费资料价格。,0
GDP 缩减指数（名义 GDP 增长率与实际 GDP 增长率之差）为6.9%。,1
二是中国经济发展的优势没有改变。,0
房地产贷款增速上升。,0
其中，生产资料价格同比下降1.1%，降幅比上个季度缩小2.8个百分点；生活资料价格同比持平，降幅比上个季度缩小0.2个百分点。,1
（四）股票市场指数走高，成交量和筹资额同比减少沪深指数均大幅走高。,0
宏观经济调控的主要目的是“熨平”经济运行中的波动，促进经济平稳增长。,1
美国经济大幅下滑使日本经济雪上加霜。,1
推动非金融企业债务融资发展。,0
在总结美国次贷危机教训的基础上，《规划》提出金融要服务实体经济，坚决抑制社会资本脱实向虚、以钱炒钱， 防止出现产业空心化现象。,1
新兴经济体货币政策有所分化。,0
三大攻坚战进展良好，供给侧结构性改革不断深化，总供求基本平衡，经济增长保持韧性，改革开放有力推进，就业形势保持稳定，居民收入稳步增长，人民生活持续改善，保持了经济持续健康发展和社会大局稳定。,0
农村老龄化、 空心化拉低农村劳动力教育水平，加之农业基础设施和物质装备水平较低，农业自主研发能力不强，制约农业科技成果的应用和推广。,1
第一季度经济增速大幅反弹，但随后受4月1日消费税率上调等因素影响，增速明显回落。,0
二是坚决打击各种外汇违规行为。,1
美国次级房屋抵押贷款是指专门为信用记录不佳或资金不足的贷款人提供的一种短期内低息、中长期高息的房屋贷款品种， 其风险较高，利率也较高。,1
此外，受全球经济复苏放缓和欧元区债务危机不断蔓延等因素的影响，欧元区外围国家房地产市场仍无起色。,1
实施制裁过程中，国家安全概念泛化，原有国际分工模式面临重新调整风险， 全球产业链供应链格局朝着区域化、本土化的方向加速重塑。,1
银行间回购和拆借交易活跃。,0
劳动力市场有所改善，失业率稳步下降，处于欧洲债务危机以来低位。,1
企业涨薪动力不足，投资意愿不足，通胀水平依然疲软。,1
二是经济效益稳定恢复。,0
五是部分非金融机构无序开展资产管理业务。,1
对公职人员的失职渎职行为，依法给予处理处分，构成犯罪的，依法追究刑事责任。,1
主要经济体股市普遍有所上行。,0
从名义利率看，20世纪80年代以后，长期通胀水平和通胀预期波动降低，也导致名义利率明显下降，降幅大于实际利率。,1
我们既要看到经济社会发展的有利条件和积极因素，也要充分估计形势的复杂性和严峻性，进展机遇。,0
6月份货币市场利率出现短期波动，有多种原因，既有美国退出 QE 预期等带来的外汇市场变化的影响，也有节日现金投放、补缴准备金、税收清缴等时点性因素的影响，既有金融机构在流动性风险控制和资产负债管理方面的不足，也有外部“唱空”中国的噪音引起的市场预期变化等情绪性因素，还有监管政策集中出台的叠加影响。,1
"但也要看到，钢铁行业面临严峻挑战，2011年行业亏损面扩大，与此同时，产品结构档次低、产业组织结构分散、落后产能规模大等结构性矛盾依然突出,行业发展的资源、环境等制约因素逐步增强。",1
二是欧盟缺乏对各成员国财政政策的有效约束。,1
但受国内紧缩政策和国际市场风险上升等事件交替影响，近期跨境资本流动的波动性上升。,1
从5000户企业财务数据看，企业实现利润总额虽少于上年同期，但降幅已连续3个月收窄。,1
（一）消费增速平稳，投资增速仍在高位，贸易顺差继续扩大居民收入快速增长，国内消费需求较旺。,0
第四，贸易和投资保护主义倾向上升。,0
“三农”贷款增速继续高于同期各项贷款。,0
三是与本国财政部门共同应对危机考验。,1
新兴经济体央行继续降息。,0
1.房地产行业上半年，全国商品房销售迅速增长，房地产开发投资增速逐步提高，房价止跌回升，商业性房地产贷款余额新增较多。,0
第三，进一步发挥再贴现和存款准备金政策的作用，适时对相关政策进行灵活调整。,0
通过推动住房资产证券化和信贷资产证券化等增加债券市场交易品种，进一步推动公司债券市场的发展，积极培育合格的机构投资人，发展、完善债券市场做市商制度，完善债券托管和结算体系。,0
总之，国际经济环境将有所改善，但不确定性和不稳定性依然存在。,1
首先，各国采取了封城、停工、隔离等措施，基本停止了必需品生产以外的经济活动，经济陷于停滞。,1
从国际上看，全球经济总体延续复苏态势，近期国际货币基金组织（IMF）等进一步上调了今明两年全球经济增速预期。,0
国际大宗商品价格总体上行。,0
输入性因素带动国内石油、有色金属相关行业价格震荡回落，叠加需求偏弱和供给充足，多数工业品价格弱势运行。,1
进一步完善股份制商业银行的运行机制，稳步推进中小金融企业改革和重组改造。,0
受希腊债务危机影响，避险需求上升，欧元长期国债收益率震荡下行。,1
造成加工制造业利润率下降的主要原因是原材料、动力、燃料价格涨幅持续高于加工制造业工业品出厂价格的涨幅。,0
银行间债券市场走势总体偏弱。,1
6月末，国债、金融债券和公司信用类债券发行利率均明显回落。,1
2009年以来，票据业务快速增长，增速远远快于一般贷款增长， 第一季度新增票据贴现1.5万亿元，占新增贷款量的32.3%。,0
同时，受到主要产油国延长石油减产措施、中东地区局势紧张等因素影响，能源价格可能再度出现波动。,1
适应国家发展需要和金融体制改革要求，继续深化国家开发银行改革，进一步明确发展方向和战略定位，妥善解决债券信用、资金来源等问题。,0
2.电力行业电力对国民经济发展起重要的支撑作用。,0
2. 航空运输业近年来，我国民航业快速发展，行业规模不断扩大，安全水平显著提高，发展质量稳步提升，运输效率和保障能力持续增强，社会重要性日益凸显。,0
为应对通货膨胀压力，波兰、马来西亚调升了政策利率。,1
在美元贬值和国际经济金融形势动荡加剧的环境下，国际资本流入我国的数量会有较多增加，导致我国外汇收支顺差继续扩大，外汇储备占用人民币迅速增多。,1
主要经济体股市普遍上涨。,0
适当发挥汇率在实现总量平衡、结构调整及经济发展战略转型中的独特作用。,0
一季度美国长端利率上行引发全球金融市场震荡加剧， 一些基本面脆弱的新兴经济体资本外流和汇率贬值压力上升。,1
从发展趋势看，一方面随着我国工业化和城镇化进程的加快，能源需求和排放压力逐渐增大；另一方面， 在我国经济对外依存度较高的背景下，能源资源等初级产品进口增多、国际市场价格上升过快会加大国内生产成本，国际上对我国工业制成品出口的能耗和排放标准提高的压力也日益增大。,1
一是打造跨国公司外汇资金运营管理改革“升级版”。,0
三是表外融资有所恢复。,0
构建防范跨境资本流动冲击的体制机制。,1
推进资源价格改革虽然可能增大短期通胀压力，但如果推迟改革，扭曲逐步累积，损失可能更大。,1
外债增速加快。,0
健全金融风险问责机制，建立地方党政主要领导负责的财政金融风险处置机制，对重大金融风险严肃追责问责，有效防范道德风险。,1
收入分配结构持续改善，农村居民收入增速持续高于城镇。,0
一是宏观风险得到有效控制。,1
进一步扩大扶贫贷款到户的规模，继续引导农村信用社农户小额信用贷款和农户联保贷款健康发展，建设和培育竞争性的农村金融市场。,0
外汇市场会员进一步扩大。,0
（一）主要经济体经济状况美国经济出现衰退迹象。,1
（二）国际金融市场概况2007年以来，美元相对欧元和日元有所贬值。,1
据工业和信息化部统计，2009年我国铁矿石对外依存度已经接近70%，目前，全球铁矿石的定价权掌握在巴西、澳大利亚等少部分国家，资源垄断加剧严峻，我国钢铁企业定价话语权较弱。,1
加强风险监测与评估，完善风险预警和应急处置机制，做好风险应对预案。,1
中美负利差使境外资本进入我国套利面临明显的利率成本约束，在一定程度上制约了境外套利资本流入，为汇率形成机制改革创造了良好的外部环境。,1
在次贷风波导致金融市场持续动荡，同时通胀上行风险加重的局势下，中央银行面临在抑制通胀和维持必要的经济增长中做出选择的两难局面，货币政策的决策难度不断加大。,1
受英国脱欧以及欧央行负利率政策影响，欧元区同业拆借利率Euribor继续走低。,1
（二）国际金融市场概况2007年以来，各主要货币汇率波动较为平稳。,1
欧债危机经历短暂平静后急剧恶化， “主权债务危机—银行危机—经济下滑”恶性循环加深，5月失业率上升至11.1%，创下欧元区成立以来的新高。,1
近年来，一些发达经济体内部政治极化现象日益严重，中东地区的政治形势也趋于恶化，东亚地区地缘政治紧张加剧，可能对双边经贸关系和区域经济合作形成干扰。,1
国际上，油价不断走高。,0
货币市场利率波动中明显上升。,1
欧元区经济稳步增长。,0
斯洛文尼亚银行体系问题显现，引发市场对其爆发银行业危机的担忧；意大利、葡萄牙等国未来政局走向及其对各项改革进程的影响有待观察；西班牙财政赤字和银行业问题依然严重；希腊经济继续衰退，债务长期可持续性面临严峻挑战；法国财政整顿滞后， 经济前景不容乐观；欧元区银行业联盟等一体化机制前景未明。,1
2016年12月召开的中央经济工作会议指出，要综合运用金融、土地、财税、投资、立法等手段，加快研究建立符合国情、适应市场规律的基础性制度和长效机制，既抑制房地产泡沫，又防止出现大起大落。,1
企业有效融资需求有所下降，金融机构风险偏好下降，自身也受到一定约束。,1
工业生产者购进价格同比下降1.9%，降幅比上个季度缩小0.9个百分点。,1
展望未来一段时期，外需恐难有大的改观，国内经济尚处三期叠加阶段，经济结构调整过程中下行压力仍然较大， 加之国际大宗商品价格可能维持低位，都对未来物价形成影响。,1
国际金融危机还在蔓延，外部需求持续萎缩，外贸形势不容乐观。,1
部分中小企业出现经营困难和资金短缺，主要是面临供给层面的成本约束， 包括原材料、劳动力、资源等成本因素。,1
这使理财业务的代客性质减弱，在某种程度上具有了银行自营业务的属性。,1
从投资的行业结构看，农林牧渔、铁路运输、设备制造等国家支持行业投资增幅扩大，冶金、有色金属、建材等受限制行业投资增幅回落。,1
但以 CPI为锚的货币政策框架也存在缺陷，即使CPI较为稳定，资产价格和金融市场的波动也可能很大。,1
欧元区经济衰退风险增大，高企的通货膨胀更进一步加大了经济下行风险。,1
长期内，保护主义会阻碍资本和劳动力流动，影响资源的有效配置，抑制全球价值链参与者的竞争，拖累生产率的提升和经济增长，加剧金融市场动荡。,1
但存贷款利率与政策利率调整幅度存在较大偏离：同期，1年期LPR 累计下降0.9个百分点，而银行贷款平均利率降幅为1.9个百分点；定期存款平均利率的降幅则仅为0.5个百分点。,1
一是受成本上升挤压，行业利润同比有所下降。,1
日本灾后房屋重建需求上升，但价格仍较低迷。,1
生产和投资价格指数继续攀升。,0
发展改革委、商务部、人民银行、外汇局四部委进一步规范市场秩序，按有关规定对一些企业对外投资项目进行核实，促进我国对外投资持续健康发展。,0
欧债危机恶化导致欧洲经济形势更趋低迷。,1
进一步督促金融机构健全内控制度，增强自主合理定价能力和风险管理水平，从提高金融市场深度入手继续培育市场基准利率和完善国债收益率曲线，不断健全市场化的利率形成机制。,0
GDP缩减指数明显上升。,1
规范和引导民间金融健康发展。,0
比较季节调整后的CPI和原始CPI数据，可以发现，未经季节调整的CPI月环比上下波动较大，难以把握其趋势，而季节调整后的CPI月环比趋势周期项变动平缓，从走势上看，目前处于缓慢下行的阶段。,1
加强跨境资金流动的监测和管理，有效抑制异常外汇资金流入。,1
推动北京证券交易所高质量发展。,0
随着经济社会发展，我国愈来愈重视改善普通劳动者社会保障和福利水平，着力为普通劳动者创造更好的生存环境和发展机遇。,0
大宗商品价格整体止跌回升。,0
采取综合措施维护金融稳定，守住不发生系统性区域性金融风险的底线。,1
预计随着经济进一步恢复发展、 内生增长动力不断增强，2022年我国宏观杠杆率将继续保持基本稳定。,0
扣除食品和能源的 CPI 上涨0.9%。,0
欧元区经济增长放缓，不确定性加大。,1
近年来，在经济运行总体平稳、结构调整与转型升级不断深化的大背景下，中国装备制造业呈现出积极的发展态势，已经形成了门类齐全、具有相当规模和技术水平的产业体系。,0
平衡好金融支持与风险防范。,1
房价上涨城市数量增多，涨幅扩大。,0
主要发展中国家继续保持强劲增长势头。,0
进口价格同比继续上涨。,0
中国是一个正在由计划经济向市场经济转轨的大国，各个地区的金融生态环境差异较大，在若干年前地区风险差异很大的时候，最差地区和最好地区的不良资产比率能相差10倍。,1
生猪产能持续恢复。,0
积极推动债券市场产品创新，完善制度建设，进一步完善金融债券发行管理机制，优化债券及衍生品交易机制。,0
上半年，全国城镇单位就业人员累计劳动报酬同比增长14.6%，比一季度减缓1.8个百分点；平均劳动报酬同比增长13.2%，比一季度减缓1.7个百分点。,1
下一步，要继续改善企业融资环境，改进对实体经济的金融服务。,0
深化对外货币金融合作。,0
虽然1997年亚洲爆发金融危机的原因较为复杂，但有学者认为，大规模的日元套利交易快速平仓可能也是原因之一。,1
发展外向型经济与扩大内需战略有效协调的关键是促进国际收支趋向平衡，这是当前经济战略转型和政策选择的着力点，也是改善当前宏观调控的有效途径。,0
加大制造业中长期贷款投放力度，助力制造业高质量发展。,0
五是加强绿色金融国际合作。,0
原材料工业生产恢复较快。,0
商品房销售面积和销售额同比下降，但降幅较1-2月份收窄。,1
生产成本提高，企业效益明显下降。,0
2024年以来，受美国经济软着陆预期和人工智能热度高涨等因素推动，全球股市总体上涨。,0
国内经济结构调整压力加大，资源环境约束强化，改善民生任务艰巨，需要进一步增强经济发展的协调性、可持续性和内生动力。,0
当前各地加快发展热情依然较高，城镇化和消费结构升级发挥着持续拉动经济增长的作用，这些都有利于经济实现平稳较快增长。,0
从价格走势上看，未来我国价格走势虽然存在很多不确定因素， 但上行风险大于下行风险。,1
深化对外货币金融合作。,0
如纺织业是我国的传统出口部门，由于是劳动密集型产业，出口附加值偏低，利润率也较低，对汇改的承受力相对较弱，但汇改以来，纺织企业在多重压力下，采取多种方式和方法应对人民币升值压力，取得一定成效。,1
国际大宗商品价格低位震荡，部分经济体通缩风险依然存在。,1
国债收益率整体下行，期限利差小幅走扩。,1
近期欧洲银行业联盟有新的进展，欧元区和欧盟吸纳新成员，欧洲形势出现阶段性缓和，市场信心有所恢复， 但危机对实体经济的影响仍在显现。,0
推动经济结构调整和转型升级、深化改革开放和防范金融风险方面的作用。,0
市场供求的基础性作用进一步发挥，人民币汇率总体走升。,0
欧元区经济持续复苏。,0
此外，还通过减税降费、加大重点领域支出、 增强重大项目建设保障支持力度等措施，为经济社会全面恢复发展提供内生动力。,0
进一步改进房地产金融服务，维护房地产业健康发展。,0
明确对导致金融风险发生、蔓延的违法违规行为予以问责，依法追究法律责任。,1
房地产投资增幅回落。,1
针对金融深化和创新发展，进一步完善调控模式， 强化价格型调节和传导机制，疏通货币政策向实体经济的传导渠道， 完善宏观审慎政策框架，着力解决经济金融运行中的突出问题，提高金融运行效率和服务实体经济的能力。,0
（三）防止重复建设，防范金融风险对商业银行进行适当的窗口指导，督促商业银行注意防范货币信贷较快增长时潜在的金融风险，加强贷款风险预警和监测，进一步优化贷款结构，防止重复建设，防范出现新的贷款风险，加快国有商业银行改革。,1
生产价格降幅有所扩大。,1
雪灾破坏运输和农业生产，引起供给不足，春节期间集中消费放大了需求，肉禽蛋、油脂和鲜菜等食品类价格上涨较快。,1
中国经济正处在新旧动能转换接续、结构调整和转型升级的关键时期，调整和改革仍是贯穿其中的主线。,0
考虑到未来不确定性的增加及偏离预测值的上下分布不对称的影响，预测概率分布如下图所示。,1
对此要增强机遇意识和风险意识，将改革和调控、短期和长期、内部均衡和外部均衡结合起来， 集中精力办好自己的事，努力实现高质量发展。,0
及时开展常备借贷便利操作。,0
化，存在大量非经济信息，一般渠道很难获得，银行信贷投放相对谨慎。,1
2018年，美国决定对金融机构实施分类监管，硅谷银行在破产前属于“第四类”机构， 适用较为宽松的审慎监管标准，由于过渡期安排和两年一次的压力测试要求，硅谷银行直到破产前都未开展压力测试。,1
二是既有建筑与新建建筑规模大，建筑本身排放压力较大。,1
受政府财政紧缩等因素影响，英国住房市场趋冷，12月 Halifax 房价指数环比下跌1.3%，该指数第四季度同比下跌1.6%。,1
开展互联网保险风险整治工作，进一步规范互联网平台保证保险业务。,1
加快外汇市场发展，进一步理顺外汇供求关系。,0
进一步完善信贷管理制度，改进信贷政策实施方式，提高信贷政策实施效果。,0
2018年以来，普惠小微贷款、制造业中长期贷款、 绿色贷款等增速持续高于全部贷款增速。,0
2018年，货币市场、债券市场整体运行平稳，股市波动相对较大。,1
生产资料价格总指数继续小幅90上涨，一季度累计上涨3.5%。,0
贷款利率定价权的不断扩大为金融机构进行合理的贷款定价创造了条件。,0
上半年总体下行，受季节性等因素影响， 6、7月份市场利率有所波动，12月份有所上升，但仍低于上年同期水平。,1
经济体工业化早期，市场的快速扩张鼓励大规模生产以及对基础设施的大规模投资，表现为资本积累的贡献较大。,0
进一步推动信贷资产证券化市场健康持续发展。,0
韩国银行行长李成泰（Lee Seongtae）在2006济稳定的其他因素就可能被忽视。,1
一方面，为应对汇率贬值、资本外流和通胀压力等问题，多个经济体逐步收紧货币政策。,1
（二）债券发行利率下行，发行量增加债券发行利率总体下行。,1
持续推动《关于进一步做好交通物流领域金融支持与服务的通知》落地见效，鼓励银行聚焦交通强国建设目标和经营主体需求，加大信贷支持力度。,0
同比增速为可比口径数据，为年增速。,0
一是加强商业银行存贷期限错配预警监测分析，合理控制中长期贷款，扩大流动资金贷款。,1
在国内政治压力下，日本货币与财政政策面临较大的不确定性。,1
近几年来，单位GDP增长带动的新增城镇就业呈现持续上升势头。,0
三是加快推动大额存单发展。,0
二是行业效率进一步提升。,0
商品房销售持续回暖。,0
近年来，随着国内外有色金属需求的大幅增长，有色金属市场价格涨势迅猛，由此也拉动了我国有色金属工业的生产、投资和进出口快速增长，行业经济效益创历史新高。,0
货币信贷适度增长，信贷结构进一步改善。,0
该办法是我国保险业第一部专门规范商业健康保险业务的部门规章，对促进健康保险专业化发展、推动产品创新、规范市场行为、保护被保险人权益和改善外部环境，具有十分重要的意义。,0
房地产开发投资增速持续回落。,0
1-9月， 票据市场利率总体平稳，呈先升后降趋势。,1
完善银行补充资本的市场环境和配套政策，健全可持续的资本补充体制机制。,0
当前， 主要经济体增长前景减弱，可能拖累全球经济增长。,1
二是鼓励和引导金融机构通过机制、体制和工具创新，进一步加大对“三农”的有效信贷投入，提高对农民工的金融服务水平。,0
（一）农业和农村经济保持平稳发展，农业结构进一步优化近年来，我国连续出台了一系列有利于农业发展的政策措施，农业经济平稳发展，农业生产结构得到进一步调整。,0
暂停实施熔断机制。,1
外汇市场进一步发展。,0
产权改革进展顺利， 法人治理架构初步建立。,0
在外需和国内房地产等重要行业需求下滑的情况下，企业的存货调整一定程度上加剧了近期国内工业生产、能源消耗以及进口贸易的下行。,1
四是贸易保护主义、地缘政治风险等。,1
与此同时，债务风险上升。,1
价格水平继续回落，但步伐放缓，第二季度各月 CPI 同比分别下降1.2%、0.9%和0.7%。,1
三是核心技术不断突破。,0
（四）全球经济展望及面临的主要风险未来几个季度，全球经济活动将稳定在较低水平上。,1
房地产开发投资增速小幅上升。,0
当今国际环境更趋复杂，国际金融市场波动明显，投资者对预期变动比较敏感，一些消息面的冲击容易引发市场大幅震荡。,1
日本经济依然疲弱，处于通缩状态。,1
小微企业融资是一项系统性工程，融资环境的改善有赖于其自身能力的提升、社会信用体系建设的深化和营商环境的持续改善。,0
二是促进结构优化，支持经济结构调整和转型升级。,0
（五）保险业总资产增速稳步回升保费收入增长好于预期。,0
突出金融支持重点领域和薄弱环节。,1
从历史上看，通常 PPI 的波动时间先于 CPI，波动幅度强于 CPI。,1
优化企业汇率避险服务，对全国性银行汇率风险管理工作开展专项评估。,1
"其他欧元区国家复苏乏力,三季度法国、意大利 GDP 环比增幅均为0.3%，远低于二季度，希腊、爱尔兰和西班牙等主权债务波及国家的经济则陷入负增长或零增长。",1
当然， 市场主体应不断增强流动性风险意识，科学规划流动性特别是前瞻安排跨季资金来源，“滚隔夜”弥补中长期流动性缺口的过度错配行为和以短搏长过度加杠杆的激进交易策略并不可取。,1
我国电子信息产业未来可持续发展仍面临诸多挑战。,0
房地产开发投资增速缓慢回落。,1
改善收入分配结构，提高居民部门收入占比，进一步提高社会保障水平。,0
第三，部分信贷资金流入股市。,0
货币市场流动性充足，交易活跃，短期债券收益率止跌回升，中长期债券收益率稳中趋降。,0
受益于美国经济强劲增长，拉美新兴市场经济体工业生产和进出口贸易也在快速恢复增长之中。,0
对民间借贷区别对待、分类管理，弱化行政手段，强化法律和市场约束，建立跟踪监测体系，为经济决策及宏观调控提供更为全面信息。,1
对此要深刻认识和辩证看待，增强机遇意识和风险意识，将改革和调控、短期和长期、内部均衡和外部均衡结合起来， 集中精力办好自己的事，努力实现高质量发展。,0
特别是随着电子商务的发展，市场的开放竞争促使快递业务快速增长， 呈现出较强活力，助推了消费结构升级。,0
信贷增长的质量仍需进一步提高。,0
改进 QFII 额度分配机制，进一步规范 QFII 投资资金流出管理。,0
推动人民币对其他货币直接交易市场发展，更好地为跨境贸易人民币结算业务发展服务。,0
当然，非常规货币政策操作也有成本，包括可能从某种程度上损害欧央行的信誉、政策退出的影响等。,1
9月末，金融机构超额准备金率为1.8%，银行体系流动性合理充裕。,0
上述观点夸大了各自领域的风险，而且也都不是好的做法。,1
规范民间融资，加大非法集资打击力度。,1
人民币兑欧元、日元等其他国际主要货币汇率多数贬值。,1
加强金融政策与科技产业政策协同，强化信贷风险管理和资金用途监控。,1
另一方面，要处理好促进经济增长和抑制通货膨胀的关系。,1
保险公司资产结构进一步多元化。,0
在此过程中，各地区将充分发挥自身优势和特色，深化区域合作，推动中国经济实现协调可持续发展。,0
四是欧元区经济呈现部分复苏迹象，消费者和企业信心总体有所提高。,0
持续稳慎推进人民币国际化，进一步扩大人民币在跨境贸易和投资中的使用，深化对外货币合作，支持离岸人民币市场健康有序发展。,0
全球通货膨胀压力加大。,1
欧元区和日本经济稳步增长。,0
境内外币贷款、大额存款（300万美元以上）利率水平小幅波动。,1
三是短期冲击因素， 如突发事件、气候、地缘政治等也会通过影响预期导致大宗商品价格的短期波动加剧。,1
研究绿色资产和棕色资产差异化设置风险权重的可行性。,1
此外， 部分产能过剩行业仍在以较快的速度增加产能，也会加大物价尤其是工业品价格下行压力。,1
地震巨灾保险制度正式实施。,1
推动人民币对其他货币直接交易市场发展，更好地为跨境贸易人民币结算业务发展服务。,0
国际金融市场将继续动荡。,1
相反，如果疫情控制不力，力度再大的宏观政策也无法从根本上抵消经济面临的冲击。,1
与其他投资一样，投资者购买银行理财产品是要承担一定投资风险的，而且不同理财产品具有不同的风险收益特征。,1
2018年第一季度，中国经济取得良好开局，经济结构持续改善。,0
一方面，推高通胀与压低市场利率可能存在矛盾。,1
对投资产品的风险和收益还需综合权衡。,1
工业生产者出厂价格降幅与上年持平。,1
三是重启或加码资产购买计划。,0
二是农业技术和市场化程度相对落后。,1
新冠肺炎疫情对我国经济社会发展带来冲击，对银行信贷资产质量造成一定下迁压力，由于不良贷款的反映有一定时滞，预计在今后一段时期不良贷款会陆续呈现和上升。,1
外汇市场交易主体进一步扩展。,0
落实金融监管协调部际联席会议制度，健全系统性金融风险的防范预警和评估体系。,1
（四）股票市场指数上涨，成交量和筹资额同比增加股票市场指数上涨。,0
《证券公司风险控制指标管理办法》及配套规则完成修订并发布。,1
我国产业结构调整的力度进一步加大，拉动国民经济增长的各主要行业保持了较快的增长。,0
前三季度，全国服务业生产指数同比下降2.6%，降幅比上半年收窄3.5个百分点。,1
总体上，盘活存量贷款、优化新增贷款投向对支撑经济增长同等重要。,0
进出口较快增长，贸易顺差收窄，外贸结构优化。,1
进出口好于预期，贸易结构继续改善。,0
三是企业债券融资少于上年，股票融资继续处于较低水平。,1
此外，光大银行改革取得实质性成果。,0
房地产开发投资增速保持平稳。,0
上世纪80年代，日本经济结构向高附加值转型，TFP 保持较高增速，同期资本也快速形成，对经济增长的拉动从2%左右提升至超过4%。,0
完善系统重要性金融机构监管框架。,0
（一）主要经济体经济和金融市场概况经济增长动能依然承压。,1
推进普惠保险高质量发展。,0
2.高耗能行业高耗能行业一般是指钢铁、有色、建材、电力、石油加工及炼焦、 化工等六大行业。,1
中国汽车行业不断发展壮大，逐渐形成了种类齐全、配套完整的产业体系。,0
三是通胀预期触底回升，综合物价指数 （HICP）降幅也逐步收窄。,1
积极支持中小企业发展。,0
过去几年， 中国克服疫情等影响，出口规模持续保持稳步增长。,0
支持中小企业运用资本市场发展壮大。,0
二是高技术产业投资增长加快。,0
我国高耗能行业经济总量大、产品关联度广，在国民经济中占有重要地位。,1
物价有望温和回升。,0
农业生产形势良好，工业生产增速企稳回升，投资、消费稳定增长，消费价格涨幅和就业基本平稳。,0
企业通过与外商主动谈判，建立双方分摊风险机制。,1
进一步加强对证券期货业的监管。,0
内地与香港金融市场互联互通持续深化。,0
培育市场基准利率体系， 完善利率形成机制，提高中央银行对市场利率引导的能力。,0
虽然“财政悬崖”在最后时刻得以暂时避免，但美国财政不可持续的状况依然没有得到根本解决。,0
日本经济复苏步伐加快，但中长期前景仍待观察。,0
土地交易价格快速上涨，第三季度为15%，比第一、二季度分别提高5.2和1.5个百分点。,0
估计这些负面因素对已经明显放缓的全球贸易和投资将产生更大的影响。,1
发展养老金融是促进中国特色金融和养老事业高质量发展良性循环的关键着力点。,0
2019年8月，中国人民银行会同中国银保监会发布《关于支持商业银行发行创新创业金融债券的意见》，鼓励商业银行发行双创金融债券增加双创领域信贷投放，有助于发挥各类创新主体的创造潜能，支持经济结构调整和产业升级。,0
建设现代中央银行制度要求健全现代货币政策框架，支持经济高质量发展，加快构建新发展格局。,0
欧债危机进入相对平静期，但欧元区整体仍面临诸多长期性、结构性问题。,1
碳排放收益债券按固定利率加浮动利率的方式进行定价。,1
一方面，严格执行淘汰落后产能认定标准，依法依规实施淘汰，较大幅度压缩煤炭产能，适度减少煤矿数量，优化市场供需结构。,1
将存款准备金交存基数进行平均计算， 可以有效平滑金融机构存款波动。,1
（四）股票市场指数下行，成交量同比增加，筹资额减少股票市场指数下行。,1
工业增速明显加快，企业经营景气持续上升。,0
二是票据市场竞争激烈，利率水平逐步走低。,1
主要新兴经济体的生产、贸易规模已接近或超过危机前水平，但受国内紧缩政策、国际金融动荡和发达经济体复苏放缓等事件交替影响，跨境资本流动无序波动的风险上升，政策制定难度加大。,1
保险业市场乱象整治“回头看”。,1
保险总资产增长减缓。,1
美国经济继续温和复苏，二季度以来部分经济指标转好。,0
高层次的运输供给能力不足， 道路运输领域存在低价、同质化竞争以及市场主体多小散弱等问题。,1
通胀水平较上季度略有回升，但可持续性仍待观察。,0
部分产能过剩行业贷款增速显著放缓。,1
要稳定大局，推动高质量发展，提高全要素生产率，更加积极主动地推进改革开放。,0
住房需求依然旺盛。,0
主要新兴市场和发展中国家（地区）的经济继续保持强劲增长势头。,0
实体经济压力与金融体系脆弱性相互叠加，发达经济体银行不良贷款率开始上行。,1
坚持市场化、法治化处置风险， 一些突出金融风险得到稳妥处置。,1
欧洲中央银行行长特里谢（Claude Trichet） 除金融体系所有风险的陷阱，这样做要么会因为道德风险而不成功，要么会妨碍市场发挥正常功能，而市场经济的本质就是要承担风险。,1
贷款投放增长较快，与经济回暖后项目贷款需求大幅增加有关， 也与房地产市场升温带动房地产贷款尤其是个人住房贷款持续快速增长有关。,0
GDP 平减指数同比上涨。,0
第三季度后，由于危机扩散导致流动性紧缩和经济衰退风险显著上升，通货膨胀压力明显放缓，欧洲中央银行三次下调基准利率累计175个基点，主要再融资利率由4.25%降至2.50%。,1
提高证券期货业统计数据质量。,0
完善境外人民币清算安排。,0
对“三农”的信贷支持进一步增强。,0
同时，根据客户需要灵活采用了多种贷款再定价频度，金融服务意识进一步增强。,0
从食品和非食品分类看，食品价格大幅上涨是推动 CPI 上涨的主要原因，上半年食品价格上涨20.4%，拉动 CPI 上涨6.7个百分点；非食品价格上涨1.7%，拉动 CPI 上涨1.2个百分点。,0
（五）就业基本稳定城镇新增就业持续增长，居民就业感受指数持续回升。,0
一是不利于优化资源配置、转变经济增长方式和建设资源节约型社会。,1
改进进出口收付汇核销管理，提高企业经常项目外汇账户保留外汇比例，进一步放宽企业和个人服务贸易用汇限制。,0
贸易顺差仍将维持较高水平。,0
完善金融控股公司监管制度。,0
从上世纪70年代两次石油危机导致的高通胀经验看，通胀自高位回落是一个缓慢过程， 时间均在1年以上，且很可能出现波折和反复。,1
进一步完善债券市场法制，强化信息披露要求和对中介机构监管。,0
"在利率市场化进程稳步推进，利率波动风险逐渐加大的宏观环境下，投资者积极运用利率衍生产品来管理和规避利率波动风险,债券远期、人民币利率互换交易快速发展。",1
由于上半年欧元区通货膨胀率逐步回落，下半年欧央行升息压力会有所减弱。,1
2015年以来，全球经济形势更趋复杂多变，主要经济体增长态势和货币政策进一步分化，国际金融市场和大宗商品价格波动加剧， 地缘政治等非经济扰动因素增多。,1
房地产开发投资增速提高。,0
五是继续推动金融市场健康发展，深化金融企业改革。,0
从下行风险看，主要是部分行业生产资料与消费品的产能过剩会抑制相关产品价格上升， 粮食有望继续增产，粮价有一定的下降压力，可能会成为影响CPI下行的因素。,1
票据融资活跃有利于拓宽企业融资渠道，支持中小企业发展。,0
四是高杠杆和沉重债务负担可能使消费和投资增长承压。,1
若仅靠量化宽松货币政策和日元贬值等措施，而缺乏有效的结构性改革，则可能产生负面溢出效应，并加剧全球大规模资本流动的风险。,1
需要宏观政策继续把握好力度和节奏，同时加强系统性、 区域性风险防范。,1
投资者应结合自身风险承受能力选择投资产品。,1
镍价巨幅波动使得伦敦金属交易所一度停止期货交易并修改交易规则。,1
特大地震海啸及核泄漏事故发生以来，避灾需求带动东京及周边地区的住宅价格上涨，预计在灾后重建完成前供需缺口可能还将继续推升房价。,1
搭建风险综合评估体系，通过多维度评价确定保险公司综合风险等级；提高风险识别和预警能力，实现风险关口前移；将风险划分为1-5级和 S 级，并科学评估风险等级；根据监管评级结果实施分级分类管理，将评级结果与现场检查、早期纠正相衔接。,1
开展跨境调钞业务试点，进一步便利本外币兑换业务。,0
欧元区经济增长缓慢减速，但增幅会高于美国，欧元应稳中有升。,1
全球经济延续低增长态势。,1
劳动力市场基本稳定，2月以来失业率降至5.5%，处于近7年来最低水平，但劳动参与率仍位于历史低位，3月新增非农就业人数受天气等因素影响出现明显回落，长期就业状况仍有待继续观察。,1
同时，HICP 水平重回正增长，PPI 降幅有所收窄。,1
四是保险市场对外开放进一步扩大。,0
引导金融机构合理把握信贷投放节奏，优化信贷结构，防范信贷风险。,1
中国发展仍处于并将长期处于重要战略机遇期。,0
制造业加快向中高端迈进。,0
受此影响，金融市场出现企稳迹象。,0
全力做好存量风险化解工作，坚决遏制各类风险反弹回潮。,1
企业转型升级动力增强，出口商品结构持续优化。,0
煤炭行业转变发展方式成效显著。,0
引发本轮油价下跌的原因既有需求因素，也有供给因素。,1
二是盘活存量、优化增量，支持经济结构调整和转型升级。,0
由于部分未股改公司存在严重亏损、股权冻结、大股东占款以及非流通股股东持股比例较低等原因，难以有效推进股权分置改革。,1
GDP 缩减指数继续回落。,1
货币政策主要是熨平经济运行中出现的总需求波动，避免经济大起大落对生产要素和社会财富的破坏。,1
农业产业大而不强、产品多而不优，农产品结构性短缺和过剩并存、高库存高进口同在，农业发展质量效益和竞争力亟待提高。,1
推动贸易便利化试点扩容提质。,0
之后，美国次贷市场违约率不断提高，大量房贷机构特别是与美国次贷市场相关的基金陷入困境或破产，并由此引发了国际金融市场剧烈动荡。,1
（四）财政收支状况良好财政收入持续快速增长，稳定性增强。,0
第二，10年积聚起来的巨大资产泡沫的破灭是导致经济下滑的主要原因。,1
货币乘数比6月末有所提高，货币扩张能力基本保持稳定。,0
施工和新开工项目增长放缓。,1
第二季度，受外部需求下降、经济周期性下行等多重因素影响，多数金砖国家经济增长进一步放缓，贸易状况恶化。,1
第一，制定和完善相关法律和法规，引导民间借贷规范化、阳光化运作。,0
中国人民银行还就长期国债收益率与市场加强沟通，防范长期国债收益率单边下行潜藏的系统性风险。,1
加快多层次债券市场发展，持续推进柜台债券业务扩容和规范发展。,0
为抑制贬值加速，各央行加强干预，外汇储备的增速明显放缓。,1
一是大力发展智慧零售。,0
目前，农村信用社改革试点已经取得了重要进展和阶段性成果，正处于巩固和扩大改革成果、进一步完善法人治理结构、全面加强内部管理和健全运行机制的关键时期。,0
短期融资券市场正在快速健康发展。,0
服务业持续恢复，现代服务业增势较好。,0
受油价下跌等影响，美国面临较大的通胀下行压力。,1
（一）主要经济体经济形势主要发达经济体增长有所放缓，经济运行出现分化。,1
保供稳价政策效果持续显现，煤炭、钢材等行业价格涨幅较前期有所降低。,0
一是各地新开工项目持续增加、新开工项目计划总投资增速逐步提高、“十一五”重大项目建设启动，导致贷款需求持续上升。,0
进出口逐步恢复，贸易赤字攀升。,0
受贸易摩擦、美联储加息及经济周期可能见顶的担忧影响，近期发达经济体股市普遍走跌。,1
继续推进债券二级市场发展，优化交易、清算、结算相关安排，进一步提升债券市场流动性，并推动完善会计、审计、 税收等方面的配套政策，为投资者创造更加友好、便利的投资环境。,0
银保监会于5月发布《关于组织开展人身保险产品专项核查清理工作的通知》，要求通过自查整改、监管核查、监管处理三个阶段开展核查清理工作，并明确对违规开发产品、挑战监管底线，偏离保险本源、产品设计异化，罔顾公平合理、损害消费者利益，以营销为噱头、开发“奇葩”产品等四类行为的核查清理重点。,1
今年上半年，农业和农村经济保持平稳发展，农业结构进一步优化。,0
由于美国的经济总量、货币地位、投资主体等与其他国家都不同，与传统的日元套利交易相比，美元套利交易的影响更加广泛。,1
展望未来，全球经济可能面临以下风险： 一是短期内全球经济增长动能偏弱，政策应对空间有限。,1
但整体仍面临诸多长期性、结构性问题，如防火墙建设、银行部门风险控制、银行业去杠杆、财政联盟建设、欧元区内部结构性失衡及高失业等。,1
健全现代货币政策框架，提高货币政策透明度。,0
（三）保险市场制度建设推动绿色保险高质量发展。,0
在经济持续复苏、上市公司利润改善等提振下，发达经济体股市小幅上涨。,0
出口商品结构持续升级，新能源汽车、集成电路、机床、挖掘机、医疗器械、工业机器人等高技术、高质量、高附加值产品出口快速增长。,0
上半年居民消费价格水平累计同比上涨2.3%，其中一季度上涨2.8%，二季度上涨1.7%。,0
银行间市场国债收益率曲线整体下移。,1
（一）主要经济体经济发展美国经济保持了较为强劲的增长势头。,0
金融风险总体趋向收敛，牢牢守住了不发生系统性金融风险的底线。,1
密切关注重点领域风险，继续按照“稳定大局、统筹协调、分类施策、精准拆弹”的方针，压降存量风险、严控增量风险，加强金融、地方债务风险防控。,1
灵活开展公开市场操作。,0
其中，美国经济增速下调至1.9%；欧元区经济将萎缩0.3%；日本经济增速上调至1.6%； 新兴市场和发展中经济体增速下调至5.25%。,0
人民币对欧元、日元等其他国际主要货币汇率双向波动。,1
可见，由于传统加工性行业生产能力过剩，大企业也存在贷款难的情况。,1
全国房屋新开工面积8亿平方米，同比下降16.4%，降幅比第一季度收窄8.8个百分点。,1
（三）主要经济体货币政策美联储加息时点未定，欧洲中央银行等加大宽松政策力度。,1
股票市场出现较大幅度震荡。,1
从人民币贷款期限分布看，中长期贷款增长较快，短期贷款增长放缓。,1
商品房销售持续改善。,0
需要注意的是，当前中国经济也面临不少困难和挑战。,1
（三）加强保险业监管制度建设一是加强保险业风险防控。,1
金融机构超额准备金率为1.4%。,0
境内外币存贷款利率大幅下降。,0
疫情冲击下， 各国实体经济遭遇困难，企业部门、金融机构的信用风险和市场风险不断累积，如果有的国家反应迟钝、应对不当，可能导致金融风险与实体经济风险叠加共振。,1
全球主要股指波动较大。,1
二是进一步加大金融创新步伐， 鼓励金融机构发展并创新中小企业贸易融资手段和信贷产品，进一步提高中小企业贷款覆盖率。,0
加强对外汇资金流入的检查和非法外汇交易的打击力度。,1
二是支农资金实力明显增强，支农信贷投放快速增长。,0
2、生产价格(PPI)7高位回落。,1
在国家节能汽车补贴政策和优惠措施等的引导下，汽车消费向经济型、节能型方向转变，微型车、紧凑型车辆市场占有率大幅提高， 节能环保型小排量汽车市场占有率节节攀升。,0
从国内经济看，供求的结构性矛盾依然突出，一些传统产业、过剩产能向下调整的惯性仍然较大，低效企业占用大量资源的同时，一些新领域增长潜力释放不足， 影响了经济活力，经济下行压力仍然存在，债务水平还在上升。,1
坚持市场化、法治化原则，完善债券违约风险防范和处置机制。,1
国债发行利率上升，公司信用类债券发行利率回落。,1
收益率曲线整体下移并略有陡峭化趋势。,1
消费较快增长，投资增速加快，国内需求稳步提高；农业形势总体稳定，工业生产逐步企稳；社会信心提振，市场预期改善。,0
加强对企业债务风险、银行资产质量和流动性变化情况、股票市场异常波动、保险资金运用、资产管理业务、互联网金融等领域的风险监测分析。,1
工业生产快速增长，经济效益逐步改善。,0
另一方面，面对金融市场波动和资本外流压力，巴西央行新任行长戈德法恩再将汇率政策作为控制通胀的工具之一。,1
非食品价格涨幅总体回升，前三季度累计同比上涨1.1%。,0
当前各地发展热情较高， 投资动力较强，消费升级和城镇化都在发展过程中，经济持续增长的动能较为充足。,0
房屋销售价格涨幅总体平稳，但部分中心城市涨幅较快。,0
2010年第三季度，货币信贷增速有所反弹，银行体系流动性总体充裕，人民币汇率弹性增强，金融运行平稳。,0
引导市场利率围绕央行政策利率合理波动。,1
信贷结构进一步优化，普惠小微贷款快速增长。,0
进一步推动信贷资产证券化市场健康发展。,0
展望未来，新冠肺炎疫情持续脉冲式扰动的可能性仍存，全球经济形势依然复杂严峻，供应瓶颈、能源短缺等可能导致海外生产消费受阻、通胀持续更长时间。,1
持续提升小微企业金融服务水平。,0
二是警惕因部分地区、部分行业盲目投资、不合理重复建设可能加剧经济结构的失衡。,1
2015年，在国际大宗商品价格下跌、国内经济下行压力较大、 结构调整和转型升级加快的背景下，钢铁行业总体仍处于转型阵痛期，产业过剩问题依然突出，产品价格继续下跌，行业亏损面有所扩大。,1
我国经济发展动力不断增强，经济运行中的积极因素增多。,0
上半年，对若干家资本充足率较低、信贷增长过快、顺周期风险隐患增大的金融机构实施差别准备金要求。,1
推动整体市场利率和贷款利率下行，支持合理的贷款需求增长。,1
一方面， 部分经济体收紧货币政策以应对通胀、资本外流和货币贬值的压力。,1
9月，受欧元区经济数据疲弱及欧债危机加剧影响，欧元兑主要货币大幅下滑。,1
但目前我国IT产业基础较为薄弱。,1
工业生产者出厂价格降幅加深。,1
部分经济体迫于通胀和货币贬值压力而加息。,1
对合意贷款和定向降准之间的关系也要合理看待。,0
积极开展存款保险宣传和业务培训。,0
在国际金融动荡加剧的形势下，中国人民银行分别于9月和10月两次下调金融机构人民币存款准备金率，合计1.5个百分点。,1
三是引导金融机构加大对疫情防控的信贷投放力度。,1
营商环境持续改善，境外投资者投资人民币资产的便利性进一步提高。,0
年初， 国际金融市场出现震荡，部分国家股市波动较大，风险溢价上升，市场信心整体较为脆弱。,1
四是加强异常资金流动的部门协调和联合监管，开展外汇专项检查和调查，打击跨境资金违规流动。,1
其余部分主要用于向股东分红等。,0
大国博弈使中东地区地缘政治更趋复杂，土耳其军事政变进一步加剧了中东地区的紧张局势。,1
工业生产持续增长，工业结构持续优化。,0
引导市场利率适度下行。,1
此外，地缘政治冲突多点爆发，风险因素和不确定性加速累积， 对经济金融的影响加大。,1
稳妥有序开展金融控股公司准入管理和持续监管。,0
虽然8月标准普尔和穆迪分别下调了美国和日本的主权信用评级，但美国和日本的国债收益率不升反降，德国国债收益率也呈现震荡走低趋势。,1
一、将“普惠小微企业贷款延期支持工具”转换为“普惠小微贷款支持工具”。,1
进一步完善“无还本续贷”，减轻制造业企业“过桥”融资负担。,0
三是交易基础支撑不断拓展。,0
一是生产和销售快速增长。,0
贷款加权平均利率创有统计以来新低。,1
完善系统重要性金融机构监管框架。,0
美欧通胀见顶回落，但仍处高位。,1
继续进行必要的“窗口指导”，督促金融机构防范信贷风险。,1
全球经济的债务负担有所上升。,1
（七）黄金价格冲高回落上海黄金交易所黄金价格冲高回落，小幅收跌。,1
收入分配结构持续改善，农村居民人均可支配收入名义增速和实际增速均快于城镇居民2.1个百分点。,0
如果没有民营企业的发展，就没有整个经济的稳定发展。,0
灵活开展公开市场操作，保持流动性合理充裕。,0
近年来，钢铁工业发展速度较快，节能减排成效显著，有效地支撑了国民经济平稳较快发展。,0
近年来，人民银行按照党中央、国务院部署，完善货币供应调控机制，健全市场化利率形成和传导机制，创新和丰富货币政策工具体系，完善人民币汇率形成机制， 推动健全现代货币政策框架取得明显成效。,0
三是资源价格扭曲会带来国际收支失衡和汇率上升的压力。,1
农村信用社改革取得重要进展和阶段性成果。,0
主要储备货币对美元汇率宽幅震荡，大部分新兴市场经济体货币对美元汇率贬值。,1
欧元区经济微弱复苏，通缩风险上升。,1
保险业总资产增长继续减缓。,1
密切关注重点领域风险，继续按照“稳定大局、 统筹协调、分类施策、精准拆弹”的方针，抓好防范化解金融风险工作，压降存量风险、严控增量风险。,1
"上半年，消费品价格上涨3.6%，拉动 CPI 上涨2.8个百分点;服务价格上涨0.4%,拉动 CPI上涨0.4个百分点。",0
伦敦同业拆借市场美元 Libor 继续走低。,1
国债收益率整体下行，期限利差小幅扩大。,1
在通货膨胀压力减缓和出口增长困难的情况下，欧元区有可能进一步放松货币政策。,1
外汇市场交易主体进一步扩展。,0
通胀回落速度可能不及预期。,1
稳慎扎实推进人民币国际化，进一步扩大人民币在跨境贸易和投资中的使用，深化对外货币合作，发展离岸人民币市场。,0
硅谷银行倒闭，瑞士信贷被收购，美欧银行业压力骤升。,1
高投入、高消耗、高污染、低效益的粗放式经营和经济增长过分依赖投资、出口的拉动，是长期困扰我国经济发展的两大突出问题。,1
当前我国经济发展的亮点增多，企业生产景气度趋于好转，6-7月制造业 PMI 连续两个月回升，市场需求在政策有效支持下也逐步恢复，酒店、机票预订数据显示暑期居民出行意愿保持高涨。,0
持续做好扶贫小额信贷监测，促进金融精准扶贫提质增效。,0
食品价格涨幅由负转正，非食品价格温和上涨。,0
（二）国际金融市场概况主要货币间汇率宽幅震荡。,1
上半年，GDP 为22.7万亿元，实际增长率为7.8%，GDP 缩减指数（按当年价格计算的 GDP 与按固定价格计算的 GDP 的比率）变动率为2.4%，比上年同期回落5.0个百分点，比上季度回落0.5个百分点。,1
劳动力市场依然偏强。,0
四是，随着发达国家贸易保护主义势头的加剧，国际贸易摩擦的压力在不断增大。,1
前三季度， 货币市场利率在波动中保持上行走势；第四季度，受市场通胀预期有所减弱以及存款准备金率下调等因素影响，货币市场利率有所回落。,1
一季度各月 M2增速均在13%以上，超过名义 GDP 增速较多。,0
投资稳步增长，结构调整优化。,0
上半年，由于全球主要经济体经济指标仅在3月中旬受日本大地震影响而短暂大跌。,1
全球股市总体上涨。,0
欧洲房地产市场下滑明显。,1
（四）股票指数在波动中大幅上涨受国民经济企稳回升、主要经济体股市总体上涨和市场流动性充裕等因素影响，股指在波动中大幅上涨，股票市场成交量明显放大。,0
伦敦同业拆借市场美元 Libor 总体走低，欧元区同业拆借利率 Euribor 保持低位波动。,1
一是保持流动性合理充裕。,0
落实好差别化住房信贷政策，支持保障性住房、中小套型普通商品住房建设和居民首套自住普通商品房消费， 坚决抑制投机投资性购房需求。,1
四是做实做细持续监管。,0
鼓励金融机构预先备案担保品，以提高流动性供给的效率。,0
完善系统重要性金融机构监管框架。,0
货币市场流动性充足， 债券发行情况良好，市场交易活跃。,0
和防止短期跨境资本大幅波动的挑战，宏观调控难度加大。,1
加强市场基础性建设，为经济结构调整和转型升级提供高效的投融资市场。,0
（七）黄金市场价格震幅较大，交易规模显著增加黄金价格先涨后跌，波动较大。,1
一是局部地缘政治风险可能加剧。,1
如果价格得不到及时调整，企业的生产水平就会下降，从而降低总供给。,1
证券期货经营机构监管规则进一步健全。,0
四是全球能源和初级产品价格主要以美元定价，美元走势存在不确定性，一旦美元贬值态势逆转将有助于减缓全球初级产品价格上涨。,1
贷款加权平均利率创有统计以来新低。,1
从食品和非食品分类看，食品价格同比上涨12.5%，涨幅比上个季度高1.5个百分点，拉动 CPI 上涨约3.7个百分点，其中，猪肉价格同比上涨44.2%，涨幅比上个季度高25个百分点，拉动 CPI 上涨约1.1个百分点；非食品价格同比上涨2.9%，涨幅比上个季度高0.4个百分点，拉动 CPI 上涨约2.0个百分点。,0
四是已出台政策措施持续显现成效，积极的财政政策加力提效， 稳健的货币政策精准有力，服务实体经济力度加大，为供给侧结构性改革和高质量发展营造了适宜环境。,0
综合来看，受美日经济不景气的影响，我国出口需求将明显回落，汇率稳定将面临日元贬值压力。,1
二是加快商业基础设施智能化升级。,0
推动经济结构调整和转型升级、深化改革开放和防范金融风险方面的作用。,0
全年而言，欧债危机形势缓和使重债国国债收益率震荡下行。,1
5、GDP 缩减指数继续回落。,1
日本经济持续低迷，通胀下行压力依然存在。,1
扣除食品以外的核心 CPI，上行压力主要来自居住和娱乐教育文化用品及服务， 下行压力主要来自衣着、家庭设备用品及维修服务，以及交通和通讯。,1
当前，餐饮业持续健康发展仍面临一些挑战和制约。,0
持续推动跨境贸易投资高水平开放试点落地见效，进一步扩大政策惠及面、强化传导质效，不断完善外汇服务供给。,0
这类业务透明度低，容易规避监管要求， 实质具有类信贷投资属性，部分投向限制性领域。,1
要继续推进供给侧结构性改革，补短板、稳预期，改善营商环境，提振企业家和市场信心，保持经济平稳可持续增长。,0
二是发达经济体债务问题堪忧， 可能在中长期内对复苏形成制约。,1
消费市场中新兴业态、绿色环保消费等增长良好。,0
如果通胀水平持续低于目标值，欧元区长期通胀预期可能下行，容易引发通缩风险，可能抑制欧元区经济增长，并拖累全球经济复苏。,1
推动市场创新，丰富债券市场产品和层次，更好地满足投资者需求。,0
今年以来，稳健的货币政策精准有力，逆周期调节力度加大，推动经济持续恢复、总体回升向好。,0
优化房贷利率政策，降低存量房贷利率，促进房地产市场平稳健康发展。,0
持续推动金融支持巩固拓展脱贫攻坚成果，引导金融机构加大对国家乡村振兴重点帮扶县等脱贫地区的金融资源倾斜，保持脱贫地区、脱贫人口信贷投放力度不减。,0
进一步丰富基金产品。,0
欧洲中央银行面临对付通货膨胀压力和经济衰退的两难选择，降息的空间逐步缩小。,1
进一步规范保险资产管理产品业务发展。,0
月15日下调金融机构存款准备金率0.5个百分点，灵活开展公开市场操作和中期借贷便利操作，深入推进利率、汇率市场化改革，持续发挥结构性货币政策工具的精准导向作用，进一步加大对科技创新、 中小微企业、绿色发展、制造业的政策支持力度，为经济高质量发展营造适宜的货币金融环境。,0
（四）股票市场指数走跌，成交量和融资额减少股票市场指数走跌。,1
加大对有市场发展前景的先进制造业、战略性新兴产业、现代信息技术产业和信息消费、劳动密集型产业、服务业、传统产业改造升级以及绿色环保等领域的资金支持力度。,0
同时，要进一步改进住房金融服务，加强住房金融业务监管。,0
利率互换市场成交稳步增长。,0
3月份市场信心有所回升，A股市场出现上扬的行情。,0
新兴经济体面临跨境资本波动和经济过热风险，西亚和北非政局动荡影响区域及全球经济稳定。,1
人民币对欧元、日元等其他国际主要货币汇率双向波动。,1
金融机构一般贷款加权平均利率小幅下行。,1
比较而言，金融周期主要是指由金融变量扩张与收缩导致的周期性波动。,1
商业银行要高度重视期限错配和货币错配所潜藏的风险。,1
然而，也必须清醒地认识到，当前农村信用社仍存在许多困难和问题，主要表现是：经营管理粗放，约束机制不健全；省级联社行政化管理倾向严重，农村信用社法人治理结构不完善；地方政府落实扶持政策不到位，农村信用社历史包袱化解低于预期。,1
二是消费增长有望保持稳定，在拉动经济增长中发挥更大作用。,0
第三季度，食品价格同比上涨7.4%，涨幅比上个季度提高1.5个百分点；非食品价格同比上涨1.5%，涨幅与上个季度持平。,0
当前全球经济尚处在深刻的再平衡调整期，不同经济板块和宏观政策继续分化，国际金融市场震荡加剧。,1
大部分新兴经济体增长放缓，资本流出风险加大。,1
完善系统重要性金融机构监管框架。,0
2022年资管新规过渡期结束后正式实施，投资者尚未完全适应净值化机制，对理财产品出现亏损风险还没有充分思想准备。,1
美国次贷危机逐步演变为国际金融危机，全球金融市场动荡加剧。,1
国际大宗商品价格总体上行。,0
当前，我国国民经济增长较快， 效益较好，活力较强，结构调整取得积极进展，各项改革有序推进。,0
另外，在次贷危机和新冠疫情期间，美联储与其他一些国家央行也建立了临时性本币互换安排。,1
受价格机制等因素影响，上游行业效益相对提高，下游行业效益相应下滑，特别是炼油行业亏损加剧。,1
指导商业银行运用利率定价手段改进住房金融服务和风险管理，促进房地产市场健康发展。,0
如果货币政策收紧导致利率抬升，居民部门偿债压力加重，消费支出将会受到制约。,1
纺织、轻工行业等劳动密集型行业的出口增势减缓，利润率保持稳定。,1
主要工业国家经济恢复不同步，恢复态势和程度差异较大。,0
统一同类产品的杠杆率，合理控制股票市场、债券市场杠杆水平，抑制资产泡沫。,1
生产价格降幅有所收窄。,1
（四）国际经济展望及面临的主要风险展望2016年，全球经济仍将继续处于深度调整期，可能面临以下主要风险： 生一定外溢效应。,1
资产管理公司转型改制工作进一步推进。,0
美日经济不景气，促使东亚国家和地区经济增长明显下滑，货币贬值。,1
二是股市下调，部分资金从股票市场退出，股市对货币的需求下降。,1
一季度，全球各大股市受美国经济强劲恢复影响一度上行。,0
同时，制造业、房地产和公共部门投资下降，带动投资整体下滑。,1
探索完善信贷政策导向效果评估，更好地盘活现有信贷存量，增加存量信贷资金对小微企业的投入。,0
（四）稳步推动黄金市场和外汇市场创新发展进一步完善黄金市场制度体系，根据市场需求积极推进黄金市场产品创新。,0
规范地方政府举债行为。,1
股票融资大幅扩展。,0
四是汽车行业竞争加剧。,1
要在更高水平上实现可持续发展，纺织行业需尽快转变发展方式，推动行业转型升级。,0
（四）国际经济展望及面临的主要风险全球经济增长前景存在较大不确定性，预计2013年仍将保持低速增长。,1
居民总体受益。,0
主要经济体货币政策的分化及其相互影响，将会激发全球资产配置的调整和风险的重新定价，进而加剧跨境资本流动的波动。,1
五是未贴现银行承兑汇票降幅明显缩小。,1
服务业继续恢复，现代服务业发展良好。,0
同月，发布《关于财产保险业积极开展风险减量服务的意见》， 要求各财产保险公司扩展风险减量服务内容，增加服务供给，做好消费者权益保护。,1
中国人民银行继续探索和发挥信贷政策的信号和结构引导作用， 支持经济结构调整和转型升级。,0
第一季度 GDP 仅增长1.1%，为六年来最低水平；第二季度增长1.2%。,1
（五）大力培育和发展金融市场以金融产品创新为突破口，扩大直接融资渠道，加快金融市场的基础性建设，推进金融市场的整体发展。,0
工业生产持续发展。,0
全球经济前景存在较高不确定性，主要风险包括： 一是当前全球经济最主要的风险仍是欧洲债务危机。,1
推动省级人民政府“一省一策”制定中小金融机构风险处置规划。,1
进一步健全市场利率定价自律机制，提高金融机构自主定价能力。,0
第一季度，人民银行监测的企业商品价格（CGPI）同比上涨8.7%，初级产品价格回升较快，同比上涨17.3%；投资品价格同比上涨9.5%，消费品价格同比上涨1.4%。,0
引导大型银行服务重心下沉，提高效率，更好服务小微企业、民营企业。,0
日本经济陷入衰退。,1
人民币对欧元、日元等其他国际主要货币汇率双向波动。,1
商品房销售面积增速快于竣工面积，商品住宅空置面积持续下降。,0
其中一个重要原因是外汇市场存在一定的顺周期性，市场主体容易受到非理性预期的影响，忽视宏观经济等基本面向好对汇率的支持作用，放大单边市场预期并自我强化，增大市场汇率超调的风险。,1
三是行业内部存在分化，虽然机械工业行业总体稳定向好，汽车等行业增长较快，但也有部分行业面临较大下行压力。,1
坚定不移加强知识产权保护， 创造公平竞争的市场环境，加强国际交流与合作，促进我国工业机器人产业持续健康快速发展。,0
商业汇票承兑相对其承担的风险，手续费率偏低，难以达到经济资本核算的要求，商业银行办理承兑的积极性下降。,1
信用利差有所收窄，3年期 AAA 和 AA 级中短期票据与国开债收益率利差较上年末收窄16个和29个基点。,1
（三）居民消费价格涨幅提高2007年以来，CPI同比涨幅逐月提高。,0
利率互换交易活跃。,0
督促金融机构加强内控和风险管理， 金融的风险监测与管理。,1
④农村合作金融机构包括农村商业银行、农村合作银行、农村信用社。,0
8月16日，增加支农支小再贷款350亿元，支持部分受灾省市做好洪涝灾害抢险救灾及灾后重建。,1
一季度，工业生产者出厂价格指数（PPI）同比下降2.7%，降幅比上季度收窄0.1个百分点，月度降幅分别为2.5%、2.7%、2.8%； 工业生产者购进价格（PPIRM）同比下降3.4%，降幅比上季度收窄0.4个百分点；人民银行监测的企业商品价格（CGPI）同比下降2.2%， 比上年同期低1.7个百分点。,1
汽车产业链还不完善。,1
Shibor总体有所上行。,0
年初，进一步加强和改进支农再贷款管理，支持农村经济持续、稳固发展。,0
完善保险市场基础性制度建设。,0
在此基础上可以进一步开发先进的交易结算方式，对于提高债券市场的流动性，是一次重大的技术革命。,0
一是供需缺口扩大。,1
美国经济强劲增长，欧元区经济持续复苏，日本经济稳步回升，主要发展中国家继续保持强劲增长势头。,0
（一）货币市场利率回升，市场交易活跃货币市场利率有所回升。,0
物价将保持温和回升态势。,0
对证券经营机构的监管进一步优化。,0
完善相应的考核和激励机制，科学合理地考核银行经营绩效，优化金融组织体系，进一步改善金融服务。,0
高质量发展的力量正不断积蓄，应对超预期挑战和变化仍有充足的政策空间。,0
健全系统性金融风险的防范预警和评估体系，继续加强对地方政府性债务、房地产市场、产能过剩行业、各类影子银行业务、企业互保联保等风险领域的监测分析，动态排查风险隐患，督促金融机构及有关方面做好各种情景下的应对预案。,1
一方面，商品价格下降是此前通胀回落的主要驱动因素，但今年以来地缘政治形势高度敏感，供应链阻滞、海运成本增加等问题可能影响商品价格的回落。,1
P2P网贷平台全部退出经营。,1
第二季度以来，受美元指数走强和贸易摩擦影响，人民币汇率有所贬值。,1
银行间市场利率总体呈下行走势。,1
GDP缩减指数低于上年。,1
2008年9月份以来，受国际金融危机冲击影响，主要价格指标急剧回落。,1
（四）股票市场沪深指数下跌，成交量小幅增加股票市场沪深指数下跌，创业板指数继续上升。,1
进一步提升贸易投资便利化水平。,0
建立健全金融市场基础设施的统筹管理框架，进一步加强市场基础设施建设，确保金融市场整体稳定和安全高效运行。,0
一旦全球流动性紧缩步伐超出市场预期，可能导致金融市场波动。,1
一是人民银行退出常态化干预，人民币汇率主要由市场决定。,1
近几年，全球经济面临的超预期冲击较多，经济环境和政策效果的不确定性较大。,1
2020年以来，新冠肺炎疫情给我国经济社会发展带来严重冲击。,1
一是会形成一定的价格上涨压力。,1
2008年初，中国人民银行指导金融机构实事求是地编制全年信贷规划，合理安排信贷投放总量和节奏，适当控制基本建设等中长期贷款，严格限制对高耗能、高排放和产能过剩行业劣质企业的贷款， 加大对“三农”、中小企业等重点领域和薄弱环节的信贷支持。,1
短期看，欧央行负利率政策取得一定成效，欧元区货币市场利率有所回落， 重债国国债收益率也明显下降，但长期政策效果仍有待检验。,1
7月9日，为应对日益突出的通货膨胀压力，升息25个基点。,1
根据合同，资管产品的风险与收益本应归属于投资者。,1
（三）票据融资稳中有降，票据市场利率基本平稳票据承兑余额回落。,1
稳步扩大债券市场高水平对外开放。,0
利率市场化改革取得关键性进展。,0
我国央行有合理利润并上缴中央财政，用于增强推动高质量发展的财力保障，主要得益于我国实行稳健的货币政策和审慎的财务预算制度。,0
受煤炭、原油和钢材价格涨幅不断扩大的影响，工业品价格加速上扬。,0
（六）银行间外汇市场运行平稳，人民币掉期交易持续活跃银行间即期外汇市场运行平稳，询价市场的主导地位进一步突出。,0
展，运输结构调整取得积极成效，有助于促进交通物流降本、提质、 增效。,0
此外，地缘政治冲突多点爆发，风险因素和不确定性加速累积， 对经济金融的影响加大。,1
目前，我国经济形势总体是好的，但也出现了钢铁、水泥、电解铝等行业过热、煤电油运供求全面紧张的状况。,1
针对金融深化和创新发展，进一步完善调控模式，疏通传导机制，通过增加供给和竞争改善金融服务，提高金融运行效率和服务实体经济的能力。,0
改善服务贸易外汇管理，支持服务业的对外开放和健康发展。,0
健全金融风险预防、预警、处置、 问责制度体系，构建防范化解金融风险长效机制，分类施策补充中小银行资本，牢牢守住不发生系统性金融风险的底线。,1
高技术制造业和高技术服务业实际使用外资大幅增长，同比分别增长14.8%、88%。,0
股票市场回温，外汇市场交易活跃，黄金市场量价齐升。,0
与此同时，建设资源节约型、环境友好型社会、发展循环经济为建材工业发展提出了新的挑战和机遇。,0
（五）保险业资产快速增长，结构变化明显保险业继续稳步发展，总资产快速增长。,0
进一步督促金融机构健全内控制度，增强自主合理定价能力和风险管理水平，从提高金融市场深度入手继续培育市场基准利率和完善国债收益率曲线，不断健全市场化的利率形成机制。,0
保持外币资产与负债的币种匹配。,1
降准释放的增量资金约7500亿元，主要用于增加金融机构支持小微企业、民营企业和创新型企业的资金来源，促进提高经济创新活力和韧性，增强内生经济增长动力，推动实体经济健康发展。,0
Shibor 总体有所上行。,0
对于民间借贷活动中伴生的一些违法犯罪行为，中国也有相应的法律法规予以规制、处罚和打击。,1
农业生产继续稳定发展，粮食连续第五年增产。,0
加大制造业中长期贷款支持力度，助力制造业高质量发展。,0
市场经济的供求关系客观上决定了每个借款项目风险大小的不同，因此成为贷款定价重要的风险预警指标。,1
主要特点一是初级和中间产品价格涨幅高于最终产品。,0
2009年以来，商品房销售面积增幅持续增加，房价同比涨幅自6月份开始上涨后不断走高。,0
资金支持基本落实到位。,0
调查显示，4%的企业设备超负荷运转，83.7%的企业设备水平利用“正常”。,1
四是推动金融市场健康发展。,0
根据金融机构评级结果， 人民银行及其分支机构可依法直接采取加强监测、风险警示、早期纠正和风险处置等措施，评级结果还是核定存款保险风险差别费率和确定宏观审慎评估体系（MPA）结果的重要依据。,1
经过三年集中攻坚，系统性金融风险上升势头得到遏制，金融业脱实向虚、盲目扩张态势得到根本扭转，牢牢守住了不发生系统性金融风险的底线。,1
也就是说，存贷差的扩大是货币创造渠道多元化、不仅仅限于贷款渠道的结果。,1
采取综合措施维护金融稳定，守住不发生系统性、区域性金融风险的底线。,1
从测试开展情况看， 我国碳排放信息披露程度低、数据缺口大是测试面临的最主要问题，测试方法也有待改进，测试结果不作为政策制定依据。,1
促进优质企业便利化政策扩面提质。,0
分类统一负债和分级杠杆要求，消除多层嵌套，抑制通道业务。,1
创设新工具，平滑流动性季节性波动。,1
加强系统性风险监测评估。,1
秋收进展顺利，全年粮食有望再获丰收。,0
四是完善外债管理。,0
上半年，房地产贷款新增额占各项贷款新增额的19.7%，比第一季度低4.3个百分点，比上年全年水平低7.2个百分点。,1
我们估计日本今年内仍然不会摆脱市场需求疲软、金融动荡的困扰，周期性经济下滑可能会加速，年度经济增长率将低于1%。,1
欧元区经济增长势头持续放缓。,0
四是推动金融市场健康发展。,0
6月，金融监管总局发布《关于推进普惠保险高质量发展的指导意见》，明确普惠保险高质量发展要坚持广泛覆盖、惠民利民、公平诚信、稳健运行，提出未来五年基本建成高质量的普惠保险发展体系，推进普惠保险高质量发展。,0
1-6月以新能源、高技术服务业为代表的投资增速都在两位数以上，相应领域产销有望继续保持快速增长。,0
加强外汇形势监测分析与风险防范。,1
在需求减弱背景下，企业效益和财政收入都会受到一定影响。,1
第四季度以来， 房地产销售降幅及部分城市房价降幅有所收窄。,1
欧债危机形势一波三折，对实体经济的影响日益加深。,1
总的看，若经济保持正常增长态势，CPI 阶段性回落的影响不宜夸大。,1
二是结构性矛盾突出。,1
6月末，金融机构超额准备金率为1.5%，银行体系流动性合理充裕。,0
劳动力市场接近充分就业，但受制于企业涨薪动力不足、通胀预期低迷等因素，预计未来通胀仍将处于低位。,1
一是行政审批项目进一步下降。,0
三是支农资金实力显著增强。,0
三是房地产存在局部过热的现象。,1
积极开展存款保险宣传和业务培训。,0
推进高水平开放试点优化扩围。,0
国际主要债券收益率在2006年上半年稳步上升，下半年开始出现缓慢下行走势。,1
市政债的广泛应用并非偶然。,0
（四）加强证券期货业监管制度建设资本市场监管规章进一步完善。,0
但也要看到，稳定物价的基础还不牢固，形势并不乐观。,1
此外，部分欧元区成员国长期缺乏有效的财政约束， 美国海外支出膨胀和日本治理国内通货紧缩的财政支出也是导致主权债务问题积重难返的重要原因。,1
股票指数有所下跌。,1
2013年 GDP 缩减指数（按当年价格计算的 GDP 与按固定价格计算的 GDP 的比率）变动率为1.7%，比上年低0.3个百分点。,1
第四，表外融资同比大幅少增。,0
固定资产投资保持快速增长态势。,0
严格控制对高耗能、高排放行业和产能过剩行业的贷款，支持对整合过剩产能的企业定向开展并购贷款。,1
二是多部门密切配合，联合打击地下钱庄及其交易对手。,1
货币政策不确定性增大。,1
货币市场利率波动中趋于上升。,1
大多数国家通货膨胀率下降，全球性通货紧缩压力增大。,1
三是从进口价格→CPI 看，进口价格涨幅远高于 CPI。,0
要高度警惕居民杠杆率过快上升的透支效应和潜在风险。,1
在这一背景下，主要经济体政策利率与历史水平相比均处较低位置，未来一旦出现衰退或危机，主要经济体货币政策调整应对的利率空间有能也较为有限。,1
外汇市场交易主体进一步扩展。,0
其他发达经济体的债务形势也令人堪忧。,1
然而，光伏产业目前仍处于明显的产能过剩和大面积亏损之中， 发展形势严峻。,1
地缘政治风险上升、 需求下滑，也可能拖累全球贸易和投资增长。,1
伦敦同业拆借市场美元 Libor 低位小幅波动。,1
黄金市场制度性建设逐步推进。,0
近年来，我国持续推进供给侧结构性改革，经济发展质量提升。,0
应当通过加强组织保障、建立健全诚信发展环境、提高公共服务和市场监督水平、 完善权益保护机制、加强法律法规和标准规范建设、完善多元化投融资机制等措施，积极推进电子商务在各领域的广泛应用，加快推动移动电子商务应用的示范和普及推广，大力促进物流、支付、信用、融资、保险、检测和认证等电子商务支撑体系协调发展，进一步提高电子商务的安全保障和技术支持能力。,0
产权改革进展顺利，法人治理结构初步建立。,0
四是央行资产负债表面临的风险不同。,1
近期的国际政治变化和部分经济体实施的内顾型政策导致全球保护主义抬头，一旦保护主义情绪进一步加剧，必将放缓甚至逆转国际政策协调和经济全球化进程，阻碍贸易自由化、资本和劳动力流动，并可能拖累全球生产率和经济增长，加剧金融市场动荡。,1
推进高风险金融机构市场退出工作，研究建立金融风险防范和化解的长效机制。,1
新兴市场经济体也采取了相应措施。,0
鼓励金融机构创新小企业信贷产品和贸易融资手段。,0
美元仍会保持强势地位，欧元仍在低位运行，日元有可能在震荡中下调。,1
第三季度，进口价格涨幅远高于出口价格涨幅，进出口价格涨幅差距扩大。,0
能源等受益于石油价格上扬的企业股价涨幅较大。,0
大力培育和发展机构投资者，发展金融衍生产品，满足市场多样化需求。,0
生产价格降幅有所收窄。,1
金融危机进而对实体经济产生了巨大影响，“泡沫经济”随之破灭， 日本实际经济增长停滞，陷入了为期十年的经济萧条。,1
2008年9月国际金融危机全面爆发以来，我国经济受到较为严重的冲击。,1
策，可能带来新的扰动和溢出效应。,1
日本经济恢复的稳定性将有所增强，预计全年增长率为1.1%。,0
货币市场利率下行，交易量较快增长；债券发行利率回落，发行规模同比多增，国债收益率曲线总体下移并呈陡峭化趋势，现券交易活跃；股票市场指数下跌，成交量和筹资额同比减少；保险业资产增速有所放缓。,1
个人住房贷款增长进一步加快。,0
就业压力较大、企业利润及居民收入增长放缓等，都可能对未来的消费需求产生不利影响。,1
受大宗商品价格持续低迷、美联储加息预期背景下国际资本流动逆转、地缘政治冲击等因素影响，新兴市场经济体金融市场风险上升。,1
扩散指数上升表示景气上升，扩散指数下降表示景气下降。,0
工业生产恢复较快。,0
二是产业生态尚不健全。,1
控制并逐步缩减“非标”投资规模，加强投前尽职调查、风险审查和投后风险管理。,1
一是餐饮业市场规模持续扩大。,0
2001年至2006年间，在通货紧缩的长期困扰下，日本中央银行曾将政策利率降至零并定量购买中长期国债的政策就是一种典型方式。,1
此次欧洲主权债务危机首先是因部分成员国过度负债而造成的。,1
此前，我国公布的贸易信贷负债数据是根据我国进口总额的一定比例估算的。,1
近年来，全球经济失衡问题引起了世界各国的广泛关注。,1
落实存款利率市场化调整机制，着力稳定银行负债成本。,1
（二）国际金融市场概况2008年以来，受美国次级抵押贷款危机及全球实体经济滞胀风险增大影响，国际金融市场波动进一步加剧。,1
"也要看到，当前经济运行稳中有变，外部环境发生深刻变化，经济下行压力有所加大，部分企业经营困难较多，长期积累的风险隐患有所暴露,一些政策效应有待进一步释放。",1
我国经济体制性、结构性矛盾依然存在，价格上涨压力较大，国内外不确定性因素较多也增大了经济金融运行的风险。,1
股票市场指数回升，成交量和筹资额同比增加。,0
大量资源廉价使用，人为压低了国内产品生产成本，助长了投资扩张，刺激了出口快速增长，导致贸易顺差持续扩大。,0
同时，加强对地方政府融资平台的放贷管理，严格控制对高耗能、高排放行业和产能过剩行业的贷款。,1
上半年，商业银行大力拓展票据业务，票据融资快速增长，增速快于同期贷款增速。,0
印度经济增速有所回升。,0
四是有效防范风险，优化金融服务小微企业的体制机制和生态环境，依法依规查处小微企业和金融机构弄虚作假、骗贷骗补等违法违规行为，确保各项政策真正惠及小微企业。,1
全球金融危机暴露出金融部门的较大缺陷。,1
日本经济增长放缓，一季度 GDP 环比折年率萎缩0.6%，为2015年四季度以来经济首次萎缩。,1
居民消费价格涨幅与上年持平。,0
外汇市场交易主体进一步扩展。,0
（四）股指小幅上涨，股市成交保持活跃股票市场总体有所上涨。,0
有研究表明，若政策利率下降触及“反转利率”，即宽松货币政策效果发生反转的临界利率，商业银行利差过度收窄、利润下降，可能导致银行信贷收缩，反而出现紧缩效应。,1
落实好差别化住房信贷政策，支持保障性住房、中小套型普通商品住房建设和居民首套自住普通商品房消费，坚决抑制投机投资性购房需求。,1
更为重要的是，中小企业也要加快转变原有的粗放发展模式，适应结构优化要求，增强自身抗风险能力，同时，进一步规范内部管理，提升经营管理水平，完善财务制度，增强信用观念，加快技术进步，提高市场竞争力，创造满足融资需求的良好条件。,0
积极与地方政府、监管部门沟通协调，推动风险依法处置。,1
进口价格同比涨幅快速扩大主要是受国际大宗商品价格持续上涨的影响。,0
煤电油运生产快速增长。,0
IMF 和世界银行分别预测2020年全球经济将萎缩4.9%和5.2%，世界银行称全球经济可能陷入二战以来最严重衰退。,1
健全货币政策和宏观审慎政策双支柱调控框架，增强调控前瞻性、针对性和有效性。,0
钢材生产增速下降，库存增加。,0
贷款利率继续下行。,1
受内外需萎缩影响，日本经济下滑。,1
经营财务状况持续改善。,0
有鉴于此，银行要用好压力测试等风险管理工具，充分考虑各类风险情景，做好极端情况下的应对预案，使自身风险管理能力与资产负债结构相匹配。,1
（四）股票市场指数逐步回升，成交量和筹资额同比增加股票市场指数回升。,0
出口商品进一步向价值链高端迁移。,0
三是受市场资金供求状况等因素影响，再贴现工具基本淡出票据市场。,1
越南第二季度曾3次提高再融资利率，但由于担心紧缩政策对经济造成负面影响，7月4日越南央行将再融资利率调低。,1
下半年起，受金融危机影响， 海外资金撤出、国内金融机构紧缩信贷，房地产市场明显降温。,1
M1增速逐步放缓，主要与上年基数较高有关，第三季度回落幅度则明显减缓。,1
财政增收的主要原因，一是我国经济快速增长，企业利润增长幅度较高，税收收入快速增长；二是进出口保持高速增长，关税对于财政增收贡献很大;三是股市持续活跃，印花税收入较高；四是加强地方税收征管以及政策调整效果明显，地方税收增长突出。,0
美国经济继续保持较强劲的增长势头，就业状况继续改善。,0
全年汽车、电气机械行业投资增速分别达19.4%、32.2%，对拉动制造业投资发挥重要支撑。,0
与此同时，对农村信用社和灾区金融机构执行较低的存款准备金率。,1
应通过鼓励民间投资、健全税收体系、完善多元化融资机制等，为城镇化投资提供规范、稳定、可持续的资金支持。,0
但也要看到，一些因素仍然制约着中小企业金融服务工作。,1
3月下旬西班牙财政赤字将超预期的消息披露后，美国、德国、日本国债收益率再次下跌。,1
主要发达经济体2020年第二季度 GDP 大幅下降，第三季度回升，第四季度复苏有所分化。,0
随着国内股票市场的活跃，证券及基金公司资金需求量大增。,0
金融稳定保障基金定位为国家重大金融风险处置后备资金，用于具有系统性影响的重大金融风险处置。,1
（三）居民消费价格温和上涨，生产价格涨幅持续回落居民消费价格温和上涨。,0
进入5月，内外因素交织加大人民币汇率贬值压力。,1
三是深入推进金融精准扶贫。,0
三是文旅企业经营持续恢复。,0
从价格形势看，近期仍有下行压力。,1
全球 PMI 等前瞻性指标亦不乐观，政策支持空间也在逐渐收缩。,1
一是部分发达经济体复苏陷入停滞，财政风险和金融风险交替上升，经济中的不稳定、不确定因素增加。,1
建立健全绿色金融服务美丽中国建设工作机制，持续推动绿色债券市场高质量发展。,0
④ “—”表示数据缺失或者有关业务量很小。,1
四是增加再贷款再贴现额度1万亿元支持经济恢复发展。,0
推动市场创新，丰富债券市场产品和层次，更好地满足投资者需求。,0
进一步发展消费金融。,0
第三季度人民银行5000户工业企业调查显示，企业景气回升。,0
我国经济发展具有强大韧性、巨大潜力和有力支撑。,0
欧元区同业拆借利率 Euribor 继续走低。,1
三是产品创新有序推进。,0
农产品生产价格涨幅高于农业生产资料价格涨幅。,0
全球经济总体仍延续复苏态势，国内供给侧结构性改革持续推进，经济发展具有很大的潜力，韧性较强，宏观政策效果正在逐步显现。,0
工业生产者购进价格（PPIRM）同比下降2.7%，降幅比上季度收窄1.7个百分点。,1
可持续性，维护金融体系稳定。,0
2008年9月以来，为应对金融危机，防止经济陷入长期衰退，美联储、日本银行、英格兰银行、瑞士央行和欧央行，相继把政策目标利率降至零附近，并础上，通过购买国债等中长期债券向市场提供流动性。,1
当然仅依靠宏观审慎政策，可能还不足以抑制资产泡沫。,1
推动柜台债券业务扩容，提高个人、企业、 中小金融机构通过柜台渠道投资政府债券的便利性和效率。,0
这在一定程度阻碍了市场利率有效传导，存款利率难以跟随市场利率变化。,1
近期的风险主要是石油价格和能源安全问题。,1
七是建立完善绿色金融政策体系，大力发展绿色信贷。,0
货币市场交易活跃。,0
疫情扰动和地缘冲突冲击全球产业链供应链，目前我国物流行业仍缺乏自主可控的国际运力保障，海外仓等境外物流节点和属地化服务网络建设滞后，制造业供应链向国际延伸的过程中面临国际物流通道不畅的制约。,1
推动人民币对其他货币直接交易市场发展，更好地为跨境贸易人民币结算业务发展服务。,0
下一步， 要根据《汽车产业中长期发展规划》和《新能源汽车产业发展规划 （2021—2035年）》，推动我国汽车行业高质量可持续发展。,0
五是坚持防风险与促发展并重，持续推动债券市场高质量发展。,0
五是积极发展直接融资。,0
与此同时，由于大宗商品价格持稳、内需低迷，多数新兴市场经济体通胀回落，依靠本币升值抑制输入性通胀的迫切性还不强。,1
日本经济出现好转迹象。,0
同时，也为完善货币政策传导机制，提高货币政策的有效性奠定了基础。,0
从食品和非食品分类看，食品价格大幅上涨是推动CPI上涨的主要原因，上半年食品价格上涨5.5%，拉动CPI上涨1.8个百分点；非食品价格上涨1.2%，拉动CPI上涨0.8个百分点。,0
国债和企业债券发行利率回落，债券发行量增加。,1
先行试点地区农村信用社的历史包袱得到明显化解，总体经营状况有所好转；支农金融服务功能有所增强；增资扩股进度较快，资本充足率迅速提高。,0
中贸易品所占比重较大，汇率与购买力平价的偏差程度较小。,1
全球股市相继下跌。,1
进出口大幅萎缩，但出口萎缩小于进口，贸易赤字明显减少。,1
分类别看，二手住房销售价格涨幅高于新建商品住房。,0
主要经济体增长缓慢。,1
2．煤炭行业2004年，电力、钢铁、建材、化工等行业快速发展，带动煤炭需求快速增长，煤炭行业产销两旺，行业利润成倍增长。,0
第三季度，票据市场利率有所上行。,0
今年以来， 发达经济体货币政策收紧、地缘政治冲突、能源短缺、通胀高企等多重因素叠加导致全球经济持续承压，累积的紧缩效应可能超出预期。,1
目前， 发达经济体货币政策趋于正常化，一旦全球流动性紧缩步伐超出市场预期，可能导致资产价格骤降，金融市场波动加剧。,1
四是进一步发展货币市场，优化金融资源配置。,0
财政收入增幅偏低的主要原因：一是大宗商品进口价格下跌、一般贸易进口大幅下滑导致进口税收大幅下降；二是工业生产放缓，尤其是工业生产者出厂价格持续下降导致按现价计算的增值税等税收低增长；三是企业效益下滑、利润增幅回落使企业所得税增幅相应回落； 定程度上减收。,1
Shibor短端保持平稳， 中长端有所下行。,1
固定资产投资缓中趋稳，制造业投资和民间投资增速有所回升。,0
"未来我国价格走势的上行风险仍不容忽视,通货膨胀压力依然存在。",1
（三）进一步加强保险市场制度性建设完善保险市场规章制度，规范保险业务。,0
（三）居民消费价格低位运行，核心 CPI 同比上涨居民消费价格低位运行。,1
地缘政治博弈激化成为全球经济的风险之一。,1
我国城镇化尚有较大发展空间，将拉动一系列相关产业持续发展。,0
主要发达经济体货币政策转向可能带来溢出效应和风险扩散。,1
上的基本稳定完善人民币汇率形成机制，进一步理顺外汇供求关系。,0
随着近期对存款偏离度的监管加强，商业银行 “冲存款”现象也有所减少。,1
部分国家财政风险上升，也可能向金融风险转化。,1
此外气候灾害等也可能对农产品供给进而物价水平产生扰动。,1
大宗商品价格大幅上涨，发达经济体通胀攀升。,0
深入推进货物贸易和服务贸易外汇管理制度改革，促进外贸健康发展。,0
第三季度，国债各期限品种收益率整体下行。,1
上半年，人民币汇率以市场供求为基础，对一篮子货币汇率有所贬值。,1
美国经济增势强劲。,0
我国工业化不断深化，劳动生产率不断提高，制造业生产能力明显增强，加上劳动力成本低等优势，出口竞争力不断提升，贸易顺差明显扩大。,0
欧元区经济出现下滑。,1
从负债端看，硅谷银行的存款多来源于创业企业，客户同质性高，储蓄存款占比很低，90%以上的存款不属于受保存款，负债结构欠稳定。,1
尽管我国高技术制造业发展取得了巨大成果，但仍面临诸多挑战。,0
（一）加强银行间债券市场管理推动建立科学合理的地方政府举债融资机制。,1
同时，保险公司声誉风险监管也被纳入偿付能力监管制度体系整体框架。,1
一是资金池操作存在流动性风险隐患。,1
完善市场利率监测体系，提高利率政策的调控效果。,0
多渠道资金供应使企业支付能力进一步增强，企业存款增长速度明显提高。,0
及时开展常备借贷便利操作。,0
近期重要的外部风险之一是日元大幅贬值可能引发亚洲地区的货币竞相贬值，将给我国出口产生一定的压力。,1
人民币对欧元、日元等其他国际主要货币汇率双向波动。,1
2009年前三季度，非金融性公司及其他部门贷款利率水平回落后保持低位平稳运行。,1
总体看，通货膨胀风险不可忽视。,1
扣除食品和能源的 CPI 上涨1%。,0
升，并冲击金融体系稳定。,1
国际金融市场波动加剧，股票市场V型反弹，美元流动性紧张有所缓解。,1
“9 11”事件使美国和世界经济雪上加霜，主要股市大幅缩水，金融市场动荡加剧。,1
当前我国经济正处于企稳回升的关键时期，保持经济平稳较快发展仍是我们面临的首要任务。,0
进一步补齐监管制度短板，强化金融机构防范风险的主体责任。,1
推动经济结构调整和转型升级、深化改革开放和防范金融风险方面的作用。,0
继续落实两个直达实体经济货币政策工具的延期工作。,1
在美元指数维持高位的影响下，美国出口连续9个月同比负增长。,1
信贷结构持续优化。,0
拉美经济继续保持稳步增长态势。,0
促改革和防风险方面的作用。,1
这些都在一定程度上显示出市场需求比较旺盛，内需拉动作用较强。,0
欧元区四季度 GDP 环比增长0.1%，较三季度的0.3%继续放缓。,1
一方面，多个经济体为提振经济、缓解外部冲击继续放宽货币政策。,0
2018年上半年，中国人民银行综合运用中期借贷便利（MLF）、 常备借贷便利（SLF）等货币政策工具，进一步增强央行流动性管理的灵活性和有效性，保持银行体系流动性合理充裕。,0
钢材价格大幅回落带动以铁矿石为主的原材料价格回落，但后者的回落幅度明显小于前者，钢铁行业经济效益大幅下滑。,1
第一季度，受经济基本面较好、货币市场利率下行等因素影响，国债收益率整体呈下行趋势，短期限品种较中长期品种下行更为明显。,1
商品房销售同比回落。,1
房地产开发贷款增速进一步提高，但购房贷款增速有所放缓。,0
国有商业银行改革取得明显成效。,0
在地区发展方面，东部发展远远快于中部和西部。,0
四是我国国际收支和跨境资金流动也存在不确定性。,1
也就是说，只有银行在经济高涨时计提充足的损失准备，在衰退到来时才不至于因拨备不足而被迫紧缩贷款。,1
下半年以来，随着宏观政策“组合拳”成效不断显现，我国经济回升向好态势持续巩固，各方面积极因素逐渐增多，三季度 GDP 增速也好于市场预期。,0
二是委托贷款降幅收窄，未贴现银行承兑汇票同比多增。,1
其次，Shibor 产品创新取得进展，应用范围不断扩大。,0
日本银行将维持宽松的货币政策。,0
票据融资持续增长，利率有所上行。,0
产能过剩行业中长期贷款增速显著放缓。,1
五是着力于健全农村金融服务体系和推进农村金融产品创新。,0
新的工具是对原有科技创新再贷款和设备更新改造专项再贷款的政策接续和改革完善，支持科技创新和推动大规模设备更新。,0
加快发展外汇市场，推动汇率风险管理工具创新。,0
欧央行强调，负利率针对的是银行，居民储蓄不会受到直接影响。,1
境内外币贷款、大额存款（300万美元以上）利率水平小幅波动。,1
同时，也要高度警惕居民杠杆率过快上升的透支效应和潜在风险，不宜依赖消费金融扩大消费。,1
债券发行利率总体回落。,1
这三种方式都会使市场参与者面临一定的结算风险。,1
积极支持产业结构升级和经济结构调整，支持战略性新兴产业企业等高新技术企业发展，指导和督促金融机构全面落实关于金融支持文化产业、服务外包、物流业、旅游业等行业发展的政策要求，进一步加大对环保产业、循环经济发展、 节能减排、技术改造等方面的信贷支持。,0
二是创新发展引领固定资产投资保持增长。,0
出台系统重要性金融机构监管规定，健全完善监管框架。,0
积极与地方政府、监管部门沟通协调，推动风险依法处置。,1
加之在经济持续较快发展下的乐观预期及财富效应等因素也有助于推动消费增长。,0
劳动报酬增速加快。,0
虽然今后一段时期内劳动生产率水平会有所波动，但已形成的劳动生产率不会因为经济的短暂调整而完全丧失。,1
国内外经济都处于调整期，国内经济下行压力较大。,1
进一步便利国内机构境外投资，稳步扩大国内资本市场开放。,0
三次产业均较快增长，经济效益继续提高，人民生活进一步改善。,0
（四）财政收入降幅收窄，就业形势总体稳定财政收入降幅收窄。,1
一是受美国次贷危机影响，外部市场萎缩，出口销售放缓，这对江浙粤等出口依存度高、中小企业较多的沿海地区影响相对突出。,1
人民币贷款增速有所反弹。,0
无线通信基站、宽带网络设施建设不够全面深入，选址难、建设难等问题比较突出，“光纤到户”还面临诸多困难。,1
货币市场利率低位平稳运行。,1
强化跨行业、跨市场、跨境金融风险的监测评估，防范实体经济部分地区、行业、企业风险及非正规金融风险向金融体系传导。,1
第三，居民收入差距较大，农民收入增长缓慢，制约了消费需求的继续增长。,1
加强资产管理业务与自营业务之间的风险隔离，严格受托人责任。,1
从消费品和服务分类看，消费品价格上涨明显放缓，服务价格上涨有所加快。,1
2020年上半年，面对突如其来的新冠肺炎疫情和错综复杂的国内外形势，我国经济韧性强劲，经济稳步恢复，复工复产逐月好转， 第二季度经济增长明显好于预期。,0
降低经济增长速度、缩小产出缺口是美国的必然选择。,1
GDP 缩减指数低于上年同期。,1
受此影响，全球经济活动短期内难以回归常态，复苏动能趋缓，不同行业、企业和收入群体的分化加剧，未来仍面临较大不确定性。,1
第二季度，受美元走强和外部不确定性等因素影响，人民币对美元汇率有所贬值。,1
中长期贷款过快增长的势头得到控制。,1
传统意义上套利交易的融资货币一般为日元或瑞士法郎等低息货币。,1
货币条件总体相对宽松，有利于支持国民经济平稳较快发展。,0
定向降准旨在鼓励中小金融机构服务当地，支持实体经济健康发展。,0
固定资产投资需求持续高增长，更新改造投资增速明显加快。,0
受全球需求增长放缓以及日元升值的不利影响，日本出口动能出现减弱迹象。,1
其中包括对同地区、 同类型机构不良贷款率的考察。,1
（二）国际金融市场概况2009年，主要货币间汇率宽幅波动，美元汇率在震荡中总体呈贬值态势，具体可分为三个阶段。,1
中央银行仅借助货币政策工具难以有效平衡好经济周期和金融周期调控。,1
当前全球经济金融调整是长期积累的失衡矛盾最终释放的必然结果，对我国经济的影响不可低估。,1
对于农村信用社，及时将风险通报地方政府，落实省级人民政府的管理和风险处置责任。,1
一是消费品以旧换新政策在补贴和宣传层面持续发力，有利于进一步激活存量市场，推动消费和产业结构升级。,0
更好地平衡增长与通胀之间的关系，需要改善供给管理、提高生产效率、降低交易费用、改善收入分配。,0
2020年新冠肺炎疫情暴发以来，我国率先实现复工复产、率先实现经济正增长，经济持续稳定恢复，就业形势总体稳定，进出口贸易增势良好。,0
进一步促进跨境投融资便利化，支持实体经济发展。,0
南美的巴西、墨西哥、阿根廷等国这方面虽有过一些挫折，但经过上世纪80年代的财政整治，市政债对支持城镇化建设仍发挥了重要作用。,1
四是“低增长、低通胀、低利率、低生产率增长”环境对货币政策调控构成挑战，需加强货币政策的国际协调。,1
目前，大部分亚洲国家（地区）经济再度下滑主要是由于美日两大世界经济强国同时出现经济下滑引起的全球经济放缓，以及世界经济对高新技术产品和服务的需求骤然下降所致。,1
当前主要发达经济体在刺激经济增长和加强财政整顿方面处于两难抉择。,1
部分经济体升息，显示了其对经济增长的信心及对通胀压力的担心。,1
外汇市场交易主体持续扩展。,0
7-8月份， 在宏观经济数据弱于预期、资金配置压力较大的背景下，国债收益率先下行，8月中旬10年期国债收益率下行至2.64%的14年来低位，之后随着宏观经济数据走稳有所反弹，季度内整体呈下行态势，超长端收益率下行明显。,1
完善系统重要性金融机构监管框架。,0
2017年，中国经济稳中向好、好于预期，经济活力、动力和潜力不断释放，稳定性、协调性和可持续性明显增强，实现了平稳健康发展。,0
推动财产保险业向高质量发展转变。,0
从短期看，物价低位运行的趋势仍将延续。,1
受调高消费税导致国内需求萎缩和原油价格下跌等因素影响，日本通胀预期承压，CPI 涨幅有所下滑。,1
二是需求复苏潜力巨大。,0
随着公开市场操作利率小幅下降，货币市场利率中枢也有所下行。,1
近几年来， 这一汇率制度经受住了多轮冲击的考验。,1
2020年以来，中国人民银行坚决贯彻落实党中央、国务院决策部署，稳健的货币政策更加灵活适度、精准导向，货币信贷和社会融资规模合理增长，结构持续优化，企业综合融资成本明显下降，货币政策目标顺利实现，为我国率先控制疫情、率先复工复产、率先实现经济正增长提供了有力支撑。,0
十是建立完善绿色金融政策体系，大力发展绿色信贷。,0
企业整体竞争能力提高。,0
按贷款五级分类口径统计，6月末，全国农村信用社不良贷款余额为5416亿元，不良贷款比例为4.2%，比上年末下降0.1个百分点。,1
一是加大对逃汇、非法套汇、非法买卖外汇、虚假交易等性质恶劣违规行为查处力度。,1
农业结构调整取得新进展。,0
4月份以来，金融监管加强， 平抬升明显，曲线进一步平坦化。,0
2019年以来 M2增速与名义 GDP 增长率基本匹配，以适度的货币增长支持了高质量发展。,0
推进资源税改革，有利于进一步完善资源性产品价格形成机制，全面反映资源性产品生产成本和资源稀缺程度，有利于更大程度地发挥市场在资源配置中的基础性作用，促进节能减排、经济结构优化和发展方式转变。,0
灵活开展公开市场双向操作。,0
与此同时，与新技术或网络安全相伴而生的新风险对全球金融监管构成新的挑战。,1
农村信用社改革取得重要进展和阶段性成果。,0
三是社会领域投资回升。,0
人民币直接交易稳步发展的好处逐步显现。,0
大型国家控股商业银行改革继续深化，经营业绩不断提高。,0
拉美和亚洲新兴市场经济体保持了强劲的增长。,0
虽然欧债危机导致经济增长动能减弱，德国商业和住宅市场需求仍旧继续增加。,1
加大窗口指导力度，要求金融机构严格控制对过度投资行业的贷款， 高度重视宏观部门的行业风险提示，严格控制对国家限制行业的授信；对不符合市场准入条件的项目一律不予贷款；用好用活贷款利率上浮政策，加大对国家限制行业中技术和环保标准不高的企业的风险溢价。,1
货币市场利率有所上行后趋于稳定。,0
受制于保险市场发展滞后以及国民投保意识薄弱，我国商业养老保险的参与度较低，人均长期寿险保单持有量仅为0.1份，远低于发达国家1.5份以上的水平。,1
资金支持政策的逐步落实，对农村信用社化解历史包袱，改善资产质量，增强服务功能和实现可持续发展发挥了重要作用。,0
若按调整前口径测算，超额准备金率要高于2.3%。,0
在复杂的国际经济环境下，新兴经济体货币政策亦持续分化。,0
农产品生产价格（指农产品生产者直接出售其产品时的价格）涨幅高于农业生产资料价格上涨幅度，有利于农民增收。,0
大力发展资产管理机构，壮大多元化机构投资者队伍。,0
进一步发展消费金融。,0
三是加强国际交流合作，进一步推动铁路“走出去”。,0
新兴市场经济体货币政策出现分化。,0
坚决守住不发生系统性金融风险的底线。,1
第高水平。,0
总体看内需保持着持续发展的动力。,0
继续加强真实性合规性审核。,0
贷款加权平均利率维持在较低水平，企业贷款利率继续下行。,1
8月16日，增加支农支小再贷款350亿元，支持部分受灾省市做好洪涝灾害抢险救灾及灾后重建工作。,1
三是产权制度改革取得一定进展。,0
进出口保持快速增长，贸易差额由负转正。,0
推动重点领域保险高质量发展。,0
对外投资行业结构持续优化。,0
展望未来，全球经济主要面临以下风险：一是主权债务危机正向整个欧元区蔓延，一旦失控，将引发新一轮全球经济系统性风险。,1
保险业资产快速增长。,0
（三）票据融资企稳回升，票据市场利率有所上行票据融资余额企稳回升，票据市场交易活跃。,0
欧元区主权债务危机继续恶化，经济下行风险大幅上升。,1
在当前经济下行压力加大、国际贸易形势复杂多变的背景下，加快补齐农业农村短板、 做好“三农”工作具有特殊重要性。,1
2006年国家开始进行包括水泥、 玻璃等建材相关行业的结构调整，淘汰能耗高、污染严重的落后产能， 水泥、玻璃等建材行业进行了大规模的兼并重组。,1
六是有效防范系统性金融风险，切实维护金融体系稳定。,1
金融机构在利润压力、监管套利等因素作用下，利用同业、理财等短借长贷，资产负债结构对利率风险敞口十分灵敏，对货币市场高度依赖，也是加大市场流动性波动的主要原因。,1
第四，完善债券托管和结算体系。,0
不断适应当前城乡居民消费结构的新变化和审美的新需求，创新文化产品和服务，提高文化消费意识，培育新的消费热点。,0
压实金融监管部门的监管责任，切实履行本行业本领域金融风险防控职责，严密防范、早期纠正并及时处置风险。,1
越来越多的新兴经济体和发达经济体央行上调基准利率。,0
农村信用社改革取得重要进展和阶段性成果。,0
2024年，我国有效应对复杂严峻的内外部挑战，顺利实现了全年经济社会发展主要目标任务，经济运行展现出强大的韧性，高质量发展扎实推进，社会信心有效提振。,0
前三季度，人民币对美元汇率年化波动率为4.25%。,1
第一季度，GDP 缩减指数（按当年价格计算的 GDP 与按固定价格计算的 GDP 的比率）变动率为0.4%，比上年同期回落1.3个百分点，比上年全年回落1.3个百分点。,1
从价格形势看，通胀总体保持稳定，PPI 与 CPI 的显著背离有望收窄。,1
出口产品结构改善推动外贸持续复苏。,0
高度警惕经济下行压力在全球更广范围蔓延的风险。,1
股票市场价格恢复性上扬。,0
中国发展有巨大的潜能，新型城镇化、 服务业、高端制造业以及消费升级有很大的发展空间，回旋空间也比较大。,0
推动金融市场发展及产品创新，加快培育市场基准利率体系，优化市场化利率传导渠道。,0
在全球经济持续复苏，欧元区内需出现实质性增长的情况下，下半年欧元区复苏迹象将渐趋明朗。,0
2008年以来，受外部需求减弱和国内冰雪灾害等因素影响，国民经济增长高位趋稳并适度放缓，总体保持了平稳较快的发展势头。,1
我国使用外资规模创历史新高，结构进一步优化。,0
全球通胀仍维持高位，主要发达经济体货币政策延续收紧态势， 在稳物价和稳增长之间艰难权衡，叠加地缘政治冲突、疫情蔓延和能源食品危机等诸多因素扰动，世界经济活动普遍放缓，金融市场大幅震荡，潜在风险值得高度警惕。,1
近年来，随着我国资本项目可兑换的逐步推进和涉外经济的快速发展，跨境资本流动规模不断扩大。,0
三是创新事中事后管理方式。,0
此外，地缘政治风险等加剧市场不确定性。,1
需要进一步优化金融资源配置，盘活存量，优化增量，更好地支持实体经济发展。,0
便利跨境贸易外汇收支结算。,0
“十三五” 期间，钢铁行业着力推动供给侧结构性改革，持续化解过剩产能、促进创新发展和绿色发展。,0
美国扩大减税计划增加了削减赤字的难度；欧元区部分国家的银行业仍较脆弱，可能需要进一步财政救助，欧央行加息也将加重有关国家的债务负担；日本大地震后的巨额重建资金需求将加剧其债务问题。,1
一季度，货币市场利率先升后降。,1
农村合作金融机构改革试点工作取得重要进展和阶段性成果。,0
进入5月份，随着预期逐步稳定，市场利率有所回落。,1
同时，负利率对提振通胀的效果短期内较为有限，欧元区和日本实施负利率后，通胀水平仍在零附近徘徊，远低于央行2%的通胀目标。,1
加快发展外汇市场，推动汇率风险管理工具创新。,0
2012年城镇居民人均可支配收入和农村居民人均纯收入实际增速均超过 GDP 增速。,0
（五）保险业总资产增速回升保费收入增长减缓。,0
对8-10级的高风险银行，区分增量和存量，对存量高风险机构推动各方形成合力，采取多种措施压降；对增量高风险机构建立具有硬约束的早期纠正机制，稳步扩大硬约束早期纠正试点范围。,1
进口价格降幅收窄。,1
第三季度，围绕促进国际收支平衡，发展外汇市场，进一步理顺外汇市场供求关系，出台了一系列政策措施：一是进一步加强外汇市场基础性建设。,0
（二）债券发行利率下行，发行量增加债券发行利率下行。,1
受危机影响不太大的新加坡，今年第一季度GDP增长率也从去年的11%降至4.5%。,1
贯彻落实“区别对待、有保有压”的方针，优化信贷结构，严格限制对高能耗、高排放和产能过剩行业劣质企业的贷款投放，加大对重点领域和薄弱环节的金融支持力度。,1
二是商业银行房地产贷款不良率不容忽视。,1
第一，总体供需矛盾突出，养老服务设施不足且人才队伍短缺。,1
工业生产总体平稳，结构持续优化。,0
欧元区经济出现好转迹象。,0
一季度，影响银行体系流动性的因素较为复杂，特别是春节因素扰动较大。,1
第三季度，消费品价格上涨6.5%，比上个季度低3.3个百分点；服务价格上涨1.4%，比上个季度低0.1个百分点。,1
房地产开发投资保持较快增长，施工面积增速有所提高。,0
企业经济效益明显提高。,0
产业结构调整和转型升级取得新进展，高新技术产业增加值增速高出规模以上工业平均增速2.2个百分点，规模以上企业单位工业增加值能耗下降幅度大于预期目标。,0
超出此限度的，超出部分的利息不予保护。,1
人民币对欧元、日元等其他国际主要货币汇率双向波动。,1
受国际金融市场利率波动和境内资金供求变化影响，境内外币利率总体呈下行走势。,1
外汇市场交易主体持续扩大。,0
国际贸易和投资显著萎缩。,1
在固定资产投资的高速增长中，仍有一些高耗能、高污染和产能过剩行业继续盲目扩张，产品结构趋同现象明显。,1
受外需减弱和冰雪灾害等因素影响，出口增速略有下降。,1
伴随着城乡居民收入的提高，国内消费需求有所扩大，但县域居民消费增速仍慢于大中城市居民消费增速。,0
采取措施有效减缓银行结售汇顺差和外汇储备过快增长。,1
（三）加强证券期货业监管制度建设进一步完善证券监管法规体系。,0
产能过剩行业中长期贷款增速显著放缓。,1
经过集中攻坚，我国金融体系积累的突出风险点得到有效处置，制度短板逐步补齐。,1
为降低对银行利润的影响，实施负利率的一些央行采取了 “分级利率体系”，将商业银行在央行的存款分成数级，仅对其中一部分存款实行负利率。,1
一、 续改善。,0
全球经济逐步复苏，疫苗接种加快，市场对经济前景的预期趋于乐观，通胀预期有所升温。,0
深化资本市场体制机制改革，促进资本市场稳定健康发展。,0
（三）主要经济体房地产市场走势美国房地产市场继续下滑，但跌速已趋缓。,1
货币市场利率回升，市场交易活跃程度提升。,0
稳步推动债券市场更高水平的对外开放。,0
进一步加强证券经营机构监管。,0
鼓励发展消费信贷，落实好房地产信贷政策。,0
展望未来，我国机械工业高质量发展将扎实推进。,0
农村信用社改革成果显现。,0
宏观经济运行中存在摩擦，市场体系面临市场失灵的风险，微观主体在现实中是异质性的，如果货币政策只注意总量，则会造成更大的结构扭曲，总量目标也难以实现。,1
在金融政策宽松、资金充裕的大背景下，日本掀起了一轮投资热潮，长期的低利率政策更是刺激土地和股票价格持续地急剧上升。,0
国际原油价格呈不断走高态势。,0
今年3月以来，一些中小银行相继倒闭，前期货币宽松时期积累的风险隐患还可能逐步暴露。,1
未来价格走势尚有不确定性。,1
金融机构超额准备金率为1.8%。,0
贸易顺差仍会维持在较高水平。,0
GDP 缩减指数有所回落。,1
危机以来，依靠不断降低抵押物标准，欧央行的资产规模大幅增长，一定程度上削弱了欧元的信用基础，导致欧元汇率相对走低。,1
近期越南爆发了严重的经济金融动荡， 印度等国也出现经济恶化迹象，意味着新兴市场经济体被连年快速增长所掩盖的风险正日趋暴露。,1
发展消费信贷，支持扩大内需。,0
农村信用社改革进展顺利。,0
同时，探索建立农民贷款担保体系，分散农民贷款风险。,1
督促落实附加资本要求，提升系统重要性银行风险应对能力和水平。,1
在 LPR 下行引导下， 贷款利率明显降低，且降幅大于 LPR 降幅。,1
随后美国数家对冲基金因投资与次贷相关的抵押债券而遭受惨重损失，多家次级抵押贷款公司停业或倒闭。,1
"资金实力明显增强,支农服务力度进一步加大。",0
中小企业贷款覆盖率也在稳步提高。,0
加快发展外汇市场，推动汇率风险管理工具创新。,0
主要新兴市场和发展中国家继续保持强劲增长势头。,0
此外，在产能集中释放后，未来不排除再次出现煤电油运紧张。,1
英国9月零售销售指数环比下降0.2%，连续5个月萎缩。,1
总体看，资金支持政策实施进展顺利。,0
当前，国际能源等大宗商品价格仍受地缘冲突扰动，全球供应链压力总体有所缓解，但还面临部分国家供应链近岸化、友岸化等保护主义措施的挑战。,1
金融机构资本充足率越低、不良贷款比率越高，适用的存款准备金率就越高；反之，金融机构资本充足率越高、不良贷款比率越低，适用的存款准备金率就越低。,1
从投资需求看，固定资产投资存在一定不确定性，一方面，部分行业盲目投资、低水平重复建设导致产能过剩的不良后果正在显现；另一方面，在建、新建和拟建规模仍然偏大，投资仍然存在反弹压力。,1
"我国传统产业结构调整和优化升级的步伐正在加快，同时,以科技为先导的新兴产业如电子、通讯、信息等产业的发展成为中国经济发展的强劲动力。",0
完善系统重要性金融机构监管框架。,0
粮食生产再获丰收，生猪生产较快恢复。,0
煤炭开发布局持续优化，稳定供应保障能力持续增强。,0
切实强化市场监管和市场风险防范，处理好市场发展与防范风险的关系。,1
在新经济的推动下，GDP 单位能耗下降，绿色发展取得新进展。,0
科技创新动力不断增强，绿色转型稳步推进，消费市场逐步回暖升级。,0
一方面，流动性收紧加剧金融市场调整，主要发达经济体加息与强势美元效应叠加， 海外资产价格大幅波动，发达经济体国债市场流动性趋紧，房地产价格出现回调迹象，养老金、保险公司、对冲基金等非银机构压力加大， 部分财务状况较差的市场主体面临冲击。,1
引导金融机构加大对经济结构调整特别是“三农”、小微企业、战略性新兴产业、节能减排等经济社会发展重要领域的金融支持，满足国家重点在建续建项目资金需求，推动产业结构升级和经济发展方式加快转变。,0
人民币利率互换交易大幅增加。,0
发达经济体劳动力市场出现结构性变化，劳动力缺口扩大。,1
二是盘活存量、优化增量，支持经济结构调整和转型升级。,0
通胀水平全年保持低位，离美联储的目标通胀率仍有较大差距。,1
但在宏观紧缩环境下，一些企业和银行宁愿削减流动贷款也不愿放弃长期投资项目，导致流动资金紧张。,1
加大存量信贷资产的结构调整力度。,0
商品房销售增速持续回落。,0
应当看到，当前国际主要经济体增长动力不足，财政负担沉重，主权债务危机频现，复苏的过程可能充满曲折和波动，既有可能出现形势缓和，也有可能遭遇阶段性的下行风险，总体看不稳定、不确定因素依然较多。,1
货币市场交易保持活跃。,0
果断投放短期流动性，有效应对疫情冲击。,1
二是加强金融风险监测、预警，充分发挥存款保险制度的早期纠正和市场化风险处置平台作用。,1
进一步完善宏观审慎政策框架，更好地发挥逆周期调节作用。,0
中国人民银行进一步完善宏观审慎政策框架，更好地发挥逆周期调节作用。,0
加强对外投资的风险提示和监管，稳步推进资本项目可兑换。,1
房屋竣工增速低于房屋销售增速，住宅空置面积有所下降。,0
伦敦金属交易所铜现货当季平均价格比上年同期下跌17.4%，比上个季度下跌12.2%。,1
货币市场利率波动较大，总体呈上升态势。,1
而美国在本次国际金融危机后，金融机构、住户、企业部门通过违约、破产等手段进行了痛苦而迅速的调整。,1
加快发展商业养老保险，对于完善养老保障体系、推动养老服务业发展、促进经济提质增效升级具有重要意义。,0
国家开发银行改革取得重大进展。,0
同时，房地产销售逐步回暖，地方政府债务置换力度加大，M1增速持续回升，总需求企稳并有所回升，PPI与货业回暖可能是推升PPI回升的重要原因，PPI回升后企业加速补库存又进一步放大了需求。,0
四是新兴经济体面临的汇率波动和资本流动风险上升。,1
三是创新和完善结构性货币政策工具体系。,0
推动债券市场高质量对外开放。,0
三是加强商业银行存贷期限错配、信贷资金结构和流向预警监测分析，引导商业银行合理控制中长期贷款，扩大流动资金贷款。,1
二是盘活存量、优化增量，支持经济结构调整和转型升级。,0
这种波动既与经济周期相联系，又受到心理等多种因素影响。,1
上半年全部金融机构的不良贷款到6月末比年初下降了2.01%，不良贷款比去年同期少增4000亿元以上，其中，四家国有独资商业银行的不良贷款比例比年初下降了2.10%。,1
推动市场创新，丰富债券市场产品和层次，更好地满足投资者需求。,0
通过财务重组、 内部改革和不断发展，中国银行、中国建设银行、中国工商银行的财务状况显著改善，盈利能力明显提高，公司治理结构不断完善，相对独立的内控体系和完善的风险防范体制初步形成，业务创新取得成效，服务质量进一步提高。,0
六是有效防范系统性金融风险，切实维护金融体系稳定。,1
短期看，经营不善是硅谷银行、瑞士信贷面临困难的直接原因，但也反映出一些深层次问题，可能持续增大金融稳定风险。,1
落实地方党政主要领导负责的财政金融风险处置机制， 强化地方党政风险处置属地责任，推动做好重点省份高风险机构数量压降工作。,1
（三）通胀压力进一步加大居民消费价格同比涨幅持续扩大。,0
二是全面实现券款对付结算方式。,0
开展定向中期借贷便利操作。,0
出口增速有所回升。,0
同时要严格汽车消费信贷管理，注意防范潜在的风险。,1
2011年上半年，在复杂多变的国内外宏观环境下，我国外汇净流入压力有所加大，外汇储备增长较快。,1
总体看，货币总量持续快速扩张，货币流动性增强。,0
劳动参与率连续四个月维持在62.6%，仍低于疫情前平均水平。,1
一是保持流动性合理充裕。,0
在实体经济和宏观政策分化的推动下，全球资本可能在更大范围和更大规模上进行重新配置，从而导致汇率走势和跨境资本流动方向多变、波动加大，这将对部分经济和金融体系较为脆弱的经济体形成压力，并增大有效实施宏观政策的难度。,1
要鼓励创新，拓宽助学贷款发放渠道。,0
高耗能行业固定资产投资明显下降。,1
银行家问卷调查显示，第三季度贷款需求指数为67.4%，较上季出现明显回落。,1
3、票据市场继续快速发展。,0
银行间债券市场功能的不断深化，得益于选择了正确的发展模式。,0
稳步推进跨境融资便利化试点、合格境外有限合伙人 （QFLP）外汇管理试点。,1
回顾历史可见，美国自上世纪70年代后期以来大体经历了7轮加息周期，有5次在加息期间或加息后出现了经济衰退。,1
货币市场利率有所回落，市场交易平稳有序。,1
市场利率定价自律机制建立健全。,0
如果欧盟国家不能及时落实已达成的共识以取信于市场，将加剧业已存在的主权债务危机、银行危机和经济下滑的恶性循环。,1
（三）票据融资增长放缓，利率小幅振荡票据承兑业务持续下降。,1
进出口价格降幅继续收窄。,1
第二产业占 GDP 比重提高，对 GDP 增长贡献扩大。,0
一方面劳动者报酬占GDP的比例偏低，国民收入分配向政府和企业倾斜。,1
一方面，各类金融机构要减少对同业业务的过度依赖，不能再走同业过度扩张和忽视风险管理的老路，做好自身流动性管理工作。,1
截至2020年三季度末，我国本外币绿色贷款余额已经超过11万亿元，位居世界第一。,0
三是取消了对商业银行信贷规划的约束。,1
行业结构调整稳步推进。,0
二是以 Shibor 为基准的金融创新产品成交活跃。,0
（三）票据融资持续下降票据承兑业务平稳发展，贴现业务持续下降，票据利率处于较高水平。,0
上半年，GDP 缩减指数（按当年价格计算的 GDP 与按固定价格计算的 GDP 的比率）变动率为1.1%，比上年同期回落1.3个百分点，比上季度回落0.6个百分点。,1
第三季度，居民消费价格（CPI）同比上涨2.9%，涨幅比上季度回升0.3个百分点。,0
继续完善做市商制度，提高债券市场流动性，为培育有效的收益率曲线夯实基础。,0
鼓励各商业银行从非公有制经济特点出发，改进信贷管理方式，开展金融产品创新，完善金融服务。,0
2023年末票据市场利率较上年末下降，全年呈先升后降趋势。,1
展望未来，国内文旅行业竞争力和影响力将进一步增强，要支持文旅业高质量发展，将其培育成国内经济支柱产业之一。,0
总体来看，当前我国经济发展进入新常态，发展条件和发展环境都在变化，而其核心是经济发展方式和经济结构的改变。,0
更为重要的是，要通过推进结构性调整和改革，进一步增强市场信心和经济的内生活力，促进经济持续健康稳定发展，并扩展金融资源有效配置的空间。,0
一是资产质量明显改善。,0
尤其是在现阶段直接融资渠道不畅、货币市场利率走低和商业银行竞争压力加大的情况下，企业和商业银行关注和运用票据融资业务有其必然性和合理性。,1
持续深化开发性、政策性金融机构改革。,0
继续做好风险差别费率实施工作，开展存款保险评级和费率核定，发挥差别费率的风险约束和正向激励作用。,1
灵活精准开展逆回购操作。,0
房价环比上涨的城市个数减少。,0
信贷结构持续优化。,0
近年来，随着我国经济转型升级和高质量发展，我国信贷增长与经济增长的关系趋于弱化。,0
第二，美国财政政策的不确定性将继续给美国和全球经济带来冲击。,1
（二）国际金融市场概况2014年以来，受主要经济体货币政策分化、地缘政治风险和国际油价大幅下跌等多种因素影响，全球金融市场波动较大。,1
资金支持政策实施进展顺利。,0
今年汽车销售市场进一步走旺。,0
利率衍生产品交易量快速增长。,0
境内外币贷款、大额存款（300万美元以上）的利率水平小幅波动。,1
推进中美审计监管合作。,0
二是旅客运输量和货邮运输量持续回升。,0
票据市场快速发展。,0
其中，欧元受惠誉突然下调葡萄牙主权债信评级、市场持续担忧欧洲国家的沉重债务负担影响，对美元一路走低。,1
受金融危机影响，欧洲部分经济体财政支出扩大，税收减少，财务状况持续恶化，这引发了市场对于主权债务违约的担忧，导致全球股市、汇市、债市以及大宗商品市场出现大幅波动，从而给全球经济复苏蒙上了阴影。,1
由于国民经济平稳快速增长，股权分置改革积极效应继续显现，投资者投资股票基金市场意愿明显增强，第一季度投资者开户数新增871万户，是2006年全年新增数的1.7倍，市场成交额和指数也均创出历史新高。,0
未来几个月受高基数等影响，CPI 将低位窄幅波动。,1
价格走势值得关注。,0
严格控制对高耗能、高排放行业和产能过剩行业的贷款，促进产能过剩矛盾化解。,1
2003年，国际金融形势仍然严峻，世界经济发展不确定性较大：一是区域政治局势动荡。,1
CPI持续保持在2%左右。,0
充分发挥市场机制的作用，对于严重过剩、没有效益、没有潜力的 “僵尸企业”和项目，通过市场出清减少扭曲和无效资金占用。,1
“债券通”五周年平稳高效运行。,0
对民营企业尤其是深度参与的新动能领域，金融资源投入明显加大，有力支持经济可持续发展和转型升级。,0
着力提高贸易投资便利化。,0
美国10年期国债收益率跌至四年新低，日本、德国国债收益率跌至零以下。,1
造成这种状况的主要原因是由于国际收支严重失衡，中央银行通过外汇占款渠道被动地向银行体系投放了大量基础货币。,1
我国货币信贷增长加快的主要原因：一是我国经济增长势头良好，工业生产提速，企业利润大幅增加，对贷款的有效需求增强。,0
一季度，主要新兴市场经济体仍维持较强的增长势头。,0
非食品价格和服务项目价格同比涨幅均比上半年有所提高。,0
居民收入增速已连续2个季度高于名义经济增速，个人所得税扣除标准提高、 存量房贷利率下调等政策持续显效，还将继续支持扩大居民收入，提升消费能力。,0
完善证券公司监管制度体系。,0
在全球总需求增长仍较缓慢和金融市场波动性增强的背景下，不少新兴市场经济体依然面临外需疲弱与跨境资本波动等潜在风险，存在调整与转型压力。,1
大规模、个性化的消费需求、持续升级的消费结构、交易成本下降以及互联网的普及是电子商务高速增长的重要推动力量。,0
欧元区重债国国债收益率持续攀升，西班牙10年期国债收益率数次超过7%的警戒线。,0
综观近五年中国物价的波动变化，中国的物价走势经历了正增长负增长正增长负增长正增长的历程。,1
针对金融深化和创新发展，进一步完善调控模式，疏通传导机制，通过增加供给和竞争改善金融服务，提高金融运行效率和服务实体经济的能力。,0
指导大型银行发挥“头雁效应”，提高小微企业贷款市场竞争性。,0
总体看，今年以来货币政策主动应对，靠前发力，增强前瞻性、精准性、自主性，金融服务实体经济质效不断提升。,0
推进中美审计监管合作。,0
第三季度全国城镇储户问卷调查结果显示：居民当期收入感受指数为50.3%，比上季回落1.8个百分点，居民消费意愿维持低位，储蓄存款意愿提高，投资意愿回落。,1
二季度以来，随着市场对部分欧洲国家主权债务危机恶化以及全球经济复苏前景的担忧加剧，避险需求上升，资金纷纷流向安全性高的国债市场。,1
继续通过改革增强市场机制的作用，完善货币政策传导机制，促进经济持续健康发展。,0
创新运用可持续发展挂钩债券、碳中和债券等产品，发挥金融对能源安全保供和绿色低碳转型的支持作用。,0
一是进一步便利出口企业收结汇。,0
（七）黄金价格震荡下行，交易规模保持增长黄金价格震荡下行。,1
2011年，钢铁行业生产呈现前高后低态势，总产量供大于求的格局没有根本改观。,1
结构调整取得积极进展，工业结构有所改善。,0
人民币对欧元、日元等其他国际主要货币汇率双向波动。,1
四是增强自主创新能力，培育自主品牌。,0
三是主要发达经济体加快加码收紧货币政策，国债收益率明显上行。,0
加息当日，国内外金融市场均受影响。,1
人民币汇率总体稳定，双向浮动弹性提升，外部金融风险冲击得到了有效防范。,1
加强市场基础性建设，为经济结构调整和转型升级提供高效的投融资市场。,0
债券市场规模稳定增长，利率水平总体下行。,1
欧元区财政和金融风险交替上升，增长前景不容乐观。,1
比如石油进口国的金融机构可能对石油出口国存在风险敞口，石油进口国的企业对石油出口国有大量投资，部分石油出口国囿于经济结构性问题在油价下跌时国内经济金融剧烈波动，增大国际经济和金融市场的不确定性。,1
但是由于欧洲复苏基础不牢，失业率高企，欧洲房地产业短期内将继续承压。,1
在慎言非常规货币政策退出的同时，已开始研究退出的策略与方式。,1
从国际环境看，发达经济体货币政策调整可能对全球经济、资本流动造成冲击，全球利率中枢可能会有所上行，同时地缘政治风险及不确定性也可能加大，国际金融市场近期波动也有所加大，我们仍将面临高度复杂多变的国际环境。,1
短期融资券市场稳步发展。,0
受外部需求增长趋弱等因素影响，国内市场需求将受到一定抑制。,1
固定资产投资缓中趋稳，基建投资增速回升。,0
伊拉克战争结束后，由于美国巨大的贸易逆差和财政赤字，美元持续贬值。,1
应该说，本轮经济回暖是供给侧结构性改革、简政放权和创新驱动战略逐步旧动能转换，持续改善人民生活和保障水平，不断提升基础设施支撑能力，都将继续为经济持续健康发展提供内生动力。,0
此后，能源价格高位波动，金属和农产品价格明显回落，铜、铝、锌等价格已回落至去年四季度水平。,1
互联网金融风险专项整治工作顺利完成，近5000家P2P 网贷机构全部停业。,1
总体来讲，美元贬值增加了全球经济的不确定性，在日本和欧元区等发达经济体同时陷入衰退之际，不利于世界经济整体复苏。,1
目前的融资体制和金融产品的格局， 不利于动员社会资金，也不利于商业银行信贷资产的安全。,1
从国际看，当前全球经济增长放缓，通胀仍处高位，地缘政治冲突持续，主要央行政策紧缩效应显现，国际金融市场波动加剧， 不稳定、不确定、难预料因素较多。,1
保障性安居工程信贷支持力度不断加强。,0
人民币贷款增长放缓。,1
（三）居民消费价格温和上涨居民消费价格同比温和上涨。,0
对外贸易总量萎缩，贸易逆差收窄。,1
加强对各类型投保机构的风险监测与核查，依法采取风险警示和早期纠正措施。,1
债券市场指数上行。,0
房屋销售价格继续回升。,0
近年来全球化遭遇逆流， 保护主义、单边主义上升，而疫情及其造成的经济衰退进一步强化了部分国家内顾倾向，国际环境日趋复杂，不稳定性不确定性明显增加。,1
受贸易政策带来不确定性等因素影响，美国股市出现较大幅度波动，国际主要股指波动下行。,1
今年4月末，金融机构超额备付金率平均高达7.0%，商业银行具有较强的贷款扩张能力。,0
坚持市场化、法治化处置风险，一些突出金融风险得到稳妥处置。,1
完善黄金市场制度体系。,0
总体看，利率市场化改革进一步深化并取得积极成效。,0
第三季度，食品价格同比上涨13.9%，涨幅比上个季度高1.4个百分点，拉动CPI上涨约4.2个百分点，其中，猪肉价格同比上涨48.6%，涨幅比上个季度高4.4个百分点，拉动CPI上涨约1.3个百分点；非食品价格同比上涨2.9%， 涨幅与上个季度持平，拉动CPI上涨约2.1个百分点。,0
主要经济体股市见顶后下跌。,1
（三）票据融资快速增长，利率震荡下行票据承兑余额增长较快。,1
货币市场利率运行平稳，波动幅度明显减小，季末小幅回落，总体略低于上年同期。,1
欧盟建立了欧洲系统性风险委员会，负责监测和评估系统性风险，实施宏观审慎管理。,1
随着产权制度改革稳步推进，可持续发展机制基本建立。,0
引导金融机构加强信贷调控，在年度内合理均衡放款，防止贷款过度波动。,1
票据市场利率总体平稳，呈先升后降趋势。,1
2011年第一季度，金融市场继续健康、平稳运行，市场流动性总体充裕。,0
但是，部分经济体实施的内顾型政策仍可能导致贸易投资保护主义抬头，一旦全球保护主义情绪进一步加剧，必将放缓甚至逆转国际政策协调和经济全球化进程，阻碍贸易自由化、资本和劳动力流动，并可能引发不可持续的政策，拖累全球生产率和经济增长，加剧金融市场动荡。,1
5、票据市场继续快速发展。,0
外汇市场交易主体进一步扩展。,0
受避险需求驱动，主要经济体的国债收益率震荡走低。,1
加大银行体系不良资产核销力度，分类施策补充中小银行资本。,1
针对金融深化和创新发展，进一步完善调控模式，疏通货币政策向实体经济的传导渠道，着力解决突出问题，提高金融运行效率和服务实体经济的能力。,0
（二）国际金融市场概况各主要货币汇率波动相对平稳。,1
房价上涨的城市个数增多。,0
2018年第三季度以来，按照党中央、国务院部署，中国人民银行继续实施稳健中性的货币政策，根据外部不确定性增大、经济下行压力有所加大的形势变化，有针对性地适时适度预调微调，加大金融对实体经济尤其是小微企业和民营企业的支持力度。,1
三是推动人民币国际化。,0
美国经济稳定复苏，恶劣天气的短期干扰逐渐消退。,1
“十四五”规划提出保持制造业比重基本稳定，这离不开金融的大力支持。,0
推动经济结构调整和转型升级、深化改革开放和防范金融风险方面的作用。,0
一是部分高耗能产品产量增幅回落。,1
美国股市创下 “9·11”以来最大跌幅，三大股指日跌幅均在3%以上；欧洲股市跌幅也超过3%；亚洲股市普遍下跌5%以上，俄罗斯更因油价暴跌引发股票抛售狂潮，监管部门被迫暂时中止股市交易。,1
受自身经济结构性因素制约、外部金融条件收紧、全球经济再平衡和地缘政治冲击等多种因素的影响，新兴市场经济体整体增长动能有所减弱。,1
在保持经济平稳增长的同时加快推进经济结构调整和转变发展方式，从中长期看有利于经济的健康可持续发展，有利于拓展经济长期增长的潜在空间。,0
三是低通胀环境也可能压缩货币政策空间。,1
2008年，世界经济受到“大萧条”以来最严重的国际金融危机冲击，形势复杂多变，高度的不确定性使各国政策制定者面临历史罕见的巨大挑战。,1
执行好差别化房贷政策，促进房地产市场健康平稳发展。,0
虽然部分行业产能增长较快及国际大宗商品价格有所回落，有助于抑制相关产品价格上升，但价格上行风险加大。,1
工业生产持续发展，装备制造和高技术制造业较快发展。,0
新兴经济体由于疫苗接种相对有限，疫情冲击较严重，被迫采取封锁措施，生产受阻，经济复苏放缓。,1
一是支持打造世界级港口群。,0
主要工业国家的股市将在第三季度强劲反弹和稳定性有所增强的基础上进一步活跃，但脆弱性依然存在。,0
灵活精准开展逆回购操作。,0
工业生产快速增长，企业效益总体良好。,0
（四）股票市场指数震荡下跌，成交量和筹资额同比增加股票市场指数震荡下跌。,1
GDP缩减指数持续上涨。,0
二是贸易摩擦与政策不确定性仍为显著风险。,1
全年看，票据融资波动较大。,1
一是经济、就业形势严峻。,1
主要发达经济体将在较长时间内维持宽松的货币政策，可能加剧跨境资本无序流动和金融市场动荡，影响全球金融稳定。,1
资金支持政策进一步落实。,0
企业库存管理水平提高。,0
新冠肺炎疫情发生以来，交通运输业受到巨大冲击。,1
人民币对国际主要货币汇率有贬有升，双向浮动。,1
消费平稳较快增长，投资缓中趋稳，贸易顺差收窄。,1
二是规范外资流入管理， 促进国内资本市场健康发展。,0
（二）国际金融市场概况主要货币间汇率宽幅波动，美元先强后弱。,1
围绕“创新、发展、规范、协调”四个方面，推动金融市场发展。,0
采取综合措施维护金融稳定，守住不发生系统性、区域性金融风险的底线。,1
房价上涨城市有所增加，部分城市涨幅扩大。,0
欧元区经济面临下行风险。,1
信贷结构持续优化。,0
同时，投资者按照净值申购、赎回产品，最终投资收益由申购日和赎回日的产品净值确定，产品管理人与产品的投资风险分离，风险由投资者自担，收益和风险更加对等，真正体现“卖者尽责、买者自负”的资管本质。,1
进一步加强对证券投资机构的行为规范。,0
城乡居民收入的稳步提高支撑了消费的持续增长。,0
近一年来，中国绿色金融蓬勃发展。,0
采取综合措施维护金融稳定，守住不发生区域性系统性金融风险的底线。,1
其次公房销售价格继续上涨，三季度的销售价格比去年同季上涨2.1%。,0
票据融资增长放缓，票据市场利率总体较为稳定。,1
进一步扩大金融业对外开放。,0
在我国外汇供给充裕的情况下，此类贷款具有明显的赚取人民币升值收益的特点。,0
6二是水资源供应能力整体偏低，利用效率不高。,1
国债收益率整体下行，期限利差小幅扩大。,1
受美联储连续加息、国际金融市场利率上升影响，境内外币贷款、 大额存款利率水平在波动中上升。,1
美国经济低速增长。,1
煤炭供应较快增长，资源开发与生态环境保护的矛盾日益突出。,1
2.煤炭行业长期以来，煤炭行业的发展有效满足了工业化、城镇化发展的能源需求，有力支撑了经济持续快速增长。,0
持续深化开发性、政策性金融机构改革。,0
如果预测结算货币相对于本币贬值，国内进口商可推迟进口，或要求延期付款；国内出口商可及早签订出口合同，收取货款。,1
五是有效防范系统性金融风险，维护金融体系稳定。,1
美联储加息后，墨西哥、智利、沙特等国跟随加息25个基点，以应对资本外流压力，其中墨西哥是2008年以来首次加息；为缓解外汇储备下行压力和资本外流风险，阿根廷宣布取消外汇管制措施，允许汇率自由浮动。,1
制造业不振，9月制造业PMI指数为50.3， 创14个月新低；通胀下行压力大，10月消费者调和物价指数同比上升0.4%，虽较9月份的0.3%有所上升，但扣除能源和食品价格的核心通胀率意外跌至0.7%，显示能源和食品价格疲软可能蔓延到广泛经济领域。,1
推动创业投资高质量发展。,0
三是金融风险隐患上升。,1
推动债券市场高质量对外开放。,0
保险业资产增速加快。,0
9月末，金融机构不良贷款余额（一逾两呆）比年初减少490亿元；不良贷款率比年初下降3.3个百分点。,1
六是有效防范系统性金融风险，切实维护金融体系稳定。,1
上半年，我国物价涨幅震荡走低，6月 CPI 同比降至0，7月短暂转负至-0.3%，主要是需求恢复时滞和基数效应导致的阶段性现象。,1
一是完善政策框架，强化协同发力。,0
当然，目前在结构上和局部领域，货币政策传导仍面临一些约束。,1
初级产品价格跌幅较大，投资品价格跌幅大于消费品。,1
继续深化大型商业银行改革，推动其不断完善公司治理，逐步健全现代金融企业制度，深化内部治理和风险管理，加快发展方式转型，提高创新发展能力和国际竞争力。,0
公开市场操作利率适当上行。,0
三是加强典型案例通报和宣传警示教育，震慑外汇违法违规行为。,1
不过，随着美欧量化宽松政策的实施，有可能释放出过剩流动性，加大跨境资本流动波动，推动大宗商品价格上涨，进而加大通胀上升的风险。,1
“高增长、低通胀、 适度货币供应”构成了我国当前经济增长的基本特征。,1
生产价格降幅收窄。,1
继续保持对违规资金的高压打击态势，加强对银行体系潜在风险监测和提示，开展对部分商业银行的专项检查。,1
民粹主义往往与民族主义、孤立主义、去全球化、贸易保护主义等紧密联系在一起，对于国际政策协调、贸易自由化、资本和劳动力流动等都可能产生较大影响，进而拖累全球经济增长并加剧金融市场动荡。,1
如果资产价格的波动并未给宏观经济带来通胀或通缩压力，则货币政策既不必也不应对这种资产价格波动作出反应；如果资产价格的波动预示将给宏观经济带来通胀或通缩压力，则货币政策应当作出反应，以缓解这种压力。,1
受美联储暂停加息和经济预期影响，伦敦同业拆借市场美元 Libor 在6月29日达到年初以来的高峰后开始缓慢下行。,1
一是政治不确定性和金融市场潜在风险对经济的负面影响仍不容忽视。,1
进一步便利跨境投融资。,0
引导金融机构提前做好转换工作， 避免 LIBOR 退出导致金融市场参考基准变化与发达经济体货币政策调整形成共振带来的风险。,1
投资需求依然旺盛。,0
货币市场利率维持较低水平， 交易量继续增长。,1
东京股市和伦敦股市也处于低迷之中。,1
对于全球而言，英国脱欧造成了金融市场动荡，其在一定程度上是“去全球化”思潮的反映，加大了全球经济下行风险和未来的不确定性。,1
大型国有银行改革基本完成，成效显著。,0
这些都有待于通过进一步完善人民币汇率形成机制，发展外汇市场、加强金融机构微观激励约束机制建设等逐步予以解决。,0
全球通货膨胀压力上升，各经济体央行在抑制衰退和遏制通胀间的选择变得更加艰难。,1
全球经济下行压力加大。,1
“日元套利交易”及平仓行为仍存在较大的不确定性，可能影响国际金融市场。,1
在地缘冲突加剧背景下，全球农业及粮食供应受到冲击，国际大宗农产品价格可能波动加大，我国维持粮食安全的难度进一步上升。,1
实施平均法考核的主要目的是提高金融机构管理流动性的灵活性和便利性，并非增强透支能力。,0
资本市场投资主体进一步丰富。,0
保障房贷款继续快速增长。,0
此外，资源性产品调价也在一定程度上推动了物价上涨。,1
（二）国际金融市场概况美元相对其他主要货币总体走弱。,1
优化碳减排支持工具的政策安排，建立健全绿色金融服务美丽中国建设工作机制，持续推动绿色债券市场高质量发展。,0
受经济衰退和债务危机影响，欧元区外围国家房地产市场仍无起色。,1
建立涉及多部门的异常外汇资金流动监管协调机制，加大对异常资金流动的监管力度。,1
四是利用再贴现工具调节中小金融机构流动性，鼓励其支持中小企业发展。,0
美国第四季度 GDP 同比下降2.5%，降幅较第二季度收窄6.6个百分点，较第三季度收窄0.4个百分点，全年 GDP 同比下降3.5%。,1
房地产开发资金充足，利用外资快速增长。,0
三是汽车出口保持快速增长。,0
分类别看， 食品价格上涨21.0%，拉动 CPI 上涨6.8个百分点，贡献率为85%， 是拉动 CPI 上涨的主要因素；居住类价格上涨6.6%，拉动 CPI 上涨1.0个百分点，贡献率为12.5%。,0
第二季度，外币贷款仅增加30亿美元，增长有所放缓，与商业银行外币存款增加较少、资金头寸存在制约有一定关系。,1
从国内情况看，各方面发展热情依然较高，投资需求较大，新开工项目计划总投资增速回升，在建项目数保持稳定，投资有望保持较快增长。,0
三季度我国经济明显回升，总体呈现恢复向好发展态势。,0
中西部地区外贸保持较强动力。,0
硅谷银行的风险处置相当迅速。,1
（三）居民消费价格涨幅回落，生产价格季度降幅扩大居民消费价格涨幅回落。,1
在资产负债表中，其资产端的国债和MBS、负债端的存款准备金迅速增加。,1
同时，新房开工数量持续下滑，9月新房开工数量延续了前两个月的跌势，达到81.7万户，同比下跌31.1%。,1
1-7月，规模以上纺织企业利润总额同比下降1.1%，但降幅有所收窄，分别比第一季度、上半年收窄1.0个和0.9个百分点。,1
银行间债券市场现券交易活跃。,0
农村信用社改革进展顺利。,0
房地产贷款增速持续回落。,0
进一步加强政策协调配合，优化政策组合， 充分运用有弹性的市场化手段，着力于体制机制改革和经济结构调整，加快转变经济增长方式，进一步提高经济发展的内生动力。,0
工业生产逐季稳步回升，企业效益持续改善。,0
近几年，各国有独资商业银行大力改革内部体制，提高管理水平，改善经营机制，取得了显著成效。,0
同时，着力于供给端，加速淘汰落后产能，完善汽车“僵尸企业”的退出机制， 禁止核准新建传统燃油汽车生产企业投资项目，严格控制现有汽车企业扩大传统燃油汽车产能。,1
完善系统重要性金融机构监管框架。,0
加强市场基础性建设，为经济结构调整和转型升级提供高效的投融资市场。,0
房地产价格持续上涨。,0
六是全力做好助学、农民工、民族地区等薄弱环节和弱势群体的金融服务。,1
从人民币存款部门分布看，住户存款平稳增长，非金融企业存款增速回升。,0
严格非标准化债权类资产投资要求，禁止资金池，防范影子银行风险和流动性风险。,1
二是市场担心主权债务危机可能向欧元区核心国家蔓延，西班牙、意大利等国的风险溢价骤升。,1
灵活操作，保持流动性合理充裕。,0
外汇市场快速发展。,0
Shibor 在利率衍生品交易定价中的作用进一步显现。,0
偿二代采用三支柱框架。,0
从还款情况看，81%的被调查者没有延期还款行为，15%的人因遗忘或临时出差等原因而延期还款；35%的被调查者提前还款， 其中10%因利率上升而还款。,1
特别是由于短期贷款期限在一年以内，商业银行年初投放的动力明显大于年底；而中长期贷款的季节波动相对较弱。,1
一是各项扶持政策落实到位，历史包袱有效化解。,0
下一步，要按照高质量发展要求，加快推动高技术制造业发展。,0
国债收益率整体下行，期限利差走扩。,1
2018年经济下行和社会信用收缩压力一度加大，信用收缩成为制约经济金融运行的主要矛盾， 重要原因之一是受到资本约束。,1
除欧央行外，丹麦央行、瑞士央行、瑞典央行也实施了负利率政策。,1
健全农村金融服务体系，做好巩固拓展脱贫攻坚成果同乡村振兴有效衔接的金融服务，保持对脱贫地区的金融帮扶政策总体稳定。,0
加强宏观审慎管理，强化对顺周期、跨行业、 跨市场风险及风险传染的分析研判。,1
此外，新兴经济体也可能再次遭遇负面溢出效应影响。,1
高质量发展阶段，评判经济发展不只是看经济增速， 评判金融支持也不能“唯信贷增量”。,0
英国通胀水平持续超过英格兰银行通胀目标，9月以来CPI同比涨幅保持在3%左右。,0
加快推进农村金融产品和服务方式创新，全面改进和提升农村金融服务。,0
坚持市场化改革与发展方向，坚持创新和监管相协调，推动多层次资本市场建设，着力提高金融服务实体经济发展的能力和效率。,0
国际收支平衡进一步理顺外汇供求关系，促进国际收支平衡，同时完善人民币汇率形成机制。,0
落实农村信用社分类激励措施。,0
防止资金“脱实向虚”、“以钱炒钱”以及不合理的加杠杆行为，引导资金支持实体经济。,1
房地产业是我国新的发展阶段的一个重要支柱产业，引导和促进房地产业持续稳定健康发展，有利于保持整个经济平稳较快增长。,0
美国司法部和国土安全部加强了打击网络侵权、窃取商业秘密的执法力度，并加强国际协作打击制贩非授权药品。,1
考虑到未来不确定性的增加及偏离预测值的上下分布不对称的影响，对GDP 增长预测的概率分布如下图所示。,1
对受疫情影响较大的批发零售、住宿餐饮、物流运输、文化旅游等行业，以及有发展前景但受疫情影响暂遇困难的企业，特别是小微企业， 不得盲目抽贷、断贷、压贷。,1
进一步完善上市公司股份减持制度。,0
这种影响可能跨越今明两年。,0
持续做好制造业和科技创新金融服务工作。,0
三是物价水平持续攀升。,0
（一）消费持续恢复，投资规模扩大，进出口较快增长居民收入持续增长，消费稳步复苏。,0
下一阶段如果国际金融危机继续深化， 则信贷仍需要一定力度的增长。,1
二是行业增加值实现快速增长。,0
从国际看，地缘政治冲突加剧，世界经济增长的不确定性上升，发达经济体利率持续高位，外溢风险仍可能通过汇率、资本流动、外债等渠道冲击新兴市场经济体。,1
债券现券交易量大幅上升。,0
在较为落后的生产方式影响下，我国农业增长主要依赖资源投入。,1
2011年，银行间市场国债收益率曲线总体呈现陡峭化下移走势。,1
美联储是典型的国际金融危机后实施非常规货币政策的发达经济体央行。,1
由于经济增长前景黯淡， 英国房价仍有下行压力。,1
二是低利率的环境促使投资者增持高风险、低流动性的证券，导致更大的风险敞口。,1
二是盘活存量、优化增量，支持经济结构调整和转型升级。,0
短期内，新冠肺炎疫情等因素可能对物价形成扰动，应继续密切监测分析。,1
生产价格降幅扩大。,1
积极推动重点区域、重点机构和重点领域风险处置和改革化险工作。,1
汇率作为本外币的比价， 具有商品和资产的双重属性，后者意味着汇率波动可能触发投资者“追涨杀跌” 的心理，导致外汇市场出现顺周期波动，进而扭曲与基本面相一致的合理市场供求，放大供求缺口。,1
总体看，改革完善 LPR形成机制已取得阶段性成效。,0
主要发达经济体货币政策长期宽松，边际效用递减，反而加重资产价格泡沫、贫富分化和债务负担等问题。,1
美元指数波动下行。,1
三是债券市场评级体系滞后。,1
另一方面，国内经济活力和信心也逐步增强，地方加快发展和扩大投资的热情较高，投资扩张动力较大。,0
债券市场指数有所上涨。,0
持续提升金融支持科技创新。,0
增长势头。,0
而前一段时期消费物价回落，也与铺张浪费活动受到抑制及疫病传播等特殊因素有关。,1
中国发展有巨大的潜能，新型城镇化、服务业、高端制造业以及消费升级有很大的发展空间，回旋空间也比较大。,0
Shibor 整体有所下行。,1
（四）股票市场指数震荡下行，成交量和筹资额同比减少股票市场主要指数回落。,1
同时进一步完善中国人民银行与各部门的合作机制，共同促进经济结构调整。,0
风险工作，切实维护金融安全和稳定。,1
五是再贴现余额逐月下降，再贴现工具基本淡出票据市场。,1
三是生产资料价格涨幅高于生活资料。,0
国有商业银行改革取得突破性进展。,0
保障性安居工程信贷支持力度不断加强。,0
然而一旦某个链条断裂或经济进入调整阶段，上述机制反向作用，企业资产成大量不良贷款。,1
未实现直接交易前，经济主体缺乏人民币对该货币汇率信息。,1
建立信贷资产央行内部评级操作规程，进一步完善试点各项制度。,0
美国一季度实际GDP增长高达6.1%，主要得益于房地产业的高速增长、库存的补充和政府支出的持续增加。,0
不过，在经济潜在增长率阶段性放缓的情况下，这种使用资金的传统理念也会带来一些负面影响。,1
完善保险公司资本补充机制。,0
（七）黄金市场量价齐升黄金价格强势反弹后震荡回落。,1
二是随着通货膨胀压力加大及银行利率上调，民间借贷利率逐步攀升，但涨幅低于金融机构利率涨幅。,0
地缘政治冲突一波未平一波又起，俄乌冲突已持续近两年，双方战事仍处于胶着状态，冲突正向长期化演进；巴以冲突再度爆发，中东地区局势更趋复杂，也会增加全球经济发展不确定性。,1
工业品价格呈现前期涨势平稳，后期涨幅明显扩大的态势。,0
各类债券发行利率均明显回落。,1
进一步便利跨境投融资。,0
七是健全金融风险预防、预警、处置、问责制度体系。,1
收入分配结构持续改善，农村居民人均可支配收入名义增速和实际增速均快于城镇居民2.1个百分点。,0
我国经济结构转型加快推进，要求信贷高质量投放。,0
全年工业生产者购进价格指数（PPIRM）同比下降2.2%，降幅比上年收窄1.4个百分点。,1
在结构调整的大背景下，经济存在阶段性下行压力，部分领域产能过剩问题较为突出，国际大宗商品价格保持低位，总体看物价涨幅低水平运行的概率较大。,1
货币市场利率维持低位，7天与隔夜品种利差收窄。,1
进出口降幅收窄，贸易结构优化。,1
货币市场交易活跃程度提升。,0
二是既要做好减法，也要做好加法，避免非理性收缩。,1
受德、法等国投资拉动，第一季度欧元区经济同比增长2.5%，但下行风险犹存。,1
促改革和防风险方面的作用。,1
总的说来，目前我国流动资金紧张主要是我国融资结构和企业资产负债结构不合理造成的，但这种不合理状况有其历史原因，并不是短期就能改变的。,1
但过度的套利交易可能对金融市场产生冲击，特别是大规模的套利交易平仓通常会引起全球资产价格剧烈波动，甚至引发区域性金融危机。,1
三是全球杠杆率进一步上升。,0
构建危机管理和风险处置框架，推进存款保险制度建设。,1
企业投资增长仍显乏力。,1
全球主要经济体增长放缓，美欧通胀回落速度不及预期，硅谷银行、瑞士信贷等事件引发金融市场剧烈波动，货币政策在物价稳定、 充分就业之外增加了对金融稳定的艰难权衡。,1
四是增大了经济运行的潜在风险。,1
六是有效防范系统性金融风险，切实维护金融体系稳定。,1
在建和新建项目过多，新的投资过热行业还在产生，投资增长与消费增长不平衡。,1
以创新驱动、高质量供给引领和创造新需求，加快形成以国内大循环为主体、国内国际双循环相互促进的新发展格局。,0
但是，经济运行中仍然存在着投资与消费关系不合理、 经济增长方式粗放、国际收支不平衡矛盾加剧、节能降耗和污染减排形势严峻等问题。,1
随着近几年“机器换人”进下行压力相叠加，吸纳就业能力有所下降。,1
但是，民间借贷游离于正规金融之外，存在着交易隐蔽、监管缺位、法律地位不确定、风险不易监控，以及容易滋生非法融资、 洗钱犯罪等问题，需要制定相应的法规予以引导和规范。,1
对外投资行业结构持续优化。,0
2018年第二季度以来，受贸易摩擦和国际汇市变化等因素影响，外汇市场出现了一些顺周期波动的迹象。,1
二是加大金融支持经济发展方式转变和经济结构调整的力度。,0
通过增发可以提高老券的流动性。,0
增强出口议价能力，提高出口产品价格。,0
提高数据透明度。,0
促改革和防风险方面的作用。,1
促改革和防风险方面的作用。,1
由于境外流动性头寸减持空间有限，年末外汇贷款增速有所放缓。,1
目前，金融机构存款活期化和贷款中长期化趋势明显，短存长贷使得金融机构资产负债期限结构错配加剧，应注意防范由此引致的相关风险。,1
物价水平温和上涨，下半年可能逐步回升。,0
当前外部环境复杂严峻，国内经济运行也面临新的困难挑战。,1
第一季度运用降准资金置换到期中期借贷便利，未对金融机构开展中期借贷便利操作。,0
引导金融机构针对疫情风险分区分级提供差异化金融服务。,1
全年人民银行监管的各类金融机构不良贷款减少990亿元，不良贷款比率下降3.9个百分点。,1
世界经济政治形势更加错综复杂，部分发达经济体财政政策、贸易政策、 货币政策存在不确定性，可能对全球经济、资本流动造成冲击，同时地缘政治风险仍然较大，国际金融市场波动性可能加大。,1
交通运输业投资快速增长。,0
总体看，我国经济运行有望持续整体好转，其中二季度在低基数影响下增速可能明显回升，为顺利实现全年增长目标打下坚实基础。,0
今年以来受多种因素影响，我国经济面临下行压力，基础设施建设投资也是稳定宏观经济的重要手段。,1
（五）大力培育和发展金融市场积极发展直接融资，改善金融资产结构。,0
降准有利于加大货币政策逆周期调节力度，向社会释放稳经济的强烈信号，提振各方面发展信心，推动经济持续回升向好。,0
证券投资基金发展较快。,0
受产能释放和下游行业需求减缓因素影响， 钢铁市场价格出现大幅波动。,1
此外，爱尔兰、丹麦、西班牙等欧洲其他国家的房价也出现较大幅度的下跌。,1
一季度国际金融市场动荡加剧。,1
贸易摩擦带来的不确定性及对全球供应链的影响逐渐显现，企业选择推迟投资决策或考虑调整供应链，部分供应链上下游国家面临外部需求放缓等冲击，全球金融市场亦随着贸易摩擦局势的紧张、缓和而呈现震荡态势。,1
受固定资产投资持续快速增长拉动，金融机构基建贷款等中长期贷款继续多增。,0
第三季度，随着债务危机影响的逐步消退和美国通过金融监管改革法案、欧洲公布银行压力测试结果， 欧美股市震荡回升。,1
南非经济仍较低迷，失业率居高不下。,1
推动市场创新，丰富债券市场产品和层次，更好地满足投资者需求。,0
进一步督促金融机构健全内控制度，增强自主合理定价能力和风险管理水平，从提高金融市场深度入手继续培育市场基准利率和完善国债收益率曲线，不断健全市场化的利率形成机制。,0
但如果受最终消费需求的约束，初级和中间产品的价格上涨无法传导到最终产品，就会形成某些行业或某些生产环节的生产能力过剩， 最终导致通货紧缩和萧条。,1
全国房屋竣工面积为5.1亿平方米，同比下降9.8%，降幅较上半年收窄4个百分点。,1
当前，我国已转向高质量发展阶段，继续发展具有多方面优势和条件。,0
二是如何提高沟通的有效性？,0
（四）股票指数振荡下跌2008年以来，受市场信心明显不足影响，股票市场大幅波动，成交量明显萎缩。,1
近期企业反映的流动资金紧张问题与投资规模过大密切相关。,1
（五）保险业资产增长有所放缓保费收入高速增长。,1
继续深化大型商业银行改革，持续改进金融服务方式，不断提高金融服务品质，切实履行大型商业银行的社会责任。,0
进一步完善债券市场法制，加强信息披露要求和中介机构监管。,0
货币政策在保持流动性合理适度的同时，也更加注重抑制资产泡沫和防范经济金融风险。,1
这种变化与资本市场波动较大、上年结构性加息政策以及货币信贷调控从紧等因素存在一定关系。,1
当前投资快速增长，主要是财政较多的投入和银行资金的及时配套，拉动了基本建设的快速增长。,0
稳妥有序推进包商银行风险处置。,1
货币政策方面，美联储“缩减购债-加息-缩表”的政策转向路也已宣布放缓购债速度，发达经济体货币政策普遍转向。,1
总体看，造成目前部分行业利润减少或亏损的原因是多方面的，其中价格扭曲是一个重要因素。,1
提前筹划、稳妥应对疫情冲击下未来银行业不良贷款上升风险。,1
总体上，当前国内形势有利于我国经济的平稳健康发展。,0
进一步完善债券发行定价机制，规范债券发行管理。,0
消费需求有望加快。,0
2024年四季度以来一揽子增量政策效果逐步显现，生产、 需求、物价、收入、预期等主要指标呈现出积极变化；促进房地产市场止跌回稳的政策组合拳也在显现成效，市场成交趋于活跃，房价逐步回稳，带动市场预期和相关行业好转；新动能领域加快培育，高质量发展动能增强，R&D 经费投入强度进一步提高。,0
同时加强对市场的预测， 防范金融风险。,1
二是企业面临偿付能力不足的问题，可能引起破产潮、降级潮。,1
另一方面，建的“防火墙”，避免表外业务风险的跨市场、交叉性传染。,1
新兴经济体货币政策分化。,0
前三季度，票据市场利率总体下行。,1
美伊战争爆发前，受战前形成的种种不确定性和不利预期影响，全球股市普遍持续下跌。,1
二是国内需求具有较大改善潜力。,0
二是土地市场不健全，圈地炒地行为泛滥。,1
继续完善做市商制度，提高债券市场流动性，为培育有效的收益率曲线夯实基础。,0
但下行风险仍然存在。,1
三是完善个人外汇管理。,0
欧洲债务危机进入了一个相对稳定的阶段。,1
3月末，货币乘数（广义货币供所减弱。,1
持续稳慎推进人民币国际化，深化对外货币合作，发展离岸人民币市场。,0
大部分新兴经济体保持较强的增长动力。,0
同比增速为可比口径数据，为年增速。,0
深化利率市场化改革，疏通利率传导机制，促进综合融资成本下行。,1
持续提升小微企业金融服务质效。,0
三是科技创新成为新亮点。,0
此外，国内直接融资发展加快，资金供给的约束趋于减弱。,1
二是目前表外理财业务虽名为“表外”，但交易的法律关系还不够明确， 未真正实现风险隔离，存在监管套利等问题。,1
房屋销售价格同比涨幅持续回落，但仍保持较高水平。,0
在 WTO 等国际框架下健全农业绿色发展的支持政策，加快构建可持续的农业绿色发展金融服务体系。,0
受欧元区内债务问题困扰，欧元在年初兑美元快速贬值， 胀压力上升、加息预期强化，欧元兑美元汇率走高。,1
（二）债券市场交易活跃，债券发行规模稳步增长银行间债券市场现券交易活跃。,0
一方面，为应对汇率贬值、资本外流和通胀压力等问题，多个经济体逐步收紧货币政策。,1
引导汽车消费信贷健康发展。,0
印度经济保持较快增长，第一季度 GDP 增长6.1%，但也面临银行坏账率较高、私人投资疲软等挑战，改革效果也有待观察。,1
资产购买规模频繁大幅扩容，还面临新政府要求进一步加码的压力，这已接近于无限量宽松。,0
欧元区经济稳步增长。,0
随着贷款市场利率整体下行，银行发放贷款收益降低，为了保持和资产收益相匹配，银行会适当降低其负债端成本，高息揽储的动力也会随之下降，从而引导存款利率下行。,1
鼓励金融机构创新组织、机制、产品和服务模式，支持农业适度规模经营和新型农业经营主体发展。,0
煤电油运生产快速增长。,0
全年，美联储公布的美元广义贸易加权指数累计贬值2.4%。,1
（四）股票市场指数整体下行，股票融资有所减少股票市场指数整体下行。,1
国债收益率上扬的主要原因是经济前景看好，同时市场对通货膨胀预期较一季度有所上升。,0
深化资本市场体制机制改革，促进资本市场稳定健康发展。,0
钢材市场价格波动较大。,1
（一）主要经济体经济和金融市场概况经济增长明显放缓。,1
比如说， 存款收益看似低于当前平均的理财收益率，但它是存款人确定可以获得的收益率；资管产品的收益率是不断变动的，投资风险大于存款，其相对较高的收益率是通过承担价格波动风险换来的。,1
新兴市场经济体金融市场总体稳定， 股指有所上涨。,0
推动市场创新，丰富债券市场产品和层次，更好地满足投资者需求。,0
在外部经济环境复杂多变、市场预期有所波动的情况下，公开市场操作加强与其它货币政策工具的协调配合，保持操作利率大体平稳，有效引导市场预期。,1
科技创新能够催生新产业、新模式、新动能，当前推动经济高质量发展，核心是要提高全要素生产率， 科技创新是关键。,0
煤炭生产稳步回升，煤炭价格打破平稳态势开始上涨。,0
日本央行为了刺激经济复苏实行了长达5年的超宽松货币政策。,0
7、8两月，随着加息预期减弱，贷款利率总体较为平稳。,1
当前经济稳定增长的基础尚不稳固，增长对投资和债务的依赖仍在上升，高投资模式以及资源过度向房地产等领域集中，容易导致债务水平上升， 并可能对其他经济主体特别是中小企业形成挤出，加剧融资难、融资贵问题，结构性问题也使总量政策的效果受到影响。,1
6月19日会议宣布维持联邦基金利率目标区间不变，继续维持国债月度减持上限在150长动能趋弱，下调通胀预期。,1
分城乡看，城镇消费增速快于乡村，增速差距基本保持稳定。,0
新冠肺炎疫情暴发后，餐饮业受到较大冲击。,1
继第一季度多次震荡后，股票市场从第二季度开始快速下行，第三季度在波动中有所回升。,1
做到按需求合理均衡安排贷款计划，使资金约束与资本约束、风险约束、回报约束相结合。,1
在全球经济格局再平衡调整进程出现显著分化的大环境下，地缘政治风险和摩擦也进一步加剧。,1
第一季度，洲际交易所布伦特原油期货当季平均价格比上年同期下跌48.9%， 比上个季度下跌28.5%。,1
加大对有市场发展前景的先进制造业、战略性新兴产业、现代信息技术产业和信息消费、劳动密集型产业、服务业、传统产业改造升级以及绿色环保等领域的资金支持力度。,0
2015年以来，全国商品房销售面积同比增速持续回升，并于6月份由负转正。,0
房地产开发投资增速回升。,0
策在未来几年将逐步淡出。,1
加大对事关全局、带动性强的重大项目和战略性新兴产业、节能环保、文化传媒、现代服务业、高端制造业、自主创新、农田水利建设等的金融支持，满足铁路等国家重点在建续建项目的资金需求。,0
保持政策的连续性和稳定性，提高政策的前瞻性、灵活性和针对性。,0
地缘政治存在较大不确定性。,1
亚洲新兴经济体随着内需和外需进一步改善，复苏势头明显。,0
三大攻坚战开局良好， 供给侧改革深入推进，改革开放力度加大，人民生活持续改善，保持了经济持续健康发展和社会大局稳定，经济增长具有潜力和韧性。,0
收入分配结构持续改善，城乡居民人均收入比缩小。,0
工业生产增长放缓，企业利润增速回落。,1
完善上市公司退市制度，推动上市公司健康发展。,0
（四）完善保险市场基础性制度建设建立健全保险机构独立董事制度运行机制。,0
目前存贷款基准利率和市场利率“两轨”并存，存在存款“搬家”现象，一定程度上推动银行负债短期化、 同业化，资金稳定性下降，成本上升。,1
但另一方面，投资率偏高、消费率偏低也会给经济带来一定的负面影响。,1
保持普惠金融较强支持力度。,0
1.房地产行业2009年前三季度，全国商品房销售快速增长，房价回升，房地产开发投资增速逐步提高，金融机构房地产贷款增速随之上升。,0
新的双引擎结构将对未来经济的持续健康发展和保持就业稳定形成支撑。,0
在全球总需求增长缓慢的背景下，许多新兴市场经济体仍面临外需疲弱与跨境资本波动等潜在风险，存在经济调整与转型压力。,1
前三季度，进出口总额为17.5万亿元，同比下降1.9%，降幅比上半年收窄1.7个百分点（以美元计价，进出口总额为2.7万亿美元，同比下降7.8%，降幅比上半年收窄1.2个百分点）。,1
工业生产增速有所回升，企业经济效益有所下降。,0
但从中长期看，大体也是围绕央行政策利率波动的。,1
重点是大幅放宽银行、证券、保险业的市场准入，提前至2020年不再设股比限制，并大幅扩大业务范围；进一步便利境外机构投资者投资银行间债券市场等。,0
（三）主要经济体货币政策主要发达经济体货币政策分化有所减缓。,1
采取综合措施维护金融稳定， 守住不发生系统性、区域性金融风险的底线。,1
-5 -15 -25 -35 （二）农业生产稳定发展，工业生产增速回落第一、三产业增速略有提高。,0
城乡居民收入的稳步提高支撑了消费的持续增长。,0
二是防范保险机构激进投资和投资过于集中的风险。,1
严格执行差别化信贷政策，限制信贷流向投资投机性购房。,1
（七）黄金市场运行平稳黄金价格整体呈震荡走势。,1
支持房地产平稳健康发展。,0
各类债券发行利率均明显回落。,1
投资过热常常伴随着信贷过热，过热之后往往是大量不良资产形成和经济增长速度大幅下降。,1
但经济运行中依然存在着固定资产投资增长过快、对外贸易结构性矛盾突出等问题。,1
例如，亚洲金融危机后，韩国加强部门协调和数据整合，建立了跨境资本流动监测预警体系，有助于及时防范和化解金融风险。,1
这一方面需要密切关注国际形势发展变化， 及时应对重大变化，另一方面也需要进一步加快以扩大消费内需为核心的经济结构调整步伐，提高经济发展的质量和水平，采取有效措施拓展国内市场空间，改善市场交易和发展环境，增强经济发展的协调性、可持续性和内生动力。,0
主要发达经济体股市大幅上涨，多数新兴市场经济体股市波动性加大。,0
第三季度以来，中国经济下行压力较大，价格涨幅保持低位，外汇占款变化、美联储加息预期等不确定因素有所增多。,1
能源价格震荡下跌， 但同比降幅明显收窄；扣除能源的工业消费品价格同比降幅略有扩大；旅游、教育、医疗保健服务价格走势有所分化，服务价格小幅回落；非食品价格同比上涨0.4%，涨幅与上年基本持平。,1
但需注意的是，新兴经济体需求增长尚不足以弥补发达经济体的需求缺口，未来全球增长速度在较长时期内还难以恢复至危机前水平。,1
进一步发挥开发性金融作用，支持棚户区改造。,0
此外，相关政策支持力度不足，存在优化空间， 如商业养老保险税收优惠政策有待进一步完善，为养老保障第三支柱发展提供更强的激励。,0
二是需求改善仍有空间。,0
短期内，新冠肺炎疫情等因素可能从供求两个方面继续对物价形成扰动，应保持密切监测分析。,1
金融机构超额准备金率为2.1%。,0
对外投资行业结构持续优化。,0
第三季度，食品价格同比上涨5.3%，涨幅比上个季度高1.3个百分点，拉动 CPI 上涨约1.7个百分点；非食品价格同比上涨1.6%， 涨幅与上个季度持平，拉动 CPI 上涨约1.1个百分点。,0
非常规政策在危机救助过程中发挥了重要作用。,1
落实好《推动数字金融高质量发展行动方案》，推进金融机构和金融产品服务数字化转型。,0
日本信用评级被调低，经济复苏前景仍待观察。,0
通过加强自律促进市场规范健康发展。,0
进一步扩大金融业对外开放。,0
煤电油运生产明显回升。,0
银行间债券市场指数小幅下行。,1
期货市场对外开放进一步扩大。,0
短期影响因素主要包括以下方面：一是财政在央行存款的波动。,1
从供给面来看，一是鼓励企业恢复投资、扩大产能，促进中小企业发展。,0
居民工资性收入稳步复苏，农村居民收入增速高于城镇居民。,0
培育机构投资者，丰富投资者类型。,0
六是完善大众创业万众创新金融服务，大力发展普惠金融。,0
但财政整顿的不确定性，尤其是民主、共和两党在“债务上限”问题上仍存较大分歧，且中期财政调整方案迟迟不能出台，导致企业持币观望，可能拖累经济复苏。,1
开展常备借贷便利（SLF）操作。,0
生产价格降幅收窄。,1
继续加强资本市场基础制度建设，更好保护投资者利益，促进资本市场平稳健康发展。,0
第四，区别对待、分类管理。,0
和增强竞争改善金融服务。,0
货币市场回购交易活跃。,0
灵活开展公开市场操作。,0
当然也必须看到，经济运行中还存在不少老矛盾和新挑战。,1
欧元区经济出现企稳迹象。,0
健全系统性金融风险监测评估框架， 不断完善银行业、证券业、保险业、金融市场风险监测。,1
三是产权制度改革进展顺利。,0
金融市场产品创新不断推出，市场制度性建设获得较大进展，运行机制进一步完善。,0
（七）黄金价格整体震荡下行2013年，黄金市场价格震荡下跌。,1
资源价格改革是建设节约型社会、实现经济可持续发展的迫切需要，也是提高货币政策有效性的迫切需要。,0
此市的大项目，易偏离“三农”服务方向。,1
四是欧央行和各成员国央行共同分担所持部分资产风险。,1
2007年4月4日，美国新世纪金融公司申请破产保护，标志着次贷危机正式拉开帷幕。,1
（二）国际金融市场概况主要国际货币间汇率宽幅震荡。,1
货币市场利率在波动中明显回落，但总体利率高于上年同期水平。,1
但从第二季度开始，在制造业和服务业保持扩张势头、消费增速回升、房地产市场回暖等因素的共同驱动下，经济出现明显反弹。,0
增强公开市场操作利率弹性。,0
贷款加权平均利率下降，企业贷款利率继续下行。,1
强化正向激励机制，促进金融结构调整优化，提高金融结构的适应性，在服务经济结构转型升级的同时增强金融体系的韧性。,0
2004年5月以后，我国粮食价格基本保持平稳，同比涨幅稳定在32%左右，影响 CPI 上涨1个百分点； 但肉禽及其制品价格开始“补涨”，涨势高于粮价，创近年新高。,0
进一步提升贸易投资便利化水平。,0
GDP 缩减指数继续上升。,1
三是完善互联网保险监管。,0
国民经济运行总体平稳，生产稳定增长，需求持续恢复，就业物价总体稳定，居民收入持续增加，新动能加快成长，高质量发展取得新进展。,0
六是将反腐治乱与风险处置紧密结合。,1
房地产贷款新增额占各项贷款新增额的18.3%，比上半年低1.4个百分点，比上年全年水平低8.6个百分点。,1
三是出口仍具有较强竞争力。,0
二是银行卡受理环境持续改善。,0
月美国成屋销售环比下降1.5%，连续11个月环比负增长。,1
债券市场指数略有上涨。,0
这类理财产品银行不承担信用风险，投资风险由客户自行承担。,1
主要经济体国债收益率普遍上行。,0
从供给看，疫情已覆盖全球价值链的大部分重要节点，导致生产停滞、产业链中断。,1
本次改革将优化统一注册制制度安排，覆盖各类公开发行股票行为，对完善资本市场功能、落实创新驱动发展战略、更好服务高质量发展具有重要意义。,0
（七）黄金交易规模增长，价格保持震荡黄金价格整体呈现先抑后扬走势，整体仍然保持震荡格局。,1
第二季度日本实际GDP下跌2.1%，跌幅较前两个季度略有收窄。,1
长期以来，货币政策在理论上始终受到“零下界”约束。,1
财政整顿滞后带来的政策不确定性影响了投资和消费的持续增长，经济复苏不稳。,1
一是新能源装机规模快速增长。,0
总体看，货币供应量增长呈回落态势。,1
2019年，在综合运用降准、定向降准、中期借贷便利（MLF）等工具投放中长期流动性的基础上，中国人民银行以7天期逆回购为主灵活开展公开市场操作，进一步提高操作的前瞻性、针对性和主动性， 保持流动性合理充裕。,0
另一方面，2008年国际金融危机以来，各经济体对货币政策过度依赖，而急需的结构性改革措施却迟迟难以落实。,1
5月份，随着市场资金趋紧和紧缩预期增加，国债价格下降，国债收益率曲线整体小幅上移；6月份，受国内外环境不确定性增加影响，市场投资行为谨慎，国债收益率曲线较大幅度上移。,1
为进一步维护资本市场稳定运行，增强资本市场内在稳定性，提振市场信心，巩固和增强经济回升向好态势， 人民银行设立股票回购、增持再贷款，引导金融机构向符合条件的上市公司和主要股东提供贷款，推动上市公司积极运用回购、股东增持等工具进行市值管理。,0
股票市场筹资额大幅减少。,0
聚焦重点支持群体和重点企业，创新开展多种形式的政银企对接活动，提高融资对接有效性、精准性。,0
全球经济增长面临的下行风险有所增加，但总体仍保持平稳增长。,1
三是表外融资有所恢复。,0
外币贷款增长放缓。,1
四是保持高压态势打击地下钱庄，联合多部门合力打击外汇违法违规行为，加强典型案例通报和宣传警示教育。,1
全球经济复苏仍较缓慢，难为新兴市场经济体提供强大的外部需求，美联储退出量化宽松政策步伐的不确定性以及投资者对于新兴市场经济体基本面的担忧可能引发金融市场动荡、资本外流和汇率无序调整，加之国际金融危机以来，部分新兴市场经济体出现私人和公共部门杠杆率攀升、银行信贷规模过快扩张、宏观经济失衡加剧等问题，在外部环境趋紧的背景下，将使其承受更大压力。,1
欧元区经济恢复的势头要弱于和滞后于美国。,1
创业板指数有所下行。,1
夏粮丰收， 农业生产形势较好，工业生产增速回升。,0
从国际环境看，贸易摩擦给未来出口形势带来较大不确定性，可能造成外需对经济的边际拉动作用减弱，还可能冲击投资者情绪，加剧金融市场波动。,1
针对新冠肺炎疫情造成需求不足、消费减少、企业经营困难、就业压力增大等问题，加大宏观政策逆周期调节力度，坚定实施扩大内需战略，统筹推进疫情防控和经济社会发展工作。,1
二是委托贷款降幅收窄，3月份未贴现银行承兑汇票环比多增。,1
二是行业具有一定的行政垄断、市场竞争不完善等问题，制约了行业发展活力。,1
截至8月初，美国已有30余家次级抵押贷款公司停业。,1
农村信用社改革进展顺利，成效显著。,0
提高保险公司透明度。,0
英格兰银行两次降息，把利率从4%降至3.5%，降幅为0.5个百分点。,1
调整的功能注重发挥再贴现支持扩大“三农”和中小企业等薄弱环节信贷投放的引导作用。,1
房价同比上涨的城市个数明显增加。,0
行业小钢铁、小水泥等死灰复燃。,1
欧元区经济稳步增长。,0
此后，受美国经济增速放缓、新一轮量化宽松的货币政策实施等因素影响，Libor 开始震荡下行，12月31日年期 Libor 降至0.78%，比年初下降0.20个百分点；欧元区同业拆借利率 Euribor 受欧洲主权债务危机等因素影响震荡上升。,1
经过改革，三家银行的资本充足率、资产质量和盈利能力等财务指标较改制前有显著改进， 财务状况明显好转。,0
资金实力明显增强。,0
二是欧元区经济复苏前景不明。,0
党的十六届三中全会进一步明确了社会主义市场经济的发展方向，为经济可持续发展增添了新的动力。,0
但未来仍面临许多不确定性因素，复苏将是一个缓慢、曲折的过程。,1
一旦难以募集到后续资金，可能会发生流动性紧张，并通过产品链条向对接的其他资产管理机构传导。,1
随着我国转向高质量发展阶段，发展方式转向更多依靠创新驱动，实体经济发展所需要的货币增速应与名义经济增速更趋适应，以适度的货币增长支持高质量发展。,0
（二）完善证券市场基础性制度建设一是改革和完善新股发行体制。,0
金融体系风险不容忽视。,1
境内外币贷款、大额存款（300万美元以上）的利率水平小幅波动。,1
在人民银行及时通过公开市场业务调控下，货币市场遭遇的临时性外部冲击没有造成持续的负面影响，保持了货币市场利率水平的平稳运行。,1
地震、海啸及核泄漏对日本经济复苏造成严峻挑战，公共债务问题堪忧。,1
日本央行加码量化宽松近8万亿日元。,0
我国已成为世界第二大经济体，经济韧性好、回旋空间大，经济运行的稳健性强。,0
二是美国财政整顿的政治僵局、持续疲弱的住房市场及不断恶化的金融状况将可能持续抑制美国的复苏势头。,1
此外，部分商业银行面临降低不良贷款率的压力，存在用新增贷款稀释不良贷款的动机。,1
加快货币市场基准利率体系建设，努力提高金融机构风险定价能力和水平。,1
但受日本经济疲弱的拖累，房地产价格持续走低。,1
持续推动债券二级市场发展，优化交易、清算、结算等相关安排，完善做市商制度等市场化评价体系建设，提升债券市场流动性，并推动完善会计、审计、 税收等方面的配套政策，创造更加友好、便利的投资环境。,0
尽管近期由于食品价格的上涨，居民消费价格上涨幅度较大，但加快推进资源环境价格改革有利于扭转经济发展过于依赖资源和能源消耗的局面，有利于促进节能减排工作的顺利开展，有利于缓解贸易顺差， 因此总体看有利于实现经济可持续发展，应坚定不移、积极稳妥地推进。,0
近年来，三大攻坚战取得关键进展，供给侧结构性改革继续深化，经济增长保持韧性，就业形势总体稳定，居民收入稳步增长，人民生活持续改善，保持了经济持续健康发展和社会大局稳定。,0
发展票据市场应与拓宽企业融资渠道、改善金融服务、促进商业银行转变经营方式、健全社会信用制度和完善货币政策传导机制的需要相适应，在发展中规范，以规范促发展。,0
第三季度随着通货膨胀预期减弱和中央银行合理把握宏观调控力度、节奏，市场利率稳中小幅回落。,1
继续培育市场基准利率和完善国债收益率曲线，健全市场化的利率形成机制。,0
外商直接投资增速有所下降。,0
三是持续深化小微金融服务。,0
四是加强跨境资金均衡管理和风险防范。,1
2025年，地缘政治局势仍有较大不确定性，多国面临财政与债务风险，全球贸易和投资增长存在制约。,1
包括：金融机构资本充足率，金融机构不良贷款比率，金融机构内控机制状况、发生重大违规及风险情况，金融机构支付能力明显恶化及发生可能危害支付系统安全的风险情况。,1
进一步发挥信贷资产证券化盘活存量的积极作用，推动经济提质增效和转型升级。,0
从国际环境看，全球经济仍处在百年社会领域的“黑天鹅”事件还可能较多，民粹主义和逆全球化的影响极度宽松货币政策环境下逐渐积累的全球资产泡沫也有内在调整的压力，我们仍将面临一个高度复杂多变的国际环境。,1
跨境人民币业务制度进一步完善。,0
日本房地产价格走跌。,1
2005年，金融市场继续保持健康平稳运行，货币市场交易活跃， 流动性充足，债券品种进一步丰富，企业海外融资较多，金融市场制度性建设取得重大进展。,0
盘活低效占用的金融资源，提高资金的使用效率， 虽然不会体现为贷款增量，但同样能为经济高质量发展注入新动力。,0
更好地服务实体经济发展。,0
进一步督促金融机构健全内控制度，增强自主合理定价能力和风险管理水平，从提高金融市场深度入手继续培育市场基准利率和完善国债收益率曲线，不断健全市场化的利率形成机制。,0
第一季度，中国人民银行综合运用中期借贷便利（MLF）、常备借贷便利（SLF）等货币政策工具，进一步增强央行流动性管理的灵活性和有效性，维护流动性合理充裕。,0
强化外汇形势监测预警和管理。,1
从消费品和服务分类看，消费品价格涨幅大于服务价格涨幅。,0
本季度日本的出口、政府支出以及投资出现了微弱增长。,1
本币互换的实施标志着中国人民银行与其他货币当局的货币合作迈上了新台阶，并为未来进一步开展与其他当局的货币合作奠定了基础。,0
持续推进外汇管理“放管服”改革。,0
各部门负债一般指通过金融市场或金融机构形成的负债。,1
出入境旅游业的恢复较为迅速。,0
四是鼓励金融创新。,0
财政支出放缓。,1
（三）完善证券市场基础性制度建设进一步完善上市公司内幕信息管理制度。,0
一是深入推进金融精准扶贫。,0
三是推动建立“银行业联盟”，提振市场对银行业信心。,0
持续做好支持民营经济发展壮大的金融服务， 推动畅通民营企业信贷、债券、股权融资渠道。,0
要保持必要的调控力度，巩固和加强前期调控成果，进一步巩固经济发展的良好势头。,0
居民消费价格（CPI）比上年下降0.7%，较上年低6.6个百分点。,1
进一步推进汇改，完善有管理的浮动汇率制度，是根据我国国情和发展战略作出的选择，符合完善社会主义市场经济体制的改革方向和我国长远、根本的核心利益。,0
（五）大力培育和发展金融市场建立多层次市场体系，加快发展直接融资，推动债券市场发展， 依靠市场主体的积极性和创造性，以金融产品创新为重点，加强市场基础建设，完善市场功能。,0
进口增速较快，主要是由于国内需求旺盛及进口价格快速上涨所致。,0
鲜菜价格3月环比反季节上涨6.1%，是导致3月份 CPI 食品价格涨幅止跌回升的重要因素。,0
（七）行业分析1.房地产行业全国商品房销售加速回暖，70个大中城市中房价上涨城市数量增加，房地产开发投资增速回升，房地产贷款增速略有上升。,0
改革煤炭价格定价机制是转变经济增长方式、促进节能减排和区域经济协调发展的客观要求。,0
三是国内季节性购汇需求扩大外汇供求缺口。,1
财政赤字占 GDP 的比重从一季度的4.3%上升到二季度的4.5%。,1
劳动力市场的恶化不仅体现在失业率上升，也体现在工作时长下降。,1
绿色保险理念也在不断普及。,0
继续加强金融市场基准利率体系建设，引导金融机构加强利率定价机制建设，积极探索进一步推进利率市场化的有效途径。,0
债券市场产品创新和机制创新不断推进。,0
新兴经济体货币政策分化。,0
由于石油价格上涨和本币贬值导致通胀压力加大， 为应对墨西哥比索汇率贬值、资本外流和国内通胀压力等问题，墨西哥央行全年四次上调隔夜银行间利率目标共100个基点至8.25%。,1
进一步提高贸易投资便利化，支持涉外经济发展。,0
近年来，随着我国经济持续快速增长，民间资金日渐充裕，同时民营经济、 中小企业发展迅速，各类市场主体资金需求旺盛，在金融机构信贷规模不断增长的同时，民间借贷市场亦日趋活跃。,0
贷款加权平均利率处于有统计以来低位。,1
跨国外包，是指跨国公司将生产或服务的一部分转移到人工成本更低廉，赋税更低，企业负担的其它成本也更低的其他国家或地区。,1
全球通货膨胀水平仍然维持在较低水平，通货紧缩压力虽局部有所缓解，但总体形势还难有较大的起色。,1
2020年以来，新冠肺炎疫情给我国经济社会发展带来严重冲击。,1
持续提升小微企业金融服务质效。,0
坚持市场化法治化原则，完善债券违约风险防范和处置机制，坚决打击逃废债。,1
股票市场指数波动，成交量增加。,1
一是深入开展金融精准扶贫。,0
三是精准性。,0
深入落实房地产信贷调控的政策措施，促进房地产业健康发展。,0
一方面，我国农业资源禀赋先天不足，开发利用强度很大， 耕地减少、淡水短缺，农业生产成本不断上升，资源环境硬约束日益趋紧，依靠投入的发展空间越来越小。,1
受国际金融市场利率走势及境内资金供求关系变动等因素影响， 美元存贷款利率总体波动下行。,1
房地产开发投资回升，但势头趋缓。,0
欧洲银行业风险仍有不确定性。,1
由于日本政府国债利息负担沉重，更加剧投资者对财政可持续的担忧。,1
理顺煤电价格形成机制是改善电煤供求关系，解决“煤荒”和“电荒”的治本之策。,0
美国的纳斯达克指数仍处于下挫势头，一季度下挫了约17%。,1
二是重债国银行存款大量流失、市场融资渠道被切断，面临严重流动性问题。,1
其次，商业银行积累了大量的中长期资产利率正缺口，潜藏着较大的利率风险。,1
同比增速为可比口径数据，为年增速。,0
美国经济增长稳固，通货紧缩压力降低。,1
物价形势仍不乐观。,1
结构性货币政策工具聚焦重点、合理适度、有进有退，引导金融机构加强对普惠金融、 科技创新、绿色发展等领域的金融服务，推动消费有力复苏，增强经济增长潜能。,0
居民消费价格温和上涨。,0
债券市场总量上严重供给不足，结构上也极不合理。,1
上半年工业企业经济效益总体水平提高。,0
进、出口价格双双回落。,1
一是有效供给尚待进一步提高。,0
主要经济体股市普遍回升。,0
GDP 缩减指数继续下降。,1
美国经济仍未摆脱衰退阴影，未来下行风险增大；欧元区、日本等发达经济体虽维持增长态势，但前景不容乐观；新兴市场经济体和发展中国家（地区）继续较快增长，但潜在问题增多。,1
推动保险业高质量发展。,0
防范跨行业、跨市场风险，防范实体经济部分地区、行业、企业风险及正规金融体系外的各类融资活动风险向金融体系传导。,1
一是表外同样发挥着信用扩张作用，若增长过快也会积累宏观风险，不符合“去杠杆”的要求。,1
债券市场品种进一步丰富。,0
进一步提高外汇储备使用效益，努力实现保值增值。,0
有观点将存贷差扩大与储蓄向投资转化问题联系起来，并认为银行加大贷款投放就可以缩小存贷差。,1
继7月初小幅反弹后，受“两房”危机影响，主要股指快速下跌，此后维持震荡下行态势。,1
大宗商品价格波动较大。,1
主要发达经济体股市上涨，多数新兴市场经济体股市波动性增大。,0
利率衍生产品市场交易止跌回升。,0
外商投资预期和信心稳定趋好。,0
欧洲房地产市场明显降温。,1
当前中小企业的融资难问题并非单纯的融资困难，既是其经营出现困难导致资金紧张等现状的反映，也是现阶段我国乃至全球经济调整中诸多矛盾的综合体现。,1
完善公开市场工具和操作方式。,0
Shibor 整体有所下行。,1
推动人民币对其他货币直接交易市场发展，更好地为跨境贸易人民币结算业务发展服务。,0
疫情以来，居民收入预期、政府债务风险、全球化进程受阻等问题愈发凸显，短期内全球经济仍将维持弱复苏态势。,1
坚持综合施策，有效处置金融风险点，防范道德风险，牢牢守住不发生系统性风险的底线。,1
受全球贸易摩擦及金融环境变化影响，金融市场波动有所加大，经济下行风险有所增加。,1
（三）完善保险市场基础性制度建设发布保险业发展“十二五”规划纲要。,0
金融机构信贷投放节奏把握适度，保持了支持实体经济的连续性、稳定性、可持续性，增强了服务高质量发展的后劲。,0
（一）主要经济体经济状况美国经济继续保持强劲增长势头。,0
由于美伊战争和宏观经济状况因素作用，美元第一季度和第三季度曾经出现两次较大的反弹，但是总体保持跌势，第二季度和第四季度跌幅再度加剧。,1
④“—”表示数据缺失或者有关业务量很小。,1
目前，这六大高耗能行业耗能量占全国工业能耗量的70%以上。,1
存款利率市场化调整机制成效进一步显现。,0
截至9月30日，印尼盾和印度卢比汇率分别较6月末贬值14.3%和4.9%；同期俄罗斯卢布和南非兰特对美元汇率低位震荡，与6月末基本持平。,1
房地产开发资金较为充裕，利用外资快速增长。,0
目前这些措施成效开始初步显现。,0
英国仍受脱欧带来的不确定性拖累。,1
开展高环境风险行业环境污染强制责任保险试点。,1
进入第二季度，尽管失业率继续保持低位，但多数经济指标显示经济形势并不稳固。,1
保持高压态势打击地下钱庄。,1
2．房地产销售市场活跃。,0
二是完善交通科技创新体系。,0
极化政治导致的财政僵局，特别是美国国会两党围绕2014财年政府预算及“债务上限”问题的分歧短期内很难彻底弥合，可能拖累美经济增长，甚至冲击世界经济复苏。,1
出口增速由降转升，一般贸易比重提高。,0
利率市场化取得显著进展。,0
（四）股票市场指数下行，成交量和筹资额同比减少股票市场指数下行。,1
受油价走低和内需乏力等因素影响，主要发达经济体面临通胀下行压力，通胀水平仍然大幅低于政策目标。,1
五是我国外汇储备充足，财政状况良好，金融体系稳健，为人民币汇率保持稳定提供了有力支撑。,0
充分认识房地产市场供求关系的新变化，顺应人民群众对优质住房的新期待，着力推动已出台金融政策措施落地见效，促进房地产市场平稳健康发展。,0
由于日元套利交易受利率和汇率预期以及风险溢价变化的影响，有时会发生较大规模的平仓行为，对国际金融市场带来一定风险。,1
三是长期负利率环境可能加剧“银行脱媒”，影响金融体系的稳定运行。,1
直接融资比例过低，社会投融资过多依赖银行贷款；银行体系中资产负债期限结构错配的问题日益突出，潜在的流动性风险和利率风险不容忽视；随着金融企业改革不断深化，金融机构历史累积的风险将逐步暴露，在金融市场发展过程中，银行、证券、信托、保险业务的交叉风险和关联风险也会显现。,1
增量政策力度大、针对性强，随着政策效果逐步显现，四季度经济有望延续企稳回升态势。,0
商品房销售面积增幅有所回升。,0
由于需求不振、资金外流，日本新房开工数量持续萎缩，单月同比降幅不断扩大，第三季度各月新房开工数同比降幅分别为32.1%、38.3%和37.0%。,1
我国金融衍生产品的发展前景非常广阔，必将在我国金融市场体系完善的过程中发挥越来越重要的作用。,0
创新业务模式，加快发展健康养老服务，丰富商业健康保险产品，完善财税价格政策，优化投融资引导政策，完善健康服务法规标准和监管，加强健康服务业市场监管，壮大健康服务人才队伍。,0
通信设备、计算机及其他电子设备制造业、交通运输设备制造业这两个行业利润率下降，成本上升是一个因素，但最主要的因素是这两个行业的过度竞争。,1
优化金融债券发行管理框架，稳步推动债券市场更高水平的对外开放，健全高效联通的多层次市场体系，培育多元化的合格投资者队伍。,0
商品房销售面积增速高于竣工面积，商品房空置面积有所下降。,0
中国发展仍处于并将长期处于重要战略机遇期。,0
要多措并举发展健康服务业。,0
2005年以来，美国经济继续保持较强劲的增长势头，就业状况继续改善。,0
内需不足和投资下降是制约欧元区经济发展的主要障碍。,1
利率互换交易活跃。,0
工业生产者购进价格（PPIRM）上涨0.1%，涨幅与上季度持平。,0
2015年以来，希腊债务问题一波三折，7月初希腊公投结果显示超半数公民反对国际债权人的救助方案，对欧元区乃至全球金融市场造成较大扰动。,1
从区域发展情取得积极进展，中西部和东北地区受到资源和重化工业波动等影响， 但区域协调发展和产业升级所形成的增长潜力依然较大。,0
从全球看，“9.11”事件后，美、日、欧主要股市全线下挫。,1
适时开展中期借贷便利操作。,0
中国工商银行、中国银行、 中国建设银行和交通银行四家已改制银行进一步完善公司治理，大力推动业务转型，稳步推进内部改革，管理水平、盈利能力和经营绩效持续提升。,0
加强存量信贷资产的结构调整。,0
前期煤价暴涨导致电力企业巨额亏损，尽管10月以后煤价迅速下跌，但由于电力需求锐减，电力行业亏损进一步加剧。,1
"加大金融精准扶贫工作力度,聚焦深度贫困地区金融服务。",0
其次，产能释放压力上升。,1
（一）主要经济体经济状况美国经济仍未摆脱衰退阴影，通货膨胀风险增大。,1
新兴市场经济体货币政策分化，但面对全球金融环境收紧及本币贬值压力，多家央行选择加息或偏中性的货币政策立场。,1
工业生产增速略有回升。,0
第四季度，受美联储出台第二轮量化宽松政策、 经济数据有所好转、上市公司盈利水平改善等因素影响，美日股市震荡上扬。,0
部分独联体和拉美国家受地缘政治风险、外需增长放缓、大宗商品价格波动以及结构性因素制约，经济下行压力加大。,1
截至2005年末，至少有数万亿的贷款被剥离、核销或实行债转股。,1
实践证明，过量的货币供应不会导致经济增长无限加快，只会导致物价上涨，而高通胀后惯常发生的萧条及通货紧缩会对经济产生巨大的破坏。,1
伦敦同业拆借市场美元 Libor 整体稳步下行，欧元区同业拆借利率 Euribor 保持低位波动。,1
消费需求对经济增长的拉动作用强劲，民间投资增速回升，贸易顺差收窄。,0
二是委托贷款降幅收窄，未贴现银行承兑汇票同比多增。,1
支持房地产平稳健康发展。,0
落实存款利率市场化调整机制，着力稳定银行负债成本。,1
债券发行利率有所波动。,1
欧元区陷入成立以来首次衰退。,1
坚持综合施策，有效处置金融风险点，牢牢守住不发生系统性金融风险的底线。,1
拉美经济保持稳步增长态势。,0
全力做好助学、大学生村官、民族地区等薄弱环节和弱势群体金融服务。,1
二是吸纳就业能力不断增强。,0
火电、钢铁等下游行业对煤炭需求的大幅增加，为行业景气进一步回升奠定基础，也对能源运输体系提出了更高要求。,0
完善资本市场制度建设。,0
改善社会信用环境。,0
为了实现稳定的预期收益率，资管产品管理人往往会采取激进投资策略承受更大风险，或用收益较好产品的“丰”去补亏损产品的“欠”，投资者对其中的具体操作并不知情，也不关心，管理人实际上承担了所有的剩余风险，但又不计入管理人自身的资产负债表，积累了系统性的金融风险。,1
落实好差别化住房信贷政策，支持保障性住房、中小套型普通商品住房建设和居民首套自住普通商品房消费，坚决抑制投机投资性购房需求。,1
传统产业改造升级步伐加快，新能源、新材料、高端装备制造等新型产业不断成长，经济转型升级稳中有进。,0
进一步发挥存款保险核心功能，扎实开展差别费率管理、风险监测预警、现场核查、 早期纠正、风险处置等工作。,1
进出口继续快速增长。,0
金融危机对主要新兴市场经济体和发展中国家（地区）的冲击逐步显现，经济增长明显放缓。,1
所发行的专项票据中，811亿元用于置换不良贷款，174亿元用于置换历年亏损挂账。,1
四是人身险发展快于财产险。,0
进一步发挥开发性金融作用，支持棚户区改造。,0
拉美经济保持稳步增长态势。,0
（三）值得关注的问题和趋势一是疫情防控和复工复产需要更好的平衡。,0
工业生产快速回升，企业效益大幅增加。,0
由于全球经济失衡涉及到复杂的结构性因素和多层面的相互关联，因此调整全球经济失衡要充分考虑各方所应承担的责任。,1
（二）消费对经济增长贡献上升，投资缓中趋稳消费对经济增长贡献上升，网上零售增势强劲。,0
达经济体金融市场转好，部分新兴市场经济体金融市场大幅动荡。,0
继续完善民生金融和区域经济协调发展的金融服务工作。,0
巩固宏观调控的效果，努力避免大起大落。,1
坚持把防风险放在首位，完善防范跨境资金流动冲击的体制机制。,1
（三）完善保险市场基础性制度建设一是推动保险业支持经济社会发展。,0
国际金融市场利率波动较大。,1
当前，宏观经济总体处于企稳回升的关键时期。,0
未来随着房地产市场定价趋于理性，租赁需求进一步释放，租售比持续改善回升，住房租赁企业运营能力不断提升，住房租赁市场实现商业化可持续发展是有基础的。,0
保证在建重点项目贷款需要，加强对地方政府融资平台的放贷管理，严格控制对高耗能、高排放行业和产能过剩行业的贷款。,1
继续完善民生金融和区域经济协调发展的金融服务工作。,0
一季度，只有湖北、湖南、广西、四川的同比 CPI 上涨超过了4%。,0
落实政策性、开发性金融机构改革方案，科学建立资本约束机制，健全治理结构，完善财税扶持政策，构建符合中国特色、能更好地为经济发展服务、可持续运营的政策性和开发性金融机构。,0
Shibor促进了货币市场的快速发展。,0
"二级市场价格指数屡创新高,市场规模不断扩大。",0
构建危机管理和风险处置框架，推进存款保险制度建设。,1
货币市场交易保持活跃。,0
展望未来，全球经济可能面临以下风险： 全球经济增长动力不足，货币政策空间有限。,1
高铁建设加速发展，运载能力不断提高。,0
出口增速高位回落，进口增速明显加快，但出口增速仍高于进口增速，贸易顺差继续扩大。,0
三是积极参与国际货币基金组织和多边开发机构的危机应对活动。,1
市场供求也在改善和优化。,0
全年大致分为两个阶段：第一阶段为年初至5月份，国债收益率曲线整体震荡下行。,1
CPI 上涨主要受鲜菜、猪肉等食品价格拉动，当季食品价格同比上涨1.9%，涨幅比上季度高1.5个百分点；非食品价格同比上涨2.4%， 涨幅比上季度高0.2个百分点。,0
消费价格指数持续处于低位，12月份核心 CPI 同比负增长0.2%。,1
日本经济复苏势头减缓，通货紧缩压力犹存。,1
随着经济结构调整了表内。,0
外币贷款增长有所放缓。,1
二是进一步完善境外合格机构投资者制度。,0
完善保险公司恢复和处置计划监管要求。,0
第一季度，纽约商品交易所原油期货当季平均价格环比上涨11.8%，同比上涨12.0%。,0
房地产投资结构也不尽合理。,1
受国际经济金融形势变化等因素的影响，下半年工业经济运行下行压力加大，全年呈现“前高后低”走势。,1
中国是一个人口大国，应用内需来带动整个经济的持续健康发展。,0
鼓励创新，丰富债券市场产品和层次。,0
由于目前仍不存在通货膨胀压力，而目前一年期存款利率为1.98%，处于改革开放以来的最低水平，因此，应继续保持利率总水平的稳定。,1
客、货运增速均明显高于经济增速。,0
发达经济体受次贷危机影响增长持续放缓。,1
IMF上调了发达经济体增速，并下调了部分新兴市场经济体和发展中国家的增速。,0
一方面，与前些年高增长相匹配的既有工业产能相对过剩，产能利用率较低，PPI 持续处在负值区间。,1
一方面，这是去年低基数上的高读数，对此可以用去年、 今年和明年连续三年的整体视角来观察 PPI 的变化；另一方面，PPI 本身波动相对较大，在数月内阶段性下探或冲高的现象也并不少见。,1
股票市场成交量大幅增长。,0
基础货币快速增长，金融机构流动性充足。,0
关于货币政策与资产价格的关系一直存在争论。,1
房地产开发资金充足，利用外资快速增长。,0
部分新兴经济体开始加息，以应对通胀、资本外流、汇率贬值等压力。,1
对金融机构持有债券资产的风险敞口开展压力测试，防范利率风险。,1
为贯彻落实2007年4月国务院召开的钢铁工业关停和淘汰落后产能工作会议的精神，截至9月3日，第一批签订《关停和淘汰落后钢铁生产能力责任书》的10个省（区、市）， 已累计关停和淘汰落后炼铁能力969万吨、炼钢能力873万吨，分别完成《责任书》确定的今年任务的43%和36%。,1
货币政策对结构调整的支持力度加大，普惠小微贷款快速增长。,0
2019年我国国民经济运行总体平稳，经济结构持续优化，高质量发展扎实推进。,0
三家银行的资本充足率、 净利润、净资产收益率等绩效指标稳步提升，不良贷款率继续保持较低水平。,1
疫情对国内经济社会发展也带来前所未有的冲击。,1
2．水的生产与供应业我国是一个干旱缺水的国家，水资源的自然条件较差，与此同时， 粗放型的经济增长方式和水资源的价格体制扭曲也在一定程度上造成了水资源的浪费，水资源不足已经成为制约我国国民经济和社会发展的重要因素。,1
股票市场成交量保持活跃。,0
实际上调节好结构有助于控制好总量，结构调节不好，总量可能也调控不好。,1
支持和规范了各类消费信贷业务的发展。,0
推动柜台债券业务扩容和规范发展，提升金融基础设施服务效率及便利性。,0
南非经济仍较低迷，一季度 GDP 同比仅增长0.8%，通胀水平有所上升， 失业率居高不下。,1
2008年全国财政收入增幅呈前高后低、逐月快速下滑态势。,1
此外，地缘政治冲突多点爆发，风险因素和不确定性加速累积， 对经济金融的影响加大。,1
意大利成为截至目前遭评级下调的最大欧元区国家。,1
三是集中整治金融乱象，严厉打击金融违法犯罪活动。,1
第四季度人民银行5000户工业企业调查显示，企业生产经营景气回升，盈利好转。,0
汇率弹性增强促使企业加大研发和创新力度，提高产品质量， 加快产品升级换代，以增强在国际市场的竞争力。,0
IMF下调了发达经济体增速，上调了新兴市场和发展中经济体的增速。,0
我国防范疫情输入和国际经济金融风险的压力仍然较大。,1
全球金融稳定风险上升。,1
美、德国债收益率上扬，日本国债收益率小幅下降，部分新兴市场经济体国债收益率大幅攀升。,0
外汇市场交易主体进一步扩展。,0
受连续大规模注入流动性及经济刺激计划影响，目前全球货币条件较为宽松，一旦信心恢复， 初级产品和资产价格也可能较快反弹。,0
（四）居民消费价格小幅攀升，生产价格涨幅走高1-9月份，我国居民消费价格总水平比去年同期上涨0.7%。,0
一是保持流动性合理充裕，为高质量发展和供给侧结构性改革营造适宜的货币金融环境。,0
结构性货币政策工具积极做好“加法”， 引导金融机构合理投放贷款，促进金融资源向重点领域、薄弱环节和受疫情影响严重的企业、行业倾斜。,1
（五）国际收支保持双顺差国际金融危机爆发以来，受国内外经济基本面变化影响，我国国际收支有所波动。,1
企业经营指数保持在盈亏平衡点之上，订单指数回升，盈利指数好转。,0
四是地方政府债务约束硬化，政府融资担保行为规范。,1
受欧债危机困扰，前三季度各季欧元区实际 GDP 环比为零或负增长。,1
二是完善创业板相关配套制度。,0
继续投放科技创新、普惠养老、交通物流三项专项再贷款， 加快推动设备更新改造专项再贷款落地生效，发挥专项再贷款的精准滴灌、正向激励作用。,0
完善财产保险公司保险条款和保险费率管理。,0
欧元区经济继续改善。,0
信贷结构持续优化。,0
一是进一步完善事中事后管理。,0
市场机制在资源配置中的基础性作用得不到发挥，由此形成的经济增长方式也是粗放的，资源产出效率低。,1
美国国会不断抛出汇率议案，向中国等国家施加压力；美国商务部不断发起对中国等国家的反补贴调查，并借助多边场合在有关问题上加大施压力度。,1
前瞻稳定年底资金面。,0
新兴经济体货币政策分化。,0
同时，市场利率适度波动也是市场机制发挥作用、市场定价功能正常的体现。,1
短期而言引发通胀攀升的因素包括前期发达经济体大力度的刺激政策、疫情反复加剧全球供给瓶颈、地缘政治冲突引发全球能源和粮食供应紧张、劳动力市场供需错配加剧“工资— 物价”螺旋、海外通胀预期走高引发“第二轮效应”等。,1
进房地产市场平稳健康发展。,0
中央银行应当警惕原油价格上涨对通货膨胀的影响，防止原油价格与工资水平轮番上涨所导致的价格水平的普遍上涨。,0
与原油价格大幅上涨相对应， 国际市场成品油价格也大幅飚升。,0
货币市场交易活跃，市场利率在波动中有所回落；债券收益率曲线总体有所上移， 债券市场发行规模明显增加；股票市场指数整体下行，股票融资有所减少。,1
为反映经济基本面和适应货币市场利率中枢上行，2017年三次上调常备借贷便利利率，其中第一季度上调两次， 第四季度上调一次，7天利率分别上调10个、10个和5个基点。,0
两地绿色和可持续金融合作有序推进。,0
其中，新建住宅销售价格同比上涨2.7%，环比上涨0.8%；二手住宅销售价格同比上涨3.8%，环比上涨0.5%。,0
一是进一步放宽证券期货经营机构外资持股限制和业务范围。,0
统筹推进农村金融体制改革，进一步完善农村金融服务体系，努力构建农村信用社健康可持续发展的长效机制。,0
若大量流动性进入股市而不是实体经济，容易引发资产泡沫。,1
人民币对欧元、日元等其他国际主要货币汇率双向波动。,1
其中，印度卢比对美元贬值2.57%；受特朗普当选美国总统影响，墨西哥比索对美元贬值17.11%；由于国内局势动荡，土耳其里拉对美元贬值17.30%。,1
但农民增收也面临不少制约因素，如粮食收购价格下跌、农业生产资料价格居高不下及自然灾害偏重等。,1
健全系统性金融风险的防范预警和评估体系，继续加强对地方融资平台债务、各类影子银行业务、企业互保联保等风险领域的监测分析，动态排查风险隐患，督促金融机构及有关方面做好各种情景下的应对预案。,1
采取综合措施维护金融稳定，守住不发生系统性、区域性金融风险的底线。,1
由于多哈多边贸易谈判中工业国家与发展中国家在农业和金融服务贸易等主要议题上存在重大的利益冲突，世贸组织坎昆会议无果而终，主要工业国家贸易保护主义明显抬头，对今年的国际贸易形势产生了不良影响。,1
出口增势减弱，季节调整的经常项目顺差减少至7月份的零值。,1
展望未来一段时期，经济持续健康发展的有利条件较多。,0
疫情对全球经济运行产生明显影响。,1
复工复产和实体经济发展提供精准金融服务。,0
信贷紧缩情况依然明显，但降速有所放缓。,1
进一步规范人身保险产品信息披露。,0
人民币对国际主要货币汇率有升有贬，双向浮动。,1
美国就业改善仍不明显。,0
全球通胀普遍走高。,0
随着次贷危机的发展及欧元区自身主权债务危机的不断恶化，欧央行的非常规货币政策经历了一个规模日趋扩大、措施日益激进的过程，政策重心也逐步从单一的物价稳定向金融稳定转移。,1
另一方面，服务业吸纳就业潜力不断释放，有望成为新增就业重要支柱。,0
但经过东亚危机， 汇率更具弹性，外汇储备增加，外债比例下降，从目前看，还不会出现1997年那样的金融危机。,1
房地产贷款增速进一步提高，开发贷款增速较快。,0
健全金融风险问责机制，对重大金融风险严肃追责问责，有效防范道德风险，坚决守住不发生系统性金融风险的底线。,1
收入分配结构持续改善，农村居民人均可支配收入名义增速和实际增速分别快于城镇居民2.4个和2.5个百分点。,0
3、进出口价格涨幅差距扩大。,0
统筹金融支持实体经济与风险防范，强化金融稳定保障体系，防范境外风险向境内传导，守住不发生系统性金融风险的底线。,1
（三）价格总水平同比降幅开始收窄居民消费价格同比降幅快速收窄。,1
进一步健全市场利率定价自律机制，提高金融机构自主定价能力。,0
国际经济金融运行的不确定性有所增大，也增加了国内经济的潜在风险。,1
加强对企业债务风险、银行资产质量和流动性变化情况、房地产市场、互联网金融、跨境资金流动、跨行业跨市场风险等领域的风险监测和防范。,1
总体看，进一步推进人民币汇率形成机制改革对实体经济的影响积极，与其他结构性政策相配合，在推动我国对外贸易结构调整、经济结构优化、产业升级、 实现经济可持续发展等方面的作用也将进一步显现。,0
市场需求回暖，企业库存水平下降。,0
五是继续加强产业转型升级的金融支持，持续完善区域发展金融政策引导。,0
物价短期还将维持低位，未来将回归常态水平。,1
保险业保费收入增速回升，资产增速提高。,0
市场利率止跌企稳，市场流动性充足。,0
定期对4000多家银行业金融机构开展央行金融机构评级，建立分级分类管理框架，对评级为1-7级的机构，选取扩张性风险、同业风险、流动性风险、信用风险等指标体系，组织早期预警，防范其劣变为高风险机构。,1
目前，生产价格、固定资产投资价格、房地产价格快速回升， 要防止出现资产价格过快上升，形成资产“泡沫”的危险。,1
出口产品结构改善推动外贸持续复苏。,0
提高居民收入，加强社会保障，增加公共产品供给，充分发挥财税政策在促进经济结构调整方面的突出优势。,0
商品房销售增幅回落。,1
研究进一步推进利率市场化的措施，完善利率形成机制。,0
建设创新引领、协同发展的产业体系，提高全要素生产率。,0
收入增幅明显回落，主要是受经济增长放缓、企业效益下滑以及结构性减税政策等因素影响。,1
电力消费需求减缓，发电量、用电量增幅大幅回落。,1
上半年，食品价格上涨7.6%，拉动 CPI 上涨2.5个百分点；非食品价格上涨1%，拉动 CPI 上涨0.7个百分点。,0
总体看，我国纺织行业快速发展，国际竞争力明显增强。,0
票据融资持续增长，利率略有下行。,1
从投向看，在贷款总量少增的同时，新增贷款结构进一步改善。,0
加快完善全国统一的养老服务质量标准和评价体系，加强养老服务人才培养力度，推动优质服务资源延伸下沉和提质扩容。,0
世界经济衰退风险加剧，国内经济面临挑战增多。,1
二是持续推进农村金融服务。,0
股市和房地产市场的价格都受多种因素影响，央行的影响和控制能力较弱。,1
股票市场指数高位波动。,1
扎实推进养老金融发展。,0
大多数银行上年度信贷支农支小情况满足定向降准标准，可以继续享受优惠准备金率；部分此前未享受定向降准的银行达到了定向降准标准，可以在新年度享受优惠准备金率；部分银行不再满足定向降准标准，将不能继续享受优惠准备金率。,0
中美经贸磋商重启， 有助于稳定市场信心。,0
二是继续支持绿色低碳、科技创新等领域发展。,0
（一）货币市场利率较上半年走高，市场交易活跃程度提升货币市场利率有所回升。,0
有的工具实现了预期目标，就会按期退出。,1
引导大型银行服务重心下沉，推动中小银行聚焦主责主业，增强金融市场的活力与韧性，健全具有高度适应性、 竞争力、普惠性的现代金融体系。,0
一是粮食产量在连续三年减产的基础上实现恢复性增长。,1
受美联储加息等因素影响，伦敦同业拆借市场美元 Libor 略有上升。,1
2月7日，北京一中院裁定宣告包商银行破产，原包商银行的股东权益清零，大额债权人承担部分损失，包商银行风险处置工作基本完成，后续工作稳步有序开展。,1
三是在银行间外汇市场引入做市商制度，以活跃外汇市场交易，提高外汇市场流动性，增强中央银行调控的灵活性，进一步提高人民币汇率形成的市场化程度。,0
全力做好存量风险化解工作，坚决遏制各类风险反弹回潮，防止在处置其他领域风险过程中引发次生金融风险。,1
信贷结构持续优化。,0
近年来我国金融市场和金融创新迅速发展，符合货币供应量定义的金融工具范畴发生了重大变化，有必要动态完善。,0
日本经济好于预期。,0
这些措施有助于提高金融机构自主定价能力，完善货币政策传导机制。,0
在文化自信及消费升级带动下，老牌国货和新国货成为新的消费潮流。,0
市场利率平稳回落。,1
另外，发达国家非常规货币政策引发的资本流动和汇率大幅波动等负溢出效应不容忽视。,1
国债、黄金等避险资产大涨。,0
2008年金融危机以来，因房地产泡沫破灭、银行坏账增加、财务状况持续恶化等原因，冰岛、迪拜、希腊、爱尔兰等经济体相继爆发主权债务危机，引发金融市场动荡，给全球经济复苏蒙上了阴影。,1
第一季度，粗钢、电解铝产量同比分别增长8.6%和7.9%，增幅同比回落13.7和28.7个百分点；电石、 铁合金、水泥、平板玻璃等产品产量增幅也有不同程度回落。,1
四是国际经济合作进一步加强。,0
二是资金实力显著增强。,0
例如，3月初至6月末人民币兑美元汇率中间价年化波动率为4.28%，而 CFETS 人民币汇率指数年化波动率仅为2.31%。,1
总体看，目前尚不具备价格持续回升的市场条件。,0
GDP 缩减指数有所回落。,1
2011年以来，西亚和北非动荡波及突尼斯、 埃及等十几个国家，利比亚等国甚至发生战乱，恐慌情绪和避险行为带动国际原油和黄金价格大幅走高。,1
当前全球经济调整步伐加快，国际金融危机影响加剧，国内经济运行的不确定性增加，经济下行风险增大，宏观调控面临复杂多变的局面。,1
3月7日例会上， 出于对经济增长放缓的担忧，欧央行决定维持当前政策利率不变至少直至首次加息以后，并推出新一轮定向长期再融资操作（TLTRO-Ⅲ）。,1
性明显增强，银行作为货币创造中枢的作用充分发挥。,0
强化跨境资金流动风险监测与分析，突出打击地下钱庄、跨境赌博和网络炒汇等非法金融活动，为“六稳”“六保”工作保驾护航。,1
美国的经常账户和财政“双赤字”以及发达国家之间经济发展的不平衡加剧了全球经济失衡。,1
（六）行业分析行业结构调整进一步推进。,0
冰雪灾害发生后，为满足抗灾救灾资金需求，2月份根据金融机构类型和各地受灾情况，引导金融机构加快了第一季度信贷投放进度。,1
其中商品住宅销售面积下降11.2%，降幅自3月份以来持续收窄。,1
前三季度， 人民币汇率以市场供求为基础，对一篮子货币汇率有所贬值。,1
美元仍将保持坚挺。,0
深化金融供给侧结构性改革，健全具有高度适应性、竞争力、普惠性的现代金融体系，促进国民经济整体良性循环。,0
居民收入增长加快，对消费形成较强支撑。,0
全年粮食增产丰收，畜牧业稳定增长。,0
持续健全结构性货币政策工具体系，通过设计激励相容机制，将流动性的量价与银行贷款创造存款的行为联系起来，根据经济发展不同时期的需要动态调整支持重点，引导金融资源流向科技创新、小微企业、绿色发展等国民经济重点领域和薄弱环节，促进提升经济发展的可持续性和韧性。,0
二是盘活存量、优化增量，支持经济结构调整和转型升级。,0
中长期贷款增速稳步提升，信贷结构总体改善。,0
深化对外货币金融合作。,0
商品零售价格继续保持负增长，但与上年相比，降幅趋窄。,1
上半年， 国债收益率整体呈下行趋势，短期限品种下行更为明显。,1
汽车行业是国民经济的重要支柱之一。,0
积极引导金融资源促进经济结构调整和区域协调发展。,0
进入第二季度，美国经济呈现稳固复苏态势，制造业和服务业继续保持扩张势头，消费增速有所回升。,0
全球股市在波动中呈现出不同程度的上升势头。,1
与此同时，疫情冲击引发财政可持续风险和金融风险隐患上升，对全球经济结构、国际贸易和投资也产生了深远的影响，可能存在长期伤痕效应。,1
国际大宗商品价格有所下跌。,1
另一受限等挑战，积极扩大有效投资还存在一些难点堵点，服务业恢复基础尚不牢固，青年人就业压力较大，稳经济还需付出艰苦努力。,1
与主要发达经济体不同，澳大利亚及部分复苏趋势强劲的新兴经济体则明显加快了退出宽松货币政策的步伐。,0
这与发达经济体央行前期对通胀形势有所误判、政策调整落后于市场曲线密切相关，也给我国宏观调控带来启示和借鉴。,1
未来随着疫情影响进一步消退、市场预期持续好转、经济加快恢复，居民的消费和投资意愿回升，前期积累的预防性储蓄有望逐步释放，有利于 M2和存款平稳增长。,0
支持重大工程建设和小微企业发展等政策发布，服务实体经济发展。,0
美国次贷危机已演化成金融危机并迅速向欧洲甚至全球蔓延，可能给全球实体经济带来较大负面冲击。,1
二是欧元区面临持续低通胀压力，综合物价指数HICP 长期低于欧央行2%的目标，2014年5、6月份更是降至0.5%的水平，且欧央行预计短期内 HICP 仍可能继续维持在较低水平。,1
2007年以来，全球经济继续平稳增长，通胀压力有所减缓。,1
电子信息产业规模稳步扩大，产业增速保持领先水平，已经成为中国实体经济和对外贸易的中坚力量。,0
多个经济体为提振经济、缓解外部冲击继续放宽货币政策。,0
欧元区主权债务危机的负面效应向银行体系和实体经济扩散，成员国经济全面下滑，金融市场动荡加剧。,1
三是宽松货币政策的负面影响值得警惕。,0
基金将发挥保险资金长期投资的优势，促进贫困地区经济发展和产业脱贫。,0
一是扎实推进金融精准扶贫。,0
为汽车工业大发展奠定了物质基础，公路网建设近年来的高速发展也为我国汽车工业的发展创造了良好的外部条件。,0
第一季度，洲际交易所布伦特原油期货当季平均价格同比下跌36.1%，跌幅比上个季度收窄5.9个百分点。,1
推动柜台债券业务扩容和规范发展，提升金融基础设施服务效率及便利性。,0
三是严厉打击外汇领域违法违规行为，开展虚假转口贸易和远期结汇等专项检查。,1
境内短期利率低于境外利率，利差明显扩大，有利于减少投机资本流入。,1
研究规范外资股东减持 A 股的资金汇兑等问题。,1
当前，企业负债率总体较高，不良贷款风险不断暴露导致风险溢价上升，商业银行盈利能力减弱，都在一定程度上影响了信贷渠道的传导效率。,1
三是加大对新消费、服务业等领域的金融支持，加快培育经济发展新动力。,0
二季度，随着战争带来的不确定性逐渐减弱，美国、欧元区和日本的债券收益率下降，股价开始上涨。,1
统计方法改变后，贸易信贷负债数据采用抽样调查方法统计和公布。,1
“十四五”时期煤炭行业发展挑战与机遇并存。,0
一是资产质量改善。,0
同时，加快城市道路交通体系建设，提高城市交通综合管理效率和现代化水平，促进汽车产业持续、健康、稳定发展。,0
也有些国家在使用扣除法计算核心通货膨胀时，不是简单地将一些价格易波动的项目完全剔除，而是根据价格波动的程度确定项目权重，价格波动越大的项目权重就越低。,1
伦敦同业拆借市场美元 Libor 9月中旬出现大幅跳升后持续走高。,0
当前，经济增长存在减弱趋势是宏观经济运行中存在的主要问题。,1
总之，全球经济因“9.11”事件而陷入衰退的可能性大大增加。,1
受美联储加息影响，伦敦同业拆借市场美元 Libor 略有上升。,1
在商业银行加强风险控制时，信息披露不充分、担保体系不完善的中小企业相对难以获得贷款。,1
从国际上 （OECD）先后上调了2017年全球经济增速预期。,0
金融机构超额准备金率为2.7%。,0
增加常备借贷便利期限品种，保持常备借贷便利利率稳定。,0
完善相关政策制度安排，持续推动债券市场对外开放。,0
货币市场利率小幅回升，市场交易活跃。,0
四是消除多层嵌套，抑制通道业务。,1
提高居民个人因私购汇指导性限额，大幅简化有关凭证要求，进一步便利居民个人用汇。,0
一是严格控制产能扩张，加快淘汰落后产能，尽早完成工业和信息化部提出的淘汰炼铁落后产能4800万吨和炼钢落后产能4800万吨的目标。,1
另一方面则严重冲击了一些石油出口国的财政收入和经济增长。,1
在补充中长期流动性的同时，及时熨平短期波动。,1
全球风险溢价上升趋势也有可能对资产价格产生调整压力，而一旦资产价格出现调整，可能对银行信贷安全产生影响。,1
但“小、散、弱”问题仍没有得到根本性改变。,1
公司信用类债券市场取得跨越式发展。,0
调整外资优惠政策、促进公平竞争。,0
阿根廷、土耳其受金融市场动荡影响，2018年 GDP 增速均有较大下滑，其中阿根廷全年 GDP 萎缩2.5%。,1
随着中国经济发展进入新常态， 进一步推动信贷资产证券化市场健康持续发展，有利于盘活存量资金、释放信贷资源、优化信贷结构、提高资金使用效率，对于促进多层次资本市场发展、推动商业银行转型、优化金融资源配置、加大金融对实体经济支持具有积极意义。,0
一是经营财务状况明显改善。,0
欧洲房地产继续疲弱。,1
欧洲主权债务危机给欧洲新兴经济体增长蒙上了阴影。,1
进入二季度后，受美国企业盈利不见起色、公司假账丑闻接连曝光和恐怖主义活动威胁等因素影响，投资者信心受到影响，美国股市大幅下滑，至6月末，已回落至“9.11”事件前的最低水平。,1
人民币对欧元、日元等其他国际主要货币汇率双向波动。,1
今年以来家电行业景气度有所回升。,0
国际债市和汇市波动较为平稳。,1
欧洲债务危机给全球经济复苏增加了不确定性。,1
新兴及发展中经济体增速继续快于发达经济体，部分新兴经济体主动收紧宏观政策保持经济平稳增长。,0
深入推进金融精准扶贫，加强易地扶贫搬迁信贷资金筹集、投放和管理工作，完善金融精准扶贫信息系统，改进金融精准扶贫政策效果评估制度，着力支持贫困地区经济社会持续健康发展和贫困人口脱贫致富。,0
二是疫情走势尚不明朗、各国应对力度参差不齐，全球经济面临极大不确定性。,1
其中，狭义货币供应量增速逐月明显加快，3月末增速已恢复到2008年6月前的水平，比上月提高6.4个百分点， 反映出近期各项宏观政策提振作用初步显现，经济活跃度有所提高。,0
三是完善基础设施体系。,0
四是建立国债做市支持机制，以提高国债二级市场流动性，进一步完善国债收益率曲线。,0
推动供应链金融规范发展和创新，联合有关部门逐步落地具体配套政策，精准服务供应链产业链完整稳定。,0
进一步健全14个连片特困地区金融服务联动协调机制，切实提高贫困地区金融服务水平。,0
宏观审慎政策本质上采用的是宏观、逆周期、跨市场的视角，以防范系统性风险为主要目标，着力于减缓金融体系的顺周期波动和跨市场风险传染对宏观经济和金融稳定造成的冲击。,1
总体来看，猪瘟疫情等造成的供给冲击尚需一定时间平复，短期内消费物价仍面临上行压力， 需持续密切监测动态变化，警惕通胀预期发散。,1
第二，我国市场经济体制逐步形成和完善，经济自主增长能力增强，民间投资的积极性逐步提高，将对国民经济的持续增长作出较大贡献。,0
中期借贷便利采取招标方式，2017年中标利率有所上行， 其中第一季度中标利率上行两次，第四季度中标利率上行一次，1年期利率分别上行10个、10个和5个基点，最后一期操作1年期中标利率为3.25%。,0
房价环比上涨的城市个数减少。,0
二是债市低迷。,1
一是市场担心危机可能向欧元区核心国家蔓延。,1
但近来国际资本市场的波动给这个计划带来了不确定性。,1
房屋销售价格涨幅趋于平稳。,0
其中，生活资料价格涨幅相对稳定，生产资料价格涨幅明显下降。,0
货币信贷增速加快，信贷结构继续改善，新增贷款质量提高，金融机构流动性正常，外汇收支状况良好， 金融运行平稳健康。,0
银行间回购和拆借交易活跃。,0
农业综合生产能力明显提高，粮食等主要农产品供应基本充足。,0
居民对存款利率的认可程度逐季提高。,0
GDP 平减指数涨幅扩大。,0
二是高端化、智能化、数字化进一步发展，高端船舶装备领域技术研发持续强化，船舶制造业技术水平和产业竞争力不断提升。,0
受国内外不确定性、不稳定性因素增多等影响，主要经济体之间政策协调难度依然较大。,1
（二）债券利率整体回落，市场规模稳定增长债券发行利率回落。,1
历史上看，我国 PPI 波动相对较大。,1
三是引进更多的市场参与者。,0
生产价格涨幅持续回落。,0
（一）进一步完善间接调控机制，保持货币信贷合理平稳增长不断提高对宏观经济、金融运行前瞻性的分析和把握能力，适应市场经济发展的新形势，更加注重运用经济手段改善金融调控方式， 完善货币政策传导机制。,0
三是宏观政策有力支撑。,0
汇率方面，2002年以来美元已有较大贬值，但美国经常账户赤字不减，财政赤字增加，美元仍然存在进一步贬值的风险。,1
着力完善存款保险制度功能。,0
二是汇率改革促进外贸结构调整和产业升级的效应初步显现。,0
资产质量、财务状况明显改善。,0
但是，经济运行中也存在着固定资产投资增长过快、货币信贷投放仍然过多、国际收支不平衡加剧、 能源消耗过多、环境压力加大等突出矛盾和问题。,1
继续运用普惠小微贷款支持工具，持续支持小微企业发展。,0
一些企业债务风险暴露，民间投资活力尚显不足，内生增长动力有待进一步增强， 结构性矛盾依然突出，把握好稳增长、调结构和防风险之间的平衡仍面临较多挑战。,1
一是进一步完善跨国公司外汇资金集中运营管理，便利其利用资金满足境内经营。,0
人民银行将继续有针对性地创新完善货币政策工具和机制，保障中小银行流动性总体稳定，为中小银行实现专业化经营、高质量发展创造更好的政策环境。,0
持续做好养老金融服务。,0
不过，当前亚洲新兴经济体的基本面普遍较1997年有了明显改善。,0
与此同时，移民危机、英国退欧风险、希腊减债谈判不确定性增加等因素也为欧元区经济复苏蒙上了一层阴影。,1
与此同时，管制利率扭曲了信贷资金市场的供求机制——当管制利率低于市场均衡利率水平时，资金需求受到鼓励，而资金供给受到抑制，信贷市场供不应求，利率的僵化导致资金供求矛盾长期存在，并直接造成信贷市场的寻租行为，信贷资产的安全也受到威胁。,1
零部件工业总体水平仍然不高，缺少具有国际竞争力的产品。,1
全球金融市场仍然不稳，大宗商品价格波动存在不确定性。,1
全球股市总体上涨。,0
财政赤字问题仍然十分严重。,1
四是提高监管透明度，促进依法行政。,0
2011年，中国超过美国成为第一大石油进口国和消费国。,0
前三季度，全国商品房销售面积6.3亿平方米，同比增长8.2%，增幅比上半年回落7.2个百分点，比上年全年水平回落33.9个百分点。,1
"同比增速为可比口径数据,为年增速。",0
大力发展外汇市场，完善人民币汇率市场化形成机制。,0
日本第一季度 GDP 环比折年率降至-3.9%，6月制造业 PMI 小幅回落至52.4。,1
人民币对其他国际主要货币汇率有贬有升，双向浮动。,1
受国内需求相对偏弱和国际大宗商品价格大幅下跌影响，PPI 涨幅在1月份短暂回正后再次转负，近期降幅有所扩大。,1
食品价格同比上涨2.8%， 涨幅比上个季度低2.9个百分点，拉动 CPI 上涨约0.9个百分点；非食品价格同比上涨1.5%，拉动 CPI 上涨约1.0个百分点。,0
全球经济形势依然复杂，不确定性增加。,1
日本经济波动较大，存在通胀下行压力。,1
进、出口价格上涨较快，进口价格涨幅高于出口价格。,0
部分农村信用社在明晰产权关系、完善法人治理方面进行了有益探索，取得了初步成效。,0
三是企业债券融资增加较多，股票融资不及上年同期。,1
二是完善监管配套规则。,0
（一）积极发展银行间债券市场成功推出内地与香港债券市场互联互通合作（简称“债券通”）。,0
上半年，我国国际收支状况良好。,0
此外，粮食和能源安全的挑战同样严峻迫切，联合国称全球受饥饿影响人口近亿，二战后最大的粮食危机可能到来。,1
九是完善资产证券化市场运行机制，统筹推进资产证券化市场发展。,0
二是促进结构优化，支持经济结构调整和转型升级。,0
但也要看到， 国际环境更趋严峻复杂，许多经济体宏观政策陷入维护物价稳定和保持经济增长的两难境地。,1
当前和今后一个时期，我国发展仍然处于重要战略机遇期，经济潜力足、韧性大、活力强、回旋空间大。,0
改制银行的服务水平和效益不断提高，资本充足率、 资产质量和盈利能力等财务指标显著改进。,0
分城乡看，城镇消费增速快于乡村，增速差距基本保持稳定。,0
农村信用社改革试点工作取得了重要进展和阶段性成果。,0
定期开展全国性银行制造业和科技创新贷款通报，激励引导金融机构加大对制造业和科技创新信贷支持。,0
主要国家国债收益率在低位盘整。,1
在银行间外汇市场试运行询价交易净额清算业务，降低外汇交易的信用风险和清算风险。,1
构建危机管理和风险处置框架，推进存款保险制度建设。,1
3月11日，日本东北部发生强烈地震并引发海啸和核泄漏事故。,1
二是企业自身素质偏低，社会信用环境不佳。,1
维护外汇市场健康发展。,0
另一方面，随着国内经济企稳，非食品价格和服务价格持续上涨，对 CPI 产生一定推动作用。,0
债券发行有所创新。,0
2015年第一季度，中国经济保持在合理区间运行，结构调整持续推进。,0
随着经济的缓慢复苏，投资者信心有所恢复，部分城市房价在第四季度出现小幅回升。,0
（二）国际金融市场概况2010年第一季度，主要货币间汇率窄幅波动。,1
债券发行利率总体回落。,1
在城镇化深入发展背景下如何突破农业发展瓶颈、提升农业竞争力、促进农村居民持续增收、实现城乡共同繁荣的任务较为艰巨。,0
根据中国人民银行统计，2016高约20个百分点，但对表外理财业务的风险还缺乏有效识别与控制。,1
日本房地产市场降温迹象明显。,1
继续深化大型商业银行改革，推动其不断完善公司治理，健全现代金融企业制度，加快转变发展方式和盈利模式，提高创新发展能力和国际竞争力。,0
日本房地产市场降温。,1
二是专项再贷款定向支持疫情防控重点领域和重点企业。,1
进出口好于预期，贸易结构持续优化。,0
进一步深化存款保险早期纠正和风险处置职能，不断提升风险监测预警能力，发挥风险差别费率的激励约束作用，提高早期纠正的权威性。,1
2008年国际金融危机爆发以来，各国在应对危机过程中面临双重任务，一方面要灵活运用宏观政策应对危机冲击，保持经济平稳增长；另一方面也需要汲取危机教训，反思和完善金融宏观调控框架。,1
正因如此，尽管市政债发展过程中有过一些波折，但就总体而言，违约风险明显低于公司债或银行贷款。,1
月份，针对金融体系存在的潜在风险因素，监管力度加大，市场预期有所变化。,1
（三）居民消费价格温和上涨，生产价格涨幅有所扩大居民消费价格温和上涨。,0
考虑专项票据置换因素后，农村信用社不良贷款比例下降到17.5%，与改革前相比降幅达到19.4个百分点。,1
企业商品价格（CGPI）同比下降2.0%，降幅比上个季度扩大1.5个百分点。,1
农产品生产价格涨幅低于农业生产资料价格涨幅。,0
资金支持政策实施进展顺利，对支持和推进改革发挥了重要的正向激励作用。,0
农村信用社改革进展顺利，成效显著。,0
（一）国内需求旺盛，贸易顺差大幅增加居民收入继续较快增长，消费需求增速加快。,0
下半年，主要经济体降息和减税措施的效果将逐步显现，世界经济增长势头将略有加快。,0
二是原材料购进价格的涨幅高于工业品出厂价格。,0
推进经济结构调整、体制改革和增长方式转变，促进经济持续快速协调健康发展。,0
拉美经济则在经历了一季度的高速增长之后有所减缓。,1
"当前主要经济体经济增长前景黯淡，失业率高企,国内民粹主义抬头。",1
监管的关系，守住不发生系统性金融风险底线。,1
目前，公众对通货膨胀的预期比较稳定。,0
④农村合作金融机构包括农村商业银行、农村合作银行、农村信用社。,0
生产价格降幅扩大，上游价格持续回落。,1
进一步落实好差别化住房信贷政策，对符合条件的保障性住房建设项目及时发放贷款，促进房地产市场健康平稳发展。,0
这些类银行金融机构内部存在多重问题，与传统金融机构盘根错节，很容易引发系统性风险。,1
灵活开展公开市场操作。,0
受国内外市场价差较大、自然灾害造成运输困难等多方面因素影响， 月份以来广东等部分地区成品油市场供应趋紧。,1
境内大额外币存款（300万美元以上）、外币贷款利率水平小幅波动。,1
我国对外净资产规模进一步扩大。,0
受国际大宗商品价格反弹影响，进出口价格降幅继续收窄。,1
正如上世纪八十年代日本的资产泡沫现象所揭示的那样，低通胀并非总能保证金融和宏观经济的稳定。,1
从国内经济看，供求的结构性矛盾依然突出，供给过剩和供给不足并存，结构性产能过剩较为严重， 房地产等行业库存较大，一些新领域增长潜力释放不足，市场难以出清，影响了经济活力。,1
银行间回购和拆借交易活跃。,0
工业生产稳步增长，企业利润明显改善。,0
健全市场化利率形成和传导机制，持续释放 LPR 改革潜力，完善中央银行政策利率体系，畅通利率传导渠道，推动实际贷款利率进一步降低。,0
日本政府还将长期面临削减债务和刺激经济增长的两难境地。,1
要继续加强和改善金融宏观调控，按照市场化取向继续完善间接调控机制，灵活调整调控的方式、力度和取向，疏通货币政策传导机制。,0
总体上看，发达经济体的主权债务问题在短期内难以根本好转。,1
坚持防风险与促发展并重，持续推动债券市场高质量发展。,0
（五）国际收支经常项目顺差收窄国际收支继续呈现“双顺差”，但经常项目顺差同比收窄。,1
中国人民银行持续推进现代化支付体系建设，资金清算效率提高。,0
固定资产投资增速高位回稳，第三产业投资增速较高。,0
人民币利率互换交易大幅增加。,0
外需环境总体仍较疲弱、对港套利贸易被遏制、进出口价格下跌较多等因素导致外贸增长放缓。,1
受金融危机影响，外资撤出日本房地产市场，企业、居民对房屋的需求下降，日本房价持续回落。,1
而本次应对新冠肺炎疫情冲击过程中，全球流动性回流主要发达经济体的规模减少。,1
降低不良贷款， 消化历史包袱，化解金融风险的任务仍然十分艰巨。,1
商品房销售快速回升。,0
房价上涨城市增多，且涨幅扩大。,0
更好地服务实体经济发展。,0
这一问题是经济供求失衡和结构矛盾的综合反映，是我国企业制度和融资结构不合理以及商业银行改革滞后制约了货币政策的传导，需要企业、银行、政府和社会共同配合，实行综合治理，逐步解决。,1
加强流动性管理主要是为经济结构调整创造平稳的货币金融环境。,0
（四）支持资本市场建设，改革投融资体制，整顿金融市场秩序，为实现稳健的货币政策创造条件我国企业缺乏资本金来源，过分依赖商业银行贷款。,1
国债和金融债发行利率下行，债券发行量、交易量增加。,1
投资、消费和净出口需求旺盛；夏粮喜获丰收，工业结构调整步伐加快，煤电运支撑条件改善；居民、企业和财政收入继续提高，人民生活进一步改善；各类价格基本稳定。,0
受全球经济复苏放缓和债务危机加深等因素的影响，欧元区外围国家房地产市场仍无起色。,1
建立了客观评价综合治理销售误导工作的机制，明确界定了销售误导行为及处罚措施，并引入责任追究机制。,1
（一）主要经济体经济形势美国经济温和复苏，财政整顿滞后。,1
全球金融风险还需关注。,1
着力完善存款保险制度功能。,0
第三季度，票据承兑和贴现余额逐月回落。,1
棉花产量570万吨，比上年减产9.8%；油料、糖料产量与上年基本持平。,1
国债收益率曲线整体有所下移。,1
保持银行体系流动性合理充裕。,0
新兴经济体货币政策分化。,0
日本通货紧缩和就业状况无明显改善，增长动力减弱。,1
高通胀背景下，主要发达经济体货币政策面临的“偏松易引发通胀预期发散、偏紧易加大经济硬着陆风险”两难困境更加凸显。,1
若在未充分计提资本的情况下，商业银行过度参与一些高风险领域，可能会超出其风险管理能力。,1
债券发行规模快速增长。,0
创设定向中期借贷便利（TMLF）。,0
完善金融风险监测、评估、预警和处置体系建设，全面排查风险隐患，关注实体经济特别是产能过剩行业、房地产、地方政府性债务等领域风险。,1
尽管主权信用风险降低，但欧元区仍面临德法等国家经济增长放缓、实体部门信贷需求疲弱、银行业去杠杆化等诸多长期性、结构性问题。,1
脱欧公投当日和次一交易日，全球股市暴跌。,1
尽管当局在2004年初已开始关注贷款标准的放松问题， 但由于监管协调困难和信息沟通不畅等种种原因一直未能有效实施监管，错过了调整时机。,1
欧元区经济持续复苏。,0
2. 汽车行业2021年，我国汽车行业积极应对疫情扰动和芯片短缺等供应链冲击，总体运行态势平稳。,1
房价上涨城市数量有所下降。,0
6月份，沪、深股市出现下滑。,1
信贷资金违规进入股市，既可能造成股市泡沫的过度膨胀， 产生过高的市盈率吸引社会资金流入股市，给国民经济运行带来危害，也会使银行产生不良资产的风险大大增加，并给整个金融系统的运行带来风险。,1
全球物价水平稳步回落。,1
国债收益率普遍下行。,1
2012年欧美日等发达经济体不断加码量化宽松货币政策。,0
保持流动性合理充裕。,0
这既是深化医改、改善民生、提升全民健康素质的必然要求，也是进一步扩大内需、 促进就业、转变经济发展方式的重要举措。,0
货币市场利率逐渐回升。,0
随着信贷调控逐步发挥效力，金融机构人民币贷款增长有所放缓。,1
受英国脱欧安排不确定性等影响， 欧元区同业拆借利率Euribor继续走低。,1
房地产开发投资回落，特别是土地投资得到抑制。,1
推动人民币对其他货币直接交易市场发展，更好地为跨境贸易人民币结算业务发展服务。,0
提升新能源汽车在集成、节能、安全等方面的技术水平，提高综合性能。,0
例如，将线下私募发行的资产管理产品通过线上分拆向非特定公众销售；向不具有风险识别能力的投资者推介产品；开展虚假误导宣传，未充分揭示投资风险；未采取资金托管等方式保障投资者资金安全， 甚至演变为非法集资。,1
农村信用社经营财务状况持续改善，农村金融服务主力军作用明显提升。,0
一方面，劳动力供给短缺依然是主要发达经济体就业市场的主要矛盾。,1
（三）居民消费价格涨幅有所扩大，生产价格涨幅继续回落受食品价格涨幅上升拉动，消费价格涨幅有所扩大。,0
组织开展对外商投资企业资本金结汇和银行外汇业务等专项检查，加大对大要案件的查处力度，破获多起地下钱庄、非法网络炒汇等违法犯罪案件，有力打击各类违法犯罪活动。,1
一是逐步提高产品定价能力。,0
一是餐饮、零售、旅游等接触型消费转弱，部分领域投资仍在探底；二是一些企业出现停产减产，市场主体困难明显增加； 三是货运物流和产业链供应链运转出现摩擦，经济循环畅通遇到制约。,1
开展常备借贷便利（SLF）操作。,0
完善养老保险制度。,0
（一）扩大债券市场主体范围，规范债券市场发展进一步规范发展债券市场。,0
中国人民银行还将加强对短期投机资本的监测和管理，防止热钱大规模流动给国内金融体系造成大的冲击。,1
第一季度，人民币对美元汇率年化波动率为3.9%。,1
其中，人民币对日元升幅最大，两年累计升值近20%； 对美元次之，两年累计升幅近10%。,0
一旦企业经营状况恶化，银行体系有可能形成不良贷款，危害金融稳定。,1
伦敦同业拆借市场美元 Libor 低位波动。,1
稳增长、调结构、促改革、惠民生和防风险的任务还十分艰巨。,1
当然，也要看到，货币市场利率上升过快也有一定的负面影响，如不利于控制短期外汇流入。,1
金融调控必须围绕推动高质量发展这一总要求开展工作。,0
各地区生产总值增速东部地区率先发展，经济弹性较强，在结构调整进程中引领作用明显。,0
进入2016年，美国经济总体较为平稳，劳动力市场持续改善，消费支出稳步增长，房地产市场稳健复苏，财政对经济的拉动作用开始显现。,0
黄金交易规模小幅波动。,1
从价格走势看，未来我国价格走势虽然存在不确定因素，但上行风险大于下行风险，通货膨胀压力有所加大。,1
国际原油价格先跌后升，黄金价格高位震荡。,1
一是行业投资强劲增长。,0
抓实碳减排支持工具落地， 加大对大型风电光伏基地及周边煤电改造升级的支持力度，在确保能源供应安全的同时支持经济向绿色低碳转型。,0
股票市场成交量大幅增长。,0
金融控股公司持续监管和制度建设取得重要进展。,0
规范外汇资金流入和结汇管理，加大对非法外汇交易的打击力度。,1
主要发达经济体宏观政策转向的影响是2022年重要的外部不确定性。,1
目前 M2增速高于名义 GDP 增速较多，货币供应总体较为充裕。,0
从国内看，理顺资源能源价格是合理反映我国比较优势，增强经济平衡增长能力的必然要求。,0
二是盘活存量、优化增量，支持经济结构调整和转型升级。,0
这一理论认为，价格水平下降是形成循环的核心，而债务负担会放大通缩带来的影响，使得经济系统更为脆弱从而增大引发恶性循环的可能。,1
金融部门对于重复建设潜藏的风险必须高度重视，防患于未然。,1
欧元区经济放缓的程度比原先估计还要大。,1
以创新驱动、高质量供给引领和创造新需求，加快形成以国内大循环为主体、国内国际双循环相互促进的新发展格局。,0
国际贸易或进入低速增长期，贸易摩擦也将进入多发期， 国际贸易环境有可能恶化。,1
短期内，保护主义可能通过阻碍贸易、抑制外商直接投资削弱全球需求，威胁经济持续、强劲增长。,1
在制造业转型升级的同时，通过放开准入限制和解除价格管制等方式，进一步促进服务业发展，增强经济发展韧性和就业吸纳能力。,0
国际金融市场总体走势仍不明朗。,1
若按调整前口径测算，超额准备金率要高于2.5%。,0
第五，对我国利率水平的影响。,0
三是完善信息披露制度。,0
固定资产投资缓中趋稳，制造业投资和民间投资增速持续回升。,0
有序压降重点区域、重点领域金融风险。,1
三是全球疫情还在蔓延，给世界经济复苏带来波折和挑战。,1
出口增速下降的同时，结构有所改善，钢材、钢坯、焦炭等“两高一资”产品出口量同比大幅下降。,0
企业盈利水平不高，钢铁生产成本上升，价格回落。,1
目前美、欧、日经济面临衰退风险，新兴经济体经济下行风险也较大，这对我国外需可能产生较大影响。,1
第三季度，美欧债务问题恶化加剧了市场的恐慌情绪，加之全球经济复苏趋缓，全球主要股市暴跌后在低位宽幅震荡。,1
目前，M1增速仍持续高于 M2增速。,0
债券利率大幅走低，负利率债券规模快速增加，存贷款利率也受到低利率政策冲击。,1
外汇市场交易主体进一步扩展。,0
二是促进养老服务业健康发展。,0
新兴经济体货币政策分化。,0
欧元区经济衰退放缓。,1
此外，地缘政治冲突多点爆发，恐怖主义抬头，风险因素和不确定性加速累积，对经济金融的影响加大。,1
总的来说，全球经济放缓对我外汇收支的影响有限，尚未改变我国外汇收支总体顺差局面。,1
有力推进风险防控体制机制建设，严肃追责问责，健全金融法治，补齐监管短板，填补监管空白，坚决查处一批市场影响恶劣的大要案，严厉惩治金融风险背后的监管失守和违法犯罪行为。,1
鼓励社会资金参与中小金融机构重组改造。,0
日本经济增长放缓，连续21个月出现贸易逆差，财政压力加大。,1
一旦房地产市场出现泡沫，将直接导致房地产贷款的金融风险的显现。,1
节能减排成效继续显现，电源投资结构加快调整。,0
适时开展中期借贷便利操作。,0
希腊经济快速衰退、处于债务违约边缘，西班牙、意大利等国主权债务风险上升。,1
同业存单市场发展较快，大额存单业务进一步发展。,0
进一步完善外汇储备经营管理，实现外汇储备资产保值增值。,0
同时， 同业存单一级市场发行日趋活跃，二级市场交易初具规模。,0
9月末，金融机构不良贷款余额（一逾两呆）比年初减少490亿元，不良贷款率比年初下降3.3个百分点。,1
中国劳动力绝对量持续大规模增长势头正在逐步发生转变。,0
稳妥处置高风险集团风险，防范化解中小银行风险，有序压降重点区域、重点领域金融风险。,1
投资缓中趋稳，消费、就业总体稳定，物价上涨结构性特征明显。,1
短期内， 日本经济仍将受到欧债危机、全球经济下滑、日元升值和国内电力供应短缺等因素的困扰。,1
加快发展外汇市场，推动汇率风险管理工具创新。,0
全年居民消费物价上涨控制在2%左右。,1
7月以来美国最大的两家房贷机构，房利美（Fannie Mae）和房地美(Freddie Mac)陷入困境，引发了各界对“次级住房抵押贷款危机”可能升级为“住房抵押贷款危机”并威胁美国住房金融体系正常运转的担忧，对全球金融市场的潜在影响有待观察。,1
加大金融支持力度，服务医药制造业加快高质量发展。,0
多年以来，我国资源性产品价格偏低，只反映采掘、运输等开发成本， 忽略了资源稀缺性和环境损害成本。,1
进入2008年， 次贷危机引发的信用问题不断加剧，杠杆系数高且主要依赖短期融资的金融机构先后受到重创，贝尔斯登被摩根大通收购。,1
但也要看到，经济运行中仍面临不少风险和挑战。,1
推动存量高风险机构持续压降，高风险机构数量明显减少。,1
稳健的货币政策要灵活适度、精准有效。,0
美国的巨额经常账户逆差和财政赤字持续扩大，对美元走势产生负面影响。,1
外汇市场交易主体进一步扩展。,0
国有企业资产负债率过高，资本严重不足，使信贷资金的合理配置受到制约，不利于发挥货币政策作用。,1
利率互换交易活跃。,0
（四）股票市场指数回升，成交量同比大幅提高股票市场沪深指数回升，创业板指数上升。,0
日本房地产市场略显降温迹象。,1
煤炭价格保持高位致使火电企业生产成本上升。,1
农产品生产价格（指农产品生产者直接出售其产品时的价格）涨幅高于农业生产资料价格涨幅。,0
经济持续回升向好也需要克服一些困难和挑战。,0
近年来，全球房地产、证券、黄金、石油等市场十分活跃，各类资产价格出现了大幅上涨的行情。,0
实施降准提供长期流动性。,0
保险业资产保持快速增长。,0
二是财政可持续性风险值得关注。,0
近年来，高铁产业发展迅速。,0
日本央行借助各种渠道向市场大规模注入流动性，以应对地震海啸灾害对金融市场的冲击。,1
欧日股指大幅上行，新兴市场经济体股指波动性增大。,0
改善收入分配结构，增强中低收入人群的消费能力。,0
成熟的市场经济体系具有相对完善的“区别对待”的调节机制。,0
欧洲房地产市场不容乐观。,1
一是深入开展金融精准扶贫。,0
突出地下钱庄、跨境赌博和网络炒汇等非法金融活动线索排查。,1
（七）黄金价格强势反弹，交易规模快速增长黄金价格迎来强势反弹。,0
高新技术产品和机电产品出口明显改善。,0
促进“资本下乡”，发挥政策合力，加大涉农信贷的支持范围和力度， 放宽社会资本准入限制条件，鼓励社会资本合作模式的创新。,0
总体看，国民经济将保持平稳较快增长，但要高度关注固定资产投资增长过快、货币信贷投放过多、国际收支不平衡、能源消耗过多、 环境压力加大以及潜在通胀压力上升可能对我国经济带来的风险。,1
加强和改进互联网财产保险业务监管。,0
同时，加强对理财产品及其他影子银行的监管，按照“实质重于形式” 的原则，统一监管标准，强化资本、流动性和其他审慎约束，消除定价扭曲。,1
6月，美国密歇根大学消费者信心指数降至50， 创有历史记录以来新低；制造业 PMI 降至53.0，创两年来新低。,1
重点群体就业形势总体改善。,0
进一步完善债券发行定价机制，规范债券发行管理。,0
市场对未来利率上升预期进一步增强。,0
二是全球高新技术产业投资过度、生产过剩所带来的大调整对我国相关企业的不利影响在逐渐加深，导致我国高新技术产品生产大幅度下降。,1
欧央行推出应对疫情的紧急长期再融资操作。,1
大多数银行上年度信贷支农支小情况满足定向降准标准，可以继续享受优惠准备金率；部分此前未享受定向降准的银行达到了定向降准标准，可以在新年度享受优惠准备金率；部分银行不再满足定向降准标准，将不能继续享受优惠准备金率。,0
二是对金融衍生产品的过度依赖和风险控制不当。,1
为救助危机和刺激经济，各经济体政府动用了大量财政资金，大量私人亏损转化为公共债务负担，这使得相当一部分经济体债务负担过重。,1
二季度投资不振、消费低迷，欧元升值增加了出口的难度，经济出现停滞趋势，4月份失业率升至8.8%，为3年来最高。,1
政治和地缘政治风险上升制约经济增长。,1
持续做好证券业、保险业、金融市场风险监测，运用金融市场压力指数监测股票、债券、货币和外汇等市场风险。,1
限制对高耗能、高排放和产能过剩行业劣质企业的贷款。,1
一方面，生产原材料和基本农产品的供应收紧可能给全球粮食、能源安全带来系统性冲击，对外依存度高的发展中国家压力更大。,1
今年以来，宏观政策逆周期调节力度加大，经济恢复发展，总需求持续改善，物价水平温和回升，前三季度 CPI 同比上涨0.3%，其中三季度上涨0.5%。,0
我们估计今年欧元区经济增长率难以超过2.5%。,1
受欧洲主权债务危机等因素影响，国际货币市场利率震荡上行。,1
中央财政收入第三季度增幅明显回升，主要是受经济逐步回暖、贸易形势好转等因素影响。,0
债券发行利率明显回落。,1
不断提高对养老家政健康消费等新消费领域和现代服务业的金融服务水平，加快新旧发展动能接续转换，推动经济提质增效和转型升级。,0
债券市场指数有所波动。,1
我国一向坚持市场化的汇率改革方向， 更多发挥市场在汇率形成中的决定性作用，不搞竞争性贬值，不会将人民币汇率作为工具来应对贸易争端等外部扰动。,1
利用“市场倒逼”机制，鼓励企业兼并重组，加快关停淘汰落后光伏产能，遏制低水平重复建设，提高资源配置效率和产业生产集中度，推动资源整合。,1
虽然欧央行实行负利率并加大资产购买力度，但面临欧元贬值可能引发资本外流、欧元区债务工具市场深度不足、中小企业信用风险较大等问题的掣肘，能性，短期内欧元区摆脱低增长、高失业状况的难度较大。,1
生产价格涨幅扩大。,0
部分欧洲新兴经济体由于财政负担过重，金融系统脆弱，对外资吸引力下降，经济增长的不确定性加大。,1
2004年，在党中央、国务院的正确领导下，通过加强和改善宏观调控，我国国民经济继续平稳较快发展。,0
日本央行维持宽松货币政策。,0
尽管劳动力市场改善， 但工业生产和出口仍较疲软，投资低迷，制造业 PMI 连续放缓。,1
完善系统重要性金融机构监管框架。,0
南非经济2018年下半年略有起色，但失业率仍居高不下。,1
6月份 CPI 即出现一定幅度的反弹，环比涨幅高于历史同期均值。,0
在供求的共同作用下，PPI涨幅出现回升。,0
新兴市场经济体仍保持较快增长势头，但增速略有下滑。,0
美欧等发达经济体金融体系在高利率状态下面临压力。,1
第四，贸易和投资保护主义倾向上升。,0
（三）主要经济体房地产市场走势美国房地产市场显现回暖迹象。,0
一是资金支持覆盖面逐步扩大，普惠性逐步增强。,0
由此就容易导致供给端出现“供给过剩和供给不足并存”的结构性问题，需结构性矛盾。,1
日本经济陷入衰退。,1
从实施效果看，信贷结构变化更好地支持了经济结构调整和转型升级。,0
进、出口价格上涨较快，进口价格涨幅高于出口价格。,0
主要高耗能行业和产品生产增速明显放缓。,1
在全球性金融危机对我国经济冲击明显加剧的大背景下，外部需求明显收缩，部分行业产能过剩，企业生产经营困难，城镇失业人员增多，经济增长下行的压力明显加大。,1
外债期限结构持续优化。,0
国际原油价格高位震荡。,1
然而，近几年我国货币政策操作所面临的流动性环境与上述情形正好相反： 我国银行体系流动性不仅没有缺口，反而存在着持续性的、不断积累的流动性过剩。,1
从历史数据来看，两者或多或少会有偏离。,1
健全市场化利率形成和传导机制，继续释放贷款市场报价利率改革潜力，完善央行政策利率体系， 持续优化存款利率监管，推动实际贷款利率进一步降低。,0
债券发行利率下行，发行量增加。,1
三是适度增强操作利率弹性。,0
此后，美欧经济数据不及预期和全球经济增长前景黯淡等因素加剧市场恐慌情绪，全球主要股市在低位宽幅震荡。,1
密切关注重点领域风险，统筹协调金融支持地方债务风险化解工作，稳步推动高风险中小金融机构改革化险。,1
但也要看到，国内劳动力供给可能已接近“刘易斯拐点”4， 能源资源约束的矛盾亦日益突出，劳动力成本、资源能源价格上升是长期趋势。,1
在 “非典”最盛行的4月和5月，旅游业全行业基本陷入停顿状态；旅客运输量急剧下降，民航铁路出现亏损；商业、餐饮业明显萎缩，5月份社会商品零售额仅增长4.3%。,1
月中旬国际油价明显下跌，此后又有所反弹，呈现震荡格局。,1
同比增速为可比口径数据，为年增速。,0
2008年第一季度中国人民银行银行家和企业家问卷调查显示，贷款需求景气度出现强劲反弹，景气指数回升至历史第二高位，并创历年同期最高值，特别是企业贷款需求反弹较大，企业家对下季度国内订单预期景气指数也大幅上升并达历史最高，一定程度上显示出市场需求比较稳定，投资需求依然比较旺盛。,0
继续发挥再贷款精准滴灌和正向激励作用，支持巩固脱贫攻坚成果同乡村振兴有效衔接。,0
从这一点看，存贷差问题与宏观上储蓄向投资转化的问题是两回事，通过促进银行加大贷款投放力度并不能缩小存贷差。,1
固定资产投资快速增长。,0
展望未来，由于全球主权债务危机尚未得到有效遏制，部分经济体财政赤字严重，主要经济体失业率居高不下，危机损失尚未完全暴露以及全球对“退出”政策预期的影响，全球经济复苏过程可能出现反复。,1
国际形势复杂多变，主要发达经济体货币政策继续调整，人民币汇率双向波动，发挥了宏观经济和国际收支自动稳定器功能，总体在合理均衡水平上保持基本稳定。,1
5月份汶川地震发生后，立即放开了灾区法人金融机构信贷规划约束，并引导全国性银行加强系统内信贷资源调剂，加大对灾区信贷投入。,1
六是有效防范系统性金融风险，切实维护金融体系稳定。,1
主要货币市场利率低位下行。,1
进出口增速回升，结构优化。,0
聚焦重点支持群体和重点企业，创新开展多种形式的政银企对接活动，提高融资对接有效性、精准性。,0
进一步发挥信贷资产证券化盘活存量的积极作用。,0
产能过剩行业中长期贷款增速显著放缓。,1
对于商业银行来说，更应当加强自我约束和风险控制，积极采取措施促进贷款均衡增长。,1
受国内需求增长及大宗商品价格企稳回升影响，拉美、东盟和非洲各主要发展中经济体复苏速度快于发达经济体。,0
提供材料的还有： 水汝庆、王振营、郑红、 霍颖励、杨丽慧、盛梅、 高玉泽内容摘要2003年上半年，受伊拉克战争和“非典”疫情影响，世界经济增速放慢， 低于预期。,1
股票融资大幅增加。,0
第三，对流入我国外资的影响。,0
同业存单市场的较快发展，有利于进一步提高中长端Shibor的基准性。,0
主要发达经济体货币政策继续调整，国际金融市场受风险事件影响出现波动。,1
境内外币存款市场利率有升有降。,1
可控性，就是人民币汇率的变化要在宏观管理上能够控制得住，既要推进改革，又不能失去控制， 避免出现金融市场动荡和经济大的波动。,1
我国是具有强劲韧性的超大型经济体，经济长期向好的基本面没有变，发展潜力大、回旋空间广阔的特点明显，市场主体活力充足。,0
人民币对欧元、日元等其他国际主要货币汇率双向波动。,1
秉承“事前防范金融风险过度积累，事中事后快速高效处置风险”的原则，主动防范化解金融风险。,1
二是国际货运稳步增长，海外航班持续恢复。,0
2019年年初至7月，企业贷款加权平均利率一直在5.3%附近波动，市场利率下行向企业贷款利率传导不足。,1
全球经济增长预期明显改善。,0
力争小企业贷款增速高于全部企业贷款增速，新增小企业贷款占新增企业贷款的比重有所提高。,0
考虑到金融周期和经济周期往往不完全同步，银行信贷风险暴露需要一段时间，应有一定的财力准备和风险缓冲。,1
要求金融机构注意防止资本充足率下降，控制合理的存贷款比率，预防短期资金长期使用比率过高可能产生的风险，注意加强流动性管理，防止为降低不良资产比率而过度投放贷款， 适度控制贷款总量。,1
世界经济政治形势更加错综复杂，主要发达经济体货币政策正常化存在不确定性，地缘政治风险依然较大，这些都可能对金融市场运行和资本流动等造成冲击。,1
第三季度，服务业增加值同比增长3.2%，增速由负转正。,0
生产资料价格下降拖累生产价格涨幅由正转负。,1
进一步优化金融资源配置，盘活存量，优化增量，整合金融资源支持小微企业等重点领域和薄弱环节发展，更好地服务于转型升级和扩大内需。,0
这主要因为近期主要工业国家的经济形势均出现不同程度的恶化。,1
（一）主要经济体经济形势美国经济增长势头有所回升，通胀、就业形势略有改善。,0
一是保险机构不断发展。,0
（一）主要经济体经济状况美国经济陷入衰退。,1
货币信贷增长过快的势头有所抑制，与宏观调控的总体要求基本适应。,1
构建危机管理和风险处置框架，推进存款保险制度建设。,1
债券市场发行规模大幅增加。,0
二是进一步完善绿色金融债券存续期监督管理，提升信息披露透明度。,0
展望未来，新能源发展前景仍非常广阔，需要进一步推动新能源的有效利用，助力我国新型能源体系高质量发展再上新台阶。,0
农村信用社改革取得显著成效。,0
二是完善绿色金融债券监督管理。,0
三是大力发展信息产业对于转变发展方式具有积极意义。,0
严格控制对高耗能、高排放行业和产能过剩行业的贷款，促进产能过剩矛盾化解。,1
从长期看，中国经济向好的基本面没有改变，经济韧性好、潜力足、回旋空间大的基本特质没有变，尤其是经济结构调整优化持续推进，服务业加快发展，信息技术、租赁和商务、科技服务、卫生、农林牧渔等长，消费热点不断涌现，未来随着结构调整和改革继续推进，经济增长的潜力还将持续释放，改革红利将推升要素生产率，促进国民经济实现更高质量、更可持续的发展。,0
利率管制的基本放开，为推动金融机构转型发展注入新的动力。,0
二是居民消费意愿加快恢复。,0
三是加强和改进保险监管。,0
IMF 认为全球经济下行风险依然突出，包括地缘政治紧张局势抬头、社会动荡加剧、部分国家间经贸摩擦日益深化等。,1
既要防止金融风险蔓延，也要防止出现道德风险，守住不发生区域性系统性风险的底线。,1
同时决定继续将联邦基金利率保持在0-0.25%的历史最低水平。,1
债券市场指数有所上涨。,0
一方面，疫情前全球经济“低通胀、低利率、低增长、高债务”的“三低一高”局面正在发生根本性转变，特别是高通胀问题正成为多数经济体面临的最大挑战。,1
切实维护外汇市场健康秩序。,0
利率出现的变化反映出经济活动升温及对资金需求较为旺盛。,0
今年世界经济增长的减缓超出了人们的预料，而且针对美国的恐怖袭击事件使全球经济进入衰退的可能性加大，主要国际经济组织对于全球增长的预测还在下调。,1
完善偿付能力监管体系。,0
其次，国际油价的大幅下跌， 为理顺资源型产品价格体系（包括相应的税收和补贴机制）提供了机会。,0
在总需求稳中有所放缓的情况下，个别商品价格上涨难以持续推动整体物价水平上行。,1
这种现象，削弱了商业银行对于县域经济和中小企业的支持。,1
外汇市场交易主体进一步扩展。,0
此外，5月意大利政府组阁一波三折，引发市场担忧情绪，金融市场波动加剧。,1
欧洲房地产市场仍较低迷。,1
房地产贷款增速止降趋稳。,0
定期开展全国性银行制造业和科技创新贷款情况通报，激励引导金融机构加大对制造业和科技创新的信贷支持。,0
国际地缘政治局势不确定性加剧，可能拖累全球贸易和投资增长。,1
此外，美国和日本潜在的财政风险也不容忽视。,1
由于我国出口贸易的阻力增大，贸易顺差会加速减少，从而影响我国外汇储备的增长。,1
过去， 主要是通过贷款规模管理甚至行政命令等方式进行调控，其特点是容易实现对于贷款控制的目标，但难以避免“一刀切”，代价是经济活动容易出现“急刹车” 的现象。,1
目前欧债危机暂时出现缓和，但风险依然存在。,1
"但是,经济运行中仍然存在着固定资产投资增幅回落基础不稳固、 国际收支不平衡矛盾继续加剧、农民持续增收难度加大、节能降耗和污染减排形势严峻等问题。",1
9月16日，证监会发布《关于进一步推进期货经营机构创新发展的意见》，从努力增强期货经营机构竞争力、适时放宽行业准入、逐步推进期货经营机构对外开放和加强投资者保护等八个方面明晰了下一步期货业发展的目标及相应的政策配套措施，有利于推动期货行业的创新发展，进一步提升其在服务实体经济、促进经济结构转型升级方面的作用。,0
三是能源、食品等大宗商品价格波动将给生产者和消费者带来负面影响，成为经济运行中的不确定因素。,1
（五）国际经济形势展望2011年第二季度，美国经济复苏疲软、欧元区主权债务风险上升、日本地震海啸灾害、西亚北非地区政局动荡等不利因素导致全球经济和金融市场动荡加剧，全球经济面临的下行风险增加。,1
三是我国产业链供应链齐全，配套能力强，出口仍具备结构性优势。,0
七是利用黄金交易、期铜等大宗商品交易进行融资性质的操作达到套利的目的。,1
固定资产投资过快增长的势头有所遏制，但仍在高位运行。,1
欧元区经济仍较为疲弱。,1
为应对国内通胀压力、资本外流和汇率贬值风险，部分新兴经济体继续加息。,1
中小企业规模小，收益不稳定，抗风险能力差，缺乏合格抵押担保品，也在很大程度上影响了银行对中小企业的贷款支持力度。,1
前三季度，全国规模以上工业增加值5.0万亿元，同比增长16.3%，比上半年低0.1个百分点，比上年同期低0.7个百分点。,1
推动落实《全球系统重要性银行总损失吸收能力管理办法》有关要求，发行总损失吸收能力非资本债券，夯实风险抵御能力。,1
进出口价格继续呈回落态势。,1
产业结构调整取得新进展，产业集中度显著提高。,0
通过市场化的利率传导机制，引导实际贷款利率更大幅度下行。,1
中小企业融资难问题不是暂时现象，而是历史上一直没有解决的难题。,1
2013年第四季度以来欧元区通胀率跌至1%以下，一些经济较弱国家甚至接近于零。,1
居民通货膨胀预期提高。,0
在此背景下，风险因素可能导致避险情绪骤升冲击金融体系稳定，并影响全球经济增长。,1
这在市场流动性发生波动的情况下，容易受到冲击。,1
从国内情况看，各地推动城镇化、工业化和区域协调发展的热情很高，中西部发展步伐加快，产业结构升级和服务业发展空间广阔，经济长期保持平稳较快增长的基本面没有发生变化。,0
（七）黄金价格整体震荡下跌黄金价格整体呈震荡下跌态势。,1
价格水平先升后降，综合消费价格指数（HICP）同比增长从年初的3.2%一度升至7月4.0%的历史高点，8月起快速回落，12月降至1.6%，已低于欧洲中央银行2%的通货膨胀目标水平。,1
目前欧佩克仍没有采取任何减产保价的措施。,1
四是持续改善营商环境。,0
股票市场成交量大幅增长。,0
加快发展外汇市场，推动汇率风险管理工具创新。,0
加强优质企业贸易收支便利化政策宣传，支持更多信用好、能力强、有实需的银企享受政策红利，不断提升优质中小企业便利化政策覆盖面。,0
“十二五”时期，金融业仍处于可以大有作为的重要战略机遇期，宏观经济正处结构调整的关键时刻，金融发展和改革也迎来关键的时间窗口，此时出台《规划》，为金融改革和发展定下了基调和方向，具有重要意义。,0
短期内美国经济运行仍面临政府支出削减谈判等政策不确定因素影响。,1
后续又有银行接连倒闭引发市场恐慌，市场对中小银行的信心进一步受损。,1
国际大宗商品价格总体有所下行，进口价格涨幅有所回落。,1
6月份起至10月份，沪、深股市出现下滑。,1
外币贷款增速有所回升。,0
生产价格降幅收窄。,1
经营财务状况持续改善，涉农信贷投放继续扩大。,0
当前各地发展热情较高，尤其是中西部地区实现后发增长和区域协调发展的意愿很强，在城镇化、信息化、工业化和农业现代化进程中，投资需求仍比较旺盛，基础设施、产业升级以及技术改造等投资领域比较多。,0
进一步放宽 QFII 和 RQFII 投资范围。,0
境外人民币直接交易市场获得长足发展。,0
网上支付、移动支付、电话支付等新兴支付服务发展迅猛。,0
GDP 平减指数同比上涨。,0
Shibor短端保持平稳，中长端有所下行。,1
进口商品价格攀升。,0
中国发展有巨大的潜能，新型城镇化、服务业、高端制造业以及消费升级有很大的发展空间，回旋空间也比较大。,0
同时，明确股权、债权的减记顺位，规定债权人和相关利益主体通过风险处置所得原则上不低于破产清算所得。,1
三是灾后恢复重建需要大规模固定资产投资，有利于拉动内需。,0
企业资金相对宽松。,0
（二）进一步推动利率市场化，增强利率等价格杠杆的调控作用。,0
指导有关金融基础设施机构落地便利投资一揽子措施。,0
第四季度由于秋粮收成较好和参加世贸组织后预期粮价将下降等因素影响，粮食价格转升为降，降幅为2.7％。,1
为应对金融市场波动和资本外流压力，阿塞拜疆于2016年1月采取了一些资本管制措施，但这些管制措施并未实现预期效果。,1
加强风险监测预警，动态排查风险隐患， 加强对企业债务风险、银行信贷资产质量、互联网金融、民间融资及非法集资、跨境资金流动等领域的风险监测分析，督促金融机构及有关方面做好各种情景下的应对预案，依法处置信用违约风险。,1
房价上涨城市增多，但走势趋缓。,0
新兴市场经济体货币政策出现分化。,0
提高资本市场信息披露质量。,0
受新冠肺炎疫情影响，国内外经济受到冲击，国际外汇市场波动明显加大，人民币汇率也出现了一些波动，但汇率小幅贬值，对一篮子货币汇率有所升值。,1
企业和居民定期存款偏好增强。,0
尽管也面临增长放缓压力，但一些经济体迫于通胀和货币贬值压力而加息。,1
棚改融资转由地方政府专项债承担，保障房信贷增长有所放缓。,1
引导金融机构更好地用好增量、盘活存量，探索创新组织架构、 抵押品、产品和服务模式，将更多信贷资金配置到重点领域和薄弱环节，促进国民经济提质增效和持续健康发展。,0
因此，不宜简单比较不同经济体货币总量/GDP 的高低来评估货币条件和通胀压力等问题。,1
欧元区主权债务危机形势依然严峻，经济下行风险依然较大。,1
二是完善对外担保管理。,0
分城乡看，城镇消费增速快于乡村，增速差距基本保持稳定。,0
农业生产资料价格同比上涨0.1%，涨幅比上年缩小0.3个百分点；农产品生产价格同比上涨3.4%，涨幅比上年提高1.7个百分点。,0
完善系统重要性金融机构监管框架。,0
前三季度，高技术产业投资增长9.1%，增速比上半年提高2.8个百分点。,0
中国农业银行的改革基础性工作取得重大进展。,0
目前制造业和房地产投资在波动中趋于下行，经济增长在较大程度上依靠基础设施投资托举，加之低效率企业大量占用资源、资金使用效率不高，全社会债务水平上升较快，经济金融领域的潜在风险值得关注。,1
完善巨灾保险制度建设。,0
出口退税账户托管贷款为商 - 4 - 业性贷款，期限最长不超过一年，贷款比例原则上不超过企业应得退税款的70%。,1
二是盘活存量、优化增量，支持经济结构调整和转型升级。,0
④农村合作金融机构包括农村商业银行、农村合作银行、农村信用社。,0
金融领域持续助力新型消费模式下的快递行业高质量发展。,0
前价格）同比上涨8.9%；农业生产资料价格同比上涨1.9%。,0
未来若总需求持续回升可能会加大物价上行压力。,0
国际金融危机以来，主要经济体需求持续下降，尽管政策利率已接近零，但金融市场风险溢价仍居高不下，信贷市场紧缩严重，通常的以短期利率为主的货币政策传导机制不畅。,1
第一季度，国债各期限品种收益率整体下行。,1
加快推动科技创新、普惠养老、交通物流专项再贷款落地。,0
（七）黄金价格整体震荡下行上半年，上海黄金交易所黄金、白银、铂金交易规模均有所增长， 其中黄金、白银交易量创历年来同期最高水平。,1
2023年，居民消费价格指数（CPI）同比上涨0.2%，总体呈前高后低、逐步放缓态势，四季度同比平均下跌0.3%。,1
加强高风险业务的监测核查。,1
三是 LPR 衍生品较快发展。,0
中国物价目前在低位运行有其特殊原因，对世界价格影响不大。,1
4月份以来，银行间市场和交易所市场债券指数均呈现下行趋势。,1
同时，继续鼓励民营企业提高经营能力、管理水平，完善法人治理结构，建立现代企业制度，在合法合规中提高企业竞争能力，提高对经营资源的吸附能力。,0
货币市场交易活跃。,0
中国高铁已成为中国高端制造的一张亮丽 “名片”。,0
在美联储加息不确定性较大、地缘政治冲突加剧等背景下，投资者避险情绪上升， 部分新兴市场经济体金融市场波动增大，汇率大幅贬值，其中巴西雷亚尔和土耳其里拉贬值幅度尤其明显。,1
非食品价格涨幅稳定，第一季度同比上涨1.1%，涨幅与上季度持平。,0
畅通货币政策传导机制，更好把握存量与增量的关系，注重盘活存量金融资源，提高资金使用效率。,0
也要看到，当前外部环境错综复杂，经济下行压力持续加大，部分企业经营困难较多。,1
中国人民银行进一步完善宏观审慎政策框架，更好地发挥逆周期调节作用。,0
近期美国复苏态势较好，是发达经济体中的主要亮点。,0
进一步扩大保险业对外开放。,0
由于担心欧美需求疲软，加上国际能源署于6月23日宣布释放6000万桶原油储备，国际油价近期有所回落，但能源价格波动加大了金融市场和实体经济风险。,1
固定资产投资的迅猛增长导致对钢铁、电解铝、水泥等高耗能行业的巨大需求，而这些高耗能行业的过度扩张使已经绷得很紧的煤电油运供求形势更加严峻，造成瓶颈制约。,1
当然也有观点认为，当存在资产价格泡沫迹象等金融稳定风险时，央行宜采用比维持价格稳定所需更紧一些的货币政策，以避免风险积聚，也就是所谓的逆风干预（lean against the wind）。,1
引导大型银行服务重心下沉，推动中小银行聚焦主责主业，增强金融市场的活力与韧性，健全具有高度适应性、 竞争力、普惠性的现代金融体系。,0
发展中国家和经济转型国家，由于开放程度较低，非贸易商品和服务比重大，且质量较差，所以价格低于国际价格，再加上国内价格机制不健全，所以汇率与购买力平价的偏差程度较大。,1
（四）国际经济展望及面临的主要风险总体看，全球经济仍在缓慢复苏，但结构性矛盾及不确定性犹存， 可能面临以下风险： 一是美国经济增长前景和货币政策走势还存在一些不确定性。,1
第二，从需求方面看，2001年世界经济不景气和2002年世界经济恢复缓慢； 全球性的贫富差距扩大，发展中国家相对发达国家的购买力下降，需求不足的矛盾日益突出。,1
全球金融潜在风险逐步累积。,1
从国际经验看，包括财政补贴和税收优惠在内的扶持政策对各国新能源汽车发展均起到了重要推动作用，但随着产业规模的扩大和市场化程度不断提高，需在政府、企业和消费者之间建立可持续的激励相容的政策机制。,0
三是《关于改革完善并严格实施上市公司退市制度的若干意见》发布，上市公司退市制度正式出台，实现了上市公司退市的市场化、法制化和常态化。,1
推动人民币对其他货币直接交易市场发展，更好地为跨境贸易人民币结算业务发展服务。,0
鼓励创新， 以创新促进发展。,0
主要原因是后一部分企业市场销售情况不好、负债率高、信誉低，其中相当多处于停产半停产状态。,1
此外，由于中东欧国家的经济、金融同欧元区高度关联，近期下行风险有所增加。,1
灵活开展公开市场操作。,0
（二）国际金融市场概况码宽松货币政策推动大幅上涨。,0
其中，新建住宅销售价格同比上涨9.1%，环比上涨1.9%；二手住宅销售价格同比上涨6.8%，环比上涨1.0%。,0
8月份，美欧公布的经济数据走软，主要股市震荡走低。,1
完善农村金融服务体系，全面推进其他金融企业的微观机制改造。,0
资本项目可兑换程度不断提高。,0
企业生产经营有所好转，市场需求有所回暖。,0
（三）居民消费价格温和上涨，生产价格涨幅较高居民消费价格温和上涨。,0
对此要增强机遇意识和风险意识，将改革和调控、 短期和长期、内部均衡和外部均衡结合起来，集中精力办好自己的事， 努力实现高质量发展。,0
进一步促进贸易投资自由化便利化。,0
外汇市场交易主体进一步扩展。,0
房地产贷款增速持续下降。,0
根据《钢铁工业“十二五”发展规划》的要求，钢铁行业应以结构调整、转型升级为主攻方向，以自主创新和技术改造为支撑，提高质量，扩大高性能钢材品种，加快实现由注重规模扩张向注重品种质量效益转变； 优化区域布局，引导兼并重组，严格控制产能扩张，进一步提高产业集中度，推进节能降耗，强化资源保障，有效满足经济社会发展需要。,0
跨境人民币业务范围进一步扩大。,0
加快发展货币市场，推动货币市场基金发展，实现货币市场与资本市场的良性互动。,0
此外，东亚、中东地区政治形势紧张， 特别是埃及和叙利亚局势并不乐观，可能加剧全球大宗商品价格波动，制约全球经济复苏。,1
同时，人民银行充分发挥了央行“最后贷款人”作用，有效遏制了包商银行风险向其他中小金融机构蔓延，守住了不发生系统性风险的底线。,1
人民币汇率有升有贬、双向浮动，保持在合理均衡水平上的基本稳定。,1
通货膨胀形势依旧不容乐观。,1
有序推进人民币国际化，进一步扩大人民币在跨境贸易和投资中的使用，深化对外货币金融合作，发展离岸人民币市场。,0
部分新兴市场经济体经济有所企稳，但仍面临调整与转型压力。,0
一季度，欧元区经济只增长了0.9%，二季度增长仍然缓慢，恢复势头脆弱乏力。,1
第二轮量化宽松政策 （QE2）已于6月底如期结束，但美国经济仍受失业率高企、房地产市场低迷和债务风险等问题困扰，增长势头放缓。,1
新兴业态快速增长，居住类消费回暖，节能智能消费日趋旺盛。,0
未来交通运输业有望迎来新的发展机遇，由“大”向“强”不断迈进。,0
少数非洲经济体仍在加息，安哥拉和尼日利亚央行分别加息50个和150个基点。,1
强化对绿色发展的金融支持。,0
商业银行设立基金管理公司，鼓励了金融创新，有利于促进金融市场长期健康协调发展，推进商业银行改革，优化资源配置。,0
此次利率调整适应物价水平整体走低的形势，稳健货币政策取向并未发生变化。,1
要加快金融体制改革的步伐，进一步完善外汇管理体制，逐步放宽对企业和居民用汇的限制，积极创造条件，提高人民币汇率形成机制的市场化程度。,0
日本经济受出口减速和内需下滑影响，增速放缓。,1
第一季度，欧元区制造业 PMI 持续走低，3月制造业 PMI 降至一年来最低水平。,1
新兴市场经济体继续复苏，但速度不一。,0
保险市场与货币政策调控的关联度日益提高。,0
一是灵活调整中央银行票据发行力度，保持银行体系流动性充足。,0
充分利用各种有利条件，加快建立以市场为导向、企业为主体、科研院所和高校为支撑、产学研用紧密结合的纺织行业科技创新机制，进一步提高产品质量，培养自主品牌，提高产品附加值，完善产业价值链；推广节能降耗减排新技术并加强资源再生循环及利用，着力推动纺织工业进入创新驱动的发展轨道。,0
继续完善做市商制度，提高债券市场流动性，为培育有效的收益率曲线夯实基础。,0
推动金融机构健全运用 LPR定价机制，持续释放 LPR改革潜力。,0
第三，货币政策紧缩力度偏大也是美国经济下滑的重要因素。,1
由于欧元区银行间市场趋紧，法国银行也面临较大的融资压力，9月13日，穆迪下调了法国兴业银行和法国农业信贷银行的评级。,1
加强对重点行业、重点企业、重点地区的信贷集中状况以及信贷风险的动态评估监测，及时发布预警信息。,1
三是社会领域投资回升。,0
2019年以来单月CPI同比涨幅有所走高主要受食品价格尤其是猪肉价格较快上涨所拉动， 关系到居民“菜篮子”消费成本，须引起重视并妥善应对。,0
目前不顾客观条件，盲目新建汽车项目的势头仍然存在，使有限的资源得不到有效利用。,1
大力发展监管科技，提高监管的专业性、有效性和严肃性。,0
适时推进资源能源价格形成机制改革，提高并强化环保标准，促进发展方式转变。,0
股票市场成交量回升。,0
三是进一步完善再贴现制度管理。,0
通过健全金融机构体系和市场体系、增强金融服务能力，进一步加大金融支持科技创新和经济结构调整的力度，支持国家创新体系建设，促进新能源、新材料等战略性新兴产业创新发展。,0
完善保险产品费率和准备金评估的标准。,0
放缓的银行向实体经济提供支持。,1
受油价下跌等因素影响，物价下行压力依然存在，离日本央行2%的通胀目标仍有较大差距。,1
目前，大多数欧元区银行已开始对部分机构客户征收负利率，但仍很难对零售客户实施负利率。,1
新兴市场经济体复苏普遍较快，但也有所分化，亚洲和拉美增长较快，欧洲新兴市场经济体复苏相对较慢。,0
多数新兴市场经济体股市走高，第三季度阿根廷MERV指数大幅上涨59.1%， 印尼雅加达综合指数和墨西哥MXX指数均上升5.3%。,0
近年来铁路发展成效显著。,0
发达经济体国债收益率近期普遍下行，全年走势不一。,1
资产负债结构的不稳定最终引发流动性风险。,1
精准开展公开市场操作。,0
地震、海啸和核泄漏灾难对日本生产和出口造成沉重打击。,1
但塞浦路斯救助等问题使欧债危机一度再现阴霾，欧元区经济前景仍不容乐观。,1
未来随着经济增速逐步向潜在水平回归，宏观杠杆率有望趋于平稳。,0
一季度，人民币对美元汇率小幅贬值。,1
但也有部分行业因需求不振、产品价格下降等原因利润比上年减少。,1
在贸易收支恶化和资本流出的共同作用下，新兴市场经济体汇率波动较大，许多亚洲国家货币出现贬值。,1
受12月货币市场利率变动的影响，票据融资利率有所上升， 一定程度上收窄贷款利率总体降幅。,1
推动市场创新，丰富债券市场产品和层次，更好地满足投资者需求。,0
推动供应链金融规范发展和创新， 联合有关部门逐步落地具体配套政策，精准服务供应链产业链完整稳定。,0
虽然部分企业出现亏损，少数企业发生关停， 但没有从根本上影响中小企业较快发展的格局，也没有出现企业集中倒闭的现象。,1
鼓励金融机构创新组织、机制、产品和服务模式，支持农业适度规模经营和新型农业经营主体发展。,0
全球主要股指波动较大。,1
国家较大幅度提高社会保障水平，推进医疗卫生体制改革，增加农业补贴，有利于提高居民消费倾向，促进消费增长。,0
进出口逐季回稳，降幅收窄。,1
灵活开展公开市场操作。,0
房地产贷款增速明显下降。,0
同时，得益于经济结构调整步伐加快、居民收入逐步提高等因素，消费在拉动经济增长中的贡献度总体呈上升趋势。,0
对4000多家银行业金融机构开展年度压力测试，按季开展大型企业风险监测。,1
主要经济体国债收益率震荡走低。,1
保持对地下钱庄违法犯罪活动及其交易对手的高压打击态势，稳妥处置非法网络炒汇平台。,1
受上年低基数影响，商品房销售和房地产开发投资同比出现明显增长。,1
利率衍生产品快速发展。,0
外债规模继续稳步增长。,0
处理好保持经济平稳较快发展、调整经济结构和管理好通胀预期的关系，提高金融支持经济发展的可持续性，维护金融体系健康稳定运行。,0
一是运输生产稳步恢复。,0
加强银行风险监测预警，针对预警银行苗头性问题及时纠偏，促使大部分银行异常指标回归至行业正常水平，推动风险早发现、早处置。,1
2008年，我国发生了雨雪冰冻和汶川地震两场突如其来的特大自然灾害，经历了全球经济和金融市场急剧动荡的巨大冲击，经济增长下行的压力明显加大。,1
二是盈利状况相对稳定。,0
第一，积极支持国有企业改革。,0
药品同质化较为严重，行业竞争激烈， 部分药品产能过剩，2019年医药制造业产能利用率为76.6%，较上年下降1.0个百分点。,1
我国金融机构贷款投放存在比较明显的季节波动。,1
进一步规范证券市场信息披露。,0
各类债券发行利率回落。,1
与此同时，新兴市场经济体股市涨跌互现。,0
加大消费信贷产品创新力度。,0
推进重点区域高水平开放试点落地。,0
利率管制的基本放开，为货币政策调控框架转型创造了有利条件。,0
3月后， 随着金融危机影响的减弱及其后的经济复苏，国际外汇市场避险情绪由强减弱，并逐渐转为风险偏好，加上美国利率持续保持历史低位推动出现大量借入美元买其他货币的套利交易，美元对欧元、日元汇率持续回落。,1
从内部看，我国经济长期向好的基本面没有变，随着经济循环畅通，我国经济运行持续整体好转将支撑人民币汇率。,0
国际贸易将逐渐恢复增长。,0
基于上述理论研究和实践发展，中央银行不断改进和完善沟通。,0
英国房价持续下跌，Halifax房价指数3各季跌幅分别达到1.4%、5.1%、5.6% 和5.2%，年末英国平均房价已跌至5年前的水平。,1
另一方面，融资成本持续降低。,0
企业商品价格（CGPI）同比下降5.6%，降幅比上年同期扩大3.6个百分点。,1
二是要继续促进经济结构调整。,0
提升金融风险防控的前瞻性、全局性和主动性， 牢牢守住不发生系统性金融风险的底线。,1
"三大攻坚战进展良好，供给侧结构性改革不断深化，总供求基本平衡，经济增长保持韧性，改革开放有力推进，就业形势保持稳定,人民生活持续改善，保持了经济持续健康发展和社会大局稳定。",0
④农村合作金融机构包括农村商业银行、农村合作银行、农村信用社。,0
另一方面，部分经济体收紧货币政策以应对国内通胀压力，减少美联储加息带来的冲击， 减轻本币贬值和资本外流压力。,1
在“稳”的基础上，人民银行创新和运用结构性货币政策工具，为高质量发展增强“进”的动力。,0
由于贷款需求不足，且部分银行顾及信贷风险，TLTRO届时能否完全实现欧央行投放1万亿欧元的意向规模也还存在不确定性。,1
完善货币政策调控与推进金融改革相辅相成。,0
汽车行业健康、可持续发展，事关人民群众的日常出行、社会资源的顺畅流通和生态文明的全面跃升。,0
科技型企业贷款持续增量扩面。,0
人民币对国际主要货币汇率有贬有升，双向浮动。,1
房地产贷款增幅回落。,1
继续支持保障性住房、中小套型普通商品住房建设和居民首套自住普通商品房消费，抑制投机投资性购房。,1
第三季度，洲际交易所布伦特原油期货当季平均价格同比下跌8.4%，跌幅比上个季度收窄17.5个百分点。,1
严格控制对高耗能、 高排放行业和产能过剩行业的贷款。,1
此外，经营次级房贷业务的机构被迫停止业务或倒闭还会波及持有次级抵押贷款及其衍生品的机构，包括共同基金、对冲基金、大型银行与保险公司等。,1
重点支持中小银行补充资本，提升银行服务实体经济和防范化解金融风险的能力，防范社会信用收缩风险。,1
2008年9月，次贷危机急剧恶化，雷曼兄弟宣布破产，美林被收购，“两房”和美国国际集团被接管，华盛顿互惠银行倒闭，美联银行出现危机，而且欧洲部分金融机构也相继出现问题，甚至部分国家如冰岛等更出现了国家性危机。,1
二是民间投资增速回升，全年民间投资同比增长6%，比上年高2.8个百分点。,0
下一步，有必要进一步加强和改善房地产市场调控，调整住房供应结构，增加有效供给，促进房地产市场健康发展。,0
（三）主要经济体货币政策发达经济体货币政策正常化步伐放缓。,1
与此同时，国民经济持续发展面临的问题， 主要是国内经济结构调整压力加大，创新能力不强，资源环境约束较强，改善民生任务艰巨，需要进一步增强经济发展的协调性、可持续性和内生动力。,0
前5个月，受新冠肺炎疫情影响，国内外经济受到冲击， 国际外汇市场波动加大，人民币汇率对美元有所贬值，对一篮子货币小幅升值。,1
五是建立市场化法治化的风险处置机制。,1
压力受疫情影响，中小微企业普遍出现资金周转困难的问题。,1
当前国际初级产品价格总体仍处于低位，加之外需减弱可能加剧国内产能过剩，在总需求萎缩的大背景下，目前推动价格上行动力较弱，下行压力则相对较强，通货紧缩风险较大。,1
引导市场利率围绕央行政策利率波动。,1
党的十九届五中全会要求“十四五”时期城乡区域发展协调性明显增强，同时新发展理念强调要协调发展。,0
生产价格涨幅有所扩大。,0
这是当前买方市场格局的特征和供求关系失衡的重要原因。,1
欧洲难民危机、恐怖主义威胁、韩国亲信干政丑闻曝光后的权力真空等可能造成地缘政治冲突多点爆发，风险因素和不确定性进一步累积。,1
从参考一篮子货币汇率变化看，5月份以前，在全球经济复苏乏力、国际金融市场波动加大的背景下，市场对美联储加息预期降温，美元指数一度跌至92左右，相应的人民币兑美元汇率中间价较上日收盘汇率有所升值。,1
季节性需求和市场预期扰动煤炭、钢铁价格低位波动，但供应偏紧和输入性因素带动国内石油、有色金属相关行业价格上涨，叠加翘尾影响快速减弱，工业生产者出厂价格指数（PPI） 同比降幅不断收窄。,1
在一系列扶持政策和市场需求推动下，中国新能源汽车产业迎来跨越式发展的机遇，生产和销售均呈现快速增长。,0
年初，美元相对欧元、日元等主要货币加速贬值，3月中下旬后，贬值趋势略有改变。,1
继续实施普惠小微贷款支持工具，持续支持小微企业发展。,0
受采掘业工业产品价格大幅上涨的影响，采掘业利润全面大幅增长，其下游行业利润下降。,0
目前，扶贫再贷款政策实施进展顺利，引导提高金融助推脱贫攻坚取得初步成效。,0
20世纪90年代后，日本经济出现严重衰退，陷入“失去的二十年”。,1
提高研发投入力度，加强关键技术攻关，继续聚力提质增效， 强化创新引领。,0
将推进供给侧结构性改革与加强信贷政策结构性调整相结合，进点领域、薄弱环节。,1
引导商业银行着力调整信贷结构，对盲目投资、低水平重复建设行业的建设项目强化信贷风险管理。,1
市场信心有所恢复，全球股市强劲上扬。,0
在流动性充裕的大背景下，随着经济逐步企稳回升，容易形成持续的通胀预期，富余资金必然寻找各种途径和出口。,0
另外，塞浦路斯救助问题也一度冲击欧洲和国际金融市场。,1
商品房销售创历史新高，但增速趋缓。,0
落实政策性开发性金融机构改革方案，科学建立资本约束机制，健全治理结构，完善财税扶持政策，构建符合中国特色、能更好地为经济发展服务、可持续运营的政策性开发性金融机构及其政策环境。,0
加强对各类型投保机构的风险研究，做好风险监测、识别， 依法采取风险警示和早期纠正措施。,1
三是直接融资的良性替代效应。,0
第一，要深化农村信用社体制改革，明晰产权，落实管理责任。,0
外汇市场交易主体进一步扩展。,0
4、重复建设严重，散乱局面未得到根本改变。,1
2005年上半年，宏观调控的成效进一步显现，国民经济保持了平稳较快增长。,0
美联储根据经济发展的趋势，也存在降息的可能。,0
④农村合作金融机构包括农村商业银行、农村合作银行、农村信用社。,0
但创新过程中也存在监管套利、 增大市场流动性风险等问题。,1
（五）大力培育和发展金融市场加强金融市场制度性建设，加快发展直接融资，改善金融资产结构，丰富市场层次与产品种类，培育和发展机构投资者，推动金融市场的协调发展。,0
五是进一步丰富对外投资主体。,0
发达经济体央行重启或加码量化宽松。,0
一是进一步加强流动性管理。,0
《同业拆借管理办法》全面规定了同业拆借市场的准入与退出、交易和清算、风险控制、信息披露、监督管理等规范，明确规定了违反同业拆借管理规定的法律责任。,1
信贷结构持续优化。,0
第二季度，受上年基数略高影响，工业生产者出厂价格（PPI）同比下降3.3%，降幅比上季度扩大2.7个百分点，各月分别下跌3.1%、3.7%和3.0%，6月跌幅有所收窄。,1
五是深入推进金融精准扶贫。,0
上市公司股份减持制度进一步完善。,0
人民币贷款增长略有放缓。,1
四是信托贷款同比大幅多增。,0
此外，进化，以改革创新盘活存量资金，引导金融机构将盘活的信贷资源重点支持棚改、水利、中西部铁路等领域建设。,0
四是投资结构不合理。,1
此外，国际社会担忧日元贬值引发全球竞争性贬值。,1
一是完善管理，打击转口贸易、内保外贷等领域的虚假、欺骗性交易。,1
工业生产较快增长，高技术制造业持续发挥引领作用。,0
同比增速为可比口径数据，为年增速。,0
及时开展常备借贷便利操作。,0
工业企业效益水平继续提高。,0
不会造成财政向央行透支，也不是财政赤字货币化。,1
以习近平同志为核心的党中央统揽全局，作出统筹疫情防控和经济社会发展的重大决策部署，我国率先控制疫情、率先复工复产、率先实现经济正增长，经济发展韧性不断增强，这对稳杠杆作用突出。,0
房地产开发投资平稳增长，新开工有所回落。,1
此外， 澳大利亚央行4月暂缓加息，5月和6月累计加息50个基点；加拿大央行3月和4月连续两次暂缓加息，6月加息25个基点；韩国央行第二季度维持基准利率不变。,1
生产者价格（PPI）大大高于 CPI。,0
但也存在一些问题，例如若通胀指标衡量出现偏差，政策就可能出现系统性的偏离，加之只有调节短期利率的单一手段，因而难以应对前些年普遍出现的CPI基本稳定但资产价格和金融市场大幅波动的局面。,1
日本下半年来经济有所放缓，三季度 GDP 环比折年率转负至-2.1%，制造业 PMI 震荡下行。,1
国际原油等大宗商品价格下跌，叠加上年高基数，PPI 同比涨幅逐月回落。,1
国债收益率上行，曲线进一步平坦化。,0
应当看到，造成当前国内流动性总体偏多的直接原因来自国际收支持续顺差，从深层次看则与储蓄率过高、消费率偏低的经济结构性矛盾突出密切相关。,1
（三）值得关注的问题和趋势经济增长仍未恢复至疫情前水平。,1
下一阶段，应积极推动物流业转型升级和创新发展，加快建立布局合理、技术先进、便捷高效、绿色环保、安全有序的现代物流体系。,0
一是产业部门中长期贷款增长回暖。,0
全球高通胀持续时长尚存争议，需防止通胀预期脱锚风险。,1
现代服务业、高技术产业及一些新型业态发展势头较好，尤其是一些积极推进转型升级和自主创新的产业和企业呈现出较强的抗风险能力和发展活力。,0
汽车行业经济效益发展态势良好。,0
进一步加强政策协调，疏通货币政策传导渠道，创新货币政策工具和机制，进一步提高金融服务实体经济的能力和意愿。,0
风险传导路径方面，假设测试目标企业因需要支付碳排放费用， 导致生产成本上升、盈利能力下降，贷款违约概率上升，银行预期损失增加、资本充足水平受到影响（下图）。,1
针对钢铁工业快速发展过程中存在的深层次矛盾和问题，为深入贯彻科学发展观，进一步落实《钢铁产业调整和振兴规划》，实现国家确定的“十一五”节能减排目标，加快钢铁工业结构调整，国务院办公厅于2010年6月4日发布了《关于进一步加大节能减排力度加快钢铁工业结构调整的若干意见》，指出必须充分利用市场变化形成的倒逼机制，综合运用经济、技术、法律和必要的行政手段，切实加大节能减排力度，加快结构调整步伐，促进钢铁工业的全面、协调和可持续健康发展。,0
更好地发挥积极财政政策在扩大内需和结构调整上的作用。,0
受计划经济体制的影响，我国资源价格水平长期偏低，这不仅导致了资源浪费和粗放型经济增长，而且还导致了高耗能、高污染和资源性产品的出口，扩大了贸易顺差，夸大了人民币升值的压力。,1
不仅个人储蓄率降至零以下，政府财政赤字也不断膨胀。,1
"中国人民银行2005年第四季度城镇储户问卷调查显示，城镇居民未来收入信心指数较上季提高2.4个百分点，较上年同期提高1.2个百分点,居民增收信心较强。",0
目前影响全球经济增长的主要风险是：全球贸易失衡和贸易摩擦加剧，贸易保护主义趋势加强，国际原油价格持续高位波动，股市和房地产泡沫风险增大，通货膨胀压力加大。,1
投资者对欧债危机蔓延的担忧进一步加剧，金融市场出现新一轮动荡。,1
加快产业结构调整，注重品牌建设。,0
提高直接融资比重，促进多层次资本市场健康发展，更好地为实体经济服务。,0
防范跨行业、跨市场风险，防范非正规金融及其他相关领域风险向金融体系传导。,1
不合理的收益率曲线会进一步加剧金融机构资产负债期限结构不合理的趋势，反过来又进一步导致收益率曲线的扭曲，加剧长短期利率结构不合理的趋势。,1
大力发展消费信贷，落实好房地产信贷政策，加大对结构调整、 自主创新、兼并重组、产业转移、区域经济协调发展的融资支持。,0
全球主要股市震荡明显。,1
国际原油价格9月份以后出现较大幅度下跌，但依然在高位波动。,1
第三季度，企业商品价格（CGPI）同比下降0.7%，其中9月份 CGPI 同比下降0.4%，降幅连续4个月收窄。,1
聚焦重点支持群体和重点企业，创新开展多种形式的政银企对接活动，提高融资对接有效性、 精准性。,0
2019年，受中美贸易摩擦与全球经济表现等影响，恐慌情绪一度导致美国国债收益率倒挂，并带动多个欧洲经济体国债收益率走低至0甚至为负。,1
前三季度，全国固定资产投资（不含农户）43.7万亿元，同比增长0.8%，增速年内首次由负转正。,0
（七）黄金价格弱势震荡上海黄金交易所黄金价格弱势震荡，小幅收高。,1
理论上，退出应以危机的影响基本消除、经济恢复增长为前提。,1
上半年，银行间市场国债收益率曲线整体下行。,1
进一步扩大金融业对外开放，放宽银行、证券、保险业的市场准入。,0
石油进口快速增长推动对外依存度进一步提高。,0
年末 M2增速仍明显高于名义 GDP 增速，相对于经济增长实际需要，货币增长仍处于较高水平。,0
目前，各方对于通胀低迷更多源于暂时性因素还是趋势性因素仍存在争议。,1
今年以来，主要发达经济体通胀回落速度边际放缓。,1
（二）债券发行利率下行，发行量和交易量增加国债和金融债发行利率回落。,1
日本房地产依然低迷。,1
中国人民银行继续对农村信用社执行较低的存款准备金率。,1
进一步加强政策协调，疏通货币政策传导，创新货币政策工具和机制，进一步提高金融服务实体经济的能力和意愿。,0
进出口增速总体稳定，贸易顺差增加。,0
相比第二产业，第三产业具有更强的吸纳就业能力，有利于解决更多就业。,0
房地产开发投资高位缓慢回落。,1
受国际金融危机影响，美元、欧元等主要国际结算货币汇率大幅波动，贸易融资大幅萎缩，中国及周边国家和地区的企业在使用第三国货币进行贸易结算时面临较大的汇率波动风险，一些境内外企业希望用人民币进行贸易结算。,1
必须加大结构改革力度，尽快在平衡增长的治本方面取得新进展、新突破，促使国际收支趋于平衡。,0
国内经济恢复基础尚不牢固，居民消费仍受制约，投资增长后劲不足，中小微企业和个体工商户困难较多， 稳就业压力较大。,1
2、生产价格（PPI）同比涨幅有所反弹，原材料、燃料、动力购进价格上涨幅度仍高于工业品出厂价格。,0
着力完善存款保险制度功能。,0
健全央行政策利率体系，增强利率调控能力。,0
随着生活水平提高和人们健康意识增强，我国医药制造业保持较快发展。,0
劳动力市场恶化。,1
随着居民收入增长回升、消费场景改善，居民消费将更多转化为企业和劳动者收入，进一步增强消费潜力，形成扩大内需的“正反馈”。,0
上述问题加剧了欧洲银行业去杠杆化进程，造成比较严重的信贷紧缩。,1
人民币对国际主要货币汇率有升有贬，双向浮动。,1
促进改善金融生态环境，引导商业银行增强应对经济景气变化的能力， 健全贷款的激励和约束机制。,0
税收收入较快增长，非税收入低增长。,1
第二季度以后，受美元指数走强和贸易摩擦影响，人民币汇率有所贬值。,1
一是融资成本上升，有利于金融机构和各类经济主体适当衡量风险，引导货币信贷合理增长； 二是连续多次加息，有利于引导资金流向，调节和稳定通胀预期。,1
金融机构超额准备金率为2.3%。,0
国内经济面临下行压力，疫情反复仍对消费需求形成抑制，部分领域投资尚在探底，经济潜在增速下行、人口增长放缓、低碳转型等中长期挑战也不容忽视。,1
与此同时，在房地产、汽车等消费热点带动下，消费信贷快速增长。,0
2009年以来，全球经济持续、同步衰退的风险继续增大。,1
银行间市场国债收益率曲线呈现短端下移、中端上移和长端持平的态势。,1
伦敦金属交易所铜现货当季平均价格同比下跌19.7%，跌幅比上个季度收窄6.4个百分点；伦敦金属交易所铝现货当季平均价格同比下跌15.8%，跌幅比上个季度收窄8.2个百分点。,1
利率互换市场成交额稳步增长。,0
三是保险业的服务领域进一步拓宽，企业年金、 健康保险和农业保险业务不断发展。,0
房地产市场持续低迷，由于库存较大，房价仍有下滑空间。,1
英国房价则连续几个月出现下跌趋势，德国、葡萄牙房地产市场依然低迷。,1
近年来，M2增速与名义 GDP 增速趋近，以适度的货币增长支持了高质量发展。,0
国际金融市场“黑天鹅”事件扩大。,1
（四）股票市场继续回暖，成交量和筹资额同比增加股票市场指数继续回升。,0
人民币对欧元、日元等其他国际主要货币汇率双向波动。,1
固定资产投资增速稳中有升，制造业投资和民间投资增速持续回升。,0
产品价格波动加剧。,1
今年以来，汽车工业仍保持快速增长。,0
工业生产较快增长，利润状况良好。,0
再一方面，就是要通过结构调整和改革， 释放增长潜力，培育和形成新的内生增长点，使金融资源有投向、能盈利、可持续，形成金融与实体经济的良性互动。,0
十是全力做好助学、农民工、 民族地区等薄弱环节和弱势群体的金融服务。,1
我国疫情平稳转段刚半年左右，居民消费倾向和疫情前相比还有差距，民间投资意愿有待提升，这些挑战都是复苏过程中的正常现象。,1
由于市场担忧欧洲银行体系对欧洲主权债务的风险暴露，2011年以来，欧洲银行股普遍弱于大市，大部分银行股已跌至三年低点。,1
财政收入增幅偏低的主要原因：一是全面推开营改增试点，政策性减收较多；二是经济下行产生的滞后影响；三是金融业税收和部分非税收入2015年的基数较高。,1
从开放经济条件下的宏观经济平衡关系看，储蓄缺口等于贸易缺口，国内消费不足就需要通过增加国外消费弥补，容易引发对外需的依赖，进而导致国际收支顺差过多和汇率升值压力增大。,1
近期，收入分配不平等、 全球贸易失衡导致反全球化思潮与保护主义情绪进一步加剧，国际贸易及投资保护主义风险仍需重视。,1
人民币对欧元、日元等其他国际主要货币汇率双向波动。,1
完善保险公司分支机构市场准入管理。,0
因此，我国防范疫情输入和国际经济金融风险的压力仍然较大。,1
资本市场双向开放进一步扩大。,0
商品房销售面积增速回升。,0
欧洲房地产市场下滑明显。,1
近两年尤其是2021年以来，人民银行通过下调超额准备金利率以及完善流动性管理和短期利率调控框架等措施，进一步降低了金融机构的超额准备金需求， 金融机构超储率进一步下降。,0
推动落实《全球系统重要性银行总损失吸收能力管理办法》有关要求， 推动大型银行发行总损失吸收能力债券，夯实风险抵御能力。,1
深化资本市场体制机制改革，促进资本市场稳定健康发展。,0
发展消费信贷，支持扩大内需。,0
投资持续稳定恢复，结构不断调整优化。,0
利率市场化往往发生在金融创新加速的时期，而金融创新和市场发展也是推动货币政策框架转型的重要动力。,0
聚焦重点支持群体和重点企业，创新开展多种形式的政银企对接活动，提高融资对接有效性、精准性。,0
新冠肺炎疫情暴发后，民航业受到较大冲击。,1
同时， 农村信用社产权制度改革逐步推进，内控管理不断加强。,0
目前包商银行破产清算各项工作正在稳妥有序进行。,1
（三）值得关注的问题和趋势一是贸易摩擦仍是拖累全球经济的重要风险。,1
根据形势变化，取消了对商业银行信贷规划的约束，引导金融机构根据实体经济有效需求合理均衡放款。,1
部分金融机构自身违法违规经营、金融脱实向虚导致的“内生”风险基本得到整肃。,1
上的基本稳定完善人民币汇率形成机制，进一步理顺外汇供求关系。,0
对于产能过剩行业，根据“区别对待、 不搞一刀切”的原则，督促金融机构按照“消化一批、转移一批、整合一批、淘汰一批”的要求，改进和强化信贷管理。,1
针对金融深化和创新发展，进一步完善调控模式，疏通传导机制，通过增加供给和竞争改善金融服务，提高金融运行效率和服务实体经济的能力。,0
与此同时，全球疫苗接种进度不一，发展中国家普遍面临疫苗短缺问题，世界范围内疫情防控和经济复苏的双重分化可能加剧。,1
从各经济体运行情况基本面较差、经济结构单一的经济体面临较大下行压力。,1
世界经济仍处在国际金融危机后的深度调整期，风险挑战增多， 我国产业外迁尤其是劳动密集型企业外迁势头显现，可能给外贸企业用工带来冲击。,1
另一方面，要运用信贷杠杆推动国民经济调整，严格执行国家总量调控、淘汰落后等产业政策，对于信用观念淡薄、运行效率低下、重复建设严重的行业，商业银行要严格执行贷款发放的条件。,1
月份，启动跨境资金异常流入应对预案，出台加强银行结售汇综合头寸、外商直接投资等七项措施，抑制“热钱”等违规资金流入。,1
国际货币基金组织同时指出，由于产能利用率仍保持较低水平和各经济体对通胀预期的管理，预计2010年通货膨胀压力将得到控制。,1
部分产能过剩行业贷款增速显著放缓。,1
新兴市场需警惕跨境资本流动和汇率波动的风险。,1
中国人民银行将坚持以习近平新时代中国特色社会主义思想为指导，全面贯彻落实党的二十届三中全会、中央经济工作会议和中央金融工作会议精神，坚持稳中求进工作总基调，完整、准确、全面贯彻新发展理念，坚定不移走中国特色金融发展之路，持续推动金融高质量发展和金融强国建设，深化金融体制改革，加快完善中央银行制度，进一步健全货币政策框架。,0
第三季度，美国全国房价指数（OFHEO 指数）在前两个季度分别下跌0.33%和3.53%的基础上，同比跌幅继续扩大至4.80%。,1
生产价格涨幅较大。,0
2003年上半年，我国第一产业平稳增长，同比增长2.7%，第二产业增长加快，同比增长11.6%；第三产业受“非典”疫情的影响增幅放慢，同比增长4.2%。,1
（四）股票市场指数回升，成交量同比增加股票市场指数回升。,0
促进优质企业便利化政策扩面提质。,0
3月份美股大幅下跌四次触发熔断机制，4月20日国际原油期货结算价历史上首次跌至负值，金融风险与实体经济低迷叠加共振。,1
完善间接调控机制，稳定微观主体预期，促进经济平稳发展。,0
由于“9.11”事件使美国人遭受到二战以后的最大耻辱，美国政府已采取军事打击行动，而且有可能扩大打击面。,1
一是生产增速在工业各行业中保持领先水平。,0
稳妥有序推进包商银行风险处置。,1
日本经济有所反弹。,0
欧元区经济持续复苏。,0
（一）主要经济体经济状况美国经济显现复苏迹象，但复苏内在动力不足，就业形势尚未好转。,0
近年来即使在汇率贬值压力较大的一些时期，人民银行都坚持主要运用市场化手段进行间接调控，总体看，人民币走势由外汇市场供求情况决定。,1
银行应设计合理的收益和损失分配机制，根据自身经营和风险管理能力审慎开展业务。,1
GDP缩减指数有所回落。,1
金融市场波动较大，投资者对预期变动比较敏感，一些消息面的冲击容易引发市场的大幅波动。,1
银行间债券市场指数小幅下行。,1
疫情三年待观察，未来疫情演进的复杂性也需关注。,1
二是各项业务快速发展，资金实力明显增强。,0
引导金融机构更好地用好增量、盘活存量，探索创新组织架构、 抵押品、产品和服务模式，将更多信贷资金配置到重点领域和薄弱环节，促进国民经济提质增效和持续健康发展。,0
通胀水平依然处于低位，且仍面临较大下行压力。,1
进一步推动外汇市场发展，鼓励商业银行为不同需求的企业设计针对性更强的汇率避险产品。,0
广义货币总量增速在连续6个月下降后小幅回升。,0
加上农产品价格出现持续走低的趋势，农民收入增长形势不乐观。,1
消费、投资平稳增长，进出口增速由负转正。,0
三是基建投资和房地产等资金密集型领域信贷需求趋势性转弱。,1
居民消费价格（CPI）同比上涨2.6%， 涨幅与上年持平。,0
人民银行监测的企业商品价格（CGPI）全年同比下降1.2%，降幅比前三季度收窄0.2个百分点。,1
国际金融市场整体上行。,0
失业率持续走低，劳动力市场趋紧。,1
2009年以来，由于居民收入下降，经济陷入通货紧缩，房地产市场持续低迷，新屋开工数同比连续下跌个月。,1
外币贷款增速有所回升。,0
进一步完善支持西部开发和少数民族地区经济发展的金融制度与措施。,0
二是支持科技创新的金融政策工具更加完善和精准。,0
大型商业银行改革稳步推进。,0
此外，一些企业为避免将来出现招工难问题，在遇到暂时困难时不轻易解雇员工，也增加了就业问题的复杂性。,1
再贷款利率低于货币市场利率导致基础货币投放，背离了货币政策调控的总方向，不利于货币政策意图的全面贯彻。,1
从国内看，作为发展中大国，中国经济增长的潜力依然巨大，新型城镇化、服务业、高端制造业以及消费升级有很大的发展空间，经济韧性好、潜力足、回旋空间大的特质没有改变。,0
部分新兴市场经济体增长放缓，金融市场动荡，面临的风险上升。,1
政策性、开发性金融机构改革取得突破性进展。,0
农村信用社改革进展顺利，成效显著。,0
推动金融控股公司规范发展。,0
2003年，银行间同业拆借市场交易十分活跃，交易量快速增长。,0
此次人民币权重上调是国际社会对中国改革开放成果的肯定，有助于进一步提升人民币的国际储备货币地位，增强人民币资产的国际吸引力。,0
人民币对欧元、日元等其他国际主要货币汇率双向波动。,1
各经济体面临及时减少负债的挑战。,1
随着经济景气回升，物价低增长态势有所改善。,0
三是有序开展准入管理。,0
固定资产投资增速较快，产能过剩和结构性矛盾仍未缓解。,1
近年来，中国人民银行等部门高度重视农村金融体制建设和改革，认真落实党中央、国务院关于促进“三农”发展的总体部署，积极通过探索组织、机制和工具创新，从多方面加快农村金融发展，完善农村金融体系，采取有效措施改善对“三农”的金融服务，取得了明显成效。,0
此外，要进一步加强财政政策、产业政策与货币政策之间的协调配合，保持内需合理稳定增长，发展新型消费模式，培育消费热点， 鼓励和引导民间投资健康发展，积极推进结构调整，促进经济增长由主要依靠投资、出口拉动向依靠消费、投资、出口协调拉动转变，由主要依靠第二产业带动向依靠第一、第二、第三产业协同带动转变， 由主要依靠增加物质资源消耗向主要依靠科技进步、劳动者素质提高、管理创新转变。,0
美联储宽松货币政策退出的影响存在较大不确定性，上半年美国金融市场波动率降至历史低位，市场担忧宽松货币政策退出节奏过慢导致“自满”的市场情绪，可能推高风险容忍度，鼓励风险行为，威胁金融稳定。,1
持续推进金融风险防范化解。,0
有的工具到期后通过存量资金适当展期使用实现“缓退坡”。,1
五是有利于人民币离岸市场的发展。,0
生产价格涨幅较高。,0
一是规模不断扩大。,0
股票市场筹资规模有所收缩，银行间外汇市场运行平稳。,1
首先，金融机构资产负债期限结构失配加剧，潜在的流动性风险更加突出。,1
地震、海啸和核泄漏灾难导致日本生产、出口和消费下滑，并对全球产业链造成负面影响。,1
第三季度，金融机构各期限人民币贷款利率总体呈现稳中略降的态势。,1
由于世界经济持续恢复，主要经济体的货币政策可能维持不变。,0
国际金融市场震荡加大。,1
坚持市场化、法治化原则，完善债券违约风险防范和处置机制。,1
批准筹建首家专业科技保险公司，推进首台（套）重大技术装备保险补偿机制试点。,0
一是稳健有序的升息有助于缓解近年来全球流动性过多的状况， 为房地产市场降温，同时抑制通货膨胀。,1
国际经济金融形势仍然复杂严峻，国内外疫情变化和外部环境存在诸多不确定性，国内经济恢复基础尚不牢固。,1
美国6月劳动参与率维持在61.6%的低位，而6月职位空缺数较2019年均值高出逾200万人，失业者重返工作岗位的动力不足，“招工难” 和“就业难”并存等结构性问题凸显。,1
此外，由于部分公路运输需求向铁路转移，加剧了铁路运输紧张状况，全国铁路货物运输满足率只有35%左右。,1
对远期售汇征收风险准备金。,1
四是资本市场双向开放不断扩大。,0
落实重大金融风险问责、金融风险通报等制度，有效防范道德风险。,1
持续助推绿色金融更好发展。,0
日本经济仍未摆脱停滞局面。,1
二是需求复苏偏慢。,0
三大攻坚战取得实质性进展，供给侧结构性改革深化，经济增长保持韧性，就业形势保持稳定，居民收入稳步增长，人民生活持续改善，保持了经济持续健康发展和社会大局稳定。,0
年内第二次降准0.5个百分点。,0
发达经济体高失业和低增长状况短期内难以明显改观，欧洲主权债风险、发达经济体加强财政整顿也将影响外部需求回升。,1
通货膨胀压力依然较大。,1
物价有望温和回升。,0
固定资产投资增长态势强劲。,0
贷款加权平均利率略有下降，企业贷款加权平均利率继续下行。,1
出口产品结构改善推动外贸持续复苏。,0
一是完善外币现钞管理。,0
从价格形势看，未来一段时期价格将受产能过剩、大宗产品价格波动等多方面因素影响。,1
劳动力市场持续改善， 失业率持续下降，消费需求有所上升，部分抵消了外需疲软的负面影响，但物价下行压力依然存在，PPI 降幅继续扩大。,1
也要看到，经济运行仍存在一些深层次问题和突出矛盾。,1
但部分机构在开展同业业务中也存在操作不规范、信息不透明、期限错配较严重和规避监管等问题，部分商业银行还利用同业业务开展类贷款融资或虚增存款规模，加大了流动性管理和风险防控的难度，并在一定程度上影响了宏观调控和金融监管的效果。,1
就业受到一定冲击以及资本市场下挫引发的负财富效应等对消费增长也会产生不利影响。,1
继续做好金融机构和金融市场风险压力测试，及时提示风险，完善应对预案。,1
全球经济增长动能偏弱，不同地区增长继续呈现分化态势。,1
继续做好互联网金融风险专项整治工作。,1
随着发达经济体衰退带来的外需减弱及全球增长环境恶化的负面影响日益显现，多数国家出口明显下滑、工业增长减速、经济增速显著放缓、资本外流加速，部分小型开放经济体受到较大冲击。,1
年初以来，资金外流和出口大幅下滑使得新兴市场和发展中国家经济增长明显减速，部分中东欧国家一度陷入严重的债务困境。,1
2017年以来， 随着供给侧结构性改革、简政放权、创新驱动战略等深化实施，我国经济结构加快调整，发展新动能增强，经济增长的稳定性、协调性进一步增强。,0
由于石油等大宗商品价格回升，俄罗斯经济逐步企稳，但通胀略有回升。,0
股票市场成交量有所回升。,0
对资本充足率严重不足、 存贷比较高、备付率偏低和资产负债结构不合理的商业银行，及时进行风险提示，并适时采取相应的政策措施，以促使商业银行注意贷款质量，控制贷款进度，防止各类信贷及流动性风险。,1
灵活有力开展公开市场操作。,0
2、在贷款投向上，消费贷款增幅上升，生产贷款增幅减缓。,1
我国融资格局中贷款形式的间接融资比重过高，股票、债券融资等直接融资方式比重过低。,1
引导和督促金融机构加强内部风险控制，合理把握信贷资金投放节奏，防止产生新的信贷风险。,1
CPI 同比涨幅走高，结构性特征明显，要警惕通货膨胀预期发散。,0
节能减排工作初见成效。,0
钢铁企业经营状况良好，经济效益提高。,0
《规划》提出金融机构破产问题，强调建立适合中国国情的金融机构破产法律体系，规范金融机构市场退出程序，建立存款保险制度。,1
进一步推动外汇市场发展， 提高金融机构的自主定价和风险管理能力，鼓励金融机构为企业设计针对性更强的汇率避险产品。,0
在工业品出厂价中，生产资料涨幅高于生活资料。,0
二是美联储货币政策不确定性上升，加息节奏存在变数。,1
农业和农村经济保持平稳发展，农业结构进一步优化，工业保持快速增长，经济效益继续提高。,0
总体上，民营企业融资难问题是当前经济下行压力有所加大、市场预期不稳定和金融风险偏好下降、融资渠道收窄的反映，部分民营企业陷入债务违约-信贷融资难度加大的负向循环，企业财务状况恶化与融资环境变化相互强化。,1
受能源价格下跌和上年同期高基数影响，工业生产者出厂价格（PPI）同比降幅逐月扩大。,1
第二，保障国家粮食安全和主要农产品有效供给的难度加大。,1
改革开放以来，我国国际收支规模不断扩大。,0
票据融资的快速增长对改善企业融资结构、提高直接融资比重、规范市场主体行为和优化社会信用环境，具有现实的促进作用。,0
房地产信贷业务对扩大内需、拉动经济增长作出了重要贡献。,0
货币政策回归稳健有利于加强通胀预期管理，防范资产价格泡沫。,1
二是着力优化信贷结构，更好地服务实体经济发展。,0
这有利于全面、及时反映价格变动的长期趋势， 有利于货币政策针对整体价格的基本趋势变动及时作出反应，避免由短期供给冲击及外部输入因素造成价格波动对货币政策决策形成干扰。,1
人民币贷款利率区间较9月整体下移。,1
当前，中国经济正处于“三期叠加”阶段，防范金融风险的形势更加复杂。,1
日本经济陷入衰退。,1
同时，央行外汇操作方式也作出适应性调整，主要针对市场汇率的过度波动，降低入市频率。,1
欧央行持续加大宽松货币政策力度。,0
供需紧张、美元贬值和期货市场投机是国际油价快速上涨的主要原因。,1
由于一些评级公司对该类产品的风险定价低估，误导了投资者，助长了市场对该类产品的过度乐观情绪，使房贷衍生产品在政府托管基金、养老金等保守型基金中广为销售，埋下了较大的风险隐患。,1
同时，日元对美元汇率持续贬值，将对人民币汇率稳定产生压力。,1
农产品生产价格涨幅大于农业生产资料价格涨幅，农产品生产价格同比上涨4.1%，涨幅比上季度扩大2.6个百分点；农业生产资料价格指数同比上涨1.1%，涨幅比上季度扩大0.5个百分点。,0
积极规范发展多层次资本市场，促进资本市场稳定健康发展。,0
两地金融科技合作成果丰硕。,0
二是发达经济体传统产业竞争力相对弱化，受金融危机严重冲击后，经济复苏缓慢，财政收入增长难以弥补应对危机有关的巨额财政支出缺口。,1
7月12日，美国宣布对伊朗采取新的经济制裁措施，伊朗石油产量降至历史低点。,1
美元持续贬值，石油价格从10月下旬的高点回落，12月后又有所反弹， 世界经济发展中的不确定因素加剧了市场对全球失衡的担忧。,1
助力贸易新业态创新发展。,0
各经济体面临保持增长和抑制通货膨胀的两难选择。,1
三是在疫情冲击下，中国在某种程度上承担了全球最后供应商的角色，为全球疫情防控、经济恢复奠定了基础。,1
完善经常项目核销制度，健全非现场核查体系，进一步便利企业和个人用汇。,0
Shibor在债券定价中进一步发挥作用。,0
银行间债券市场现券交易活跃。,0
对新兴市场和发展中经济体而言，金融危机的影响正日益扩大和深化，外需放缓、汇率和资本市场剧烈波动、资本外流加剧等将增大其经济的不确定性和不稳定性，部分外部依赖程度高、外汇储备和贸易盈余较少的经济体可能受到更大冲击。,1
进一步完善“三档两优”存款准备金框架，建立健全银行增加小微企业贷款投放的长效机制。,0
日本经济稳步回升。,0
中长期看，要通过深化改革和加快结构调整，提升我国经济增长潜力，实现可持续发展。,0
根据处置实际需要，借鉴国际经验， 规定了行使经营管理权、转移资产和负债、设立过桥银行和特殊目的载体、暂停终止净额结算、更换责任人员并追回薪酬、实施股权债权减记和债转股、中止境外汇款和调回境外资产、要求系统重要性金融机构所属集团支持等多种处置措施。,1
二是促进结构优化，支持经济结构调整和转型升级。,0
房地产开发贷款增速进一步提高，购房贷款增速有所放缓。,0
在保持总量稳定的同时，要进一步促进结构优化，用调结构的方式有针对性地解决经济运行中的突出问题，盘活存量、优化增量，支持经济结构调整和转型升级。,0
③农村合作金融机构包括农村合作银行、农村商业银行、农村信用社。,0
此外，居民通货膨胀预期提高值得关注。,0
推动经济结构调整和转型升级、深化改革开放和防范金融风险方面的作用。,0
美国经济虽然接近衰退的边缘，并可能滑向轻度衰退（1-2个季度的负增长），而且可能转入较长时期低速增长阶段，但总体上不会出现深度衰退 （4个季度以上的连续负增长）。,1
2022年上半年，受国际环境复杂多变、国内疫情散发等超预期因素影响，我国经济下行压力加大。,1
强化系统性金融风险研判，筑牢有效防控系统性风险的金融稳定保障体系，进一步研究扩大风险处置基金积累，强化存款保险专业化金融风险处置职能。,1
全球主要股市大幅反弹。,0
中长期贷款增速逐步提升。,0
突出表明农业基础设施薄弱，农民抵御自然灾害的能力不强。,1
信贷结构持续优化。,0
GDP 缩减指数变动率综合反映了CPI和PPI的变动。,1
CPI 涨幅回落主要是受农产品价格季节性回落和基期因素（也称翘尾因素）减弱影响。,1
对外投资合作平稳有序。,0
首先是资本约束不足的风险。,1
展望未来，全球经济仍可能面临以下风险： 及金融市场稳定。,1
供给充足和上年基数因素导致多数食品价格走势偏弱，春节错月和节假日效应加大了猪肉、鲜菜等价格的月度波动， 食品价格同比下降3.2%，降幅比上季度收窄0.8个百分点。,1
主要发达经济体股市在年初延续了2010年第四季度以来的升势， 但受西亚和北非政局动荡、日本地震等重大突发性事件影响，主要股市一度出现明显下跌。,1
第一季度，纽约商品交易所原油期货当季平均价格环比上涨3.6%，同比上涨82.2%。,0
日益发展的金融市场为宏观调控提供了更为完善的市场基础，有助中，各项市场指标也为宏观调控提供了有益的参考信息。,0
疫情反复、气候反常、地缘政治冲突等超预期因素还可能加大供需扰动和物价波动的不确定性，外部大环境已发生根本性变化。,1
受美欧制裁和国际油价大跌影响，7至10月卢布对美元汇率大跌21%，成为全球跌幅最大的货币。,1
银行间市场利率有所上升，债券价格略有下跌，但幅度有限。,1
三是精简外汇账户， 发布《国家外汇管理局关于精简外汇账户的通知》，切实提高市场主体经营效率。,0
（五）能源和交通供求矛盾突出2003年以来，受工业超高速增长和投资规模过大的影响，煤电油运供给紧张，进入四季度紧张程度进一步加剧，成为制约新一轮经济增长的瓶颈。,1
当前，部分地区经济下行与金融问题相互交织，经济金融循环不畅，信贷增长较为缓慢。,1
国务院采取紧缩信贷和紧缩财政的宏观调控措施，以抑制经济过热的势头。,1
货币政策既可发挥总量政策功能，也可在支持经济结构调整和转型升级方面发挥重要作用。,0
持续做好制造业金融服务。,0
但与此同时，钢铁行业发展的资源、环境等制约因素逐步增多，行业利润不断下滑，结构性矛盾依然突出。,1
一是财政状况不佳。,1
基金市场呈现快速发展态势。,0
二是加大金融支持经济发展方式转变和经济结构调整的力度。,0
全球疫情演进还存在不确定性，多国已出现疫苗接种人群感染变种病毒的案例。,1
进一步完善市场机制，更加充分发挥市场在资源配置中的基础性作用。,0
三是高精尖技术持续突破。,0
对外投资结构持续优化。,0
（四）股票市场指数下跌，成交量和筹资额同比减少股票市场指数下跌。,1
银行间债券市场指数小幅下行。,1
实行上述措施， 有利于化解农村信用社历史包袱，促进农村信用社的健康发展，改进对农村经济的金融服务。,0
当前PPI与CPI之间缺口较大。,1
中国人民银行进一步完善宏观信贷政策指导，加强与产业政策的协调配合，全面提升信贷政策导向力，继续发挥好信贷政策在促进经济持续健康发展和社会和谐稳定中的积极作用。,0
日本经济持续复苏，但尚未彻底摆脱通货紧缩的困扰。,0
工业企业经济效益进一步改善。,0
世界经济继续温和复苏。,0
四是将农村信用社管理和风险责任移交省级政府。,1
工业生产平稳增长，企业效益好转。,0
今后，人民银行将继续按照国务院部署，密切关注房地产等资产价格的变动，及时防止房地产领域增加不良贷款、产生新的金融风险和对实体经济造成损害。,1
同时，银行业危机与主权债务危机间也存在恶性循环。,1
一方面负债方的准备金逐步下降，同时资产方的外汇储备也相应减少。,1
2009年上半年，我国金融市场继续健康平稳运行，市场流动性充裕。,0
二是加强典型案例通报和宣传警示教育，通报了12起银行外汇业务违规操作案例、8起企业虚假贸易骗汇和个人拆分逃汇案例。,1
此外还应看到，国内部分领域的产能过剩也是导致PPI负增长的原因之一。,1
外债总规模降幅放缓，偿债风险可控。,1
此外，近年来通货膨胀带有明显的全球性，某个主要中央银行出现政策失误就可能给全球带来通货膨胀的风险。,1
统筹抓好绿色发展和能源转型信贷支持。,0
同时，要关注价格走势， 加强金融风险防范。,1
坚持资金支持进度与农村信用社改革成效挂钩，重点考核健全内控制度、转换经营机制、完善法人治理的成效。,0
受2008年下半年以来国际金融危机的扩散和蔓延冲击，我国钢铁产业出现了产需陡势下滑、价格急剧下跌、企业经营困难、全行业亏损的局面。,1
其次，非常规政策增加了全球流动性，推高了新兴市场的资产价格。,0
美元贬值幅度较大。,1
2.新能源汽车产业近年来，为有效缓解能源和环境压力，中国加快培育和发展新能源汽车产业。,0
Shibor 长端有所下行。,1
MPA并不是一个全新的工具，而是对原有差别准备金动态调整机制的进一步完善，是其“升级版”。,0
严格控制对高耗能、高污染和产能过剩行业劣质企业的贷款。,1
农村信用社改革取得重要进展和阶段性成果。,0
及时开展常备借贷便利操作。,0
货币市场交易活跃。,0
（二）消费平稳增长，投资增速稳步回升消费总体平稳，网上零售保持快速增长。,0
存款保险制度实施进展顺利。,0
从资金到位情况看，投资到位资金5.4万亿元，同比增长27.2%，资金充裕。,0
直接融资渠道不发达，企业负债率高，一方面使金融风险集中于银行，造成银行不良资产比例高，另一方面也使企业财务结构、资本结构不合理，企业资金效率和经营效率不高。,1
美国经济增速第一季度有所减缓，但第二季度重拾增势；欧元区和日本经济稳步增长；主要新兴市场和发展中国家（地区）的经济继续保持较快增长势头。,0
进口价格同比涨幅快速扩大主要是受国际大宗商品价格持续上涨的影响。,0
继续发挥再贷款精准滴灌和正向激励作用， 支持巩固脱贫攻坚成果同乡村振兴有效衔接。,0
庞大的需求缺口只能依赖快速增长的石油进口弥补，但过高的石油对外依存度使经济运行的风险加大，输入型通胀压力及能源安全问题引起广泛关注。,1
五是鼓励银行业金融机构优化对高质量制造业和科技创新领域的金融服务，加强对制造业关键领域和转型升级的资金支持。,0
长期宽松的货币政策也助长了金融脆弱性的累积。,0
短期债券发行利率波动中走高，中长期债券发行利率略有回落。,1
六是持之以恒做好风险防范化解。,0
钢铁行业固定资产投资增速上升，结构调整取得一定进展。,0
但是， 希腊结构性改革能否顺利进行仍存较大不确定性，有可能给欧元区乃至全球金融市场带来尾部风险。,1
2021年上半年，各地区各部门持续巩固拓展疫情防控和经济社会发展成果，我国经济持续稳定恢复，生产需求继续回升，就业物价总体稳定，经济发展呈现稳中向好态势。,0
应避免政策效应的漏损，或以邻为壑政策对其他经济体的损害。,1
各主要央行大幅降息，并向金融市场注入大量额外的流动性。,0
二是新动能成长壮大。,0
三是进一步开放境内商品期货市场。,0
量型宽松工具。,0
全球经济增长放缓风险较大。,1
从国内看，经济发展面临的需求收缩、供给冲击、预期转弱三重压力依然存在。,1
其中，美国经济增速下调至1.7%；欧元区经济增速下调至-0.6%； 日本经济增速上调至2.0%；新兴市场和发展中经济体增速下调至5.0%。,0
水价形成机制不完善是造成以上问题的重要原因之一。,1
近年来虽然经济形势复杂多变，但一些老问题、老矛盾始终存在，经济内生增长动力尚待增强，增长对债务和投资的依赖过高等矛盾突出，同时资源环境的过度承载和约束也更加凸显。,1
农村居民收入增长快于城镇居民，城乡收入分配结构持续改善。,0
第二季度，食品价格同比上涨6%，推动 CPI 上涨约1.2个百分点； 非食品价格同比上涨1.1%，涨幅与上个季度基本持平，推动 CPI 上涨约0.9个百分点。,0
二是聚焦重点城市、重点机构。,0
股票市场指数回升， 外汇市场交易活跃，黄金成交量显著增长。,0
（二）经济效益有所改善，需进一步树立和落实科学的发展观企业实现利润继续大幅增长。,0
3月份，质押式债券回购和同业拆借月加权平均利率均为0.84%，降至历史最低水平。,1
三是资产和负债的双重表外化。,1
三是基础设施建设仍显滞后。,1
严格控制对高耗能、高排放行业和产能过剩行业的贷款。,1
上半年，随着经济持续恢复、就业收入稳定， 市场供需关系有所改善，物价水平温和回升，CPI 同比上涨0.1%，其中二季度上涨0.3%。,0
美联储主席鲍威尔在11月议息会议后表示，本轮加息的最终利率水平可能较9月会议预想的更高，但加息步伐将综合考虑货币政策收紧的累积效应和滞后影响。,1
进一步健全市场利率定价自律机制，提高金融机构自主定价能力。,0
当前，从全球看，有吸引力的投资场所寥寥无几，国际投资只得留在美国。,1
当前，企业投资意愿正在进一步恢复。,0
但失业率仍居高不下，四季度以来欧元区失业率维持在12.0%的高位。,1
落实政策性、开发性金融机构改革方案，科学建立资本约束机制，健全治理结构，完善财税扶持政策，构建符合中国特色、能更好地为经济发展服务、可持续运营的政策性和开发性金融机构及其政策环境。,0
水价偏低一方面不利于节约用水和防止水污染，另一方面导致水价不能完全涵盖污水处理成本和水资源费，水的生产与供应行业经营效益低下，很多企业出现亏损，影响了水的生产和供应。,1
根据清产核资结果，包商银行严重资不抵债，将被依法提起破产清算，原股东的股权和未予保障债权将依法分摊损失。,1
股票市场筹资额大幅增加。,0
居民工资性收入保持稳定，农村居民收入增速高于城镇居民。,0
二是持续做好乡村振兴金融服务。,0
发展商业健康保险， 与基本医保衔接互补，可以减轻群众医疗负担、提高医疗保障水平， 有利于促进现代服务业发展和扩内需、调结构。,0
随着疫情防控优化、政策支持力度加大、经济社会恢复发展，交通运输业持续回暖。,0
第一季度，中国人民银行运用降准资金置换到期中期借贷便利。,0
一是部分高耗能行业虽然仍在高位运行，但生产和出口增幅均有所回落。,1
有序推进人民币国际化，进一步扩大人民币在跨境贸易和投资中的使用，深化对外货币合作，发展离岸人民币市场。,0
加大银行体系不良资产核销力度，分类施策补充中小银行资本。,1
农村信用社改革进展顺利，资产质量有所改善，涉农信贷投放增加，产权制度改革进展顺利。,0
第三季度，受美国次贷危机不断恶化和国际金融市场动荡加剧等因素影响，外汇资金净流入势头趋缓。,1
信贷结构继续改善，中长期贷款增速回升，对小微企业、“三农” 的信贷支持力度较强。,0
但在目前流动性过剩导致的通货膨胀和经济增长放缓带来衰退的共同威胁下，包括美联储在内的主要货币当局普遍面临艰难的二元选择。,1
完善商业车险监管制度。,0
交通运输行业仍然面临一些困难。,1
最终消费对 GDP 增长的贡献超过60%，第三产业比重达到50.5%，新兴产业、 新兴业态和新商业模式蓬勃发展。,0
股票市场融资量大幅增加。,0
四是支持非公有制经济发展。,0
银行间回购和拆借交易活跃。,0
但也要看到，我国经济回升的基础还不稳固，国际金融危机蔓延导致外部需求持续萎缩，经济下行压力仍然较大。,1
三是加强流动性风险管控，控制杠杆水平。,1
坚决遏制各类风险反弹回潮，坚决不让局部风险发展成系统性风险、区域风险演化为全国性风险。,1
行业监管体系加快完善。,0
银行间市场债券指数下行。,1
促改革和防风险方面的作用。,1
金融危机以来，主要发达经济体复苏进程一波三折，失业率居高不下，但政府缺乏刺激经济增长的政策工具和空间，加之一些发达经济体内部政治极化现象日益严重，民粹主义上升，国际贸易摩擦和投资风险增加。,1
随着经济下行压力加大，企业雇佣意愿回落，失业率面临自低位上升的压力。,1
五是推动区域经济协调发展。,0
引导市场利率围绕央行政策利率波动。,1
企业生产需求边际放缓、大宗商品价格同比下降、上年同期基数较高等因素导致 PPI 走低。,1
大力培育和发展机构投资者。,0
健全金融风险问责机制， 对重大金融风险严肃追责问责。,1
8月下旬欧洲主权债务危机影响逐步消退，且市场预期美联储将进一步放松货币政策，担忧流动性泛滥导致美元贬值，并加剧中长期通胀压力，大量资金流向收益率更高的股票和商品市场，投资者调整资产配置抬升了国债利率。,1
（一）主要经济体经济和金融市场概况全球经济下行压力显现。,1
上游原材料价格有所回落，叠加疫情抑制服务需求， 非食品价格涨幅放缓，三季度平均上涨1.7%，涨幅比上季度低0.6个百分点。,1
"引起资产价格变动的非基本面因素至少来自两个方面：一是金融监管不到位，导致政府实施过多的金融担保， 从而推动贷款的过度增长和金融资产价格的过分膨胀并导致随后的崩溃；二是投资者的非理性行为，如过度乐观主义、短视主义、羊群行为,导致金融资产价格频繁地大起大落。",1
此时总需求的扩张会体现为产出的增长，扩张需求的短期刺激效果最为明显。,0
继续做好互联网金融风险专项整治工作。,1
房地产开发投资增速回升，比1-2月有所回落。,0
从国际金融危机以来的情况看， 极度宽松的货币可能导致全球增长与通胀的组合关系有所变化，较低的产出对应着相对高一些的物价上涨。,1
引资结构持续优化。,0
同时，完善中小企业信用担保体系。,0
当前，国际金融市场剧烈动荡，世界经济受到严重冲击，对我国经济的负面影响已经显现并日益加重。,1
目前，城市供水价格、污水处理费、水资源费等仍然存在征收标准偏低、征收范围偏窄等问题，致使水价偏低。,1
由于我国现阶段居民的平均收入水平较低，因而国内低档汽车的销售量最大，特别是在城镇低档农用车销售量更大；汽车产品中，中档、低档汽车的销售约占全部汽车销售量的80%，各类国产高档车仅占20%。,1
受困于近年来“低增长、低通胀、低利率”僵局，发达经济体央行陆续开展货币政策框架评估。,1
（一）城镇居民消费增速进一步加快，投资增速仍居高位， 贸易顺差继续扩大城乡居民收入继续增长，城镇居民消费增速进一步加快。,0
此外，地缘政治冲突多点爆发，风险因素和不确定性加速累积， 对经济金融的影响加大。,1
欧洲银行业风险犹存。,1
适时开展中期借贷便利操作。,0
2010年初基于对通胀压力有上升苗头的预判，开始综合运用数量型工具和价格型工具引导货币条件从应对危机状态向常态回归。,1
货币市场交易活跃。,0
但我国医药制造业继续保持健康发展仍面临不少挑战。,0
二是多部门密切配合，联合打击地下钱庄及其交易对手。,1
二是完善银行结售汇制度。,0
工业生产稳步回升，企业利润状况持续改善。,0
当前外部环境更趋复杂严峻，国内经济内生动力还不强、需求仍然不足。,1
试点工作进展顺利。,0
未来应以推进信息产业转型升级为主线，完善创新环境，强化企业主体地位，促进信息产业发展向创新驱动型转变。,0
银行间债券市场成功实现券款对付，是我国债券市场基础设施建设方面取得的重大进展，它将极大地提高市场的结算效率，降低和控制结算风险，为我国债券市场的高效、安全运作提供可靠的技术支撑，促进交易的活跃，推动银行间债券市场的进一步发展。,0
科技金融在“五篇大文章”中居于首位，高质量金融要为高质量发展提供有力支持，金融服务结构和质量必须适应经济发展更多依靠创新和创造的大趋势。,0
深化对外货币金融合作。,0
一是银行家对本次改革认同感较强。,0
美国经济复苏态势较好，2016年呈恢复增长态势，全年 GDP 增速为1.6%，消费支出稳步提高。,0
民间投资增速在今年一季度由负转正，更多反映中小民企经营状况的财新制造业 PMI 连续5个月位于扩张区间。,0
钢材价格回落，企业效益下降。,1
完善资本市场服务科技创新制度体系。,0
中国人民银行将继续按照党中央、国务院的统一部署，进一步改进金融宏观调控，提高货币政策的预见性、科学性和有效性。,0
也要看到，在世纪疫情冲击下，百年变局加速演进，外部环境更趋复杂严峻和不确定，我国经济发展面临需求收缩、供给冲击、预期转弱三重压力，风险防范的形势依然复杂严峻。,1
纺织行业作为主要的劳动密集型产业之一，充分发挥了我国的比较优势，在增加就业、改善人民生活和促进经济发展等方面做出了积极贡献。,0
平盘业务发展平稳，现钞回笼有序，银行卡交易量持续上升，资金清算渠道畅通。,0
（一）货币市场交易量增速回升，市场利率有所下降银行间回购交易量增速大幅回升，拆借交易量降幅收窄。,0
上半年居民消费价格（CPI）同比上涨1.4%，第二季度各月分别上涨1.2%、1.5%和1.5%，平均上涨1.4%， 涨幅与上个季度持平。,0
投资持续增长，对稳增长的支撑作用增强。,0
企业利润增幅同比回落。,1
当前，“存差”这一概念已缺乏明确的内涵和政策指向，因此不宜过分强调。,1
鲜菜不易储存，其价格很容易受到洪涝、节前等季节性、短期性因素影响，从历史上看，鲜菜价格波动较大。,1
完善系统重要性金融机构监管框架。,0
当前国际环境复杂多变，多种因素方向不一、叠加影响， 价格运行中的不确定性增多。,1
持续增强债券市场功能和服务实体经济能力。,0
服务业较快增长，主要行业增速回升。,0
进一步加强外汇储备经营和风险管理。,0
去全球化和贸易投资保护主义等相关风险仍需高度关注。,1
进一步加大科技金融支持。,0
（一）货币市场利率延续回落，市场交易平稳有序货币市场利率有所回落。,1
日本经济继续衰退，股市下跌，不良贷款4万亿美元，相当于全年的 GDP。,1
此外，完善资产证券化市场运行机制，统筹推进资产证券化市场发展。,0
国际上多项实证慎政策工具有助于抑制房地产周期波动。,1
一是进一步扩大人民币汇率弹性。,0
对安全边际内的1-7级机构，继续定期开展银行风险监测预警。,1
受次贷危机影响，年初全球主要股市出现急速下跌行情，部分股指创“9·11”以来最大跌幅，此后一直维持大幅震荡格局。,1
上半年，房地产开发投资增长23.5%，比上年同期回落5.2个百分点。,1
一是经济结构和经济增长方式亟待调整。,1
全球主要股指波动较大。,1
消费升级类商品和网上零售持续较快增长。,0
上半年“金砖四国”等新兴经济体复苏强劲，成为拉动全球经济增长的重要动力。,0
元区国家的住房价格下降趋势有所减缓。,1
在净值化管理机制下，资管产品净值波动对投资者行为也带来了影响。,1
继续深化大型商业银行改革，持续改进金融服务方式，不断提高金融服务品质，切实履行大型商业银行的社会责任。,0
进一步推动大型商业银行完善现代金融企业制度，加快发展方式转型。,0
继续完善做市商制度，提高债券市场流动性，为培育有效的收益率曲线夯实基础。,0
从需求看，疫情直接导致居民和企业收入下降，对疫情的恐惧和不确定性进一步打击市场信心，消费和投资萎缩。,1
三是关注部分行业和领域可能出现投资效率下降和产能过剩加剧的问题。,1
2018年以来，人民币跨境使用政策进一步优化，相关基础设施继续完善，人民币国际化取得新进展。,0
党中央、国务院一直高度重视中小银行发展。,0
二是灵活的财政政策。,0
加入世界贸易组织以来，我国下调了5000多种商品的进口关税，同时取消了一部分商品的进口配额，物价较低的进口商品增加，一部分国产商品为与其竞争也降低销售价格。,1
2006年，受两次上调贷款基准利率影响，商业银行贷款利率持续走高。,0
房价下降城市个数增加，但部分城市降幅有所收窄。,1
不过，未来全球疫情演进及防控措施对供给端的冲击还有不确定性，基数效应、春节错位等因素可能对 CPI 形成一定扰动，仍需对短期物价走势保持密切关注。,1
加强对各类型投保机构的风险监测与核查，做好风险监测、识别，依法采取风险警示和早期纠正措施，推动风险及时化解。,1
商品房销售大幅回升，增速超过2007年的历史同期最高水平。,0
从可持续发展这一根本目标出发，未来农村金融的发展战略，需要从传统的单一政策优惠，向适度竞争的、具有可持续发展能力的农村金融体系转变。,0
居民消费价格温和上涨。,0
国际形势复杂多变，美联储降息预期仍有反复，全球地缘政治紧张局势加剧，美元指数高位震荡，人民币汇率双总体强势。,1
切实支持巩固拓展脱贫攻坚成果。,0
为提振经济增长，更多新兴市场经济体放松货币政策。,0
进一步观察经济金融形势发展和政策效应，创新货币政策工具，调节市场资金供求，合理满足经济发展需要。,0
汽车行业要加快结构调整，推动产业升级，实现汽车制造和汽车服务协调发展；提升自主创新能力，提高自主品牌竞争力；以节能和新能源汽车为突破口，加快产品升级换代。,0
因城施策精准实施差别化住房信贷政策，更好支持刚性和改善性住房需求，一视同仁满足不同所有制房地产企业合理融资需求，促进房地产市场平稳健康发展。,0
第二，利率调整的信号作用进一步增强。,0
上半年，票据市场利率先升后降，总体平稳。,1
2007年第一季度，国民经济保持平稳快速增长势头，消费增长进一步加快，农业生产形势平稳，经济效益继续提高，居民消费价格涨幅有所上升。,0
失业率持续下降，9月为8.9%，处于欧洲债务危机以来的低位。,1
根据古典经济理论，对于食品价格上涨引起的通货膨胀，货币政策作用有限。,1
三是日本经济仍存在下行压力。,1
适时调整外汇风险准备金率。,1
银行间债券市场指数小幅上行。,0
国债收益率整体下行，期限利差小幅收窄。,1
相反，影响价格下行99.5 98.5的因素还比较多，市场供过于求的状况没有根本改变，食品、衣着类商品价格继续低位运行。,1
（一）货币市场交易量增长放缓，季末利率大幅上升后回落银行间回购交易量增长放缓，拆借交易量下降。,1
增强调控前瞻性、精准性、主动性和有效性，进一步把握好流动性投放的力度和节奏，维护货币市场利率在合理区间平稳运行。,0
二是全球主要股指普遍下跌。,1
同时资源环境承载较重，空气、水、土壤等污染严重，约束增强。,1
创新和完善结构性货币政策工具体系，精准设计激励相容机制，引导金融机构加大对符合新发展理念相关领域的支持力度。,0
各经济体政府也加大了财政支出，并对受危机影响陷入困境的金融机构和企业给予了大量财政支持。,1
加大金融精准扶贫力度，大力发展普惠金融，着力支持贫困地区经济社会持续健康发展和贫困人口脱贫致富。,0
稳步推进养老金融发展。,0
对于村镇银行，及时将风险通报监管部门和主发起行，落实监管责任和主发起行风险处置责任。,1
不少人困惑于为什么在广义货币M2数量庞大的同时市场上会感到所谓“钱紧”。,1
同期“外币对”交易额快速增长。,0
进瓶颈行业紧张、资源约束突出的状况可能会继续。,1
但也需关注以下风险，一是全球疫情持续时间及负面影响可能超预期。,1
从环比看，第二季度CPI 及其八大类构成的平均环比涨幅均高于历史平均水平，特别是受猪肉价格大幅上涨影响，食品价格环比涨幅明显高于历史平均水平。,0
投资者在购买理财产品时，需仔细阅读产品合同和说明，注意相关风险提示，认真评估产品的风险收益特征， 根据自身承受能力审慎作出投资决策。,1
外汇市场交易主体进一步扩展。,0
受产品成本上升、 资本市场波动较大、全球经济下滑等因素影响，企业利润增长趋缓。,1
国际大宗商品价格呈现下跌态势，国际油价跌破60美元/桶，铜、煤炭以及农产品等品种的期货价格也都大幅下挫。,1
与传统金融业相比，互联网金融业的风险主要集中在消费者信息安全和风险管控等方面。,1
批准三家金融控股公司设立许可，稳妥有序开展准入管理和持续监管。,0
单纯靠提高经济增长速度并不能解决这些问题。,0
全年公开市场逆回购操作利率两次下行。,1
第四，完善中小企业信用信息服务体系， 优化中小企业金融生态环境。,0
培育市场基准利率体系，完善利率形成机制，提高中央银行对市场利率引导的能力。,0
伦敦同业拆借市场美元 Libor 低位波动。,1
第二季度我国 GDP 同比增长3.2%，增速较第一季度回升10个百分点，明显好于预期。,0
我国产业结构调整和优化升级正在加快，电子、通讯、信息、房地产等新兴行业已成为国民经济增长的强劲动力。,0
但国别分化依然明显，除德国外其他主要国家的工业产出与危机前仍有较大差距，结构化改革有待继续推进。,1
同期，黑色金属冶炼及压延加工业固定资产投资同比增长14.6%，其中包含产能已经相对过剩的板带材等项目，未来产品同质化竞争的风险可能进一步加大。,1
随着中国经济运行中的积极变化和亮点进一步增多，市场预期更为乐观，我国跨境资本流动趋向平衡，外汇形势总体有所缓和。,0
保险业资产增速回升，投资类资产占比继续提高。,0
次贷风波的直接动因是美国房地产市场降温，但更深层次原因则是全球流动性过剩背景下市场约束力的下降。,1
CPI 虽在低位运行，但通胀压力仍需关注。,1
欧元区经济普遍下滑。,1
财政支出逐步回升。,0
5月，美联储主席伯南克开始释放 QE 退出的信号。,1
9月份，中国人民银行下调贷款基准利率，贷款利率小幅回落。,1
农村信用社资产质量显著改善。,0
加快推动科技创新、普惠养老、交通物流三项政策工具落地。,0
世界经济陷入衰退，国内经济还面临不少挑战。,1
既要保证经济增长对货币信贷的合理需求，又要防止贷款投放过多，助长低水平重复建设，引发系统性金融风险。,1
在没有彻底摆脱通货紧缩之前， 日本银行将继续维持宽松的货币政策。,0
（六）行业分析2009年，工业生产增速逐季加快，工业利润自第二季度起持续改善。,0
长期以来，我国间接融资比重过高，直接融资不发达，导致市场配置资源的功能弱化，企业财务杠杆率过高，金融风险过分集中于银行体系，同时也给全社会储蓄转化为投资和金融机构的资产负债管理、风险控制带来了一定难度。,1
深化资本市场体制机制改革，促进资本市场稳定健康发展。,0
进口增速快于出口增速，贸易顺差同比略有减少。,0
二是加大金融支持经济发展方式转变和经济结构调整的力度。,0
欧元区经济复苏。,0
主要发达经济体货币政策转向对新兴市场经济体的外溢影响值得关注。,0
新兴经济体货币政策分化。,0
对安全边际内的1-7级银行，继续开展银行风险监测预警；对8-10级的高风险银行，区分增量和存量，对存量高风险机构推动各方形成合力，采取多种措施压降，对增量高风险机构，建立硬约束早期纠正机制，防止风险淤积。,1
（二）供给分析工业生产快速增长。,0
日本经济复苏迹象逐步明朗，消费价格指数有望摆脱负增长。,0
（四）股票市场指数降至底部后有所反弹，成交量和融资额减少股票市场指数震荡下行，11月份降至底部后有所反弹。,1
国际货币基金组织（IMF）总裁拉加德近日表示，在全球经济下行风险加大的背景下，负利率对经济的影响总体而言利大于弊，但需密切关注负利率可能带来的“副作用”。,1
宏观审慎管理的核心，是从宏观的、逆周期的视角采取措施，防范由金融体系顺周期波动和跨部门传染导致的系统性风险，维护货币和金融体系的稳定。,1
大多数国际金融机构对2002年世界经济前景持谨慎乐观的态度。,0
当贷款利率不能弥补贷款风险成本和支出时，银行将无法充分计提各项损失准备，信贷资产的损失会直接侵蚀银行资本，威胁其持续经营。,1
新交易系统吸收了原交易系统的优点，并在系统结构、交易功能、客户管理、扩展功能等方面有明显改进。,0
推进简政放权和便利化取得新成效。,0
二是商业银行出于控制信贷风险考虑并受制于投资渠道狭窄，偏好于发放中长期贷款。,1
稳妥推进各项风险化解任务，坚决不让局部风险发展成系统性风险、区域性风险演化为全国性风险。,1
但一些过剩产能、低效率企业还占用着大量的金融资源，容易导致资金的使用效率偏低，对经济增长的推动作用下降。,1
当前出现的局部电力供应紧张问题，既受短期因素影响，也受制于一些结构性问题，如电源结构不合理、电网建设相对滞后、市场在电力资源配置中的基础性作用发挥不够等。,1
第二，加入世界贸易组织的影响开始显现。,0
从全球经济增长的风险来看，主要体现在以下几个方面： 一是主要经济板块间可能继续呈现分化加大、震荡加剧的格局。,1
2007年以来，美国次贷危机逐步演化为全球性的金融危机。,1
受页岩气厂商可能减产、也门等地缘政治事件冲击等供给面因素影响，加之市场对美联储加息时点的预期出现反复，大宗商品价格下行压力一定程度上得到缓解，有助于减轻全球通缩压力。,1
过去一段时间，由于部分市场主体忽视风险， 过度发展同业业务，导致金融体系内部风险不断累积，压力持续增大。,1
虽然6月公布的美联储议息会议纪要偏鸽派，且希腊等局势发展正促使市场将美联储加息预期推迟，但年内加息的可能性仍较大。,1
（一）“9.11”事件对美国经济和世界经济的冲击在“9.11”事件之前，美国经济就已滑近衰退的边缘。,1
但由于上年基数较大，工业生产者价格同比降幅较大。,1
（七）进一步加强和改进外汇管理围绕促进国际收支基本平衡，继续加强和改进外汇管理，重点做好四个方面工作。,0
另一方面，支付便利化工作持续推进。,0
（七）黄金价格整体震荡下行黄金市场总体运行平稳，交易活跃。,1
为应对雷亚尔贬值压力，9月24日巴西央行宣布加强外汇市场干预，每日追加拍卖7.5亿美元外汇掉期合同。,1
受美联储连续加息等影响，伦敦同业拆借市场美元 Libor 略有上升。,1
三是能源价格快速上涨。,0
汇改促进了经济结构调整、产业优化升级和经济增长方式的转变。,0
金融风险严重危及金融稳定的， 可以按照规定使用金融稳定保障基金。,1
大力培育和发展机构投资者，调动市场主体的积极性和创造性，鼓励金融产品与金融工具创新，发展金融衍生产品，满足市场多样化需求。,0
人民币对国际主要货币汇率有贬有升，双向浮动。,1
中国发展有巨大的潜能，新型城镇化、服务业、高端制造业以及消费升级有很大的发展空间，回旋空间也比较大。,0
鼓励商业银行发行双创金融债券。,0
实体经济生产、分配、流通、 消费等环节本身有个过程，加之疫情的“伤痕效应”尚未消退，居民超额储蓄向消费的转化受收入分配分化、收入预期不稳等制约，特别是汽车、家装等大宗消费需求偏弱。,1
而受内需乏力、债务水平整体较高等因素影响，主要发达经济体中期内通胀下行压力依然存在。,1
2009年以来，国际金融危机对主要经济体经济的影响逐步加深。,1
上述信贷期限结构的错配隐藏较大风险。,1
引导金融机构加大制造业中长期贷款投放力度，助力制造业高质量发展。,0
二是资源性产品之间比价关系不合理。,1
人民币对国际主要货币汇率有升有贬，双向浮动。,1
第三季度，洲际交易所布伦特原油期货当季平均价格比上季度下跌19.2%， 比上年同期下跌50.4%。,1
从国际看，地缘冲突还在持续，世界经济增长动能减弱，发达经济体通胀仍处高位，加息进程尚未见顶，对我国经济的影响加深。,1
更好地服务实体经济发展。,0
近期猪肉价格企稳回升，旅游出行价格明显上行，国内成品油价格也经历了“四连涨”，预计8月开始 CPI 有望逐步回升，全年呈 U 型走势；PPI 同比已于7月触底反弹，未来降幅还将趋于收敛。,0
推动财产保险业向高质量发展转变。,0
受人民币升值影响，国内黄金价格涨幅小于国际黄金价格涨幅。,0
另一方面企业债券融资、股票融资等直接融资对企业贷款的替代性进一步增强。,0
油价下跌会导致物价下行，并可能产生一定的通缩压力，对此影响需客观全面分析。,1
三是保持流动性合理充裕。,0
各地推动城镇化、工业化和区域协调发展的热情很高，消费扩张势头较好，服务业潜力巨大，经济长期增长的基本面没有发生变化。,0
二是健全考核工作机制。,0
但由于相对稳定的CPI甚至核心 CPI 在国际上长期被视为主要的通胀“锚”，相应的政策选择可能在一定程度上纵容了全球的资产和金融泡沫，累积了巨大的金融风险。,1
一季度，人民币对美元汇率年化波动率为2.9%。,1
高收益对应着高风险，在打破刚性兑付的环境下，长期看资管产品无法同时兼具“低风险”和“高回报”， 追求高收益的同时要承担高风险。,1
推动经济结构调整和转型升级、深化改革开放和防范金融风险方面的作用。,0
三是利率处于历史最低水平。,1
（三）居民消费价格涨幅回落，生产价格降幅收窄居民消费价格涨幅回落。,1
农村信用社改革试点央行资金支持方案的实施进展顺利。,0
外汇市场交易主体进一步扩展。,0
但缺点是不能反映价格的短期变动，存在一定滞后性。,1
不同行业利润率之所以差别巨大，主要是因为部分行业垄断和资源价格扭曲。,1
2009年以来，流动性持续充裕，货币市场及债券市场收益率走低，商业银行资金运用压力较大；对于部分境内外资银行法人来说，在其母行遭受金融危机冲击情况下，信贷持续负增长， 资金运用压力更大。,1
完善资本市场法律制度体系。,0
2015年以来，中国经济下行压力有所加大，价格涨幅保持低位， 来自外部的不确定性冲击也明显增多。,1
我国跨省区煤炭调运量约占煤炭消耗总量的1/3。,1
六是有效防范系统性金融风险，切实维护金融体系稳定。,1
价格总水平涨幅得到控制，经济结构调整取得积极成效。,0
6月下旬，短期收益率迅速上升，长短期收益率一度出现倒挂。,1
二是取消境外机构投资者额度限制。,1
房地产开发投资逐步恢复。,0
进一步完善个人住房信贷政策，支持居民自住和改善型住房需求。,0
第一季度，人民币对美元汇率年化波动率为6.4%。,1
债券市场债券指数小幅上行。,0
（二）完善保险市场基础性制度建设强化资产负债管理，防范匹配失衡风险。,1
房屋销售价格涨幅趋于平稳，但部分城市房价上涨依然较快。,0
消费、投资、净出口需求稳步增长。,0
首先，非常规政策对全球通货膨胀构成了压力。,1
截至3月31日，1年期 Libor 为0.78%，与年初基本持平；欧元区同业拆借利率 Euribor 受欧洲主权债务危机、欧央行加息预期等因素影响震荡上升。,1
国内黄金价格整体呈震荡态势。,1
GDP 平减指数涨幅扩大。,0
第一，农业提质增效面临农业生产成本“地板”与国际农产品价格“天花板”双重挤压，影响产业利润空间、技术投入和持续发展。,0
一是核心技术创新能力不强。,1
其次，商业银行迫于竞争和服务创新的压力，以及改善资产负债和流动性管理的需求，发展票据业务的积极性增强。,0
二是促进结构优化，支持经济结构调整和转型升级。,0
要注意防范房地产金融风险，促进房地产业持续稳定健康发展。,0
然而，由于日本政府声称将持续推出巨额财政刺激计划和加码量化宽松货币政策，日元持续快速贬值，国债收益率持续下行。,0
继续推动资产管理公司转型发展。,0
土地交易价格同比上涨9.8%。,0
投资者风险自担”的属性。,1
在决定结构性工具创设、延续或退出时，主要考虑两方面因素：一是经济运行中较为突出的结构性矛盾。,1
（四）国际经济展望及面临的主要风险全球经济增长前景存在不确定性，预计2013年仍将保持低速增长。,1
财政收入大幅增长。,0
从分类价格走势看，第一季度食品价格同比上涨8.0%，拉动 CPI 上涨约2.6个百分点。,0
地缘政治紧张局势抬头、部分国家间经贸摩擦日益深化。,1
新兴经济体货币政策维持宽松。,0
促改革和防风险方面的作用。,1
在应对金融危机的过程中，交通运输业落实中央应对国际金融危机、促进经济增长的一揽子计划， 基础设施建设明显加快。,1
（三）完善保险市场基础性制度建设进一步规范保险业务。,0
发展消费信贷，支持扩大内需。,0
完善金融支持创新体系，围绕创新链和产业链打造资金链，形成金融、科技和产业良性循环和三角互动。,0
2. 农业农业强国是社会主义现代化强国的根基，满足人民美好生活需要、 实现高质量发展、夯实国家安全基础，都离不开农业发展。,0
未来一段时期，应进一步充分发挥铁路骨干运输优势，推动铁路事业更好地服务国家战略和经济社会发展。,0
提前或推迟结算。,1
主要经济体增长缓慢，国际金融市场动荡加剧。,1
稳步扩大债券市场高水平对外开放。,0
部分农村信用社在明晰产权关系、完善法人治理方面进行了有益探索，取得了初步成效。,0
国家开发银行继续推进商业化转型，服务于国民经济重大中长期发展战略。,0
再次，同业存单市场回暖。,0
精准开展公开市场操作， 深入推进利率汇率市场化改革，进一步发挥好结构性货币政策工具的精准导向作用，对科技创新、小微企业、绿色发展、制造业等需要长期支持的领域进一步加大政策支持力度，为经济高质量发展营造适宜的货币金融环境。,0
但考虑到服务项目通胀仍具粘性，地缘政治冲突还可能引发大宗商品价格波动，通胀回落仍是一个相对缓慢的过程。,1
以上四方面合计新增贷款2024亿元，占一季度金融机构新增贷款的66%， 贷款结构得到进一步调整。,0
扩大金融风险处置基金积累，强化存款保险专业化风险处置职能。,1
通过大力开发票据业务，各商业银行增强了资产结构调整的主动性和灵活性，缓解了资产负债期限结构错配问题；降低了超额储备需求水平，改善系统流动性管理；创新了服务方式，带动相关中间业务的发展；改善了商业银行长期以来经营收益主要依赖存贷利差的粗放经营模式，增强了盈利能力和竞争力。,0
健全权责一致、激励约束相容的风险处置责任机制，发挥好存款保险专业化风险处置职能，强化金融稳定保障体系建设，防止金融风险累积扩散，牢牢守住不发生系统性风险的底线。,1
（三） 保险市场制度建设扩大商业健康保险个人所得税优惠政策适用范围。,0
外币存贷款利率在国际金融市场利率波动、境内外币资金供求变化等因素的综合作用下，小幅波动。,1
此次降准有利于加大货币政策逆周期调节力度，向社会释放稳经济的强烈信号，提振各方面发展信心，推动经济持续回升向好。,0
三是加强对金融业的审慎性监管和风险预警。,1
上市公司积极开展市值管理能够向市场传递坚定看好公司和行业发展前景的信号。,0
一是建材生产碳排放高，我国建筑领域全过程碳排放达50亿吨，其中水泥、钢铁等建材生产碳排放占比达55%。,1
加强债券市场风险监测和处置工作，及时防范和化解债券市场风险。,1
不包括食品和能源的核心CPI温和上涨0.8%，涨幅与上年持平。,0
嵌套产品结构复杂，底数不清，加剧风险传递和市场波动，发生损失时也容易出现责任推诿。,1
一是资产质量明显改善。,0
三是表外融资有所恢复。,0
第二，改善市场条件，提高二级市场流动性。,0
三是 WTO 多哈谈判取得进展，全球贸易和投资环境将进一步改善。,0
四是汇率弹性明显增强。,0
贷款利率进一步降低。,0
供给侧结构性改革短期可能会加大经济下行压力，需要做好相应的总需求管理，保持经济运行在合理区间。,1
审慎设置和调整担保品折扣率可以降低金融机构逆向选择的可能性和违约风险，人民银行按照担保品的种类、评级、剩余期限等因素确定折扣率，并根据货币政策操作需要和金融风险评估情况调整折扣率。,1
严格控制对高耗能、高排放行业和产能过剩行业的贷款，促进产能过剩矛盾化解。,1
2020年，三次下调金融机构存款准备金率，并下调超额存款准备金利率，支持经济恢复发展。,0
第一季度，货币供应量增速逐月回升。,0
创业板指数下行较多，年末深圳证券交易所创业板指数收于730点，比上年末回落35.9%。,1
目前，从宏观上看，货币信贷总量增长较快；但从微观看，资金结构性矛盾是客观存在的，中小企业反映贷款难，商业银行反映难贷款。,1
初级产品价格回升较快，投资品价格回升幅度大于消费品。,0
但受9月中旬后华尔街危机拖累及市场担忧美财政赤字会因7000亿救市计划加速通货膨胀，美元出现大幅回落，此后再度反弹。,1
此外，地缘政治冲突多点爆发，风险因素和不确定性加速累积， 对经济金融的影响加大。,1
二是现有宏观经济政策难以防范系统性金融风险。,1
十六届三中全会明确提出要统筹城乡发展、统筹区域发展、统筹经济社会发展、统筹人与自然和谐发展、统筹国内发展和对外开放，要树立全面、协调、可持续的发展观，促进经济、社会和人的全面发展。,0
一是资源环境约束压力大。,1
外汇市场交易主体进一步扩展。,0
（一）主要经济体经济状况美国经济增长有所放缓。,1
网上零售业保持平稳增长态势，展现出较强的发展韧性和新的发展趋势。,0
（一）推动债券市场发展一是推动债券市场产品创新。,0
三是在核心电子器件、高端通用芯片及基础软件产品等世界电子信息产业的制高点，取得关键技术的初步突破。,0
主要是三季度存款增长明显放缓，当季减少9504亿元，同比多减3.1万亿元，其中不规范的同业业务收缩、“冲存款”行为减少导致存款派生相应缩减是主要原因。,1
月，贷款加权平均利率为5.10%，保持在历史低位。,1
房地产贷款增速略有回升。,0
受经济预期放缓影响，三季度以来，美国股市出现高位回落。,1
当前投资呈现以下几个特征：一是制造业投资增速回升。,0
三是进一步完善居民阶梯电价制度，对相关制度规定进行了补充和完善。,0
2018年水稻、小麦、玉米三大粮食作物化肥农药使用量双双实现零增长。,1
产权制度改革进展顺利。,0
一是有效处置重点高风险集团风险。,1
制造业投资和民间投资增速回升，经济增长对基建投资依赖下降。,0
但由于意大利9月初落实削减赤字和提高经济活力的承诺进展缓慢，投资者开始担忧其债务偿付能力。,1
劳动力市场结构性供给短缺仍存，需求也边际放缓。,1
未来碳排放约束将明显增强，高碳行业的转型风险上升。,1
一是开展贸易收支便利化试点， 进一步改善营商环境。,0
2011年，全球经济复苏放缓，主权债务危机升级蔓延，经济下行风险凸显。,1
四是刚性兑付使风险仍停留在金融体系。,1
一是专项再贷款定向支持疫情防控重点领域和重点企业。,1
收入分配结构持续改善， 农村居民收入增速持续高于城镇。,0
受联邦基金利率处于历史低位影响，美元 Libor 总体保持下行走势。,1
受国际大宗商品价格总体下跌等因素影响，进口价格降幅加深。,1
亚太地区经济保持较高增长势头。,0
还应当看到，政府主导增加广义货币，也会带来破坏财经纪律、损坏银行体系市场化货币创造能力、 经济内生活力不足等诸多不利的后遗症。,1
2019年3月以来，美债收益率曲线几次出现倒挂，反映了投资者对未来经济预期并不乐观。,1
月份以后，人民银行三次召开窗口指导会议，分析今年以来货币信贷面临的新形势，对货币信贷过快增长可能引发的系统性风险进行了必要的风险提示。,1
四是继续推进证券业、保险业改革和发展，进一步规范发展证券、保险市场，加快推进证券公司、保险公司改革，完善公司治理结构，转换经营机制。,0
一是关于退出时机和力度的把握。,1
此外，国际大宗商品价格波动带来的输入型通胀压力依然存在。,1
3、进出口价格涨幅大致相等，贸易条件有一定改善。,0
股市上涨提高了消费者信心，日元贬值刺激了出口增长。,0
（一）主要经济体经济形势美国经济增长动能持续增强。,0
扶贫社会效应债券的推出，是金融供给侧助推脱贫攻坚所做的创新和探索，为缓解脱贫攻坚资金供需时间不匹配矛盾、统筹和加快推进精准扶贫工作、提高扶贫服务效率和效益提供了可行的金融解决方案。,0
"进一步整合行业优势,有序推动区域转移。",0
生产价格降幅大于居民消费价格。,1
（四）下半年国际经济金融形势较为严峻，但对我国的影响有限国际货币基金组织在春季报告中将今年的世界经济增长预测在去年9月份预测的基础上下调了1个百分点，降至3.2%。,1
欧洲房地产市场增长乏力。,1
一是居民收入增长有所恢复，消费场景改善， 消费倾向回升，就业形势总体稳定，内需潜力将进一步释放。,0
一般而言，跨境资本流入有利于弥补发展中国家储蓄资金不足，可以促进投资和经济增长。,1
一旦需求扩张，潜在的涨价动力就可能重新显现。,0
法国第三季度 GDP 同比增速1.6%。,0
落实好差别化住房信贷政策，支持保障性住房、中小套型普通商品住房建设和居民首套自住普通商品房消费，坚决抑制投机投资性购房需求。,1
M2增速总体平稳。,0
存单业务有序发展。,0
2007年，要坚持以科学发展观统领经济社会发展全局，加快构建社会主义和谐社会，继续加强和改善宏观调控，着力调整经济结构和转变增长方式，着力加强资源节约和环境保护，着力推进改革开放和自主创新，推动经济发展切实转入科学发展的轨道。,0
这些都与2008年危机前外需带动作用较大的环境有所不同。,1
（一）货币市场交易量增长放缓，市场利率明显回落银行间回购交易量增长放缓，拆借交易量同比下降。,1
货币市场交易活跃。,0
但在当前全球经济增长持续放缓、国内经济下行压力加大的背景下，我国钢铁行业仍面临诸多挑战。,1
三是发展外汇市场，完善人民币汇率形成机制。,0
如果维持零利率政策过久，那么未来经济不稳定的程度有可能比近期金融危机严重得多，代价也更高。,1
国债收益率下行，期限利差有所扩大。,1
税收收入较快增长，非税收入低增长。,1
2009年上半年，货币信贷快速增长，适度宽松货币政策得到有效传导，金融支持经济发展力度不断加大，对促进经济企稳向好发挥了至关重要的作用。,0
受国际原油、铁矿石价格大幅上涨影响，加上国内经济对煤炭和钢材等需求持续旺盛，导致国内原油、煤炭和钢材等生产资料价格大幅上涨，从而推动生产者价格持续上涨。,0
对冲被动增加的外汇占款后，货币政策总体上是稳健的。,1
受此影响，主要发达经济体经济放缓已成定局。,1
受家庭消费和固定资产投资疲弱、工业生产大幅收缩、出口增长停滞等影响，GDP季节调整后环比折年率从第一季度的0.6%转为第二、第三季度的-3.6%和-2.3%，第四季度更大幅降至-12.7%，降幅为近35年来最高。,1
两项工具取得初步成效，下阶段将不断完善工具设计，更好助力资本市场高质量发展。,0
进一步理顺外汇供求关系，促进国际收支平衡。,0
二是美元套利交易给各国货币政策的制定与实施带来复杂影响。,1
一是保障防疫物资及捐赠资金及时到位。,0
二是盘活存量、优化增量，支持经济结构调整和转型升级。,0
企业债券发展平稳。,0
促改革和防风险方面的作用。,1
网上零售“流量成本+仓储/物流”费用逐步增加，纯电商平台低毛利率成为提升利润率的瓶颈。,1
一是在主权债务危机、经济低迷和监管标准提升的背景下，银行存在较为严重的资本缺口问题。,1
包括主要发达经济体和新兴市场经济体在内的全球通货膨胀水平持续攀升。,0
发达经济体财政政策和货币政策紧密结合，规模巨大，推动全球资产价格上涨，与实体经济相脱离，金融风险隐患不断增加，未来是否会通过主权债务风险、高通胀、汇率利率波动、股市债市估值调整等造成风险转移，需要密切关注。,1
同比增速为可比口径数据，为年增速。,0
部分重要商品国内外差价较大， 资源能源价格扭曲矛盾仍在继续累积。,1
美国、欧元区、日本均已陷入衰退，新兴市场经济增速明显放缓。,1
遭受“非典”重创的行业主要是旅游、客运、商业、住宿和餐饮业等。,1
（一）主要经济体经济和金融市场概况经济增长复苏前景分化。,0
受国际地缘政治冲突、经贸摩擦等因素影响，油价波动较大。,1
加强外汇市场基础建设，进一步改进货币兑换服务。,0
8月，国内钢材表观消费量5首度出现负增长。,1
非食品价格同比上涨1.8%，拉动 CPI 上涨约1.2个百分点。,0
输入性因素带动国内石油、有色金属相关行业价格震荡上涨，但需求总体偏弱，多数工业品价格仍然弱势运行。,1
促改革和防风险方面的作用。,1
其中， 受油价低迷和国内经济结构单一等因素影响，巴西、委内瑞拉陷入严重经济困境。,1
总的看，享受定向降准政策机构占全部金融机构的比例超过98%。,0
使利率调控与宏观审慎政策有效配合起来，也是主要经济体和国际组织反思国际金融危机教训基础上形成的共识。,1
提高了金融市场流动性，活跃了债券市场报价。,0
与此同时，在我国消费贷款快速扩张过程中，部分金融机构忽视了消费金融背后所蕴含的风险，客户资质下沉明显， 多头共债和过度授信问题突出。,1
五是有效防范系统性金融风险，切实维护金融体系稳定。,1
（三）值得关注的问题和趋势海外高通胀回落的幅度和速度存在不确定性。,1
④“—”表示数据缺失或者有关业务量很小。,1
5月以来，全球贸易摩擦等风险因素不确定性逐步升高，打击全球商业和投资信心。,1
灵活开展公开市场操作。,0
资本市场估值与经济基本面相背离，市场波动风险上升。,1
这些措施对于抑制各种投机套利资金流入、平抑市场可能产生的波动发挥了积极作用。,1
收入分配结构改善，农村居民收入增速高于城镇居民。,0
加强系统性风险防范。,1
全球主要股指波动较大。,1
促进保险业进一步提升服务质量和水平。,0
二是进一步推动 LPR 运用。,0
工业生产稳中略升，企业利润状况有所改善。,0
房地产贷款增速有所回升。,0
完善系统重要性金融机构监管框架。,0
房地产贷款快速增长。,0
金融机构超额准备金率为1.3%。,0
四是随着中国人民银行支付清算技术的进步和系统发展，支付清算效率大大提高，为金融机构进一步降低超额存款准备金率提供了技术支持。,0
中国人民银行2009年第一季度企业家问卷调查显示，企业家对下季度宏观经济偏冷的担忧有所减弱。,1
欧元区货币信贷情况有所好转， M3增速提高，私人部门信贷增速回稳，银行融资成本和贷款利率下降， 货币政策传导有所改善，有助于实体经济恢复。,0
完善中期借贷便利操作模式，采取招投标方式，提高操作效率。,0
国债发行利率与上年末持平，金融债券和公司信用类债券发行利率回落。,1
第三季度银行体系流动性基本稳定，货币市场利率较为平稳，票据市场利率主要受到市场供求影响小幅震荡、略有下行。,1
主要高耗能行业和产品生产持续下滑，能源需求大幅回落，煤电油运供应稳定增长。,1
股票市场成交保持活跃。,0
二是促进结构优化，支持经济结构调整和转型升级。,0
GDP 平减指数同比上涨。,0
欧元区经济持续缓慢复苏。,0
有序推进人民币国际化，进一步扩大人民币在跨境贸易和投资中的使用，深化对外货币金融合作，发展离岸人民币市场。,0
引导金融机构合理均衡放款，防止贷款过度波动。,1
这种格局是健康的。,0
总体看，人民币汇率机制改革已初显成效，随着改革效应的释放，新汇率制度在推动我国对外贸易结构调整、经济结构优化、产业升级、实现经济可持续发展方面的积极作用还将进一步显现。,0
五是提高经营管理效率，压缩生产成本。,0
防范化解银行业不良资产风险，控制不良贷款增量。,1
总体看，商业银行风险抵补和损失吸收能力较强，为承受信贷资产损失积累了一定能力，银行业信贷风险总体可控。,1
继续深化大型商业银行改革，深化内部治理，完善风险管理机制， 提高创新发展能力和国际竞争力。,0
三是投资资金充裕。,0
欧元区经济形势依然严峻，多数成员国工业生产仍在下滑，估计一季度欧元区经济增长有可能接近零或轻度负增长。,1
资本市场建设进一步加强。,0
坚持差异化信贷政策，支持优势企业技术改造、结构调整、绿色发展。,0
下半年经济持续恢复有坚实基础，一是经济循环不断畅通。,0
一是全社会物流运行效率偏低。,1
（二）完善证券市场基础性制度建设一是改革和完善新股发行体制。,0
为应对经济面临的需求收缩、供给冲击、 预期转弱三重压力，下半年人民银行加大跨周期调节力度，统筹做好跨年度政策衔接，引导金融机构加大对实体经济支持力度，着力增强信贷总量增长的稳定性， 保持经济运行在合理区间。,1
稳增长、调结构、促改革、惠民生和防风险的任务艰巨。,1
货物贸易顺差大幅增加，民营企业对出口贡献较大。,0
主要经济体国债收益率整体上扬。,0
一是制定《关于进一步便利境外机构投资者投资银行间债券市场有关事项的通知》，完善银行间债券市场开放政策，提高境外机构投资者入市投资的便利性。,0
健全金融风险问责机制，对重大金融风险严肃追责问责，有效防范道德风险。,1
（二）国际金融市场概况国际金融市场波动较上年有所增大。,1
因此，解决欧洲银行业问题已成为打破“主权债务危机—银行危机—经济下滑”恶性循环的关键。,1
进一步便利市场主体外汇收支和交易。,0
“非典”期间，部分企业出口订单减少，有些流失的订单已经无法弥补。,1
其中，新建住宅销售价格同比上涨7.6%，环比上涨0.3％；二手住宅销售价格同比上涨5.0%，环比上涨0.5%。,0
对经济金融的影响需要进一步观察。,0
只有赋予金融机构通过风险溢价覆盖高风险贷款损失的权利，才能使金融机构对中小企业、农业贷款有积极性。,1
坚持市场化、法治化处置风险，一些突出金融风险得到稳妥处置。,1
一是金融危机导致各国经济增长停滞、财税收入减少，偿债能力未能有效提高。,1
加强与产业主管部门的信息共享，引导金融机构更精准支持科技创新和制造业高质量发展重点领域。,0
人民银行、 银保监会可基于监测分析和压力测试结果，适时向系统重要性银行提示风险，督促降低系统性金融风险。,1
但经济运行中仍然存在着固定资产投资规模偏大，煤电油运供求偏紧，CPI 回落而通胀压力犹存等问题。,1
利率互换交易活跃。,0
由于担心欧美需求疲软，且国际能源署（IEA）于6月23日宣布释放6000万桶原油储备， 国际油价近期略有回落。,1
受国际大宗商品价格下跌影响，进口价格降幅有所扩大。,1
首先是对全球市场产生不利的预期，使全球金融市场笼罩在一种悲观和不确定性的气氛之中。,1
钢材产能过剩开始显现，钢铁企业库存压力加大。,1
总体看，下半年经济平稳较快发展的基本面不会改变，拉动经济增长的内在动力仍然较强。,0
原油、铜、铝等价格普遍回升，黄金价格也创出历史新高。,0
二是中央银行票据发行利率适度下行。,1
持续推动债券二级市场发展，不断优化交易、清算和结算等相关制度安排，完善做市商制度等市场化评价体系建设，提升债券市场流动性，为市场参与者创造更加友好、便利的投资环境。,0
二是完善银行卡跨境交易统计。,0
工业生产逐步恢复，企业预期总体改善。,0
国内有效需求不足，经济运行出现分化，重点领域风险隐患仍然较多，新旧动能转换存在阵痛。,1
8月，国务院批准同意长城、东方资产管理公司转型改制方案，资产管理公司商业化转型进一步推进。,0
夏粮再获丰收，畜牧业稳定增长。,0
全球主要股市强劲反弹。,0
为治理高通胀，主要发达经济体加快收紧货币政策，通过外贸外资、汇率波动和金融市场等渠道给新兴经济体带来的溢出影响明显加大，全球经济活动边际放缓、部分经济体硬着陆风险增加。,1
但至9月末，美元再度出现较大幅度贬值。,1
落实好差别化住房信贷政策， 支持保障性住房、中小套型普通商品住房建设和居民首套自住普通商品房消费，坚决抑制投机投资性购房需求。,1
其中关键是优化国民收入在居民、企业和政府之间的分配，通过减税让利、放松市场管制等措施，进一步激发经济体的活力和创造能力，为实现新一轮持续发展奠定坚实基础。,0
对于当前期限错配和货币错配问题要有正确认识。,1
近期国际油价再次走高。,0
国有商业银行股份制改革工作取得突破性进展。,0
日本经济增长放缓后趋稳。,1
英国房地产价格持续下跌，第一季度， 英国 HALIFAX 房价指数环比下跌0.1%，同比下跌0.6%。,1
进一步优化贸易外汇管理。,0
外汇市场会员进一步扩大。,0
同比增速为可比口径数据，为年增速。,0
改制银行加快业务创新步伐，在引进战略投资者后，全面启动与战略投资者的合作安排，引进先进的管理经验和技术，提升关键领域业务水准。,0
硅谷银行等事件使得美联储加息计划面临两难，继续加息不排除更多中小银行陷入困境，威胁金融稳定；而暂缓加息可能导致高通胀时间延长。,1
督促银行坚持风险定价原则， 合理确定贷款利率。,1
9月，为进一步增强对银行和收购主体的市场化激励，中国人民银行将提供的再贷款资金比例由原来的60%提高到100%。,0
由于选举尚未结束，国会和政府一直未能达成中期财政整顿计划， 导致美国当局目前不得不面临“财政悬崖”和“债务不可持续”的两难选择。,1
在一般情况下，如果流动性得不到补充，商业银行的流动性会存在一定缺口。,1
当然，若总量收缩过快也可能对整体经济产生不利影响。,1
很多中小企业存续期较短，产品积压、财务报表不透明，部分企业资不抵债、逃废债情况严重。,1
此外，进一步完善信贷政策导向效果评估工作机制，进一步推进信贷资产证券化，以改革创新盘活存量资金，引导金融机构将盘活的信贷资源重点支持棚改、水利、中西部铁路等领域建设。,0
工业生产增速回升。,0
GDP 等宏观经济数据同样存在明显基数效应，去年二季度受疫情冲击 GDP 同比降至0.4%，低基数作用下今年二季度GDP 增速可能明显回升。,1
此外，美国金融市场可能随QE 退出的节奏而出现较大的振荡，对美国经济金融的稳定和世界经济金融的稳定造成较大影响。,1
但经济持续改善，新兴市场经济体总体增长较快，但仍面临调整与转型压力。,0
四是主要新兴经济体面临抑制通胀和防止跨境资本波动的挑战， 政策制定难度加大。,1
供应链阻滞、能源短缺等冲击不容忽视。,1
收入分配结构持续改善，农村居民人均可支配收入名义增速和实际增速分别快于城镇居民2.4个和2.3个百分点。,0
受金融危机影响，欧元区消费、 投资、出口同时放缓，第一季度至第四季度GDP同比增长分别为2.1%、 1.4%、0.6%和-1.2%。,1
“非典”作为一个突发事件，对我国经济造成了一定冲击，但其影响是暂时的、局部的，有限的，没有损害我国经济增长的基本面，没有改变经济较快增长的格局。,1
用好政策工具促进房地产市场平稳健康发展。,0
大型商业银行和政策性金融机构改革进一步推进。,0
二是稳妥处置重点高风险机构。,1
从对实体经济的影响看，若美联储本轮量化宽松政策能刺激需求持续上升，则将有助于推动经济复苏和改善就业。,0
推动金融支持与产业扶贫融合发展，增强贫困地区内生发展动力。,0
前三季度，人民币对美元汇率弹性增强，小幅升值。,0
从国内看，经济大循环也存在堵点，消费者信心指数和民间投资增速仍处低位，需求不足与产能过剩的矛盾较为突出；制造业 PMI 连续4个月位于收缩区间，社会预期依然偏弱。,1
但煤电油运瓶颈制约尚未根本缓解。,1
三是政府的短期政绩、形象工程；开发商的暴利；房改政策的需要等，都在诱导商业银行信贷资金投向房地产领域。,1
进一步优化贸易外汇管理。,0
近几年，煤炭产能越来越向环境脆弱、水资源缺乏的晋陕蒙宁地区集中，资源开发与生态环境保护的矛盾日益突出。,1
3．当前货币信贷总量基本适度，资金的结构性矛盾依然存在，尤其是中小企业和县域经济资金供求矛盾比较突出。,1
从2008年初开始，商品房累计销售面积同比降幅逐月加大。,1
（四）促进外汇市场健康发展推动外汇市场业务创新，规范个人本外币兑换特许业务发展。,0
农村信用社改革取得重要进展和阶段性成果。,0
四是继续推动金融市场健康发展，深化金融企业改革。,0
今年年初以来监管当局整顿和规范股票市场的一系列政策措施陆续出台，对二级市场交易起到一定的降温作用。,1
二是美联储降息效应将逐步显现，货币政策操作还有空间。,0
日本经济复苏前景仍待观察，信用评级被调低。,0
8月8日，美联储决定暂停加息，仍将联邦基金目标利率维持在5.25%的水平。,1
另一方面，经济结构调整正在取得积极进展。,0
进一步改进和完善信贷政策导向效果评估。,0
此外，受益于房地产去库存和热点城市供地提速，房地产投资周期仍有上行空间。,0
投资和信贷过热不一定通过CPI表现出来，如80年代的日本。,1
GDP 缩减指数同比大幅回落。,1
随着世界经济趋好，国际市场需求日趋旺盛。,0
市场缺乏流动性既有债券供给和需求方面的原因，也有交易方式单一、做市商和经纪人等竞争性市场交易中介空缺、市场透明度不高等方面的原因。,1
要提高创新意识，加大业务创新、服务创新和产品创新力度，通过业务品种、金融产品、收益渠道多元化来调整盈利结构，积极发展中间业务，拓展新的盈利增长点，增强盈利能力。,0
一是大型商业银行改革取得突破性进展。,0
对重点行业、重点企业、重点地区的信贷集中状况以及信贷风险进行动态评估监测，及时发布预警信息。,1
全年经济将保持高增长、低通胀的趋势。,1
三是在碳中和约束下促进碳价格发现。,1
对于促进黄金市场平稳健康发展、加强对黄金市场监管、切实保护投资者利益具有积极意义。,0
新兴市场经济体增长普遍放缓，部分国家遭遇金融市场动荡。,1
工业生产者价格降幅继续收窄。,1
一些地方炼油企业为避免巨额亏损纷纷采取了停产或者减产。,1
居民消费价格涨幅有所扩大。,0
（四）股票市场成交量和筹资额有所减少沪深指数均有所下跌。,1
四是改进提升农村金融服务。,0
持续优化评估指标体系，完善激励约束机制。,0
和改善外汇管理。,0
商业银行应正确认识国际国内经济金融形势，树立全局意识，切实落实好从紧货币政策，在年度内合理均衡放款，防止贷款过度波动。,1
存货投资占GDP的比重虽然较小，但却是加剧宏观经济波动的重要因素，这在衰退期尤为如此。,1
本轮国际金融危机后，由于美元低利率政策等原因，美元也逐渐成为套利交易中的融资货币，并就在其中扮演重要角色。,1
"二是中西部地区贷款增速持续高于东部地区,信贷资金持续向中西部倾斜。",0
但家庭支出和零售销售额下降，表明消费者支出依旧疲弱。,1
由于经济增长前景黯淡，英国房价仍有下行压力。,1
三是充分发挥资本市场在钢铁企业技术改造、 节能环保、智能制造、兼并重组中的作用，加大直接融资支持力度， 促进钢铁企业绿色转型、低碳发展。,0
房地产等领域面临回调压力，可能影响诸多行业。,1
进入三季度以来，金融机构各项贷款增幅出现明显回落。,1
持续发挥政策性开发性金融工具的作用，更好地撬动有效投资。,0
对确有需要的企业可取消借用外债限额， 并可线上申请外债登记。,1
持续释放贷款市场报价利率（LPR）改革红利。,0
国内黄金价格与国际金价走势总体保持一致，但受到人民币贬值影响，国内金价跌幅小于国际金价。,1
金融机构超额准备金率为1.3%。,0
由于主权债务危机威胁依然存在，失业率高企，预计欧洲房地产业短期内将继续承压。,1
同时，严厉打击外汇领域违法犯罪。,1
电子信息行业是典型的全球化、技术密集型产业，我国在全球价值链地位低，高端芯片、基础材料等领域仍有很多短板，存在“卡脖子” 问题。,1
引导民间融资健康发展。,0
新兴市场经济体货币政策继续分化。,0
鉴于包商银行严重资不抵债，无法清偿到期债务，接管组以包商银行名义向银保监会提交破产申请，获得进入破产程序的行政许可。,1
资金支持基本落实到位。,0
（二）国际金融市场概况2007年，美元相对欧元和日元整体呈走低态势。,1
四是金融产品创新有序推进。,0
美国经济增长大幅下滑、股市大幅回落，这是多年来高速增长所掩盖的经济泡沫的暴露。,1
二是区域发展不均衡，尤其是中西部地区发展不足。,0
开发性、政策性金融机构改革取得突破性进展。,0
商品房销售增幅回落。,1
展望未来，全球贸易延续低迷、发达经济体宏观政策不确定性、地缘政治风险等对经济增长的影响仍需关注。,1
二是扎实推进金融精准扶贫。,0
针对日益重要的金融周期问题，需要引入宏观审慎政策加以应对，弥补原有调控框架存在的弱点和不足，加强系统性金融风险防范。,1
生产价格降幅收窄。,1
利率衍生产品交易量快速上升的趋势表明，在利率市场化进程稳步推进和利率波动风险逐渐加大的宏观环境下，投资者已经开始积极运用利率衍生产品来管理和规避利率波动风险。,1
法国房地产价格继续上涨，但房地产市场复苏速度正在趋缓。,0
债市收益率震荡下行。,1
固定资产投资增速缓中趋稳，制造业投资增速低位回升。,0
农民老龄化、农村空心化问题凸显，城乡要素交换不平等，城乡公共服务不均衡。,1
住房开工趋势也不容乐观。,1
总的来看，弹性较强、市场出清和结构调整较快的经济体表现出了更强的复苏势头。,0
商业银行直接融资规模进一步扩大。,0
三是政府税费高、“有偿服务”过多。,1
上半年，人民币对美元汇率小幅贬值。,1
构建危机管理和风险处置框架，推进存款保险制度建设。,1
完善金融风险监测、评估与防控体系，强化风险早期纠正。,1
展望未来，全球经济可能面临以下风险： 一是贸易摩擦与政策不确定性仍为显著风险。,1
加强农村金融基础服务设施建设，提供安全、便捷、高效的支付结算服务。,0
三是日本经济出现反复，通胀形势仍不明朗。,1
随着“非典”疫情的减弱，消费需求开始回升。,1
但预算削减以及债务上限问题悬而未决，缺乏中期财政整顿框架，由此带来的不确定性可能拖累经济增长；高失业状况未根本改观，可能影响消费复苏的可持续性。,1
（二）国际金融市场继续动荡2002年，在世界经济恢复乏力、地区政治危机、美国经济恢复不稳定、公司利润萎缩、大公司丑闻频频曝光等因素影响下，国际金融市场继续动荡多变， 市场风险加大并出现市场信心危机。,1
外汇市场交易主体进一步扩展。,0
加快发展外汇市场，推动汇率风险管理工具创新。,0
长期以来，两地在央行数字货币、金融科技监管等领域积极开展务实合作。,0
严格执行差别化信贷政策，限制信贷流向投资投机性购房。,1
关闭境内虚拟货币交易和代币发行融资平台。,1
积极鼓励和督促金融机构加强信贷结构调整，注重以技术为基础的创新，提高对中小企业的金融服务水平。,0
在党中央、国务院正确领导下，我国货币政策取向根据形势需要适时调整，前瞻性、针对性和灵活性进一步提高。,0
个人住房贷款增长放缓。,1
中央银行主动供给和调节流动性的能力进一步增强。,0
进口价格继续下跌。,1
中小企业贷款担保体系不完善。,1
但发展外向型经济与扩大内需并不矛盾，发展外向型经济的要旨在于通过加入国际分工体系发挥比较优势、提高本国生产率、加快产业升级。,0
贸易结构进一步优化。,0
继续保持对违规资金的高压打击态势，加大对大要案和地下钱庄的打击力度。,1
在全球总需求增长仍较缓慢、发达经济体货币政策可能转向的背景下，部分新兴市场经济体仍面临外需较弱与跨境资本波动等潜在风险，存在调整与转型压力。,1
国际大宗商品价格高位回落是进口价格涨幅回落的主要原因。,1
各类债券发行利率有所下行，债券现券交易量、发行量上升。,1
三是全面清理整顿影子银行和非法金融活动。,1
第一季度，广义货币供应量 M2增速呈持续上升态势，主要是由于同期贷款快速增长。,0
持续稳慎推进人民币国际化，进一步扩大人民币在跨境贸易和投资中的使用，深化对外货币合作，发展离岸人民币市场。,0
净出口由负转正。,0
同时财政政策更加积极有为，出台规模性纾困措施对冲疫情影响。,1
理论上，固定利率的长期债券久期长，对利率波动比较敏感，市场投资者会更为关注长期债券投资的利率风险， 坚持审慎理性的投资理念，防范投资行为过于短期化可能带来的损失。,1
一季度，社会消费品零售总额同比增长5.8%，增速由负转正。,0
GDP 平减指数涨幅扩大。,0
持续超额续作中期借贷便利（MLF）。,0
上半年，人民币对美元汇率年化波动率为5.2%。,1
在城乡发展方面，城市发展远快于农村，城市居民收入远高于农民收入。,0
优化存款利率监管，保持银行负债成本基本稳定。,1
一是发达经济体人口老龄化加剧，高福利支出使财政不堪重负，结构性改革又因利益集团反对和政治考虑而难以深入推进，储备货币优势也使其遏制过度负债行为的动力不足。,1
资本市场法制进一步完善。,0
发展票据市场应与拓宽企业融资渠道、改善金融服务、促进商业银行转变经营方式、健全社会信用制度和完善货币政策传导机制的需要相适应，在发展中规范，以规范促发展。,0
上半年，第三产业增加值同比降幅比第一季度收窄3.6个百分点；其中，第二季度增长1.9%， 第一季度为下降5.2%。,1
稳健的货币政策灵活适度，贷款结构持续优化，为高质量发展营造了适宜的货币金融环境。,0
银行间市场债券价格稳步回落，各期限债券收益率均有所上升。,1
截至月1日，日本地价在一年内平均下跌3.7%，其中住宅用地价格平均下跌3.4%，商业用地价格平均下跌4.6%。,1
IMF等国际组织在10月份调低了2008年全球经济增长的预测值，并认为未来全球金融市场的不确定性有所加大，房地产市场疲软、信贷市场趋紧以及国际汇市波动加剧的状况将会持续一段时间。,1
在疫情防控常态化条件下，统筹疫情防控与防范化解金融风险关系，强化跨境资金流动风险监测与分析，突出打击地下钱庄、跨境赌博和网络炒汇等非法金融活动，切实维护外汇市场秩序，防范化解跨境风险，为“六稳”“六保”工作保驾护航。,1
二是加大财税政策激励，提高金融机构支小积极性。,0
一是指导政策性银行补足区域短板。,1
近期美国主要经济数据略有走低，市场对美联储加息时点的预期已较前期有所推后。,1
本次改革覆盖各类公开发行股票行为，对完善资本市场功能、落实创新驱动发展战略、更好服务高质量发展具有重要意义。,0
中国人民银行将进一步加快推进农村金融改革， 不断改善农村金融服务，支持“三农”发展。,0
三是以银行永续债为突破口补充资本，用改革的办法增强金融服务实体经济的可持续性。,0
二是将推动产业结构升级。,0
国债收益率下行，期限利差缩窄。,1
信贷结构持续优化。,0
促进优质企业便利化政策扩面提质。,0
继续加强资本市场基础制度建设，更好保护投资者利益，促进资本市场平稳健康发展。,0
人民银行监测的企业商品价格（CGPI）同比下降0.5%，比上季度低4.0个百分点，比上年同期低6.7个百分点。,1
完善碳中和金融债管理制度，推动碳中和金融债从严规范发展。,0
近期，主要国际金融市场已呈现出不同程度的波动迹象。,1
同时，随着有效需求恢复、社会预期改善，资金周转效率提升，资金沉淀的现象也在缓解。,0
2021年第一季度，各地区各部门统筹疫情防控和经济社会发展成果得到巩固和拓展，我国经济持续稳定恢复，发展动力不断增强。,0
商品房销售增速有所下降。,0
受国内经济增长放缓导致需求下降和国际大宗商品价格回落影响，工业生产者出厂价格和购进价格分别于3月份和4月份转为同比下降。,1
多数国家还将按照明确的到期日终止临时性存款保险措施。,1
受外需萎缩和国内消费需求不足影响，日本经济下滑。,1
消费对经济增长的拉动作用增强，就业稳中向好，消费价格温和上涨。,0
严格控制对高耗能、高污染和产能过剩行业劣质企业的贷款。,1
产权制度改革进展顺利。,0
当前全球主要经济体通胀水平多在低位运行，国内经济总体运行平稳。,1
中小企业的健康发展对调整经济结构、扩大就业、改善民生等具有举足轻重的作用。,0
市场预期平稳又进一步降低了预防性流动性需求，增强了流动性的稳定性。,0
（四）股票市场指数回升，成交量增加，筹资额同比减少沪深指数大幅回升。,0
利率互换交易活跃。,0
工业生产者出厂价格涨幅由负转正，生产资料价格涨幅快速上升。,0
国家开发银行继续推进商业化转型，服务于国民经济重大中长期发展战略。,0
2022年设立科技创新再贷款、设备更新改造专项再贷款，激励银行加大对科技型企业和传统产业转型升级的信贷支持。,0
但全球贸易水平持续萎缩，主要经济体失业率居高不下，财政赤字水平令人担忧，金融危机的影响远未消除，未来全球经济复苏仍将面临较大的不确定性。,1
固定资产投资增长过快，会对经济和社会发展造成十分不利的影响。,1
金融通过多种形式赋能文旅，支持文旅产业高质量发展。,0
票据市场利率总体平稳，呈先升后降趋势。,1
发展光伏产业对实现工业转型升级、调整能源结构、发展社会经济、推进节能减排具有重要意义。,0
加大外汇业务合规性检查，打击各种外汇违法违规行为。,1
产业链供应链修复加快，6月汽车制造业增加值同比增速大幅转正至16.2%。,0
3月末，金融机构超额准备金率为1.5%，银行体系流动性合理充裕。,0
外汇市场交易主体进一步扩展。,0
历史数据表明，通货膨胀具有周期波动的特征。,1
收入分配结构持续改善， 城乡居民人均收入比缩小。,0
发展养老、健康、文化等新消费领域，创新金融支持方式，吸引民间投资， 探索可复制、可推广的文化金融发展体制机制。,0
长期来看，在商业银行的经营中，不断增加的居民储蓄存款的还本付息对商业银行财务状况是“硬约束”，银行资产中却有相当大的一块是不良资产，加大了商业银行财务风险。,1
加大力度盘活存量金融资源，密切关注资金沉淀空转等情况， 促进提高资金使用效率，为经济高质量发展提供更好支撑。,0
（一）加强银行间债券市场制度性建设一是进一步完善管理制度。,0
2019年下半年以来，全球经济下行风险加大，叠加新冠肺炎疫情影响，全球央行重回宽松模式，启动降息潮，低利率政策再次向金融市场传导。,1
外债总规模增速略有回升。,0
在工业生产快速增长的同时，工业经济效益大幅提高，实现利润成倍增长。,0
2005年汇改以来，我国汇率市场化改革取得了显著成效，人民币汇率市场化水平和弹性不断增强，在合理均衡水平上保持了基本稳定，为增强我国宏观经济韧性，推动货币政策框架转型，促进经济结构调整做出了积极贡献。,0
一是改革完善 LPR 形成机制。,0
第四季度中国人民银行5000户工业企业调查显示，企业经营景气状况回升，盈利状况有所好转。,0
房价同比上涨的城市个数增加，环比上涨的城市个数持续减少。,0
完善金融支持创新体系，围绕创新链和产业链打造资金链，形成金融、科技和产业良性循环和三角互动，促进新技术产业化规模化应用。,0
经国务院批准，中国人民银行决定自10月24日起结合降息降准，对商业银行和农村合作金融机构等不再设置存款利率浮动上限。,0
更为重要的是，不少经济领域的内生活力在逐步增强，创业、创新浪潮兴起，一些新业态、新模式发展很快，民间投资占比较高，投资结构也更为合理。,0
六是有效防范系统性金融风险，切实维护金融体系稳定。,1
采取综合措施维护金融稳定，守住不发生系统性、区域性金融风险的底线。,1
日本经济增长走出低谷，但增长乏力。,1
第三季度，储蓄存款余额下降趋势在一定程度上得以缓解。,0
外部环境复杂性、严峻性、不确定性仍然较大，带来的不利影响增多，全球经济增长动能偏弱，局部冲突和动荡频发，全球性问题加剧。,1
部分农村信用社进一步明晰产权关系、完善法人治理结构，健全内控管理制度，有效提高了经营管理水平。,0
有经济学家提出了“资产负债表衰退”的概念，认为资产价格暴跌务负担急剧上升，企业不得不将主要精力集中在最大限度地降低负债而不是扩大投资上，进而形成需求收缩，导致恶性循环。,1
房地产信贷增幅继续回落。,1
国内经济运行面临疫情多地散发、大宗商品价格高企等挑战。,1
日本房地产市场出现企稳迹象。,0
积极与地方政府、监管部门沟通协调，推动风险依法处置。,1
（一）主要经济体经济形势发达经济体增长动能有所减弱。,1
在进一步加强银行体系流动性管理的同时，更重要的是应充分利用好当前经济持续较快增长、财政收入大幅增加的有利时机，加快推进经济结构调整。,0
信贷结构持续优化。,0
有序推进中小金融机构风险处置和改革重组。,1
持续深化开发性、政策性金融机构改革。,0
在《方案》有关支持政策的指导下，农村信用社改革试点进展顺利，试点范围进一步扩大。,0
同时继续改进外汇管理，大力发展外汇市场，推动外汇产品创新。,0
总体来看，利率政策的效应逐步显现。,0
（四）股票市场成交活跃，股指创历史新高，融资步伐加快股权分置改革对股票市场的积极效应逐渐显现，加之国民经济持续向好、资本市场法制建设得到加强、上市公司资金清欠工作顺利展开以及一些优质大盘股相继在A股市场上市，股票市场交易活跃，股指创出历史新高，市场信心显著增强。,0
汲取危机过程中金融机构在流动性管理上表现险纳入其中，以限制商业银行过度加杠杆行为。,1
主要金融市场呈现震荡态势。,1
人民银行加强沟通，引导预期，向市场提供流动性，同时采取了宏观审慎措施， 抑制投机性交易，防止顺周期行为和“羊群效应”。,1
加强跨境资金流动监测分析预警。,1
鼓励开展金融适老化服务升级，提高养老金融普惠性。,0
受近两年我国采取的一系列调整进出口结构，抑制贸易顺差过快增长政策的影响，下半年顺差增速有所下降，年末顺差出现回落。,1
全球通货紧缩压力增大的原因较为复杂，非短期内形成。,1
随着前期一揽子增量政策效果持续显现，2025年更加积极有为的宏观政策逐步落地显现，经济回升向好势头有望进一步增强，支撑价格回升的有利因素增多。,0
欧元区经济复苏步伐逐渐加快，各经济体形势普遍改善，内需和投资成为经济复苏的主要动力。,0
受美国经济数据向好、美联储加息等因素影响，伦敦同业拆借市场美元 Libor 小幅上升，欧元区同业拆借利率 Euribor 继续走低。,1
三是美国加息时点及跨境资本流动不确定性较大。,1
GDP 缩减指数继续回落。,1
创新小额信贷方式，大力推进农村金融产品和服务创新。,0
发达经济体通胀压力有所缓解，但回落速度放缓，出现反复的风险依然存在，未来货币政策仍有不确定性。,1
