指标名称,中间价:美元兑人民币,SHIBOR:1周,中国:银行间同业拆借加权利率:7天,中国:7天回购利率:加权平均:最近1周(B1W),中国:固定利率国债:发行利率:10年,中国:公开市场操作:货币净投放,中国:人民币存款准备金率(变动公告日期):大型存款类金融机构,中国:人民币存款准备金率:大型存款类金融机构:变动日期,中国:逆回购数量:7天,中国:正回购数量:14天
单位,,%,%,%,%,亿元,%,%,亿元,亿元
1985/1/1,,,,,,,,10,,
1987/1/1,,,,,,,,12,,
1988/1/1,,,,,,,,13,,
1994/1/1,8.7,,,,,,,,,
1994/1/3,8.7,,,,,,,,,
1994/1/4,8.7,,,,,,,,,
1994/1/5,8.7,,,,,,,,,
1994/1/6,8.7,,,,,,,,,
1994/1/7,8.69,,,,,,,,,
1994/1/8,8.7,,,,,,,,,
1994/1/10,8.7,,,,,,,,,
1994/1/11,8.7,,,,,,,,,
1994/1/12,8.7,,,,,,,,,
1994/1/13,8.7,,,,,,,,,
1994/1/14,8.7,,,,,,,,,
1994/1/15,8.7,,,,,,,,,
1994/1/17,8.7,,,,,,,,,
1994/1/18,8.7,,,,,,,,,
1994/1/19,8.7,,,,,,,,,
1994/1/20,8.7,,,,,,,,,
1994/1/21,8.7,,,,,,,,,
1994/1/22,8.7,,,,,,,,,
1994/1/24,8.7,,,,,,,,,
1994/1/25,8.71,,,,,,,,,
1994/1/26,8.7,,,,,,,,,
1994/1/27,8.7,,,,,,,,,
1994/1/28,8.7,,,,,,,,,
1994/1/29,8.7,,,,,,,,,
1994/1/31,8.7,,,,,,,,,
1994/2/1,8.6994,,,,,,,,,
1994/2/2,8.701,,,,,,,,,
1994/2/3,8.7034,,,,,,,,,
1994/2/4,8.701,,,,,,,,,
1994/2/5,8.7005,,,,,,,,,
1994/2/7,8.7005,,,,,,,,,
1994/2/8,8.7074,,,,,,,,,
1994/2/9,8.7074,,,,,,,,,
1994/2/15,8.7074,,,,,,,,,
1994/2/16,8.7024,,,,,,,,,
1994/2/17,8.7065,,,,,,,,,
1994/2/18,8.702,,,,,,,,,
1994/2/19,8.6988,,,,,,,,,
1994/2/21,8.6988,,,,,,,,,
1994/2/22,8.6995,,,,,,,,,
1994/2/23,8.6966,,,,,,,,,
1994/2/24,8.7022,,,,,,,,,
1994/2/25,8.6947,,,,,,,,,
1994/2/26,8.7044,,,,,,,,,
1994/2/28,8.7044,,,,,,,,,
1994/3/1,8.702,,,,,,,,,
1994/3/2,8.705,,,,,,,,,
1994/3/3,8.706,,,,,,,,,
1994/3/4,8.7062,,,,,,,,,
1994/3/5,8.7066,,,,,,,,,
1994/3/7,8.7066,,,,,,,,,
1994/3/8,8.705,,,,,,,,,
1994/3/9,8.7038,,,,,,,,,
1994/3/10,8.7003,,,,,,,,,
1994/3/11,8.7038,,,,,,,,,
1994/3/12,8.7005,,,,,,,,,
1994/3/14,8.7005,,,,,,,,,
1994/3/15,8.7,,,,,,,,,
1994/3/16,8.7007,,,,,,,,,
1994/3/17,8.7002,,,,,,,,,
1994/3/18,8.6991,,,,,,,,,
1994/3/19,8.6992,,,,,,,,,
1994/3/21,8.6992,,,,,,,,,
1994/3/22,8.6978,,,,,,,,,
1994/3/23,8.6993,,,,,,,,,
1994/3/24,8.7055,,,,,,,,,
1994/3/25,8.7012,,,,,,,,,
1994/3/26,8.7016,,,,,,,,,
1994/3/28,8.7016,,,,,,,,,
1994/3/29,8.7024,,,,,,,,,
1994/3/30,8.7002,,,,,,,,,
1994/3/31,8.708,,,,,,,,,
1994/4/1,8.6987,,,,,,,,,
1994/4/4,8.6988,,,,,,,,,
1994/4/5,8.6967,,,,,,,,,
1994/4/6,8.6999,,,,,,,,,
1994/4/7,8.6982,,,,,,,,,
1994/4/8,8.6999,,,,,,,,,
1994/4/11,8.7001,,,,,,,,,
1994/4/12,8.6991,,,,,,,,,
1994/4/13,8.6992,,,,,,,,,
1994/4/14,8.6982,,,,,,,,,
1994/4/15,8.6971,,,,,,,,,
1994/4/18,8.6961,,,,,,,,,
1994/4/19,8.6952,,,,,,,,,
1994/4/20,8.6945,,,,,,,,,
1994/4/21,8.6937,,,,,,,,,
1994/4/22,8.6925,,,,,,,,,
1994/4/25,8.6925,,,,,,,,,
1994/4/26,8.6909,,,,,,,,,
1994/4/27,8.6894,,,,,,,,,
1994/4/28,8.6877,,,,,,,,,
1994/4/29,8.6872,,,,,,,,,
1994/5/3,8.6847,,,,,,,,,
1994/5/4,8.6784,,,,,,,,,
1994/5/5,8.6736,,,,,,,,,
1994/5/6,8.6682,,,,,,,,,
1994/5/9,8.6664,,,,,,,,,
1994/5/10,8.6653,,,,,,,,,
1994/5/11,8.664,,,,,,,,,
1994/5/12,8.6629,,,,,,,,,
1994/5/13,8.662,,,,,,,,,
1994/5/16,8.661,,,,,,,,,
1994/5/17,8.6606,,,,,,,,,
1994/5/18,8.6607,,,,,,,,,
1994/5/19,8.6605,,,,,,,,,
1994/5/20,8.6604,,,,,,,,,
1994/5/23,8.6602,,,,,,,,,
1994/5/24,8.6604,,,,,,,,,
1994/5/25,8.6602,,,,,,,,,
1994/5/26,8.6602,,,,,,,,,
1994/5/27,8.66,,,,,,,,,
1994/5/30,8.6598,,,,,,,,,
1994/5/31,8.6597,,,,,,,,,
1994/6/1,8.6596,,,,,,,,,
1994/6/2,8.6594,,,,,,,,,
1994/6/3,8.6591,,,,,,,,,
1994/6/6,8.6591,,,,,,,,,
1994/6/7,8.659,,,,,,,,,
1994/6/8,8.659,,,,,,,,,
1994/6/9,8.6588,,,,,,,,,
1994/6/10,8.6585,,,,,,,,,
1994/6/13,8.6583,,,,,,,,,
1994/6/14,8.6581,,,,,,,,,
1994/6/15,8.6579,,,,,,,,,
1994/6/16,8.6575,,,,,,,,,
1994/6/17,8.6573,,,,,,,,,
1994/7/1,8.6517,,,,,,,,,
1994/7/4,8.651,,,,,,,,,
1994/7/5,8.65,,,,,,,,,
1994/7/6,8.6496,,,,,,,,,
1994/7/7,8.649,,,,,,,,,
1994/7/8,8.6481,,,,,,,,,
1994/7/11,8.6474,,,,,,,,,
1994/7/12,8.6466,,,,,,,,,
1994/7/13,8.6458,,,,,,,,,
1994/7/14,8.6447,,,,,,,,,
1994/7/15,8.6437,,,,,,,,,
1994/7/18,8.6429,,,,,,,,,
1994/7/19,8.6418,,,,,,,,,
1994/7/20,8.6408,,,,,,,,,
1994/7/21,8.6389,,,,,,,,,
1994/7/22,8.6364,,,,,,,,,
1994/7/25,8.6335,,,,,,,,,
1994/7/26,8.6295,,,,,,,,,
1994/7/27,8.6264,,,,,,,,,
1994/7/28,8.6238,,,,,,,,,
1994/7/29,8.6214,,,,,,,,,
1994/8/1,8.6197,,,,,,,,,
1994/8/2,8.6169,,,,,,,,,
1994/8/3,8.6141,,,,,,,,,
1994/8/4,8.6114,,,,,,,,,
1994/8/5,8.6088,,,,,,,,,
1994/8/8,8.6055,,,,,,,,,
1994/8/9,8.6023,,,,,,,,,
1994/8/10,8.6003,,,,,,,,,
1994/8/11,8.5982,,,,,,,,,
1994/8/12,8.5962,,,,,,,,,
1994/8/15,8.5938,,,,,,,,,
1994/8/16,8.5912,,,,,,,,,
1994/8/17,8.5887,,,,,,,,,
1994/8/18,8.5856,,,,,,,,,
1994/8/19,8.5831,,,,,,,,,
1994/8/22,8.5801,,,,,,,,,
1994/8/23,8.5774,,,,,,,,,
1994/8/24,8.5758,,,,,,,,,
1994/8/25,8.5735,,,,,,,,,
1994/8/26,8.5708,,,,,,,,,
1994/8/29,8.5675,,,,,,,,,
1994/8/30,8.5643,,,,,,,,,
1994/8/31,8.5616,,,,,,,,,
1994/9/1,8.5591,,,,,,,,,
1994/9/2,8.5565,,,,,,,,,
1994/9/5,8.554,,,,,,,,,
1994/9/6,8.5511,,,,,,,,,
1994/9/7,8.5491,,,,,,,,,
1994/9/8,8.547,,,,,,,,,
1994/9/9,8.5448,,,,,,,,,
1994/9/10,8.5422,,,,,,,,,
1994/9/13,8.5407,,,,,,,,,
1994/9/14,8.5396,,,,,,,,,
1994/9/15,8.5381,,,,,,,,,
1994/9/16,8.5365,,,,,,,,,
1994/9/17,8.5352,,,,,,,,,
1994/9/20,8.534,,,,,,,,,
1994/9/21,8.5337,,,,,,,,,
1994/9/22,8.5333,,,,,,,,,
1994/9/23,8.5325,,,,,,,,,
1994/9/24,8.532,,,,,,,,,
1994/9/27,8.5311,,,,,,,,,
1994/9/28,8.5303,,,,,,,,,
1994/9/29,8.5303,,,,,,,,,
1994/9/30,8.5301,,,,,,,,,
1994/10/1,8.53,,,,,,,,,
1994/10/6,8.5301,,,,,,,,,
1994/10/7,8.53,,,,,,,,,
1994/10/8,8.53,,,,,,,,,
1994/10/11,8.5297,,,,,,,,,
1994/10/12,8.5297,,,,,,,,,
1994/10/13,8.5298,,,,,,,,,
1994/10/14,8.5297,,,,,,,,,
1994/10/15,8.5297,,,,,,,,,
1994/10/18,8.5296,,,,,,,,,
1994/10/19,8.5296,,,,,,,,,
1994/10/20,8.5295,,,,,,,,,
1994/10/21,8.5295,,,,,,,,,
1994/10/22,8.5295,,,,,,,,,
1994/10/25,8.529,,,,,,,,,
1994/10/26,8.5285,,,,,,,,,
1994/10/27,8.5282,,,,,,,,,
1994/10/28,8.5273,,,,,,,,,
1994/10/29,8.5266,,,,,,,,,
1994/11/1,8.526,,,,,,,,,
1994/11/2,8.5254,,,,,,,,,
1994/11/3,8.5248,,,,,,,,,
1994/11/4,8.5238,,,,,,,,,
1994/11/5,8.5227,,,,,,,,,
1994/11/8,8.5218,,,,,,,,,
1994/11/9,8.5208,,,,,,,,,
1994/11/10,8.52,,,,,,,,,
1994/11/11,8.519,,,,,,,,,
1994/11/12,8.518,,,,,,,,,
1994/11/15,8.5174,,,,,,,,,
1994/11/16,8.5163,,,,,,,,,
1994/11/17,8.5153,,,,,,,,,
1994/11/18,8.514,,,,,,,,,
1994/11/19,8.5136,,,,,,,,,
1994/11/22,8.5131,,,,,,,,,
1994/11/23,8.5126,,,,,,,,,
1994/11/24,8.512,,,,,,,,,
1994/11/25,8.5111,,,,,,,,,
1994/11/26,8.5105,,,,,,,,,
1994/11/29,8.5101,,,,,,,,,
1994/11/30,8.5093,,,,,,,,,
1994/12/1,8.509,,,,,,,,,
1994/12/2,8.5084,,,,,,,,,
1994/12/3,8.5079,,,,,,,,,
1994/12/6,8.5074,,,,,,,,,
1994/12/7,8.507,,,,,,,,,
1994/12/8,8.5041,,,,,,,,,
1994/12/9,8.5025,,,,,,,,,
1994/12/10,8.4992,,,,,,,,,
1994/12/13,8.496,,,,,,,,,
1994/12/14,8.493,,,,,,,,,
1994/12/15,8.4901,,,,,,,,,
1994/12/16,8.4874,,,,,,,,,
1994/12/17,8.4835,,,,,,,,,
1994/12/20,8.4801,,,,,,,,,
1994/12/21,8.4754,,,,,,,,,
1994/12/22,8.472,,,,,,,,,
1994/12/23,8.4677,,,,,,,,,
1994/12/24,8.4626,,,,,,,,,
1994/12/27,8.4588,,,,,,,,,
1994/12/28,8.455,,,,,,,,,
1994/12/29,8.4518,,,,,,,,,
1994/12/30,8.4491,,,,,,,,,
1994/12/31,8.4462,,,,,,,,,
1995/1/4,8.4447,,,,,,,,,
1995/1/5,8.4437,,,,,,,,,
1995/1/6,8.443,,,,,,,,,
1995/1/7,8.4426,,,,,,,,,
1995/1/10,8.4422,,,,,,,,,
1995/1/11,8.4417,,,,,,,,,
1995/1/12,8.4415,,,,,,,,,
1995/1/13,8.4412,,,,,,,,,
1995/1/14,8.4411,,,,,,,,,
1995/1/17,8.441,,,,,,,,,
1995/1/18,8.4407,,,,,,,,,
1995/1/19,8.4405,,,,,,,,,
1995/1/20,8.4402,,,,,,,,,
1995/1/21,8.44,,,,,,,,,
1995/1/24,8.4397,,,,,,,,,
1995/1/25,8.4394,,,,,,,,,
1995/1/26,8.439,,,,,,,,,
1995/1/27,8.4387,,,,,,,,,
1995/2/6,8.4384,,,,,,,,,
1995/2/7,8.438,,,,,,,,,
1995/2/8,8.4375,,,,,,,,,
1995/2/9,8.437,,,,,,,,,
1995/2/10,8.4364,,,,,,,,,
1995/2/11,8.436,,,,,,,,,
1995/2/14,8.4355,,,,,,,,,
1995/2/15,8.4352,,,,,,,,,
1995/2/16,8.4351,,,,,,,,,
1995/2/17,8.4352,,,,,,,,,
1995/2/18,8.4327,,,,,,,,,
1995/2/21,8.434,,,,,,,,,
1995/2/22,8.4337,,,,,,,,,
1995/2/23,8.4329,,,,,,,,,
1995/2/24,8.4324,,,,,,,,,
1995/2/25,8.432,,,,,,,,,
1995/2/28,8.4316,,,,,,,,,
1995/3/1,8.4311,,,,,,,,,
1995/3/2,8.4308,,,,,,,,,
1995/3/3,8.4299,,,,,,,,,
1995/3/4,8.4294,,,,,,,,,
1995/3/6,8.4294,,,,,,,,,
1995/3/7,8.4282,,,,,,,,,
1995/3/8,8.4273,,,,,,,,,
1995/3/9,8.4265,,,,,,,,,
1995/3/10,8.4259,,,,,,,,,
1995/3/11,8.4261,,,,,,,,,
1995/3/14,8.4264,,,,,,,,,
1995/3/15,8.4265,,,,,,,,,
1995/3/16,8.4274,,,,,,,,,
1995/3/17,8.428,,,,,,,,,
1995/3/18,8.4273,,,,,,,,,
1995/3/21,8.427,,,,,,,,,
1995/3/22,8.4262,,,,,,,,,
1995/3/23,8.4268,,,,,,,,,
1995/3/24,8.4272,,,,,,,,,
1995/3/25,8.4276,,,,,,,,,
1995/3/28,8.4277,,,,,,,,,
1995/3/29,8.4277,,,,,,,,,
1995/3/30,8.4275,,,,,,,,,
1995/3/31,8.4269,,,,,,,,,
1995/4/3,8.4264,,,,,,,,,
1995/4/4,8.426,,,,,,,,,
1995/4/5,8.4257,,,,,,,,,
1995/4/6,8.4256,,,,,,,,,
1995/4/7,8.4252,,,,,,,,,
1995/4/8,8.4251,,,,,,,,,
1995/4/10,8.4251,,,,,,,,,
1995/4/11,8.4252,,,,,,,,,
1995/4/12,8.425,,,,,,,,,
1995/4/13,8.4246,,,,,,,,,
1995/4/14,8.4242,,,,,,,,,
1995/4/17,8.4241,,,,,,,,,
1995/4/18,8.4238,,,,,,,,,
1995/4/19,8.4236,,,,,,,,,
1995/4/20,8.4234,,,,,,,,,
1995/4/21,8.4232,,,,,,,,,
1995/4/22,8.4232,,,,,,,,,
1995/4/24,8.4227,,,,,,,,,
1995/4/25,8.4227,,,,,,,,,
1995/4/26,8.4205,,,,,,,,,
1995/4/27,8.4138,,,,,,,,,
1995/4/28,8.4102,,,,,,,,,
1995/5/2,8.4074,,,,,,,,,
1995/5/3,8.3952,,,,,,,,,
1995/5/4,8.3794,,,,,,,,,
1995/5/5,8.3648,,,,,,,,,
1995/5/8,8.3442,,,,,,,,,
1995/5/9,8.3347,,,,,,,,,
1995/5/10,8.3247,,,,,,,,,
1995/5/11,8.3053,,,,,,,,,
1995/5/12,8.295,,,,,,,,,
1995/5/15,8.2828,,,,,,,,,
1995/5/16,8.2716,,,,,,,,,
1995/5/17,8.2782,,,,,,,,,
1995/5/18,8.2863,,,,,,,,,
1995/5/19,8.2907,,,,,,,,,
1995/5/22,8.2932,,,,,,,,,
1995/5/23,8.2932,,,,,,,,,
1995/5/24,8.2988,,,,,,,,,
1995/5/25,8.3022,,,,,,,,,
1995/5/26,8.3041,,,,,,,,,
1995/5/29,8.3063,,,,,,,,,
1995/5/30,8.3086,,,,,,,,,
1995/5/31,8.3077,,,,,,,,,
1995/6/1,8.3055,,,,,,,,,
1995/6/2,8.3036,,,,,,,,,
1995/6/5,8.3018,,,,,,,,,
1995/6/6,8.2998,,,,,,,,,
1995/6/7,8.3004,,,,,,,,,
1995/6/8,8.2983,,,,,,,,,
1995/6/9,8.2966,,,,,,,,,
1995/6/12,8.3,,,,,,,,,
1995/6/13,8.3008,,,,,,,,,
1995/6/14,8.3003,,,,,,,,,
1995/6/15,8.3,,,,,,,,,
1995/6/16,8.3019,,,,,,,,,
1995/6/19,8.3004,,,,,,,,,
1995/6/20,8.3002,,,,,,,,,
1995/6/21,8.3,,,,,,,,,
1995/6/22,8.3009,,,,,,,,,
1995/6/23,8.3018,,,,,,,,,
1995/6/26,8.3015,,,,,,,,,
1995/6/27,8.3013,,,,,,,,,
1995/6/28,8.3007,,,,,,,,,
1995/6/29,8.3007,,,,,,,,,
1995/6/30,8.3011,,,,,,,,,
1995/7/3,8.3011,,,,,,,,,
1995/7/4,8.3007,,,,,,,,,
1995/7/5,8.3005,,,,,,,,,
1995/7/6,8.3001,,,,,,,,,
1995/7/7,8.3,,,,,,,,,
1995/7/10,8.3,,,,,,,,,
1995/7/11,8.3023,,,,,,,,,
1995/7/12,8.302,,,,,,,,,
1995/7/13,8.3017,,,,,,,,,
1995/7/14,8.3014,,,,,,,,,
1995/7/17,8.3011,,,,,,,,,
1995/7/18,8.3009,,,,,,,,,
1995/7/19,8.3013,,,,,,,,,
1995/7/20,8.3011,,,,,,,,,
1995/7/21,8.3004,,,,,,,,,
1995/7/24,8.3002,,,,,,,,,
1995/7/25,8.3004,,,,,,,,,
1995/7/26,8.3003,,,,,,,,,
1995/7/27,8.3002,,,,,,,,,
1995/7/28,8.3005,,,,,,,,,
1995/7/31,8.3003,,,,,,,,,
1995/8/1,8.3,,,,,,,,,
1995/8/2,8.3,,,,,,,,,
1995/8/3,8.3002,,,,,,,,,
1995/8/4,8.3004,,,,,,,,,
1995/8/7,8.3002,,,,,,,,,
1995/8/8,8.3,,,,,,,,,
1995/8/9,8.3014,,,,,,,,,
1995/8/10,8.3016,,,,,,,,,
1995/8/11,8.3023,,,,,,,,,
1995/8/14,8.3025,,,,,,,,,
1995/8/15,8.3038,,,,,,,,,
1995/8/16,8.3057,,,,,,,,,
1995/8/17,8.3094,,,,,,,,,
1995/8/18,8.3106,,,,,,,,,
1995/8/21,8.3117,,,,,,,,,
1995/8/22,8.3122,,,,,,,,,
1995/8/23,8.3125,,,,,,,,,
1995/8/24,8.3133,,,,,,,,,
1995/8/25,8.3148,,,,,,,,,
1995/8/28,8.3153,,,,,,,,,
1995/8/29,8.3165,,,,,,,,,
1995/8/30,8.3182,,,,,,,,,
1995/8/31,8.3193,,,,,,,,,
1995/9/1,8.3198,,,,,,,,,
1995/9/4,8.3192,,,,,,,,,
1995/9/5,8.3186,,,,,,,,,
1995/9/6,8.3181,,,,,,,,,
1995/9/7,8.3178,,,,,,,,,
1995/9/8,8.3175,,,,,,,,,
1995/9/11,8.3171,,,,,,,,,
1995/9/12,8.3177,,,,,,,,,
1995/9/13,8.318,,,,,,,,,
1995/9/14,8.3184,,,,,,,,,
1995/9/15,8.319,,,,,,,,,
1995/9/18,8.3194,,,,,,,,,
1995/9/19,8.3197,,,,,,,,,
1995/9/20,8.3192,,,,,,,,,
1995/9/21,8.3198,,,,,,,,,
1995/9/22,8.3194,,,,,,,,,
1995/9/25,8.3194,,,,,,,,,
1995/9/26,8.3191,,,,,,,,,
1995/9/27,8.3192,,,,,,,,,
1995/9/28,8.319,,,,,,,,,
1995/9/29,8.3189,,,,,,,,,
1995/10/4,8.3185,,,,,,,,,
1995/10/5,8.3185,,,,,,,,,
1995/10/6,8.318,,,,,,,,,
1995/10/9,8.3174,,,,,,,,,
1995/10/10,8.3167,,,,,,,,,
1995/10/11,8.3158,,,,,,,,,
1995/10/12,8.315,,,,,,,,,
1995/10/13,8.3144,,,,,,,,,
1995/10/16,8.3142,,,,,,,,,
1995/10/17,8.3148,,,,,,,,,
1995/10/18,8.3148,,,,,,,,,
1995/10/19,8.3141,,,,,,,,,
1995/10/20,8.3142,,,,,,,,,
1995/10/23,8.3144,,,,,,,,,
1995/10/24,8.3139,,,,,,,,,
1995/10/25,8.3136,,,,,,,,,
1995/10/26,8.3137,,,,,,,,,
1995/10/27,8.3143,,,,,,,,,
1995/10/30,8.3144,,,,,,,,,
1995/10/31,8.3149,,,,,,,,,
1995/11/1,8.3149,,,,,,,,,
1995/11/2,8.3146,,,,,,,,,
1995/11/3,8.3148,,,,,,,,,
1995/11/6,8.3147,,,,,,,,,
1995/11/7,8.3147,,,,,,,,,
1995/11/8,8.3149,,,,,,,,,
1995/11/9,8.3148,,,,,,,,,
1995/11/10,8.3146,,,,,,,,,
1995/11/13,8.314,,,,,,,,,
1995/11/14,8.3139,,,,,,,,,
1995/11/15,8.3136,,,,,,,,,
1995/11/16,8.3131,,,,,,,,,
1995/11/17,8.3135,,,,,,,,,
1995/11/20,8.3132,,,,,,,,,
1995/11/21,8.313,,,,,,,,,
1995/11/22,8.3129,,,,,,,,,
1995/11/23,8.3128,,,,,,,,,
1995/11/24,8.3126,,,,,,,,,
1995/11/27,8.3122,,,,,,,,,
1995/11/28,8.3114,,,,,,,,,
1995/11/29,8.3116,,,,,,,,,
1995/11/30,8.312,,,,,,,,,
1995/12/1,8.3119,,,,,,,,,
1995/12/4,8.3127,,,,,,,,,
1995/12/5,8.3131,,,,,,,,,
1995/12/6,8.3132,,,,,,,,,
1995/12/7,8.3133,,,,,,,,,
1995/12/8,8.3135,,,,,,,,,
1995/12/11,8.3138,,,,,,,,,
1995/12/12,8.3147,,,,,,,,,
1995/12/13,8.3148,,,,,,,,,
1995/12/14,8.3146,,,,,,,,,
1995/12/15,8.3154,,,,,,,,,
1995/12/18,8.3171,,,,,,,,,
1995/12/19,8.3176,,,,,,,,,
1995/12/20,8.3176,,,,,,,,,
1995/12/21,8.3174,,,,,,,,,
1995/12/22,8.3173,,,,,,,,,
1995/12/25,8.3174,,,,,,,,,
1995/12/26,8.318,,,,,,,,,
1995/12/27,8.3179,,,,,,,,,
1995/12/28,8.3179,,,,,,,,,
1995/12/29,8.3179,,,,,,,,,
1995/12/31,8.3179,,,,,,,,,
1996/1/1,8.3179,,,,,,,,,
1996/1/2,8.3174,,,,,,,,,
1996/1/3,8.318,,,,,,,,,
1996/1/4,8.3191,,,,,,,,,
1996/1/5,8.3203,,,,,,,,,
1996/1/8,8.3204,,,,,,,,,
1996/1/9,8.3215,,,,,,,,,
1996/1/10,8.3214,,,,,,,,,
1996/1/11,8.3208,,,,,,,,,
1996/1/12,8.3204,,,,,,,,,
1996/1/15,8.31705,,,,,,,,,
1996/1/16,8.3206,,,,,,,,,
1996/1/17,8.3204,,,,,,,,,
1996/1/18,8.3202,,,,,,,,,
1996/1/19,8.3191,,,,,,,,,
1996/1/22,8.3178,,,,,,,,,
1996/1/23,8.3174,,,,,,,,,
1996/1/24,8.317,,,,,,,,,
1996/1/25,8.3163,,,,,,,,,
1996/1/26,8.3167,,,,,,,,,
1996/1/29,8.3157,,,,,,,,,
1996/1/30,8.315,,,,,,,,,
1996/1/31,8.3147,,,,,,,,,
1996/2/1,8.3138,,,,,,,,,
1996/2/2,8.3265,,,,,,,,,
1996/2/5,8.3127,,,,,,,,,
1996/2/6,8.3131,,,,,,,,,
1996/2/7,8.312,,,,,,,,,
1996/2/8,8.3111,,,,,,,,,
1996/2/9,8.31,,,,,,,,,
1996/2/12,8.3094,,,,,,,,,
1996/2/13,8.3092,,,,,,,,,
1996/2/14,8.3104,,,,,,,,,
1996/2/15,8.31,,,,,,,,,
1996/2/16,8.3112,,,,,,,,,
1996/2/17,8.3136,,,,,,,,,
1996/2/18,8.3141,,,,,,,,,
1996/2/26,8.3152,,,,,,,,,
1996/2/27,8.3169,,,,,,,,,
1996/2/28,8.3196,,,,,,,,,
1996/2/29,8.3207,,,,,,,,,
1996/3/1,8.3211,,,,,,,,,
1996/3/4,8.3211,,,,,,,,,
1996/3/5,8.3208,,,,,,,,,
1996/3/6,8.321,,,,,,,,,
1996/3/7,8.3223,,,,,,,,,
1996/3/8,8.3229,,,,,,,,,
1996/3/11,8.3239,,,,,,,,,
1996/3/12,8.3263,,,,,,,,,
1996/3/13,8.3299,,,,,,,,,
1996/3/14,8.3348,,,,,,,,,
1996/3/15,8.3333,,,,,,,,,
1996/3/18,8.3317,,,,,,,,,
1996/3/19,8.3327,,,,,,,,,
1996/3/20,8.332,,,,,,,,,
1996/3/21,8.332,,,,,,,,,
1996/3/22,8.32845,,,,,,,,,
1996/3/25,8.3333,,,,,,,,,
1996/3/26,8.3349,,,,,,,,,
1996/3/27,8.3342,,,,,,,,,
1996/3/28,8.3333,,,,,,,,,
1996/3/29,8.3355,,,,,,,,,
1996/4/1,8.3338,,,,,,,,,
1996/4/2,8.3339,,,,,,,,,
1996/4/3,8.3339,,,,,,,,,
1996/4/4,8.3338,,,,,,,,,
1996/4/5,8.3325,,,,,,,,,
1996/4/8,8.3311,,,,,,,,,
1996/4/9,8.3312,,,,,,,,,
1996/4/10,8.3315,,,,,,,,,
1996/4/11,8.3318,,,,,,,,,
1996/4/12,8.3324,,,,,,,,,
1996/4/15,8.3322,,,,,,,,,
1996/4/16,8.3321,,,,,,,,,
1996/4/17,8.3317,,,,,,,,,
1996/4/18,8.3312,,,,,,,,,
1996/4/19,8.3309,,,,,,,,,
1996/4/22,8.3306,,,,,,,,,
1996/4/23,8.33,,,,,,,,,
1996/4/24,8.3302,,,,,,,,,
1996/4/25,8.3301,,,,,,,,,
1996/4/26,8.3301,,,,,,,,,
1996/4/29,8.33,,,,,,,,,
1996/4/30,8.3306,,,,,,,,,
1996/5/2,8.3301,,,,,,,,,
1996/5/3,8.3301,,,,,,,,,
1996/5/6,8.33,,,,,,,,,
1996/5/7,8.33,,,,,,,,,
1996/5/8,8.33,,,,,,,,,
1996/5/9,8.33,,,,,,,,,
1996/5/10,8.3301,,,,,,,,,
1996/5/13,8.3302,,,,,,,,,
1996/5/14,8.3302,,,,,,,,,
1996/5/15,8.33,,,,,,,,,
1996/5/16,8.3301,,,,,,,,,
1996/5/17,8.33,,,,,,,,,
1996/5/20,8.3293,,,,,,,,,
1996/5/21,8.3284,,,,,,,,,
1996/5/22,8.3273,,,,,,,,,
1996/5/23,8.3272,,,,,,,,,
1996/5/24,8.3267,,,,,,,,,
1996/5/27,8.3267,,,,,,,,,
1996/5/28,8.3257,,,,,,,,,
1996/5/29,8.3248,,,,,,,,,
1996/5/30,8.3262,,,,,,,,,
1996/5/31,8.3263,,,,,,,,,
1996/6/3,8.3255,,,,,,,,,
1996/6/4,8.3254,,,,,,,,,
1996/6/5,8.3249,,,,,,,,,
1996/6/6,8.3239,,,,,,,,,
1996/6/7,8.3234,,,,,,,,,
1996/6/10,8.3237,,,,,,,,,
1996/6/11,8.3234,,,,,,,,,
1996/6/12,8.3239,,,,,,,,,
1996/6/13,8.3239,,,,,,,,,
1996/6/14,,,,,11.83,,,,,
1996/6/17,8.3217,,,,,,,,,
1996/6/19,8.3224,,,,,,,,,
1996/6/20,8.3218,,,,,,,,,
1996/6/21,8.3212,,,,,,,,,
1996/6/24,8.3203,,,,,,,,,
1996/6/25,8.3201,,,,,,,,,
1996/6/26,8.3206,,,,,,,,,
1996/6/27,8.3206,,,,,,,,,
1996/6/28,8.321,,,,,,,,,
1996/7/1,8.3221,,,,,,,,,
1996/7/2,8.3217,,,,,,,,,
1996/7/3,8.3211,,,,,,,,,
1996/7/4,8.3201,,,,,,,,,
1996/7/5,8.3202,,,,,,,,,
1996/7/8,8.32,,,,,,,,,
1996/7/9,8.3187,,,,,,,,,
1996/7/10,8.3172,,,,,,,,,
1996/7/11,8.3161,,,,,,,,,
1996/7/12,8.316,,,,,,,,,
1996/7/15,8.3159,,,,,,,,,
1996/7/16,8.3165,,,,,,,,,
1996/7/17,8.3151,,,,,,,,,
1996/7/18,8.3152,,,,,,,,,
1996/7/19,8.3147,,,,,,,,,
1996/7/22,8.3152,,,,,,,,,
1996/7/23,8.314,,,,,,,,,
1996/7/24,8.3132,,,,,,,,,
1996/7/25,8.313,,,,,,,,,
1996/7/26,8.3127,,,,,,,,,
1996/7/29,8.3114,,,,,,,,,
1996/7/30,8.3111,,,,,,,,,
1996/7/31,8.3109,,,,,,,,,
1996/8/1,8.3107,,,,,,,,,
1996/8/2,8.3105,,,,,,,,,
1996/8/5,8.3104,,,,,,,,,
1996/8/6,8.31,,,,,,,,,
1996/8/7,8.3098,,,,,,,,,
1996/8/8,8.3095,,,,,,,,,
1996/8/9,8.3095,,,,,,,,,
1996/8/12,8.309,,,,,,,,,
1996/8/13,8.3086,,,,,,,,,
1996/8/14,8.308,,,,,,,,,
1996/8/15,8.3074,,,,,,,,,
1996/8/16,8.3072,,,,,,,,,
1996/8/19,8.3069,,,,,,,,,
1996/8/20,8.3066,,,,,,,,,
1996/8/21,8.3065,,,,,,,,,
1996/8/22,8.3071,,,,,,,,,
1996/8/23,8.3069,,,,,,,,,
1996/8/26,8.3071,,,,,,,,,
1996/8/27,8.3071,,,,,,,,,
1996/8/28,8.3069,,,,,,,,,
1996/8/29,8.3066,,,,,,,,,
1996/8/30,8.3064,,,,,,,,,
1996/9/2,8.3063,,,,,,,,,
1996/9/3,8.3061,,,,,,,,,
1996/9/4,8.306,,,,,,,,,
1996/9/5,8.3061,,,,,,,,,
1996/9/6,8.3059,,,,,,,,,
1996/9/9,8.3057,,,,,,,,,
1996/9/10,8.3055,,,,,,,,,
1996/9/11,8.3054,,,,,,,,,
1996/9/12,8.3053,,,,,,,,,
1996/9/13,8.3052,,,,,,,,,
1996/9/16,8.305,,,,,,,,,
1996/9/17,8.3046,,,,,,,,,
1996/9/18,8.3043,,,,,,,,,
1996/9/19,8.3041,,,,,,,,,
1996/9/20,8.3036,,,,,,,,,
1996/9/23,8.303,,,,,,,,,
1996/9/24,8.3024,,,,,,,,,
1996/9/25,8.3022,,,,,,,,,
1996/9/26,8.3025,,,,,,,,,
1996/9/27,8.3021,,,,,,,,,
1996/10/2,8.3017,,,,,,,,,
1996/10/3,8.3017,,,,,,,,,
1996/10/4,8.3015,,,,,,,,,
1996/10/7,8.3007,,,,,,,,,
1996/10/8,8.3007,,,,,,,,,
1996/10/9,8.3005,,,,,,,,,
1996/10/10,8.3005,,,,,,,,,
1996/10/11,8.2999,,,,,,,,,
1996/10/14,8.2993,,,,,,,,,
1996/10/15,8.2988,,,,,,,,,
1996/10/16,8.2981,,,,,,,,,
1996/10/17,8.2975,,,,,,,,,
1996/10/18,8.297,,,,,,,,,
1996/10/21,8.2978,,,,,,,,,
1996/10/22,8.2991,,,,,,,,,
1996/10/23,8.3001,,,,,,,,,
1996/10/24,8.3001,,,,,,,,,
1996/10/25,8.3006,,,,,,,,,
1996/10/28,8.301,,,,,,,,,
1996/10/29,8.3012,,,,,,,,,
1996/10/30,8.3007,,,,,,,,,
1996/10/31,8.3007,,,,,,,,,
1996/11/1,8.2997,,,,,,,,,
1996/11/4,8.2985,,,,,,,,,
1996/11/5,8.2979,,,,,,,,,
1996/11/6,8.2977,,,,,,,,,
1996/11/7,8.2975,,,,,,,,,
1996/11/8,8.2973,,,,,,,,,
1996/11/11,8.297,,,,,,,,,
1996/11/12,8.2966,,,,,,,,,
1996/11/13,8.2967,,,,,,,,,
1996/11/14,8.2981,,,,,,,,,
1996/11/15,8.2994,,,,,,,,,
1996/11/18,8.3,,,,,,,,,
1996/11/19,8.3002,,,,,,,,,
1996/11/20,8.3002,,,,,,,,,
1996/11/21,8.3001,,,,,,,,,
1996/11/22,8.3011,,,,,,,,,
1996/11/25,8.3017,,,,,,,,,
1996/11/27,8.3012,,,,,,,,,
1996/11/28,8.301,,,,,,,,,
1996/11/29,8.3007,,,,,,,,,
1996/12/2,8.3012,,,,,,,,,
1996/12/3,8.3012,,,,,,,,,
1996/12/4,8.3011,,,,,,,,,
1996/12/5,8.3013,,,,,,,,,
1996/12/6,8.3013,,,,,,,,,
1996/12/9,8.3002,,,,,,,,,
1996/12/10,8.2996,,,,,,,,,
1996/12/11,8.2994,,,,,,,,,
1996/12/12,8.2992,,,,,,,,,
1996/12/13,8.2995,,,,,,,,,
1996/12/16,8.299,,,,,,,,,
1996/12/17,8.2986,,,,,,,,,
1996/12/18,8.2983,,,,,,,,,
1996/12/19,8.2979,,,,,,,,,
1996/12/20,8.2975,,,,,,,,,
1996/12/23,8.297,,,,,,,,,
1996/12/24,8.2977,,,,,,,,,
1996/12/25,8.298,,,,,,,,,
1996/12/26,8.2979,,,,,,,,,
1996/12/27,8.2977,,,,,,,,,
1996/12/30,8.2982,,,,,,,,,
1996/12/31,8.2982,,,,,,,,,
1997/1/1,8.2982,,,,,,,,,
1997/1/2,8.2984,,,,,,,,,
1997/1/3,8.2983,,,,,,,,,
1997/1/6,8.2983,,,,,,,,,
1997/1/7,8.298,,,,,,,,,
1997/1/8,8.2976,,,,,,,,,
1997/1/9,8.2972,,,,,,,,,
1997/1/10,8.2968,,,,,,,,,
1997/1/13,8.2967,,,,,,,,,
1997/1/14,8.2966,,,,,,,,,
1997/1/15,8.2964,,,,,,,,,
1997/1/16,8.2962,,,,,,,,,
1997/1/17,8.2958,,,,,,,,,
1997/1/20,8.2956,,,,,,,,,
1997/1/21,8.2956,,,,,,,,,
1997/1/22,8.2955,,,,,,,,,
1997/1/23,8.2954,,,,,,,,,
1997/1/24,8.2954,,,,,,,,,
1997/1/27,8.2951,,,,,,,,,
1997/1/28,8.2948,,,,,,,,,
1997/1/29,8.2944,,,,,,,,,
1997/1/30,8.294,,,,,,,,,
1997/1/31,8.2938,,,,,,,,,
1997/2/3,8.2934,,,,,,,,,
1997/2/4,8.2931,,,,,,,,,
1997/2/5,8.2927,,,,,,,,,
1997/2/6,8.2925,,,,,,,,,
1997/2/12,8.2916,,,,,,,,,
1997/2/13,8.2916,,,,,,,,,
1997/2/14,8.2922,,,,,,,,,
1997/2/17,8.2925,,,,,,,,,
1997/2/18,8.2924,,,,,,,,,
1997/2/19,8.2921,,,,,,,,,
1997/2/20,8.2938,,,,,,,,,
1997/2/21,8.2939,,,,,,,,,
1997/2/24,8.2941,,,,,,,,,
1997/2/25,8.2938,,,,,,,,,
1997/2/26,8.294,,,,,,,,,
1997/2/27,8.2948,,,,,,,,,
1997/2/28,8.2948,,,,,,,,,
1997/3/3,8.2954,,,,,,,,,
1997/3/4,8.296,,,,,,,,,
1997/3/5,8.2953,,,,,,,,,
1997/3/6,8.295,,,,,,,,,
1997/3/7,8.2957,,,,,,,,,
1997/3/10,8.2957,,,,,,,,,
1997/3/11,8.2953,,,,,,,,,
1997/3/12,8.2952,,,,,,,,,
1997/3/13,8.2953,,,,,,,,,
1997/3/14,8.2955,,,,,,,,,
1997/3/17,8.2955,,,,,,,,,
1997/3/18,8.2958,,,,,,,,,
1997/3/19,8.2958,,,,,,,,,
1997/3/20,8.2959,,,,,,,,,
1997/3/21,8.2959,,,,,,,,,
1997/3/24,8.2956,,,,,,,,,
1997/3/25,8.2956,,,,,,,,,
1997/3/26,8.2968,,,,,,,,,
1997/3/27,8.2966,,,,,,,,,
1997/3/28,8.2964,,,,,,,,,
1997/3/31,8.2964,,,,,,,,,
1997/4/1,8.2955,,,,,,,,,
1997/4/2,8.2953,,,,,,,,,
1997/4/3,8.2963,,,,,,,,,
1997/4/4,8.2969,,,,,,,,,
1997/4/7,8.2968,,,,,,,,,
1997/4/8,8.2966,,,,,,,,,
1997/4/9,8.2966,,,,,,,,,
1997/4/10,8.2965,,,,,,,,,
1997/4/11,8.2965,,,,,,,,,
1997/4/14,8.2969,,,,,,,,,
1997/4/15,8.2965,,,,,,,,,
1997/4/16,8.2961,,,,,,,,,
1997/4/17,8.2956,,,,,,,,,
1997/4/18,8.2951,,,,,,,,,
1997/4/21,8.2951,,,,,,,,,
1997/4/22,8.2948,,,,,,,,,
1997/4/23,8.2949,,,,,,,,,
1997/4/24,8.2946,,,,,,,,,
1997/4/25,8.2948,,,,,,,,,
1997/4/28,8.2943,,,,,,,,,
1997/4/29,8.2949,,,,,,,,,
1997/4/30,8.2949,,,,,,,,,
1997/5/5,8.2949,,,,,,,,,
1997/5/6,8.2947,,,,,,,,,
1997/5/7,8.2943,,,,,,,,,
1997/5/8,8.2938,,,,,,,,,
1997/5/9,8.2934,,,,,,,,,
1997/5/12,8.2931,,,,,,,,,
1997/5/13,8.293,,,,,,,,,
1997/5/14,8.2928,,,,,,,,,
1997/5/15,8.2925,,,,,,,,,
1997/5/16,8.2921,,,,,,,,,
1997/5/19,8.2918,,,,,,,,,
1997/5/20,8.2923,,,,,,,,,
1997/5/21,8.2919,,,,,,,,,
1997/5/22,8.2921,,,,,,,,,
1997/5/23,8.2923,,,,,,,,,
1997/5/26,8.2923,,,,,,,,,
1997/5/27,8.2918,,,,,,,,,
1997/5/28,8.2916,,,,,,,,,
1997/5/29,8.2924,,,,,,,,,
1997/5/30,8.2924,,,,,,,,,
1997/6/2,8.2921,,,,,,,,,
1997/6/3,8.2917,,,,,,,,,
1997/6/4,8.2919,,,,,,,,,
1997/6/5,8.2915,,,,,,,,,
1997/6/6,8.2921,,,,,,,,,
1997/6/9,8.2932,,,,,,,,,
1997/6/10,8.2923,,,,,,,,,
1997/6/11,8.2922,,,,,,,,,
1997/6/12,8.2923,,,,,,,,,
1997/6/13,8.2935,,,,,,,,,
1997/6/16,8.293,,,,,,,,,
1997/6/17,8.2931,,,,,,,,,
1997/6/18,8.2928,,,,,,,,,
1997/6/19,8.2925,,,,,,,,,
1997/6/20,8.2915,,,,,,,,,
1997/6/23,8.2915,,,,,,,,,
1997/6/24,8.2916,,,,,,,,,
1997/6/25,8.2914,,,,,,,,,
1997/6/26,8.291,,,,,,,,,
1997/6/27,8.291,,,,,,,,,
1997/6/28,8.2908,,,,,,,,,
1997/7/2,8.2907,,,,,,,,,
1997/7/3,8.291,,,,,,,,,
1997/7/4,8.2914,,,,,,,,,
1997/7/7,8.2917,,,,,,,,,
1997/7/8,8.2918,,,,,,,,,
1997/7/9,8.2919,,,,,,,,,
1997/7/10,8.292,,,,,,,,,
1997/7/11,8.2913,,,,,,,,,
1997/7/14,8.2906,,,,,,,,,
1997/7/15,8.291,,,,,,,,,
1997/7/16,8.2916,,,,,,,,,
1997/7/17,8.2919,,,,,,,,,
1997/7/18,8.291,,,,,,,,,
1997/7/21,8.2915,,,,,,,,,
1997/7/22,8.2911,,,,,,,,,
1997/7/23,8.2909,,,,,,,,,
1997/7/24,8.2909,,,,,,,,,
1997/7/25,8.2908,,,,,,,,,
1997/7/28,8.2905,,,,,,,,,
1997/7/29,8.2903,,,,,,,,,
1997/7/30,8.2903,,,,,,,,,
1997/7/31,8.2901,,,,,,,,,
1997/8/1,8.2903,,,,,,,,,
1997/8/4,8.2903,,,,,,,,,
1997/8/5,8.2905,,,10.7999,,,,,,
1997/8/6,8.2903,,,10.3626,,,,,,
1997/8/7,8.29,,,9.9679,,,,,,
1997/8/8,8.2903,,,9.6116,,,,,,
1997/8/11,8.2897,,,9.2901,,,,,,
1997/8/12,8.2896,,,8.9999,,,,,,
1997/8/13,8.2891,,,8.9999,,,,,,
1997/8/14,8.2896,,,8.9999,,,,,,
1997/8/15,8.2893,,,8.9999,,,,,,
1997/8/18,8.2889,,,8.9999,,,,,,
1997/8/19,8.2885,,,8.9999,,,,,,
1997/8/20,8.289,,,8.9999,,,,,,
1997/8/21,8.29,,,8.9999,,,,,,
1997/8/22,8.2891,,,8.9999,,,,,,
1997/8/25,8.289,,,8.9999,,,,,,
1997/8/26,8.289,,,8.9999,,,,,,
1997/8/27,8.289,,,8.9999,,,,,,
1997/8/28,8.2892,,,8.9999,,,,,,
1997/8/29,8.2885,,,8.9999,,,,,,
1997/9/1,8.2884,,,8.9999,,,,,,
1997/9/2,8.288,,,8.9999,,,,,,
1997/9/3,8.2883,,,8.9999,,,,,,
1997/9/4,8.2889,,,8.9999,,,,,,
1997/9/5,8.2891,,,8.9999,9.78,,,,,
1997/9/8,8.2884,,,8.9999,,,,,,
1997/9/9,8.2884,,,8.9999,,,,,,
1997/9/10,8.2881,,,8.9999,,,,,,
1997/9/11,8.2887,,,8.9999,,,,,,
1997/9/12,8.2889,,,8.9999,,,,,,
1997/9/15,8.2881,,,8.9999,,,,,,
1997/9/16,8.2876,,,8.9999,,,,,,
1997/9/17,8.2871,,,8.9999,,,,,,
1997/9/18,8.2875,,,8.9999,,,,,,
1997/9/19,8.2873,,,8.9999,,,,,,
1997/9/22,8.2864,,,8.9999,,,,,,
1997/9/23,8.2859,,,8.9999,,,,,,
1997/9/24,8.2854,,,8.9999,,,,,,
1997/9/25,8.2851,,,8.9999,,,,,,
1997/9/26,8.285,,,8.9999,,,,,,
1997/9/29,8.285,,,8.9999,,,,,,
1997/9/30,8.2852,,,8.9999,,,,,,
1997/10/5,8.285,,,8.9999,,,,,,
1997/10/6,8.285,,,8.9999,,,,,,
1997/10/7,8.2845,,,8.9999,,,,,,
1997/10/8,8.2845,,,8.9999,,,,,,
1997/10/9,8.2843,,,8.9999,,,,,,
1997/10/10,8.2841,,,8.9999,,,,,,
1997/10/13,8.2835,,,8.9999,,,,,,
1997/10/14,8.2831,,,8.9999,,,,,,
1997/10/15,8.2832,,,8.9999,,,,,,
1997/10/16,8.2839,,,8.9999,,,,,,
1997/10/17,8.2842,,,8.9999,,,,,,
1997/10/20,8.2839,,,8.9999,,,,,,
1997/10/21,8.2835,,,8.9999,,,,,,
1997/10/22,8.2832,,,8.9999,,,,,,
1997/10/23,8.283,,,8.9999,,,,,,
1997/10/24,8.2836,,,8.9999,,,,,,
1997/10/27,8.2833,,,8.9999,,,,,,
1997/10/28,8.2834,,,9.0291,,,,,,
1997/10/29,8.283,,,9.0554,,,,,,
1997/10/30,8.2832,,,9.0792,,,,,,
1997/10/31,8.2836,,,8.9257,,,,,,
1997/11/3,8.2834,,,8.7871,,,,,,
1997/11/4,8.2829,,,8.6446,,,,,,
1997/11/5,8.2826,,,8.516,,,,,,
1997/11/6,8.2822,,,8.3999,,,,,,
1997/11/7,8.282,,,8.3999,,,,,,
1997/11/10,8.2817,,,8.3999,,,,,,
1997/11/11,8.2813,,,8.3999,,,,,,
1997/11/12,8.281,,,8.4291,,,,,,
1997/11/13,8.2808,,,8.4554,,,,,,
1997/11/14,8.2805,,,8.4792,,,,,,
1997/11/17,8.2806,,,8.5006,,,,,,
1997/11/18,8.2805,,,8.5199,,,,,,
1997/11/19,8.2804,,,8.5272,,,,,,
1997/11/20,8.2803,,,8.5338,,,,,,
1997/11/21,8.2803,,,8.5398,,,,,,
1997/11/24,8.2802,,,8.5378,,,,,,
1997/11/25,8.2801,,,8.5361,,,,,,
1997/11/26,8.2802,,,8.5356,,,,,,
1997/11/27,8.2801,,,8.5352,,,,,,
1997/11/28,8.2801,,,8.5348,,,,,,
1997/12/1,8.2796,,,8.5388,,,,,,
1997/12/2,8.2796,,,8.5425,,,,,,
1997/12/3,8.2799,,,8.5425,,,,,,
1997/12/4,8.2801,,,8.5425,,,,,,
1997/12/5,8.28,,,8.7848,,,,,,
1997/12/8,8.28,,,9.0036,,,,,,
1997/12/9,8.28,,,9.201,,,,,,
1997/12/10,8.28,,,9.3792,,,,,,
1997/12/11,8.28,,,9.5399,,,,,,
1997/12/12,8.2796,,,9.5399,,,,,,
1997/12/15,8.2793,,,9.5399,,,,,,
1997/12/16,8.2788,,,9.5399,,,,,,
1997/12/17,8.2787,,,9.5399,,,,,,
1997/12/18,8.2791,,,9.5399,,,,,,
1997/12/19,8.2792,,,9.5399,,,,,,
1997/12/22,8.2797,,,9.5399,,,,,,
1997/12/23,8.2798,,,9.5399,,,,,,
1997/12/24,8.28,,,9.5399,,,,,,
1997/12/25,8.2799,,,9.5399,,,,,,
1997/12/26,8.2793,,,9.5399,,,,,,
1997/12/29,8.2793,,,9.5399,,,,,,
1997/12/30,8.2794,,,9.5399,,,,,,
1997/12/31,8.2798,,,9.5399,,,,,,
1998/1/4,8.2796,,,9.5399,,,,,,
1998/1/5,8.2798,,,9.5399,,,,,,
1998/1/6,8.28,,,9.5399,,,,,,
1998/1/7,8.2799,,,9.5399,,,,,,
1998/1/8,8.28,,,9.5399,,,,,,
1998/1/9,8.2797,,,9.2629,,,,,,
1998/1/12,8.2796,,,9.0665,,,,,,
1998/1/13,8.2794,,,8.8357,,,,,,
1998/1/14,8.279,,,8.6857,,,,,,
1998/1/15,8.2789,,,8.5503,,,,,,
1998/1/16,8.2786,,,8.5939,,,,,,
1998/1/19,8.2789,,,8.6013,,,,,,
1998/1/20,8.279,,,8.6399,,,,,,
1998/1/21,8.2786,,,8.6302,,,,,,
1998/1/22,8.2786,,,8.6215,,,,,,
1998/1/23,8.2784,,,8.6378,,,,,,
1998/1/24,8.2782,,,8.6526,,,,,,
1998/1/25,8.2783,,,8.666,,,,,,
1998/1/26,8.2782,,,8.6838,,,,,,
1998/1/27,8.2789,,,8.6999,,,,,,
1998/2/4,8.2785,,,8.6999,,,,,,
1998/2/5,8.2789,,,8.6999,,,,,,
1998/2/6,8.2786,,,8.6999,,,,,,
1998/2/9,8.2785,,,8.6999,,,,,,
1998/2/10,8.2785,,,8.6999,,,,,,
1998/2/11,8.2789,,,8.6999,,,,,,
1998/2/12,8.2792,,,8.6708,,,,,,
1998/2/13,8.2795,,,8.6445,,,,,,
1998/2/16,8.2796,,,8.6207,,,,,,
1998/2/17,8.2798,,,8.6212,,,,,,
1998/2/18,8.2798,,,8.6045,,,,,,
1998/2/19,8.2796,,,8.6021,,,,,,
1998/2/20,8.2795,,,8.6,,,,,,
1998/2/23,8.2792,,,8.598,,,,,,
1998/2/24,8.2791,,,8.5832,,,,,,
1998/2/25,8.2791,,,8.5799,,,,,,
1998/2/26,8.279,,,8.5799,,,,,,
1998/2/27,8.279,,,8.5799,,,,,,
1998/3/2,8.2789,,,8.5799,,,,,,
1998/3/3,8.2789,,,8.5799,,,,,,
1998/3/4,8.279,,,8.5799,,,,,,
1998/3/5,8.2791,,,8.5799,,,,,,
1998/3/6,8.2791,,,8.6091,,,,,,
1998/3/9,8.2788,,,8.6354,,,,,,
1998/3/10,8.2789,,,8.6592,,,,,,
1998/3/11,8.2791,,,8.666,,,,,,
1998/3/12,8.2795,,,8.6722,,,,,,
1998/3/13,8.2795,,,8.6603,,,,,,
1998/3/16,8.2794,,,8.6496,,,,,,
1998/3/17,8.2792,,,8.6399,,,,,,
1998/3/18,8.2791,,,8.6399,,,,,,
1998/3/19,8.279,,,8.6399,,,,,,
1998/3/20,8.2792,,,8.6399,,,,,,
1998/3/21,,,,,,,,8,,
1998/3/23,8.2791,,,8.6399,,,,,,
1998/3/24,8.2795,,,8.6254,,,,,,
1998/3/25,8.2797,,,8.6122,,,,,,
1998/3/26,8.2797,,,8.6003,,,,,,
1998/3/27,8.2792,,,8.5896,,,,,,
1998/3/30,8.2792,,,8.5799,,,,,,
1998/3/31,8.2791,,,8.2009,,,,,,
1998/4/1,8.2793,,,7.8588,,,,,,
1998/4/2,8.2793,,,7.5501,,,,,,
1998/4/3,8.2795,,,7.2714,,,,,,
1998/4/6,8.2797,,,7.0637,,,,,,
1998/4/7,8.2796,,,7.1032,,,,,,
1998/4/8,8.2798,,,7.1388,,,,,,
1998/4/9,8.2795,,,7.1709,,,,,,
1998/4/10,8.2795,,,7.2,,,,,,
1998/4/13,8.2795,,,7.2,,,,,,
1998/4/14,8.2793,,,7.2,,,,,,
1998/4/15,8.2791,,,7.2,,,,,,
1998/4/16,8.2794,,,7.2,,,,,,
1998/4/17,8.2797,,,7.2,,,,,,
1998/4/20,8.2794,,,7.2,,,,,,
1998/4/21,8.2794,,,7.0736,,,,,,
1998/4/22,8.2793,,,6.9596,,,,,,
1998/4/23,8.2789,,,7.0891,,,,,,
1998/4/24,8.2789,,,7.206,,,,,,
1998/4/27,8.2786,,,7.3115,,,,,,
1998/4/28,8.2787,,,7.4823,,,,,,
1998/4/29,8.2782,,,7.6365,,,,,,
1998/4/30,8.2781,,,7.6365,,,,,,
1998/5/4,8.2779,,,7.6365,,,,,,
1998/5/5,8.2785,,,7.6365,,,,,,
1998/5/6,8.2781,,,7.6365,,,,,,
1998/5/7,8.2783,,,7.6365,,,,,,
1998/5/8,8.2786,,,7.6365,,,,,,
1998/5/11,8.2788,,,7.6365,,,,,,
1998/5/12,8.2782,,,7.6365,,,,,,
1998/5/13,8.2786,,,7.6365,,,,,,
1998/5/14,8.2789,,,7.375,,,,,,
1998/5/15,8.2789,,,7.1389,,,,,,
1998/5/18,8.279,,,6.9258,,,,,,
1998/5/19,8.2793,,,6.7335,,,,,,
1998/5/20,8.2796,,,6.56,,,,,,
1998/5/21,8.2796,,,6.56,,,,,,
1998/5/22,8.2795,,,6.56,,,,,,
1998/5/25,8.2796,,,6.5668,,,,,,
1998/5/26,8.2794,,,6.5729,,,,,,
1998/5/27,8.2796,,,6.5784,,,,,,
1998/5/28,8.2797,,,6.5834,,,,,,
1998/5/29,8.2795,,,6.5879,,,,,,
1998/6/1,8.2793,,,6.5879,,,,,,
1998/6/2,8.2795,,,6.5879,,,,,,
1998/6/3,8.2798,,,6.5879,,,,,,
1998/6/4,8.2799,,,6.5879,,,,,,
1998/6/5,8.2795,,,6.5879,,,,,,
1998/6/8,8.2794,,,6.5879,,,,,,
1998/6/9,8.2798,,,6.5879,,,,,,
1998/6/10,8.2799,,,6.5879,,,,,,
1998/6/11,8.2797,,,6.5879,,,,,,
1998/6/12,8.2798,,,6.5879,,,,,,
1998/6/15,8.2799,,,6.5879,,,,,,
1998/6/16,8.2799,,,6.5879,,,,,,
1998/6/17,8.2799,,,6.5879,,,,,,
1998/6/18,8.2799,,,6.5879,,,,,,
1998/6/19,8.2798,,,6.5879,,,,,,
1998/6/22,8.2796,,,6.6273,,,,,,
1998/6/23,8.2796,,,6.6021,,,,,,
1998/6/24,8.2798,,,6.6765,,,,,,
1998/6/25,8.2798,,,6.6465,,,,,,
1998/6/26,8.2799,,,6.6194,,,,,,
1998/6/29,8.2797,,,6.5714,,,,,,
1998/6/30,8.2798,,,6.5644,,,,,,
1998/7/1,8.2797,,,6.4999,,,,,,
1998/7/2,8.2799,,,6.4999,,,,,,
1998/7/3,8.2799,,,6.4999,,,,,,
1998/7/6,8.2798,,,6.4999,,,,,,
1998/7/7,8.2798,,,6.4999,,,,,,
1998/7/8,8.2796,,,6.4999,,,,,,
1998/7/9,8.2799,,,6.4999,,,,,,
1998/7/10,8.2797,,,6.4999,,,,,,
1998/7/13,8.2797,,,6.4999,,,,,,
1998/7/14,8.2796,,,6.257,,,,,,
1998/7/15,8.2796,,,6.0377,,,,,,
1998/7/16,8.2798,,,5.8398,,,,,,
1998/7/17,8.2798,,,5.6369,,,,,,
1998/7/20,8.2797,,,5.5412,,,,,,
1998/7/21,8.2798,,,5.525,,,,,,
1998/7/22,8.2798,,,5.5068,,,,,,
1998/7/23,8.2797,,,5.4903,,,,,,
1998/7/24,8.2796,,,5.49,,,,,,
1998/7/27,8.2796,,,5.5382,,,,,,
1998/7/28,8.2799,,,5.5903,,,,,,
1998/7/29,8.2799,,,5.6031,,,,,,
1998/7/30,8.2799,,,5.6147,,,,,,
1998/7/31,8.2799,,,5.6251,,,,,,
1998/8/3,8.2799,,,5.5134,,,,,,
1998/8/4,8.2799,,,5.4344,,,,,,
1998/8/5,8.28,,,5.3849,,,,,,
1998/8/6,8.2799,,,5.3354,,,,,,
1998/8/7,8.2798,,,5.2907,,,,,,
1998/8/10,8.2801,,,5.2867,,,,,,
1998/8/11,8.2799,,,5.2577,,,,,,
1998/8/12,8.2799,,,5.1824,,,,,,
1998/8/13,8.2798,,,5.1263,,,,,,
1998/8/14,8.2799,,,5.1947,,,,,,
1998/8/17,8.2799,,,5.1374,,,,,,
1998/8/18,8.2799,,,5.1958,,,,,,
1998/8/19,8.2799,,,5.2287,,,,,,
1998/8/20,8.2799,,,5.3031,,,,,,
1998/8/21,8.2799,,,5.251,,,,,,
1998/8/24,8.28,,,5.2007,,,,,,
1998/8/25,8.2799,,,5.0987,,,,,,
1998/8/26,8.28,,,4.9873,,,,,,
1998/8/27,8.2799,,,4.8569,,,,,,
1998/8/28,8.28,,,4.7679,,,,,,
1998/8/31,8.28,,,4.8901,,,,,,
1998/9/1,8.28,,,5.0004,,,,,,
1998/9/2,8.2799,,,5.1291,,,,,,
1998/9/3,8.28,,,5.1626,,,,,,
1998/9/4,8.28,,,5.1175,5.5,,,,,
1998/9/7,8.2796,,,4.9579,,,,,,
1998/9/8,8.2799,,,4.8139,,,,,,
1998/9/9,8.28,,,4.8054,,,,,,
1998/9/10,8.2798,,,4.8472,,,,,,
1998/9/11,8.2798,,,4.93,,,,,,
1998/9/14,8.279,,,5.0922,,,,,,
1998/9/15,8.2788,,,5.1074,,,,,,
1998/9/16,8.2785,,,5.0484,,,,,,
1998/9/17,8.2784,,,5.0388,,,,,,
1998/9/18,8.2783,,,4.9476,,,,,,
1998/9/21,8.2782,,,4.8216,,,,,,
1998/9/22,8.2785,,,4.7865,,,,,,
1998/9/23,8.2786,,,4.7548,,,,,,
1998/9/24,8.2785,,,4.7,,,,,,
1998/9/25,8.2783,,,4.7,,,,,,
1998/9/28,8.2782,,,4.7,,,,,,
1998/9/29,8.2783,,,4.7753,,,,,,
1998/9/30,8.2782,,,4.8433,,,,,,
1998/10/5,8.278,,,4.9046,,,,,,
1998/10/6,8.278,,,4.96,,,,,,
1998/10/7,8.2779,,,4.9407,,,,,,
1998/10/8,8.2778,,,4.8782,,,,,,
1998/10/9,8.2777,,,4.8643,,,,,,
1998/10/12,8.2777,,,4.8275,,,,,,
1998/10/13,8.2775,,,4.7821,,,,,,
1998/10/14,8.2776,,,4.7826,,,,,,
1998/10/15,8.2777,,,4.7612,,,,,,
1998/10/16,8.2778,,,4.7529,,,,,,
1998/10/19,8.2776,,,4.7599,,,,,,
1998/10/20,8.2778,,,4.7492,,,,,,
1998/10/21,8.2779,,,4.7371,,,,,,
1998/10/22,8.2778,,,4.7369,,,,,,
1998/10/23,8.2782,,,4.7285,,,,,,
1998/10/26,8.2778,,,4.6854,,,,,,
1998/10/27,8.2777,,,4.6902,,,,,,
1998/10/28,8.2776,,,4.6911,,,,,,
1998/10/29,8.2778,,,4.6935,,,,,,
1998/10/30,8.2776,,,4.6874,,,,,,
1998/11/2,8.2778,,,4.7032,,,,,,
1998/11/3,8.2777,,,4.6757,,,,,,
1998/11/4,8.278,,,4.6932,,,,,,
1998/11/5,8.2778,,,4.706,,,,,,
1998/11/6,8.2777,,,4.7224,,,,,,
1998/11/9,8.2779,,,4.73,,,,,,
1998/11/10,8.2777,,,4.7513,,,,,,
1998/11/11,8.2776,,,4.7469,,,,,,
1998/11/12,8.2777,,,4.6913,,,,,,
1998/11/13,8.2775,,,4.6594,,,,,,
1998/11/16,,,,4.6454,,,,,,
1998/11/17,8.2778,,,4.6449,,,,,,
1998/11/18,8.2778,,,4.6136,,,,,,
1998/11/19,8.2779,,,4.6174,,,,,,
1998/11/20,8.2779,,,4.5977,,,,,,
1998/11/23,8.2777,,,4.5706,,,,,,
1998/11/24,8.2777,,,4.5468,,,,,,
1998/11/25,8.2778,,,4.539,,,,,,
1998/11/26,8.2777,,,4.51,,,,,,
1998/11/27,8.2778,,,4.4901,,,,,,
1998/11/30,8.2778,,,4.4739,,,,,,
1998/12/1,8.2782,,,4.4691,,,,,,
1998/12/2,8.2782,,,4.458,,,,,,
1998/12/3,8.278,,,4.4611,,,,,,
1998/12/4,8.2779,,,4.4639,,,,,,
1998/12/7,8.2777,,,4.4874,,,,,,
1998/12/8,8.2775,,,4.3765,,,,,,
1998/12/9,8.2775,,,4.2923,,,,,,
1998/12/10,8.2775,,,4.2088,,,,,,
1998/12/11,8.2774,,,4.1337,,,,,,
1998/12/14,8.2774,,,4.0485,,,,,,
1998/12/15,8.2777,,,4.0454,,,,,,
1998/12/16,8.2778,,,4.0293,,,,,,
1998/12/17,8.2778,,,4.0193,,,,,,
1998/12/18,8.2777,,,4.0205,,,,,,
1998/12/21,8.2776,,,4.0154,,,,,,
1998/12/22,8.2779,,,4.0196,,,,,,
1998/12/23,8.2782,,,4.0275,,,,,,
1998/12/24,8.2781,,,4.0369,,,,,,
1998/12/25,8.2785,,,4.0395,5.2,,,,,
1998/12/28,8.2785,,,4.0415,,,,,,
1998/12/29,8.2782,,,4.0436,,,,,,
1998/12/30,8.2786,,,4.0529,,,,,,
1998/12/31,8.2787,,,4.0526,,,,,,
1999/1/4,8.2789,,,4.0426,,,,,,
1999/1/5,8.2793,,,4.0392,,,,,,
1999/1/6,8.2795,,,4.0403,,,,,,
1999/1/7,8.2795,,,4.0369,,,,,,
1999/1/8,8.2798,,,4.0381,,,,,,
1999/1/11,8.2796,,,4.0451,,,,,,
1999/1/12,8.2797,,,4.0499,,,,,,
1999/1/13,8.2795,,,4.0499,,,,,,
1999/1/14,8.2794,,,4.0708,,,,,,
1999/1/15,8.279,,,4.0688,,,,,,
1999/1/18,8.279,,,4.067,,,,,,
1999/1/19,8.2788,,,4.0653,,,,,,
1999/1/20,8.2787,,,4.0638,,,,,,
1999/1/21,8.2791,,,4.0427,,,,,,
1999/1/22,8.2789,,,4.0361,,,,,,
1999/1/25,8.2787,,,4.0301,,,,,,
1999/1/26,8.2784,,,4.0248,,,,,,
1999/1/27,8.278,,,4.0199,,,,,,
1999/1/28,8.2778,,,4.0199,,,,,,
1999/1/29,8.2778,,,4.019,,,,,,
1999/2/1,8.2778,,,4.0181,,,,,,
1999/2/2,8.2775,,,4.0183,,,,,,
1999/2/3,8.2779,,,4.0181,,,,,,
1999/2/4,8.2776,,,4.0183,,,,,,
1999/2/5,8.2774,,,4.019,,,,,,
1999/2/8,8.2775,,,4.0197,,,,,,
1999/2/9,8.2775,,,4.0197,,,,,,
1999/2/10,8.2774,,,4.0275,,,,,,
1999/2/11,8.2776,,,4.0343,,,,,,
1999/2/12,8.2778,,,4.0404,,,,,,
1999/2/13,8.2784,,,,,,,,,
1999/2/14,8.278,,,,,,,,,
1999/2/15,8.2782,,,4.0518,,,,,,
1999/2/23,8.2787,,,4.062,,,,,,
1999/2/24,8.2788,,,4.0486,,,,,,
1999/2/25,8.2791,,,4.0364,,,,,,
1999/2/26,8.2789,,,4.0303,,,,,,
1999/3/1,8.279,,,4.031,,,,,,
1999/3/2,8.2792,,,4.0219,,,,,,
1999/3/3,8.2789,,,4.0262,,,,,,
1999/3/4,8.2786,,,4.0285,,,,,,
1999/3/5,8.2783,,,4.0313,,,,,,
1999/3/8,8.2784,,,4.0244,,,,,,
1999/3/9,8.2786,,,4.0251,,,,,,
1999/3/10,8.2791,,,4.0237,,,,,,
1999/3/11,8.2788,,,4.0306,,,,,,
1999/3/12,8.2789,,,4.0511,,,,,,
1999/3/15,8.2789,,,4.0627,,,,,,
1999/3/16,8.2789,,,4.0724,,,,,,
1999/3/17,8.2789,,,4.0864,,,,,,
1999/3/18,8.2788,,,4.0946,,,,,,
1999/3/19,8.2788,,,4.0877,,,,,,
1999/3/22,8.2793,,,4.087,,,,,,
1999/3/23,8.2792,,,4.0766,,,,,,
1999/3/24,8.2795,,,4.0669,,,,,,
1999/3/25,8.2796,,,4.0582,,,,,,
1999/3/26,8.2798,,,4.0457,,,,,,
1999/3/29,8.28,,,4.0418,,,,,,
1999/3/30,8.2797,,,4.044,,,,,,
1999/3/31,8.28,,,4.0446,,,,,,
1999/4/1,8.28,,,4.0451,,,,,,
1999/4/2,8.2796,,,4.0499,,,,,,
1999/4/5,8.2794,,,4.0499,,,,,,
1999/4/6,8.2795,,,4.0499,,,,,,
1999/4/7,8.2797,,,4.0499,,,,,,
1999/4/8,8.2797,,,4.0499,,,,,,
1999/4/9,8.2799,,,4.0499,,,,,,
1999/4/12,8.2797,,,4.0499,,,,,,
1999/4/13,8.2797,,,4.0499,,,,,,
1999/4/14,8.2797,,,4.0427,,,,,,
1999/4/15,8.2794,,,4.0361,,,,,,
1999/4/16,8.2789,,,4.0374,,,,,,
1999/4/19,8.2787,,,4.035,,,,,,
1999/4/20,8.2787,,,4.0365,,,,,,
1999/4/21,8.2783,,,4.0378,,,,,,
1999/4/22,8.2783,,,4.0433,,,,,,
1999/4/23,8.2783,,,4.044,,,,,,
1999/4/26,8.2784,,,4.0395,,,,,,
1999/4/27,8.2793,,,4.0332,,,,,,
1999/4/28,8.2794,,,4.0301,,,,,,
1999/4/29,8.2791,,,4.0248,4.72,,,,,
1999/4/30,8.2794,,,4.0253,,,,,,
1999/5/4,8.279,,,4.0248,,,,,,
1999/5/5,8.2789,,,4.0243,,,,,,
1999/5/6,8.2789,,,4.0239,,,,,,
1999/5/7,8.2786,,,4.0186,,,,,,
1999/5/10,8.2783,,,4.0107,,,,,,
1999/5/11,8.2787,,,4.0086,,,,,,
1999/5/12,8.2782,,,4.0097,,,,,,
1999/5/13,8.2783,,,4.0107,,,,,,
1999/5/14,8.2778,,,4.0126,,,,,,
1999/5/17,8.2784,,,4.013,,,,,,
1999/5/18,8.279,,,4.0106,,,,,,
1999/5/19,8.279,,,4.0115,,,,,,
1999/5/20,8.2783,,,4.0124,,,,,,
1999/5/21,8.278,,,4.0094,,,,,,
1999/5/24,8.278,,,4.0075,,,,,,
1999/5/25,8.2785,,,4.0094,,,,,,
1999/5/26,8.2789,,,4.008,,,,,,
1999/5/27,8.279,,,4.0056,,,,,,
1999/5/28,8.2788,,,4.0051,,,,,,
1999/5/31,8.2786,,,4.0046,,,,,,
1999/6/1,8.2784,,,4.0011,,,,,,
1999/6/2,8.2784,,,4.0007,,,,,,
1999/6/3,8.2787,,,4.0012,,,,,,
1999/6/4,8.2784,,,3.9897,,,,,,
1999/6/7,8.2781,,,3.9664,,,,,,
1999/6/8,8.2781,,,3.9626,,,,,,
1999/6/9,8.2779,,,3.9655,,,,,,
1999/6/10,8.2778,,,3.9437,,,,,,
1999/6/11,8.2777,,,3.6475,,,,,,
1999/6/14,8.2777,,,3.3872,,,,,,
1999/6/15,8.2776,,,3.1359,,,,,,
1999/6/16,8.2781,,,2.9042,,,,,,
1999/6/17,8.2776,,,2.7097,,,,,,
1999/6/18,8.2775,,,2.7044,,,,,,
1999/6/21,8.2774,,,2.6999,,,,,,
1999/6/22,8.2778,,,2.6999,,,,,,
1999/6/23,8.2781,,,2.6999,,,,,,
1999/6/24,8.2784,,,2.6999,,,,,,
1999/6/25,8.2779,,,2.6999,,,,,,
1999/6/28,8.2775,,,2.6956,,,,,,
1999/6/29,8.278,,,2.696,,,,,,
1999/6/30,8.2786,,,2.6963,,,,,,
1999/7/1,8.2787,,,2.6925,,,,,,
1999/7/2,8.2786,,,2.6957,,,,,,
1999/7/5,8.2785,,,2.6974,,,,,,
1999/7/6,8.2787,,,2.6934,,,,,,
1999/7/7,8.2782,,,2.6894,,,,,,
1999/7/8,8.2783,,,2.6862,,,,,,
1999/7/9,8.2781,,,2.6794,,,,,,
1999/7/12,8.2777,,,2.67,,,,,,
1999/7/13,8.2776,,,2.665,,,,,,
1999/7/14,8.2775,,,2.6643,,,,,,
1999/7/15,8.2778,,,2.6538,,,,,,
1999/7/16,8.2775,,,2.6429,,,,,,
1999/7/19,8.2773,,,2.6436,,,,,,
1999/7/20,8.2773,,,2.6407,,,,,,
1999/7/21,8.2777,,,2.6294,,,,,,
1999/7/22,8.2773,,,2.63,,,,,,
1999/7/23,8.2773,,,2.629,,,,,,
1999/7/26,8.2772,,,2.6227,,,,,,
1999/7/27,8.277,,,2.618,,,,,,
1999/7/28,8.277,,,2.62,,,,,,
1999/7/29,8.277,,,2.6176,,,,,,
1999/7/30,8.2773,,,2.6184,,,,,,
1999/8/2,8.2774,,,2.6192,,,,,,
1999/8/3,8.2772,,,2.6205,,,,,,
1999/8/4,8.2773,,,2.62,,,,,,
1999/8/5,8.2774,,,2.6188,,,,,,
1999/8/6,8.2774,,,2.6167,,,,,,
1999/8/9,8.2773,,,2.6169,,,,,,
1999/8/10,8.2774,,,2.6164,,,,,,
1999/8/11,8.2771,,,2.6143,,,,,,
1999/8/12,8.2772,,,2.6135,,,,,,
1999/8/13,8.2771,,,2.6121,,,,,,
1999/8/16,8.277,,,2.6105,,,,,,
1999/8/17,8.2774,,,2.6058,,,,,,
1999/8/18,8.277,,,2.6014,,,,,,
1999/8/19,8.2772,,,2.5973,,,,,,
1999/8/20,8.2774,,,2.5947,,,,,,
1999/8/23,8.2774,,,2.5898,,,,,,
1999/8/24,8.2772,,,2.587,,,,,,
1999/8/25,8.2775,,,2.5849,,,,,,
1999/8/26,8.2773,,,2.583,,,,,,
1999/8/27,8.2773,,,2.5809,,,,,,
1999/8/30,8.2773,,,2.5803,,,,,,
1999/8/31,8.2771,,,2.5803,,,,,,
1999/9/1,8.277,,,2.5803,,,,,,
1999/9/2,8.2771,,,2.5802,,,,,,
1999/9/3,8.2773,,,2.5802,,,,,,
1999/9/6,8.2775,,,2.5802,,,,,,
1999/9/7,8.2776,,,2.58,,,,,,
1999/9/8,8.2776,,,2.5799,,,,,,
1999/9/9,8.2776,,,2.5799,,,,,,
1999/9/10,8.2774,,,2.5799,,,,,,
1999/9/13,8.2774,,,2.5799,,,,,,
1999/9/14,8.2772,,,2.5823,,,,,,
1999/9/15,8.2775,,,2.5829,,,,,,
1999/9/16,8.2773,,,2.5826,,,,,,
1999/9/17,8.2771,,,2.5823,,,,,,
1999/9/20,8.2773,,,2.5821,,,,,,
1999/9/21,8.2775,,,2.5804,,,,,,
1999/9/22,8.2775,,,2.581,,,,,,
1999/9/23,8.2777,,,2.5809,3.3,,,,,
1999/9/24,8.2776,,,2.5809,,,,,,
1999/9/27,,,,2.582,,,,,,
1999/9/28,8.2775,,,2.5818,,,,,,
1999/9/29,8.2775,,,2.5793,,,,,,
1999/9/30,8.2775,,,2.5778,,,,,,
1999/10/8,8.2778,,,2.5634,,,,,,
1999/10/9,8.278,,,2.5643,,,,,,
1999/10/10,8.2777,,,2.5658,,,,,,
1999/10/11,8.2774,,,2.5682,,,,,,
1999/10/12,8.2772,,,2.5703,,,,,,
1999/10/13,8.2773,,,2.58,,,,,,
1999/10/14,8.2777,,,2.58,,,,,,
1999/10/15,8.2774,,,2.5813,,,,,,
1999/10/18,8.2775,,,2.5836,,,,,,
1999/10/19,8.2774,,,2.5852,,,,,,
1999/10/20,8.2773,,,2.5869,,,,,,
1999/10/21,8.2774,,,2.5866,,,,,,
1999/10/22,8.2772,,,2.5862,,,,,,
1999/10/25,8.2773,,,2.5869,,,,,,
1999/10/26,8.277,,,2.5875,,,,,,
1999/10/27,8.2773,,,2.5878,,,,,,
1999/10/28,8.2775,,,2.5879,,,,,,
1999/10/29,8.2776,,,2.5862,,,,,,
1999/11/1,8.2778,,,2.5795,,,,,,
1999/11/2,8.2779,,,2.5781,,,,,,
1999/11/3,8.2781,,,2.5757,,,,,,
1999/11/4,8.2781,,,2.5754,,,,,,
1999/11/5,8.278,,,2.5757,,,,,,
1999/11/8,8.2779,,,2.5784,,,,,,
1999/11/9,8.2779,,,2.5762,,,,,,
1999/11/10,8.278,,,2.5752,,,,,,
1999/11/11,8.2781,,,2.5757,,,,,,
1999/11/12,8.2782,,,2.5762,,,,,,
1999/11/15,8.278,,,2.5768,,,,,,
1999/11/16,8.2781,,,2.5788,,,,,,
1999/11/17,8.2781,,,2.5802,,,,,,
1999/11/18,8.2781,,,2.5802,,,6,,,
1999/11/19,8.2784,,,2.5785,,,,,,
1999/11/21,,,,,,,,6,,
1999/11/22,8.2785,,,2.5782,,,,,,
1999/11/23,8.2785,,,2.5783,,,,,,
1999/11/24,8.2784,,,2.5777,,,,,,
1999/11/25,8.2785,,,2.5777,,,,,,
1999/11/26,8.2785,,,2.579,,,,,,
1999/11/29,8.2785,,,2.5775,,,,,,
1999/11/30,8.2789,,,2.5777,,,,,,
1999/12/1,8.2789,,,2.5759,,,,,,
1999/12/2,8.2789,,,2.574,,,,,,
1999/12/3,8.2788,,,2.5742,,,,,,
1999/12/6,8.2787,,,2.572,,,,,,
1999/12/7,8.279,,,2.5691,,,,,,
1999/12/8,8.279,,,2.5668,,,,,,
1999/12/9,8.2795,,,2.5671,,,,,,
1999/12/10,8.2795,,,2.5661,,,,,,
1999/12/13,8.2795,,,2.5649,,,,,,
1999/12/14,8.2795,,,2.5658,,,,,,
1999/12/15,8.2794,,,2.5677,,,,,,
1999/12/16,8.2794,,,2.5684,,,,,,
1999/12/17,8.2794,,,2.5686,,,,,,
1999/12/21,8.2794,,,2.5677,,,,,,
1999/12/22,8.2796,,,2.5665,,,,,,
1999/12/23,8.2796,,,2.5656,,,,,,
1999/12/24,8.2795,,,2.5661,,,,,,
1999/12/27,8.2794,,,2.5665,,,,,,
1999/12/28,8.2796,,,2.5692,,,,,,
1999/12/29,8.2797,,,2.5751,,,,,,
1999/12/30,8.2793,,,2.5754,,,,,,
1999/12/31,,,,2.5752,,,,,,
2000/1/3,8.2795,,,2.5754,,,,,,
2000/1/4,8.2798,,,2.575,,,,,,
2000/1/5,8.2799,,,2.5721,,,,,,
2000/1/6,8.2798,,,2.5709,,,,,,
2000/1/7,8.2797,,,2.5697,,,,,,
2000/1/10,8.2794,,,2.5718,,,,,,
2000/1/11,8.2794,,,2.5688,,,,,,
2000/1/12,8.2795,,,2.5661,,,,,,
2000/1/13,8.2796,,,2.5646,,,,,,
2000/1/14,8.2798,,,2.5619,,,,,,
2000/1/17,8.2797,,,2.5588,,,,,,
2000/1/18,8.2793,,,2.5613,,,,,,
2000/1/19,8.2793,,,2.5587,,,,,,
2000/1/20,8.2797,,,2.5564,,,,,,
2000/1/21,8.2794,,,2.5551,,,,,,
2000/1/24,8.2795,,,2.5525,,,,,,
2000/1/25,8.2789,,,2.5493,,,,,,
2000/1/26,8.2786,,,2.5378,,,,,,
2000/1/27,8.2782,,,2.5292,,,,,,
2000/1/28,8.2783,,,2.5227,,,,,,
2000/1/31,8.2781,,,2.5178,,,,,,
2000/2/1,8.2777,,,2.5121,,,,,,
2000/2/2,8.2774,,,2.5106,,,,,,
2000/2/3,8.2773,,,2.5082,,,,,,
2000/2/4,8.2781,,,2.5052,,,,,,
2000/2/12,8.2788,,,2.5022,,,,,,
2000/2/13,8.2784,,,2.5135,,,,,,
2000/2/14,8.2781,,,2.5292,,,,,,
2000/2/15,8.2779,,,2.5315,,,,,,
2000/2/16,8.2777,,,2.5239,,,,,,
2000/2/17,8.2777,,,2.5226,,,,,,
2000/2/18,8.2772,,,2.5154,,,,,,
2000/2/21,8.2772,,,2.5065,,,,,,
2000/2/22,8.2775,,,2.5066,,,,,,
2000/2/23,8.2773,,,2.5111,,,,,,
2000/2/24,8.278,,,2.5119,,,,,,
2000/2/25,8.278,,,2.5077,,,,,,
2000/2/28,8.2786,,,2.5035,,,,,,
2000/2/29,8.2786,,,2.499,,,,,,
2000/3/1,8.2786,,,2.494,,,,,,
2000/3/2,8.2786,,,2.4885,,,,,,
2000/3/3,8.2787,,,2.4854,,,,,,
2000/3/6,8.2789,,,2.483,,,,,,
2000/3/7,8.2785,,,2.4809,,,,,,
2000/3/8,8.2784,,,2.4804,,,,,,
2000/3/9,8.2786,,,2.4787,,,,,,
2000/3/10,8.2787,,,2.4772,,,,,,
2000/3/13,8.2785,,,2.4742,,,,,,
2000/3/14,8.2781,,,2.4718,,,,,,
2000/3/15,8.278,,,2.4658,,,,,,
2000/3/16,8.2778,,,2.4615,,,,,,
2000/3/17,8.2777,,,2.4569,,,,,,
2000/3/20,8.2785,,,2.4543,,,,,,
2000/3/21,8.2786,,,2.4509,,,,,,
2000/3/22,8.2783,,,2.4499,,,,,,
2000/3/23,8.2783,,,2.4488,,,,,,
2000/3/24,8.2787,,,2.4469,,,,,,
2000/3/27,8.2789,,,2.445,,,,,,
2000/3/28,8.2792,,,2.4421,,,,,,
2000/3/29,8.2795,,,2.4405,,,,,,
2000/3/30,8.2789,,,2.4386,,,,,,
2000/3/31,8.2788,,,2.4385,,,,,,
2000/4/3,8.2787,,,2.4338,,,,,,
2000/4/4,8.2786,,,2.4323,,,,,,
2000/4/5,8.2791,,,2.4312,,,,,,
2000/4/6,8.2795,,,2.4293,,,,,,
2000/4/7,8.2795,,,2.4274,,,,,,
2000/4/10,8.2795,,,2.4277,,,,,,
2000/4/11,8.2798,,,2.4264,,,,,,
2000/4/12,8.2791,,,2.4243,,,,,,
2000/4/13,8.2796,,,2.423,,,,,,
2000/4/14,8.2794,,,2.4231,,,,,,
2000/4/17,8.2794,,,2.4217,,,,,,
2000/4/18,8.2794,,,2.4205,,,,,,
2000/4/19,8.279,,,2.4203,,,,,,
2000/4/20,8.2793,,,2.42,,,,,,
2000/4/21,8.2791,,,2.419,,,,,,
2000/4/24,8.2785,,,2.4187,,,,,,
2000/4/25,8.2786,,,2.4175,,,,,,
2000/4/26,8.2791,,,2.416,,,,,,
2000/4/27,8.2795,,,2.4105,,,,,,
2000/4/28,8.2798,,,2.4071,,,,,,
2000/4/29,8.2799,,,2.4038,,,,,,
2000/4/30,8.2795,,,2.3967,,,,,,
2000/5/8,8.2799,,,2.3903,,,,,,
2000/5/9,8.2798,,,2.3926,,,,,,
2000/5/10,8.279,,,2.3924,,,,,,
2000/5/11,8.2785,,,2.3936,,,,,,
2000/5/12,8.2782,,,2.3969,,,,,,
2000/5/15,8.2778,,,2.4001,,,,,,
2000/5/16,8.2777,,,2.3992,,,,,,
2000/5/17,8.2772,,,2.3978,,,,,,
2000/5/18,8.2768,,,2.397,,,,,,
2000/5/19,8.2773,,,2.3955,,,,,,
2000/5/22,8.2768,,,2.3945,,,,,,
2000/5/23,8.277,,,2.3929,,,,,,
2000/5/24,8.2768,,,2.3914,,,,,,
2000/5/25,8.2769,,,2.3913,,,,,,
2000/5/26,8.2773,,,2.3893,,,,,,
2000/5/29,8.2771,,,2.3881,,,,,,
2000/5/30,8.2768,,,2.3848,,,,,,
2000/5/31,8.2772,,,2.3823,,,,,,
2000/6/1,8.2773,,,2.3795,,,,,,
2000/6/2,8.2771,,,2.3789,,,,,,
2000/6/5,8.2771,,,2.3766,,,,,,
2000/6/6,8.277,,,2.3768,,,,,,
2000/6/7,8.2773,,,2.3758,,,,,,
2000/6/8,8.2773,,,2.3765,,,,,,
2000/6/9,8.2775,,,2.3756,,,,,,
2000/6/12,8.2772,,,2.3751,,,,,,
2000/6/13,8.2771,,,2.3741,,,,,,
2000/6/14,8.277,,,2.3736,,,,,,
2000/6/15,8.2768,,,2.3714,,,,,,
2000/6/16,8.2768,,,2.3708,,,,,,
2000/6/19,8.2768,,,2.3716,,,,,,
2000/6/20,8.2768,,,2.3713,,,,,,
2000/6/21,8.277,,,2.371,,,,,,
2000/6/22,8.2772,,,2.3701,,,,,,
2000/6/23,8.2771,,,2.3697,,,,,,
2000/6/26,8.2769,,,2.3695,,,,,,
2000/6/27,8.2773,,,2.3686,,,,,,
2000/6/28,8.2774,,,2.3682,,,,,,
2000/6/29,8.2775,,,2.3672,,,,,,
2000/6/30,8.278,,,2.367,,,,,,
2000/7/3,8.2782,,,2.3671,,,,,,
2000/7/4,8.2786,,,2.3668,,,,,,
2000/7/5,8.2789,,,2.3674,,,,,,
2000/7/6,8.2787,,,2.3675,,,,,,
2000/7/7,8.2791,,,2.3672,,,,,,
2000/7/10,8.2793,,,2.3662,,,,,,
2000/7/11,8.2795,,,2.365,,,,,,
2000/7/12,8.2794,,,2.3621,,,,,,
2000/7/13,8.2795,,,2.3606,,,,,,
2000/7/14,8.2791,,,2.3588,,,,,,
2000/7/17,8.2796,,,2.3579,,,,,,
2000/7/18,8.2791,,,2.358,,,,,,
2000/7/19,8.2796,,,2.3574,,,,,,
2000/7/20,8.2796,,,2.3575,,,,,,
2000/7/21,8.2796,,,2.3571,,,,,,
2000/7/24,8.2795,,,2.3571,,,,,,
2000/7/25,8.2798,,,2.3552,,,,,,
2000/7/26,8.2797,,,2.3544,,,,,,
2000/7/27,8.2796,,,2.3527,,,,,,
2000/7/28,8.2793,,,2.352,,,,,,
2000/7/31,8.2794,,,2.3523,,,,,,
2000/8/1,8.2792,,,2.3506,,,,,,50
2000/8/2,8.2788,,,2.348,,,,,,
2000/8/3,8.2791,,,2.3455,,,,,,
2000/8/4,8.2796,,,2.3448,,,,,,
2000/8/7,8.2798,,,2.3419,,,,,,
2000/8/8,8.2799,,,2.3389,,,,,20,100
2000/8/9,8.2799,,,2.3378,,,,,,
2000/8/10,8.2798,,,2.3369,,,,,,
2000/8/11,8.2799,,,2.3322,,,,,,
2000/8/14,8.2796,,,2.3303,,,,,,
2000/8/15,8.2795,,,2.3314,,,,,20,
2000/8/16,8.2788,,,2.3283,,,,,,
2000/8/17,8.2797,,,2.3259,,,,,,
2000/8/18,8.2799,,,2.3248,,,,,,
2000/8/21,8.2797,,,2.3258,,,,,,
2000/8/22,8.2799,,,2.3229,,,,,20,
2000/8/23,8.2799,,,2.3212,,,,,,
2000/8/24,8.2793,,,2.3187,,,,,,
2000/8/25,8.2799,,,2.3182,,,,,,
2000/8/28,8.2799,,,2.3165,,,,,,
2000/8/29,8.2799,,,2.3189,,,,,20,
2000/8/30,8.2799,,,2.3188,,,,,,
2000/8/31,8.2788,,,2.318,,,,,,
2000/9/1,8.2786,,,2.3157,,,,,,
2000/9/4,8.2787,,,2.3162,,,,,,
2000/9/5,8.2786,,,2.313,,,,,20,
2000/9/6,8.279,,,2.3123,,,,,,
2000/9/7,8.2794,,,2.3115,,,,,,
2000/9/8,8.279,,,2.3117,,,,,,
2000/9/11,8.2794,,,2.3093,,,,,,
2000/9/12,8.2786,,,2.3082,,,,,20,
2000/9/13,8.2787,,,2.307,,,,,,
2000/9/14,8.2777,,,2.3065,,,,,,
2000/9/15,8.2773,,,2.3065,,,,,,
2000/9/18,8.2771,,,2.3079,,,,,,
2000/9/19,8.2772,,,2.3075,,,,,20,
2000/9/20,8.2779,,,2.3067,,,,,,
2000/9/21,8.2775,,,2.3061,,,,,,
2000/9/22,8.2778,,,2.3017,,,,,,
2000/9/25,8.2787,,,2.3013,,,,,,
2000/9/26,8.2793,,,2.3032,,,,,,
2000/9/27,8.2791,,,2.3028,,,,,,
2000/9/28,8.2795,,,2.3034,,,,,,
2000/9/29,8.2799,,,2.3046,,,,,,
2000/9/30,8.2798,,,2.3031,,,,,,
2000/10/8,8.279,,,2.3012,,,,,,
2000/10/9,8.2796,,,2.3016,,,,,,
2000/10/10,8.279,,,2.3009,,,,,20,20
2000/10/11,8.2789,,,2.3009,,,,,,
2000/10/12,8.2786,,,2.301,,,,,,
2000/10/13,8.2786,,,2.3028,,,,,,
2000/10/16,8.2784,,,2.3023,,,,,,
2000/10/17,8.2781,,,2.3021,,,,,20,20
2000/10/18,8.2784,,,2.3019,,,,,,
2000/10/19,8.2781,,,2.3022,,,,,,
2000/10/20,8.278,,,2.3012,,,,,,
2000/10/23,8.2778,,,2.3012,,,,,,
2000/10/24,8.2784,,,2.3013,,,,,20,20
2000/10/25,8.2784,,,2.3013,,,,,,
2000/10/26,8.2782,,,2.3011,,,,,,
2000/10/27,8.2785,,,2.3029,,,,,,
2000/10/30,8.2788,,,2.3034,,,,,,
2000/10/31,8.278,,,2.3033,,,,,20,15
2000/11/1,8.2775,,,2.3033,,,,,,
2000/11/2,8.2773,,,2.3031,,,,,,
2000/11/3,8.277,,,2.3016,,,,,,
2000/11/6,8.2768,,,2.3031,,,,,,
2000/11/7,8.2771,,,2.303,,,,,20,50
2000/11/8,8.2769,,,2.3028,,,,,,
2000/11/9,8.2772,,,2.3027,,,,,,
2000/11/10,8.2768,,,2.3028,,,,,,
2000/11/13,8.2772,,,2.3033,,,,,,
2000/11/14,8.2768,,,2.3031,,,,,20,70
2000/11/15,8.2773,,,2.303,,,,,,
2000/11/16,8.2768,,,2.3029,,,,,,
2000/11/17,8.2773,,,2.3045,,,,,,
2000/11/20,8.2769,,,2.3032,,,,,,
2000/11/21,8.2779,,,2.3032,,,,,20,100
2000/11/22,8.2786,,,2.303,,,,,,
2000/11/23,8.2782,,,2.3034,,,,,,
2000/11/24,8.278,,,2.3041,,,,,,
2000/11/27,8.2779,,,2.3058,,,,,,
2000/11/28,8.278,,,2.3083,,,,,20,200
2000/11/29,8.2777,,,2.3116,,,,,,
2000/11/30,8.2774,,,2.3146,,,,,,
2000/12/1,8.2777,,,2.3176,,,,,,
2000/12/4,8.2775,,,2.3217,,,,,,
2000/12/5,8.2771,,,2.3242,,,,,20,100
2000/12/6,8.277,,,2.3282,,,,,,
2000/12/7,8.277,,,2.3368,,,,,,
2000/12/8,8.277,,,2.3438,,,,,,
2000/12/11,8.2769,,,2.3497,,,,,,
2000/12/12,8.2773,,,2.3615,,,,,20,300
2000/12/13,8.2771,,,2.3713,,,,,,
2000/12/14,8.277,,,2.3785,,,,,,
2000/12/15,8.2768,,,2.3872,,,,,,
2000/12/18,8.2768,,,2.397,,,,,,
2000/12/19,8.2774,,,2.4033,,,,,,
2000/12/20,8.2772,,,2.4159,,,,,,
2000/12/21,8.2769,,,2.4338,,,,,,
2000/12/22,8.2768,,,2.4568,,,,,,
2000/12/25,8.2777,,,2.4882,,,,,,
2000/12/26,8.277,,,2.5273,,,,,80,
2000/12/27,8.2769,,,2.5655,,,,,,
2000/12/28,8.277,,,2.6038,,,,,,
2000/12/29,8.2781,,,2.6225,,,,,,
2001/1/2,8.2774,,,2.6162,,,,,,
2001/1/3,8.2779,,,2.5865,,,,,,
2001/1/4,8.2773,,,2.5501,,,,,,
2001/1/5,8.2781,,,2.5252,,,,,,
2001/1/8,8.2775,,,2.4984,,,,,,
2001/1/9,8.2778,,,2.48,,,,,,
2001/1/10,8.2771,,,2.4729,,,,,,
2001/1/11,8.2769,,,2.4703,,,,,,
2001/1/12,8.2767,,,2.4617,,,,,,
2001/1/15,8.2768,,,2.4732,,,,,,
2001/1/16,8.2767,,,2.477,,,,,,
2001/1/17,8.2766,,,2.4849,,,,,,
2001/1/18,8.2764,,,2.5004,,,,,,
2001/1/19,8.2764,,,2.5165,,,,,,
2001/1/20,8.2764,,,2.5272,,,,,,
2001/1/21,8.2762,,,2.5424,,,,,,
2001/1/22,8.2762,,,2.5435,,,,,,
2001/1/23,8.2782,,,2.5102,,,,,,
2001/1/31,8.2786,,,2.4784,,,,,,
2001/2/1,8.2781,,,2.4616,,,,,,
2001/2/2,8.2772,,,2.4494,,,,,,
2001/2/5,8.2774,,,2.4441,,,,,,
2001/2/6,8.277,,,2.4657,,,,,80,
2001/2/7,8.2766,,,2.4903,,,,,,
2001/2/8,8.2765,,,2.502,,,,,,
2001/2/9,8.2763,,,2.5141,,,,,,
2001/2/12,8.2764,,,2.5232,,,,,,
2001/2/13,8.2774,,,2.5242,,,,,30,
2001/2/14,8.2765,,,2.5236,,,,,,
2001/2/15,8.2764,,,2.5264,,,,,,
2001/2/16,8.2772,,,2.5258,,,,,,
2001/2/19,8.277,,,2.5257,,,,,,
2001/2/20,8.2766,,,2.5278,,,,,30,
2001/2/21,8.2767,,,2.5259,,,,,,
2001/2/22,8.2772,,,2.5252,,,,,,
2001/2/23,8.2769,,,2.5252,,,,,,
2001/2/26,8.2774,,,2.5247,,,,,,
2001/2/27,8.2776,,,2.5251,,,,,10,
2001/2/28,8.2781,,,2.5274,,,,,,
2001/3/1,8.2783,,,2.5259,,,,,,
2001/3/2,8.2778,,,2.5232,,,,,,
2001/3/5,8.2782,,,2.519,,,,,,
2001/3/6,8.2777,,,2.5135,,,,,,
2001/3/7,8.2778,,,2.5079,,,,,,
2001/3/8,8.2773,,,2.5028,,,,,,
2001/3/9,8.277,,,2.4998,,,,,,
2001/3/12,8.2774,,,2.4987,,,,,,
2001/3/13,8.2784,,,2.4978,,,,,,
2001/3/14,8.2783,,,2.4969,,,,,,
2001/3/15,8.2778,,,2.4965,,,,,,
2001/3/16,8.2776,,,2.496,,,,,,
2001/3/19,8.2771,,,2.4958,,,,,,
2001/3/20,8.2772,,,2.4952,,,,,,
2001/3/21,8.2772,,,2.4946,,,,,,
2001/3/22,8.2771,,,2.4943,,,,,,
2001/3/23,8.2768,,,2.4938,,,,,,
2001/3/26,8.2773,,,2.4918,,,,,,
2001/3/27,8.2771,,,2.4906,,,,,,
2001/3/28,8.2773,,,2.4892,,,,,,
2001/3/29,8.2777,,,2.4873,,,,,,
2001/3/30,8.2779,,,2.4836,,,,,,
2001/4/2,8.2777,,,2.4789,,,,,,
2001/4/3,8.2776,,,2.474,,,,,,
2001/4/4,8.2772,,,2.4683,,,,,,
2001/4/5,8.2771,,,2.4631,,,,,,
2001/4/6,8.2768,,,2.4588,,,,,,
2001/4/9,8.2767,,,2.4558,,,,,,
2001/4/10,8.277,,,2.453,,,,,,
2001/4/11,8.2769,,,2.4488,,,,,,
2001/4/12,8.2769,,,2.4462,,,,,,
2001/4/13,8.2772,,,2.443,,,,,,
2001/4/16,8.2769,,,2.4401,,,,,,
2001/4/17,8.2769,,,2.4351,,,,,,
2001/4/18,8.2775,,,2.4314,,,,,,
2001/4/19,8.2775,,,2.426,,,,,,
2001/4/20,8.2773,,,2.4209,,,,,,
2001/4/23,8.2775,,,2.4159,,,,,,
2001/4/24,8.277,,,2.4131,,,,,,
2001/4/25,8.2769,,,2.4096,,,,,,
2001/4/26,8.2767,,,2.4062,,,,,,
2001/4/27,8.2769,,,2.4035,,,,,,
2001/4/28,8.2773,,,2.4007,,,,,,
2001/4/29,8.2778,,,2.395,,,,,,
2001/4/30,8.2773,,,2.3804,,,,,,
2001/5/8,8.2774,,,2.3614,,,,,,
2001/5/9,8.2785,,,2.3625,,,,,,
2001/5/10,8.2775,,,2.3642,,,,,,
2001/5/11,8.2771,,,2.3679,,,,,,
2001/5/14,8.2771,,,2.3769,,,,,,
2001/5/15,8.2771,,,2.3896,,,,,,
2001/5/16,8.2769,,,2.389,,,,,,
2001/5/17,8.2769,,,2.3881,,,,,,
2001/5/18,8.2767,,,2.3853,,,,,,
2001/5/21,8.2768,,,2.3823,,,,,,
2001/5/22,8.2778,,,2.379,,,,,,
2001/5/23,8.2774,,,2.3754,,,,,,
2001/5/24,8.2771,,,2.3734,,,,,,
2001/5/25,8.277,,,2.3741,,,,,,
2001/5/28,8.2771,,,2.3751,,,,,,
2001/5/29,8.2768,,,2.3765,,,,,,
2001/5/30,8.2768,,,2.3799,,,,,,
2001/5/31,8.2777,,,2.3826,,,,,,
2001/6/1,8.277,,,2.3847,,,,,,
2001/6/4,8.2777,,,2.3852,,,,,,
2001/6/5,8.277,,,2.3849,,,,,,
2001/6/6,8.2769,,,2.3836,,,,,,
2001/6/7,8.2772,,,2.3812,,,,,,
2001/6/8,8.2767,,,2.377,,,,,,
2001/6/11,8.2767,,,2.3724,,,,,,
2001/6/12,8.2767,,,2.367,,,,,,
2001/6/13,8.2771,,,2.3607,,,,,,
2001/6/14,8.2779,,,2.3535,,,,,,
2001/6/15,8.2773,,,2.3482,,,,,,
2001/6/18,8.277,,,2.3449,,,,,,
2001/6/19,8.277,,,2.3431,,,,,,
2001/6/20,8.2779,,,2.3438,,,,,,
2001/6/21,8.277,,,2.3462,,,,,,
2001/6/22,8.2769,,,2.3493,,,,,,
2001/6/25,8.2767,,,2.3505,,,,,,
2001/6/26,8.2768,,,2.35,,,,,,
2001/6/27,8.2768,,,2.347,,,,,,
2001/6/28,8.2768,,,2.3428,,,,,,
2001/6/29,8.277,,,2.3387,,,,,,
2001/7/2,8.2767,,,2.334,,,,,,
2001/7/3,8.277,,,2.33,,,,,,
2001/7/4,8.2767,,,2.325,,,,,,
2001/7/5,8.2769,,,2.3195,,,,,,
2001/7/6,8.2767,,,2.3127,,,,,,
2001/7/9,8.2768,,,2.3071,,,,,,
2001/7/10,8.2767,,,2.3017,,,,,,
2001/7/11,8.277,,,2.2981,,,,,,
2001/7/12,8.2769,,,2.2956,,,,,,
2001/7/13,8.2769,,,2.2948,,,,,,
2001/7/16,8.2767,,,2.2945,,,,,,
2001/7/17,8.2767,,,2.2965,,,,,,
2001/7/18,8.2769,,,2.2981,,,,,,
2001/7/19,8.277,,,2.3007,,,,,,
2001/7/20,8.2768,,,2.3028,,,,,,
2001/7/23,8.2768,,,2.3031,,,,,,
2001/7/24,8.277,,,2.3023,,,,,,
2001/7/25,8.2773,,,2.3012,,,,,,
2001/7/26,8.277,,,2.2995,,,,,,
2001/7/27,8.2771,,,2.2991,,,,,,
2001/7/30,8.277,,,2.2999,,,,,,
2001/7/31,8.2767,,,2.3005,,,,,,
2001/8/1,8.277,,,2.3015,,,,,,
2001/8/2,8.2769,,,2.3022,,,,,,
2001/8/3,8.2768,,,2.3026,,,,,,
2001/8/6,8.2768,,,2.3026,,,,,,
2001/8/7,8.277,,,2.3027,,,,,,
2001/8/8,8.2772,,,2.3031,,,,,,
2001/8/9,8.2773,,,2.3029,,,,,,
2001/8/10,8.277,,,2.3032,,,,,,
2001/8/13,8.2768,,,2.303,,,,,,
2001/8/14,8.2771,,,2.3025,,,,,,
2001/8/15,8.2773,,,2.3019,,,,,,
2001/8/16,8.2771,,,2.3013,,,,,,
2001/8/17,8.277,,,2.3001,,,,,,
2001/8/20,8.2768,,,2.2992,,,,,,
2001/8/21,8.2768,,,2.2985,,,,,,
2001/8/22,8.2768,,,2.2975,,,,,,
2001/8/23,8.2769,,,2.2966,,,,,,
2001/8/24,8.2768,,,2.2955,,,,,,
2001/8/27,8.2773,,,2.2944,,,,,,
2001/8/28,8.277,,,2.2933,,,,,,
2001/8/29,8.2768,,,2.2922,,,,,,
2001/8/30,8.2769,,,2.2911,,,,,,
2001/8/31,8.2767,,,2.2901,,,,,,
2001/9/3,8.2769,,,2.2887,,,,,,
2001/9/4,8.277,,,2.2874,,,,,,
2001/9/5,8.2768,,,2.286,,,,,,
2001/9/6,8.277,,,2.2845,,,,,,
2001/9/7,8.2768,,,2.2829,,,,,,
2001/9/10,8.2767,,,2.2813,,,,,,
2001/9/11,8.2767,,,2.2799,,,,,,
2001/9/12,8.2769,,,2.2781,,,,,,
2001/9/13,8.2769,,,2.2767,,,,,,
2001/9/14,8.2768,,,2.2752,,,,,,
2001/9/17,8.2766,,,2.2732,,,,,,
2001/9/18,8.2767,,,2.2706,,,,,,
2001/9/19,8.2768,,,2.2678,,,,,,
2001/9/20,8.2766,,,2.2647,,,,,,
2001/9/21,8.2766,,,2.2617,,,,,,
2001/9/24,8.2767,,,2.2589,,,,,,
2001/9/25,8.277,,,2.2558,2.95,,,,,
2001/9/26,8.2772,,,2.2527,,,,,,
2001/9/27,8.2769,,,2.2493,,,,,,
2001/9/28,8.2769,,,2.2456,,,,,,
2001/9/29,8.2768,,,2.2393,,,,,,
2001/9/30,8.2769,,,2.2286,,,,,,
2001/10/8,8.2768,,,2.222,,,,,,
2001/10/9,8.2767,,,2.2263,,,,,,
2001/10/10,8.2769,,,2.2282,,,,,,
2001/10/11,8.2768,,,2.2313,,,,,,
2001/10/12,8.2766,,,2.2351,,,,,,
2001/10/15,8.2765,,,2.2347,,,,,,
2001/10/16,8.2766,,,2.2262,,,,,,
2001/10/17,8.2767,,,2.2151,,,,,,
2001/10/18,8.2769,,,2.2032,,,,,,
2001/10/19,8.277,,,2.1908,,,,,,
2001/10/22,8.2768,,,2.1793,,,,,,
2001/10/23,8.277,,,2.1692,,,,,,
2001/10/24,8.2768,,,2.1629,,,,,,
2001/10/25,8.2767,,,2.1573,,,,,,
2001/10/26,8.2769,,,2.1526,,,,,,
2001/10/29,8.277,,,2.1497,,,,,,
2001/10/30,8.277,,,2.147,3.05,,,,,
2001/10/31,8.2768,,,2.1451,,,,,,
2001/11/1,8.2768,,,2.1432,,,,,,
2001/11/2,8.2769,,,2.1422,,,,,,
2001/11/5,8.2769,,,2.1403,,,,,,
2001/11/6,8.2768,,,2.1394,,,,,,
2001/11/7,8.2767,,,2.139,,,,,,
2001/11/8,8.2766,,,2.139,,,,,,
2001/11/9,8.2766,,,2.1391,,,,,,
2001/11/12,8.2766,,,2.1395,,,,,,
2001/11/13,8.2765,,,2.1395,,,,,,
2001/11/14,8.2765,,,2.1388,,,,,,
2001/11/15,8.2767,,,2.1386,,,,,,
2001/11/16,8.277,,,2.1384,,,,,,
2001/11/19,8.2771,,,2.1384,,,,,,
2001/11/20,8.277,,,2.1383,,,,,,
2001/11/21,8.2769,,,2.1382,,,,,,
2001/11/22,8.2769,,,2.1382,,,,,,
2001/11/23,8.2769,,,2.1387,,,,,,
2001/11/26,8.2769,,,2.1387,,,,,,
2001/11/27,8.277,,,2.1386,,,,,,
2001/11/28,8.277,,,2.1389,,,,,,
2001/11/29,8.2772,,,2.1395,,,,,,
2001/11/30,8.2774,,,2.1395,,,,,,
2001/12/3,8.2772,,,2.139,,,,,,
2001/12/4,8.277,,,2.1389,,,,,,
2001/12/5,8.2771,,,2.1401,,,,,,
2001/12/6,8.2772,,,2.1396,,,,,,
2001/12/7,8.2773,,,2.1398,,,,,,
2001/12/10,8.2772,,,2.1399,,,,,,
2001/12/11,8.277,,,2.141,,,,,,
2001/12/12,8.2768,,,2.1403,,,,,,
2001/12/13,8.2768,,,2.14,,,,,,
2001/12/14,8.2767,,,2.1404,,,,,,
2001/12/17,8.2768,,,2.1403,,,,,,
2001/12/18,8.2769,,,2.1394,,,,,,
2001/12/19,8.2768,,,2.1392,,,,,,
2001/12/20,8.2767,,,2.1393,,,,,,
2001/12/21,8.2766,,,2.139,,,,,,
2001/12/24,8.2767,,,2.139,,,,,,
2001/12/25,8.2766,,,2.1393,,,,,,
2001/12/26,8.2767,,,2.1398,,,,,,
2001/12/27,8.2766,,,2.1403,,,,,,
2001/12/28,8.2767,,,2.1398,,,,,,
2001/12/29,8.2768,,,2.1397,,,,,,
2001/12/30,8.2767,,,2.1409,,,,,,
2001/12/31,8.2766,,,2.1411,,,,,,
2002/1/1,8.2766,,,,,,,,,
2002/1/2,8.2766,,,,,,,,,
2002/1/4,8.2766,,,2.1402,,,,,,
2002/1/7,8.2768,,,2.1403,,,,,,
2002/1/8,8.2767,,,2.1399,,,,,,
2002/1/9,8.2766,,,2.1389,,,,,,
2002/1/10,8.2767,,,2.1384,,,,,,
2002/1/11,8.2766,,,2.1383,,,,,,
2002/1/14,8.2768,,,2.1379,,,,,,
2002/1/15,8.2767,,,2.1377,,,,,,
2002/1/16,8.2768,,,2.1374,,,,,,
2002/1/17,8.2767,,,2.1371,,,,,,
2002/1/18,8.2768,,,2.137,,,,,,
2002/1/21,8.2767,,,2.1368,,,,,,
2002/1/22,8.2768,,,2.1367,,,,,,
2002/1/23,8.2767,,,2.1364,,,,,,
2002/1/24,8.2765,,,2.1364,,,,,,
2002/1/25,8.2767,,,2.1363,,,,,,
2002/1/28,8.2765,,,2.1361,,,,,,
2002/1/29,8.2767,,,2.1359,,,,,,
2002/1/30,8.2766,,,2.1355,,,,,,
2002/1/31,8.2765,,,2.1352,,,,,,
2002/2/1,8.2765,,,2.1349,,,,,,
2002/2/4,8.2766,,,2.1349,,,,,,
2002/2/5,8.2766,,,2.1349,,,,,,
2002/2/6,8.2765,,,2.1354,,,,,,
2002/2/7,8.2767,,,2.1353,,,,,,
2002/2/8,8.2766,,,2.1352,,,,,,
2002/2/9,,,,2.1357,,,,,,
2002/2/10,,,,2.138,,,,,,
2002/2/11,,,,2.1375,,,,,,
2002/2/19,8.2768,,,2.1383,,,,,50,
2002/2/20,,,,2.1386,,,,,,
2002/2/21,8.2768,,,2.1379,,,,,,
2002/2/22,,,,2.0992,,,,,,
2002/2/25,8.2765,,,2.0622,,,,,,
2002/2/26,8.2765,,,2.0274,,,,,50,
2002/2/27,8.2767,,,1.9955,,,,,,
2002/2/28,8.2766,,,1.9661,,,,,,
2002/3/1,8.2765,,,1.962,,,,,,
2002/3/4,8.2766,,,1.9602,,,,,,
2002/3/5,8.2767,,,1.9595,,,,,50,
2002/3/6,8.2765,,,1.9587,,,,,,
2002/3/7,8.2766,,,1.9584,,,,,,
2002/3/8,8.2771,,,1.9583,,,,,,
2002/3/11,8.2771,,,1.9579,,,,,,
2002/3/12,8.2769,,,1.9574,,,,,50,
2002/3/13,8.2767,,,1.9569,,,,,,
2002/3/14,8.2771,,,1.9565,,,,,,
2002/3/15,8.2774,,,1.9557,2.7,,,,,
2002/3/18,8.2775,,,1.9554,,,,,,
2002/3/19,8.2773,,,1.9547,,,,,,
2002/3/20,8.2775,,,1.9542,,,,,,
2002/3/21,8.2774,,,1.9539,,,,,,
2002/3/22,8.2772,,,1.954,,,,,,
2002/3/25,8.277,,,1.9537,,,,,,
2002/3/26,8.2769,,,1.9536,,,,,50,
2002/3/27,8.2771,,,1.9536,,,,,,
2002/3/28,8.2772,,,1.9534,,,,,,
2002/3/29,8.2774,,,1.9529,,,,,,
2002/4/1,8.2774,,,1.953,,,,,,
2002/4/2,8.2772,,,1.9526,,,,,,
2002/4/3,8.2772,,,1.9519,,,,,,
2002/4/4,8.2773,,,1.9518,,,,,,
2002/4/5,8.2771,,,1.9516,,,,,,
2002/4/8,8.277,,,1.9515,,,,,,
2002/4/9,8.277,,,1.9516,,,,,30,
2002/4/10,8.2769,,,1.951,,,,,,
2002/4/11,8.2771,,,1.9511,,,,,,
2002/4/12,8.2771,,,1.9514,,,,,,
2002/4/15,8.2772,,,1.9512,,,,,,
2002/4/16,8.2771,,,1.951,,,,,30,
2002/4/17,8.2772,,,1.9512,,,,,,
2002/4/18,8.2772,,,1.9512,2.54,,,,,
2002/4/19,8.2772,,,1.9508,,,,,,
2002/4/22,8.2775,,,1.9507,,,,,,
2002/4/23,8.2772,,,1.9506,,,,,30,
2002/4/24,8.2773,,,1.9505,,,,,,
2002/4/25,8.2774,,,1.9504,,,,,,
2002/4/26,8.2774,,,1.95,,,,,,
2002/4/27,,,,1.9498,,,,,,
2002/4/28,,,,1.95,,,,,,
2002/4/29,8.2771,,,1.9499,,,,,,
2002/4/30,8.277,,,1.9512,,,,,,
2002/5/8,8.2773,,,1.952,,,,,,
2002/5/9,8.2773,,,1.952,,,,,,
2002/5/10,8.2772,,,1.952,,,,,,
2002/5/13,8.2771,,,1.9521,,,,,,
2002/5/14,8.2771,,,1.9512,,,,,30,
2002/5/15,8.277,,,1.9505,,,,,,
2002/5/16,8.2769,,,1.9506,,,,,,
2002/5/17,8.2768,,,1.9501,,,,,,
2002/5/20,8.2768,,,1.9501,,,,,,
2002/5/21,8.2768,,,1.9497,,,,,30,
2002/5/22,8.2769,,,1.9495,,,,,,
2002/5/23,8.277,,,1.9495,,,,,,
2002/5/24,8.277,,,1.9496,,,,,,
2002/5/27,8.2771,,,1.9499,,,,,,
2002/5/28,8.2769,,,1.9503,,,,,30,
2002/5/29,8.2766,,,1.9505,,,,,,
2002/5/30,8.2766,,,1.9502,,,,,,
2002/5/31,8.2766,,,1.9505,,,,,,
2002/6/3,8.2765,,,1.9508,,,,,,
2002/6/4,8.2767,,,1.9508,,,,,30,
2002/6/5,8.2768,,,1.9509,,,,,,
2002/6/6,8.2769,,,1.9513,,,,,,
2002/6/7,8.277,,,1.9512,,,,,,
2002/6/10,8.277,,,1.9513,,,,,,
2002/6/11,8.277,,,1.9513,,,,,30,
2002/6/12,8.2768,,,1.9513,,,,,,
2002/6/13,8.2769,,,1.9511,,,,,,
2002/6/14,8.2769,,,1.951,,,,,,
2002/6/17,8.2769,,,1.951,,,,,,
2002/6/18,8.2773,,,1.951,,,,,30,
2002/6/19,8.2775,,,1.9509,,,,,,
2002/6/20,8.2774,,,1.9509,,,,,,
2002/6/21,8.2772,,,1.9507,,,,,,
2002/6/24,8.2771,,,1.9507,,,,,,
2002/6/25,8.277,,,1.9503,,,,,,
2002/6/26,8.2771,,,1.9501,,,,,,
2002/6/27,8.2772,,,1.9499,,,,,,
2002/6/28,8.2771,,,1.9498,,,,,,
2002/7/1,8.2771,,,1.9498,,,,,,
2002/7/2,8.277,,,1.9501,,,,,,
2002/7/3,8.2769,,,1.9501,,,,,,
2002/7/4,8.2768,,,1.9499,,,,,,
2002/7/5,8.2767,,,1.9499,,,,,,
2002/7/8,8.2766,,,1.9498,,,,,,
2002/7/9,8.2767,,,1.9497,,,,,,
2002/7/10,8.2766,,,1.9496,,,,,,
2002/7/11,8.2766,,,1.9497,,,,,,
2002/7/12,8.2768,,,1.9494,,,,,,
2002/7/15,8.2767,,,1.9494,,,,,,
2002/7/16,8.2768,,,1.9492,,,,,,
2002/7/17,8.2768,,,1.9491,,,,,,
2002/7/18,8.2769,,,1.949,2.7,,,,,
2002/7/19,8.2768,,,1.9489,,,,,,
2002/7/22,8.2769,,,1.949,,,,,,
2002/7/23,8.277,,,1.9489,,,,,,
2002/7/24,8.277,,,1.9489,,,,,,
2002/7/25,8.2769,,,1.9489,,,,,,
2002/7/26,8.2769,,,1.949,,,,,,
2002/7/29,8.2768,,,1.949,,,,,,
2002/7/30,8.2767,,,1.949,,,,,,
2002/7/31,8.2766,,,1.9489,,,,,,
2002/8/1,8.2767,,,1.9492,,,,,,
2002/8/2,8.2766,,,1.9492,,,,,,
2002/8/5,8.2768,,,1.9494,,,,,,
2002/8/6,8.2767,,,1.9495,,,,,,
2002/8/7,8.2768,,,1.9495,,,,,,
2002/8/8,8.2769,,,1.9495,,,,,,
2002/8/9,8.2767,,,1.9495,,,,,,
2002/8/12,8.2766,,,1.9496,,,,,,
2002/8/13,8.2768,,,1.9496,,,,,,
2002/8/14,8.2767,,,1.9498,,,,,,
2002/8/15,8.2766,,,1.9497,,,,,,
2002/8/16,8.2768,,,1.9498,,,,,,
2002/8/19,8.2768,,,1.9497,,,,,,
2002/8/20,8.2767,,,1.9513,,,,,,
2002/8/21,8.2768,,,1.9535,,,,,,
2002/8/22,8.2766,,,1.9571,,,,,,
2002/8/23,8.2766,,,1.961,,,,,,
2002/8/26,8.2767,,,1.9645,,,,,,
2002/8/27,8.2766,,,1.9719,,,,,,
2002/8/28,8.2767,,,1.9836,,,,,,
2002/8/29,8.2768,,,1.9955,,,,,,
2002/8/30,8.2767,,,2.0064,,,,,,
2002/9/2,8.2768,,,2.0173,,,,,,
2002/9/3,8.2769,,,2.0297,,,,,,
2002/9/4,8.277,,,2.0389,,,,,,
2002/9/5,8.2771,,,2.0465,,,,,,
2002/9/6,8.2772,,,2.0547,,,,,,
2002/9/9,8.277,,,2.0607,,,,,,
2002/9/10,8.277,,,2.0668,,,,,,
2002/9/11,8.2769,,,2.0731,,,,,,
2002/9/12,8.2769,,,2.0789,,,,,,
2002/9/13,8.2768,,,2.0824,,,,,,
2002/9/16,8.2768,,,2.0892,,,,,,
2002/9/17,8.2768,,,2.0957,,,,,,
2002/9/18,8.2769,,,2.1029,,,,,,
2002/9/19,8.2769,,,2.112,,,,,,
2002/9/20,8.2768,,,2.1348,,,,,,
2002/9/23,8.277,,,2.1767,,,,,,
2002/9/24,8.277,,,2.2095,,,,,,
2002/9/25,8.2769,,,2.2489,,,,,,
2002/9/26,8.277,,,2.2882,,,,,,
2002/9/27,8.2771,,,2.3107,,,,,,
2002/9/28,,,,2.3106,,,,,,
2002/9/29,,,,2.3136,,,,,,
2002/9/30,8.2771,,,2.3027,,,,,,
2002/10/8,8.2772,,,2.2927,,,,,,
2002/10/9,8.2772,,,2.2796,,,,,,
2002/10/10,8.2771,,,2.2714,,,,,,
2002/10/11,8.277,,,2.2631,,,,,,
2002/10/14,8.2769,,,2.2591,,,,,,
2002/10/15,8.2768,,,2.2534,,,,,,
2002/10/16,8.2767,,,2.2514,,,,,,
2002/10/17,8.2767,,,2.2492,,,,,,
2002/10/18,8.2768,,,2.2472,,,,,,
2002/10/21,8.2767,,,2.245,,,,,,
2002/10/22,8.2768,,,2.243,,,,,,
2002/10/23,8.2768,,,2.2416,,,,,,
2002/10/24,8.2768,,,2.2412,,,,,,
2002/10/25,8.277,,,2.2398,,,,,,
2002/10/28,8.2771,,,2.2391,,,,,,
2002/10/29,8.2771,,,2.2386,,,,,,
2002/10/30,8.2772,,,2.2383,,,,,,
2002/10/31,8.2771,,,2.2371,,,,,,
2002/11/1,8.2771,,,2.2366,,,,,,
2002/11/4,8.2771,,,2.2363,,,,,,
2002/11/5,8.2772,,,2.2352,,,,,,
2002/11/6,8.277,,,2.2344,,,,,,
2002/11/7,8.2771,,,2.2341,,,,,,
2002/11/8,8.2771,,,2.233,,,,,,
2002/11/11,8.2772,,,2.2323,,,,,,
2002/11/12,8.277,,,2.2321,,,,,,
2002/11/13,8.2771,,,2.2318,,,,,,
2002/11/14,8.2773,,,2.2311,,,,,,
2002/11/15,8.2772,,,2.2309,,,,,,
2002/11/18,8.2773,,,2.2305,,,,,,
2002/11/19,8.2773,,,2.2298,,,,,,
2002/11/20,8.2772,,,2.2293,,,,,,
2002/11/21,8.277,,,2.229,,,,,,
2002/11/22,8.277,,,2.2288,,,,,,
2002/11/25,8.2772,,,2.2286,,,,,,
2002/11/26,8.2772,,,2.2287,,,,,,
2002/11/27,8.277,,,2.2285,,,,,,
2002/11/28,8.2771,,,2.2284,,,,,,
2002/11/29,8.2772,,,2.2283,,,,,,
2002/12/2,8.2772,,,2.2283,,,,,,
2002/12/3,8.2772,,,2.2283,,,,,,
2002/12/4,8.2771,,,2.2281,,,,,,
2002/12/5,8.2772,,,2.2278,,,,,,
2002/12/6,8.277,,,2.2287,,,,,,
2002/12/9,8.2772,,,2.232,,,,,,
2002/12/10,8.2773,,,2.2365,,,,,,
2002/12/11,8.277,,,2.2425,,,,,,
2002/12/12,8.2772,,,2.2492,,,,,,
2002/12/13,8.2772,,,2.2571,,,,,,
2002/12/16,8.277,,,2.2691,,,,,,
2002/12/17,8.2772,,,2.2828,,,,,,
2002/12/18,8.2773,,,2.2964,,,,,,
2002/12/19,8.2773,,,2.3101,,,,,,
2002/12/20,8.2773,,,2.3227,,,,,,
2002/12/23,8.2774,,,2.3329,,,,,,
2002/12/24,8.2775,,,2.3406,,,,,,
2002/12/25,8.2775,,,2.3452,,,,,,
2002/12/26,8.2774,,,2.3506,,,,,,
2002/12/27,8.2774,,,2.3514,,,,,,
2002/12/30,8.2772,,,2.3549,,,,,,
2002/12/31,8.2773,,,2.3533,,,,,,
2003/1/2,8.277,,,2.3523,,,,,,
2003/1/3,8.277,,,2.3408,,,,,,
2003/1/6,8.2768,,,2.331,,,,,,
2003/1/7,8.2768,,,2.3184,,,,,50,
2003/1/8,8.2767,,,2.3089,,,,,,
2003/1/9,8.2766,,,2.2992,,,,,,
2003/1/10,8.2766,,,2.2949,,,,,,
2003/1/13,8.2766,,,2.2886,,,,,,
2003/1/14,8.2768,,,2.2821,,,,,50,
2003/1/15,8.2768,,,2.2757,,,,,,
2003/1/16,8.277,,,2.2696,,,,,,
2003/1/17,8.277,,,2.2635,,,,,,
2003/1/20,8.277,,,2.2589,,,,,,
2003/1/21,8.2772,,,2.2545,,,,,50,
2003/1/22,8.277,,,2.2505,,,,,,
2003/1/23,8.277,,,2.2463,,,,,,
2003/1/24,8.2765,,,2.2482,,,,,,
2003/1/27,8.2768,,,2.2512,,,,,,
2003/1/28,8.2768,,,2.261,,,,,,
2003/1/29,8.2767,,,2.2732,,,,,,
2003/1/30,,,,2.2876,,,,,,
2003/1/31,,,,2.2996,,,,,,
2003/2/8,,,,2.3051,,,,,,
2003/2/9,,,,2.3034,,,,,,
2003/2/10,8.277,,,2.2992,,,,,,
2003/2/11,8.2773,,,2.292,,,,,,
2003/2/12,8.2775,,,2.2841,,,,,,
2003/2/13,8.2775,,,2.2785,,,,,,
2003/2/14,8.2773,,,2.2743,,,,,,
2003/2/17,8.2773,,,2.2699,,,,,,
2003/2/18,8.2774,,,2.2659,,,,,,
2003/2/19,8.2772,,,2.261,,,,,,
2003/2/20,8.2775,,,2.2566,,,,,,
2003/2/21,8.2775,,,2.2519,,,,,,
2003/2/24,8.2775,,,2.2476,,,,,,
2003/2/25,8.2775,,,2.2421,,,,,,
2003/2/26,8.2775,,,2.2364,,,,,,
2003/2/27,8.2774,,,2.2264,,,,,,
2003/2/28,8.2774,,,2.2133,,,,,,
2003/3/1,,,,2.1937,,,,,,
2003/3/2,,,,2.1775,,,,,,
2003/3/3,8.2775,,,2.1638,,,,,,
2003/3/4,8.2775,,,2.1495,,,,,,
2003/3/5,8.2773,,,2.1335,,,,,,
2003/3/6,8.2775,,,2.1206,,,,,,
2003/3/7,8.2775,,,2.1046,,,,,,
2003/3/8,,,,2.0911,,,,,,
2003/3/10,8.2774,,,2.0819,,,,,,
2003/3/11,8.2772,,,2.0787,,,,,,
2003/3/12,8.277,,,2.0774,,,,,,
2003/3/13,8.277,,,2.0772,,,,,,
2003/3/14,8.277,,,2.074,,,,,,
2003/3/15,,,,2.0692,,,,,,
2003/3/17,8.277,,,2.0639,,,,,,
2003/3/18,8.277,,,2.0579,,,,,,
2003/3/19,8.2772,,,2.0507,,,,,,
2003/3/20,8.2771,,,2.0442,,,,,,
2003/3/21,8.2771,,,2.0371,,,,,,
2003/3/24,8.2773,,,2.0291,,,,,,
2003/3/25,8.2773,,,2.02,,,,,,
2003/3/26,8.2771,,,2.0111,,,,,,
2003/3/27,8.2774,,,2.0026,,,,,,
2003/3/28,8.2772,,,1.9958,,,,,,
2003/3/31,8.2771,,,1.9891,,,,,,
2003/4/1,8.2774,,,1.9835,,,,,,
2003/4/2,8.2773,,,1.9799,,,,,,
2003/4/3,8.277,,,1.9781,,,,,,
2003/4/4,8.277,,,1.9758,,,,,,
2003/4/7,8.277,,,1.9738,,,,,,
2003/4/8,8.2772,,,1.9721,2.8,,,,,
2003/4/9,8.2772,,,1.9694,,,,,,
2003/4/10,8.2774,,,1.9655,,,,,,
2003/4/11,8.2773,,,1.9618,,,,,,
2003/4/14,8.2772,,,1.9587,,,,,,
2003/4/15,8.2774,,,1.9562,,,,,,
2003/4/16,8.2772,,,1.9542,,,,,,
2003/4/17,8.2772,,,1.9529,,,,,,
2003/4/18,8.2771,,,1.9519,,,,,,
2003/4/21,8.277,,,1.951,,,,,,
2003/4/22,8.2769,,,1.9496,,,,,,
2003/4/23,8.277,,,1.9481,,,,,,
2003/4/24,8.2772,,,1.9469,,,,,,
2003/4/25,8.2772,,,1.9463,,,,,,
2003/4/28,8.277,,,1.9493,,,,,,
2003/4/29,8.277,,,1.9565,,,,,,
2003/4/30,8.277,,,1.9633,,,,,,
2003/5/6,,,,1.97,,,,,,
2003/5/7,,,,1.9762,,,,,,
2003/5/8,,,,1.9803,,,,,,
2003/5/9,,,,1.9828,,,,,,
2003/5/12,8.2768,,,1.986,,,,,,
2003/5/13,8.277,,,1.9901,,,,,,
2003/5/14,8.277,,,1.9938,,,,,,
2003/5/15,8.2769,,,1.9981,,,,,,
2003/5/16,8.2768,,,2.0033,,,,,,
2003/5/19,8.277,,,2.0072,,,,,,
2003/5/20,8.2768,,,2.0112,,,,,,
2003/5/21,8.2768,,,2.0156,,,,,,
2003/5/22,8.2769,,,2.0203,,,,,,
2003/5/23,8.2768,,,2.0249,,,,,,
2003/5/26,8.2768,,,2.0307,,,,,,
2003/5/27,8.2768,,,2.038,,,,,,
2003/5/28,8.2768,,,2.0464,,,,,,
2003/5/29,8.277,,,2.0571,,,,,,
2003/5/30,8.277,,,2.0696,,,,,,
2003/6/2,8.2768,,,2.0819,,,,,,
2003/6/3,8.2768,,,2.0935,,,,,,
2003/6/4,8.2769,,,2.104,,,,,,
2003/6/5,8.277,,,2.1117,,,,,,
2003/6/6,8.277,,,2.1175,,,,,,
2003/6/9,8.277,,,2.123,,,,,,
2003/6/10,8.277,,,2.1276,,,,,,
2003/6/11,8.2768,,,2.131,,,,,,
2003/6/12,8.277,,,2.1344,,,,,,
2003/6/13,8.277,,,2.1372,,,,,,
2003/6/16,8.2768,,,2.1407,,,,,,
2003/6/17,8.2769,,,2.1453,,,,,,
2003/6/18,8.2768,,,2.149,,,,,,
2003/6/19,8.2768,,,2.1533,,,,,,
2003/6/20,8.277,,,2.1575,,,,,,
2003/6/23,8.2772,,,2.1618,,,,,,
2003/6/24,8.2773,,,2.1663,,,,,,
2003/6/25,8.2773,,,2.171,,,,,,
2003/6/26,8.2775,,,2.1811,,,,,,
2003/6/27,8.2775,,,2.1941,,,,,,
2003/6/30,8.2774,,,2.2099,,,,,,
2003/7/1,8.2774,,,2.2254,,,,,,
2003/7/2,8.2774,,,2.2397,,,,,,
2003/7/3,8.2775,,,2.2521,,,,,,
2003/7/4,8.2775,,,2.2619,,,,,,
2003/7/7,8.2776,,,2.2675,,,,,,
2003/7/8,8.2773,,,2.2716,,,,,,
2003/7/9,8.2773,,,2.2744,,,,,,
2003/7/10,8.2773,,,2.274,,,,,,
2003/7/11,8.2773,,,2.2705,,,,,,
2003/7/14,8.2772,,,2.2628,,,,,,
2003/7/15,8.2771,,,2.252,,,,,,
2003/7/16,8.2771,,,2.2401,,,,,,
2003/7/17,8.277,,,2.2269,,,,,,
2003/7/18,8.277,,,2.2135,,,,,,
2003/7/21,8.277,,,2.201,,,,,,
2003/7/22,8.2768,,,2.1903,,,,,,
2003/7/23,8.277,,,2.1784,,,,,,
2003/7/24,8.277,,,2.1678,,,,,,
2003/7/25,8.2772,,,2.162,,,,,,
2003/7/28,8.2772,,,2.1556,,,,,,
2003/7/29,8.2775,,,2.1506,,,,,,
2003/7/30,8.2775,,,2.1467,,,,,,
2003/7/31,8.2773,,,2.1428,,,,,,
2003/8/1,8.2773,,,2.1368,,,,,,
2003/8/4,8.2772,,,2.1313,,,,,,
2003/8/5,8.2775,,,2.1266,,,,,,
2003/8/6,8.2775,,,2.1212,,,,,,
2003/8/7,8.2773,,,2.1181,,,,,,
2003/8/8,8.2773,,,2.112,,,,,,
2003/8/11,8.2772,,,2.1081,,,,,,
2003/8/12,8.2772,,,2.1008,,,,,,
2003/8/13,8.277,,,2.0965,,,,,,
2003/8/14,8.277,,,2.0933,,,,,,
2003/8/15,8.277,,,2.0925,,,,,,
2003/8/18,8.2768,,,2.0905,,,,,,
2003/8/19,8.2768,,,2.0898,,,,,,
2003/8/20,8.2767,,,2.0876,,,,,,
2003/8/21,8.2768,,,2.0883,,,,,,
2003/8/22,8.2766,,,2.0953,,,,,,
2003/8/23,,,,,,,7,,,
2003/8/25,8.2766,,,2.1097,,,,,,
2003/8/26,8.2768,,,2.1527,,,,,600,
2003/8/27,8.2768,,,2.2122,,,,,,
2003/8/28,8.277,,,2.3434,,,,,,
2003/8/29,8.2771,,,2.4805,,,,,,
2003/9/1,8.2771,,,2.6226,,,,,,
2003/9/2,8.277,,,2.7383,,,,,400,
2003/9/3,8.277,,,2.8355,,,,,,
2003/9/4,8.2768,,,2.8691,,,,,,
2003/9/5,8.277,,,2.8844,,,,,,
2003/9/8,8.277,,,2.8734,,,,,,
2003/9/9,8.2769,,,2.8589,,,,,,
2003/9/10,8.277,,,2.8444,,,,,,
2003/9/11,8.277,,,2.836,,,,,,
2003/9/12,8.2772,,,2.8276,,,,,,
2003/9/15,8.2772,,,2.8249,,,,,,
2003/9/16,8.2774,,,2.8229,,,,,,
2003/9/17,8.2774,,,2.8183,3.02,,,,,
2003/9/18,8.2775,,,2.8136,,,,,,
2003/9/19,8.2775,,,2.8095,,,,,,
2003/9/21,,,,,,,,7,,
2003/9/22,8.2773,,,2.808,,,,,,
2003/9/23,8.2773,,,2.81,,,,,100,
2003/9/24,8.2772,,,2.8221,,,,,,
2003/9/25,8.277,,,2.8459,,,,,,
2003/9/26,8.277,,,2.8793,,,,,,
2003/9/27,,,,2.9295,,,,,,
2003/9/28,,,,2.9922,,,,,,
2003/9/29,8.2771,,,3.0549,,,,,,
2003/9/30,8.277,,,3.0899,,,,,,
2003/10/8,8.277,,,3.1441,,,,,,
2003/10/9,8.2771,,,3.1782,,,,,,
2003/10/10,8.2771,,,3.1985,,,,,,
2003/10/13,8.277,,,3.2086,,,,,,
2003/10/14,8.2768,,,3.2246,,,,,,
2003/10/15,8.2767,,,3.2128,,,,,,
2003/10/16,8.2767,,,3.196,,,,,,
2003/10/17,8.2766,,,3.1633,,,,,,
2003/10/20,8.2766,,,3.1273,,,,,,
2003/10/21,8.2766,,,3.0902,,,,,,
2003/10/22,8.2765,,,3.056,,,,,,
2003/10/23,8.2766,,,3.0252,,,,,,
2003/10/24,8.2766,,,3.0012,,,,,,
2003/10/27,8.2768,,,2.9727,,,,,,
2003/10/28,8.2767,,,2.9423,,,,,,
2003/10/29,8.2766,,,2.9295,,,,,,
2003/10/30,8.2766,,,2.9364,,,,,,
2003/10/31,8.2766,,,2.9955,,,,,,
2003/11/3,8.2766,,,3.0761,,,,,,
2003/11/4,8.2766,,,3.1826,,,,,200,
2003/11/5,8.2767,,,3.332,,,,,,
2003/11/6,8.2767,,,3.3802,,,,,,
2003/11/7,8.2769,,,3.349,,,,,,
2003/11/10,8.277,,,3.2916,,,,,,
2003/11/11,8.277,,,3.2169,,,,,,
2003/11/12,8.2769,,,3.0953,,,,,,
2003/11/13,8.277,,,3.0136,,,,,,
2003/11/14,8.277,,,2.9323,,,,,,
2003/11/17,8.277,,,2.8452,,,,,,
2003/11/18,8.2769,,,2.7546,,,,,,
2003/11/19,8.2767,,,2.661,,,,,,
2003/11/20,8.2767,,,2.5583,,,,,,
2003/11/21,8.2769,,,2.4757,,,,,,
2003/11/24,8.277,,,2.3858,,,,,,
2003/11/25,8.2771,,,2.3082,,,,,,
2003/11/26,8.277,,,2.2523,,,,,,
2003/11/27,,,,2.2191,,,,,,
2003/11/28,8.2772,,,2.1949,,,,,,
2003/12/1,8.277,,,2.1879,,,,,,
2003/12/2,8.2772,,,2.1831,,,,,,
2003/12/3,8.2772,,,2.1772,,,,,,
2003/12/4,8.2771,,,2.1691,,,,,,
2003/12/5,8.277,,,2.1602,,,,,,
2003/12/8,8.2769,,,2.1538,,,,,,
2003/12/9,8.2771,,,2.149,,,,,,
2003/12/10,8.2771,,,2.1451,,,,,,
2003/12/11,8.277,,,2.1432,,,,,,
2003/12/12,8.2771,,,2.1418,,,,,,
2003/12/15,8.2771,,,2.1406,,,,,,
2003/12/16,8.2772,,,2.1392,,,,,,
2003/12/17,8.2771,,,2.1389,,,,,,
2003/12/18,,,,2.1403,,,,,,
2003/12/19,8.2769,,,2.1422,,,,,,
2003/12/22,8.277,,,2.141,,,,,,
2003/12/23,8.2769,,,2.1413,,,,,,
2003/12/24,8.2769,,,2.1413,,,,,,
2003/12/25,8.277,,,2.1411,,,,,,
2003/12/26,8.2768,,,2.1418,,,,,,
2003/12/29,8.2768,,,2.1429,,,,,,
2003/12/30,8.2769,,,2.1432,,,,,,
2003/12/31,8.2767,,,2.1442,,,,,,
2004/1/2,8.2767,,,2.141,,70,,,,
2004/1/5,8.2769,,,2.1374,,0,,,,
2004/1/6,8.2769,,,2.1337,,0,,,,
2004/1/7,8.2771,,,2.1302,,-150,,,,
2004/1/8,8.2772,,,2.1249,,0,,,,
2004/1/9,8.2772,,,2.1208,,0,,,,
2004/1/12,8.277,,,2.1156,,0,,,,
2004/1/13,8.277,,,2.1101,,0,,,,
2004/1/14,8.2768,,,2.1053,,-260,,,,
2004/1/15,8.2768,,,2.1007,,50,,,,
2004/1/16,8.2767,,,2.0991,,470,,,,
2004/1/17,,,,2.2809,,0,,,,
2004/1/18,,,,2.5308,,0,,,,
2004/1/19,,,,2.7743,,0,,,,
2004/1/20,,,,2.9811,,0,,,,
2004/1/21,,,,3.1849,,-50,,,,
2004/1/29,8.2771,,,3.2067,,100,,,,
2004/1/30,8.277,,,3.0891,,-400,,,,
2004/2/2,8.2768,,,2.9738,,0,,,,
2004/2/3,8.277,,,2.8744,,0,,,,
2004/2/4,8.2772,,,2.6989,,-200,,,,
2004/2/5,8.2772,,,2.5551,,0,,,,
2004/2/6,8.2773,,,2.4728,,0,,,,
2004/2/9,8.2773,,,2.3926,,0,,,,
2004/2/10,8.2773,,,2.3187,,0,,,,
2004/2/11,8.2772,,,2.2917,,-350,,,,
2004/2/12,8.2771,,,2.2701,,100,,,,
2004/2/13,8.2772,,,2.2474,,80,,,,
2004/2/16,8.2772,,,2.2244,,0,,,,
2004/2/17,8.2772,,,2.202,,0,,,,
2004/2/18,8.277,,,2.1809,,-500,,,,
2004/2/19,8.277,,,2.1639,,150,,,,
2004/2/20,8.2771,,,2.1488,,80,,,,
2004/2/23,8.2772,,,2.1357,,0,,,,
2004/2/24,8.2772,,,2.1232,,0,,,,
2004/2/25,8.2771,,,2.111,,-500,,,,
2004/2/26,8.277,,,2.097,,200,,,,
2004/2/27,8.277,,,2.0835,,0,,,,
2004/3/1,8.2769,,,2.0694,,0,,,,
2004/3/2,8.2768,,,2.0556,,0,,,,
2004/3/3,8.2768,,,2.0403,,-350,,,,
2004/3/4,8.2768,,,2.0252,,0,,,,
2004/3/5,8.277,,,2.0097,,0,,,,
2004/3/8,8.2771,,,1.9944,,0,,,,
2004/3/9,8.2771,,,1.9784,,0,,,,
2004/3/10,8.2771,,,1.9655,,-350,,,,
2004/3/11,8.2771,,,1.9539,,0,,,,
2004/3/12,8.2772,,,1.9427,,0,,,,
2004/3/15,8.2771,,,1.932,,0,,,,
2004/3/16,8.2773,,,1.9232,,0,,,,
2004/3/17,8.2773,,,1.9132,,-450,,,,
2004/3/18,8.2774,,,1.9011,,0,,,,
2004/3/19,8.2774,,,1.8896,,0,,,,
2004/3/22,8.2772,,,1.8777,,0,,,,
2004/3/23,8.2773,,,1.8653,,0,,,,
2004/3/24,8.2774,,,1.8542,,-246,,,,
2004/3/25,8.2772,,,1.8508,,0,,,,
2004/3/26,8.2771,,,1.8564,,0,,,,
2004/3/29,8.277,,,1.863,,0,,,,
2004/3/30,8.2771,,,1.8707,,0,,,,
2004/3/31,8.2771,,,1.8793,,-185,,,,
2004/4/1,8.277,,,1.8833,,0,,,,
2004/4/2,8.2769,,,1.8826,,0,,,,
2004/4/5,8.2769,,,1.8781,,0,,,,
2004/4/6,8.2769,,,1.8728,,0,,,,
2004/4/7,8.2769,,,1.8665,,-429,,,,
2004/4/8,8.2769,,,1.8612,,0,,,,
2004/4/9,8.2769,,,1.8546,,0,,,,
2004/4/12,8.2769,,,1.8479,,0,7.5,,,
2004/4/13,8.277,,,1.8489,,0,,,,
2004/4/14,8.2769,,,1.8741,,17.5,,,,
2004/4/15,8.2772,,,1.9121,,50,,,,
2004/4/16,8.2771,,,1.9598,,0,,,,
2004/4/19,8.2769,,,2.0145,,0,,,,
2004/4/20,8.2768,,,2.0707,,0,,,,
2004/4/21,8.2768,,,2.1184,,50,,,,
2004/4/22,8.2769,,,2.179,,50,,,,
2004/4/23,8.277,,,2.2454,,0,,,,
2004/4/25,,,,,,,,7.5,,
2004/4/26,8.2769,,,2.3138,,0,,,,
2004/4/27,8.2768,,,2.3693,,0,,,,
2004/4/28,8.2768,,,2.4034,,0,,,,
2004/4/29,8.2768,,,2.4144,,100,,,,
2004/4/30,8.2769,,,2.4368,,200,,,,
2004/5/8,8.2771,,,2.4347,,0,,,,
2004/5/9,8.2771,,,2.3937,,0,,,,
2004/5/10,8.277,,,2.3573,,0,,,,
2004/5/11,8.2769,,,2.3254,,150,,,,
2004/5/12,8.2773,,,2.2801,,-128,,,,
2004/5/13,8.2773,,,2.2441,,-200,,,,
2004/5/14,8.2772,,,2.2325,,0,,,,
2004/5/17,8.2772,,,2.218,,0,,,,
2004/5/18,8.2772,,,2.2025,,100,,,,
2004/5/19,8.2771,,,2.1892,,-500,,,,
2004/5/20,8.2769,,,2.1807,,-300,,,,
2004/5/21,8.2771,,,2.1757,,0,,,,
2004/5/24,8.2771,,2.2482,2.1595,,0,,,,
2004/5/25,8.2771,,2.1689,2.1445,,100,,,,
2004/5/26,8.2769,,2.2195,2.1304,,50,,,,
2004/5/27,8.2769,,2.1956,2.1201,,-200,,,,
2004/5/28,8.2768,,2.3423,2.1123,,200,,,,
2004/5/31,8.2769,,2.1782,2.1196,,0,,,,
2004/6/1,8.2768,,2.2355,2.1451,,0,,,,
2004/6/2,8.2767,,2.3903,2.183,,-200,,,,
2004/6/3,8.2767,,2.3535,2.2342,,88.2,,,,
2004/6/4,8.2768,,2.5628,2.3103,,100,,,,
2004/6/7,8.2767,,2.4188,2.3779,,0,,,,
2004/6/8,8.2767,,2.3335,2.4285,,0,,,,
2004/6/9,8.2767,,2.4574,2.4642,,-100,,,,
2004/6/10,8.2767,,2.5023,2.483,,300,,,,
2004/6/11,8.2768,,2.616,2.4814,,0,,,,
2004/6/14,8.2767,,2.3473,2.4588,,0,,,,
2004/6/15,8.2766,,2.4313,2.4271,,0,,,,
2004/6/16,8.2766,,2.4516,2.3936,,-100,,,,
2004/6/17,8.2766,,2.4186,2.3647,,400,,,,
2004/6/18,8.2766,,2.3889,2.3439,,0,,,,
2004/6/21,8.2766,,2.3562,2.3539,,0,,,,
2004/6/22,8.2766,,2.3616,2.3731,,0,,,,
2004/6/23,8.2766,,2.3505,2.3948,,-100,,,,
2004/6/24,8.2767,,2.6192,2.4147,,251.7,,,,
2004/6/25,8.2766,,2.428,2.434,,0,,,,
2004/6/28,8.2767,,2.4449,2.4391,,0,,,,
2004/6/29,8.2766,,2.2222,2.4377,,0,,,,
2004/6/30,8.2766,,2.3842,2.4392,,50,,,,
2004/7/1,8.2766,,2.3128,2.4409,,-70,,,,
2004/7/2,8.2767,,2.2211,2.4365,,0,,,,
2004/7/5,8.2766,,2.5026,2.4252,,0,,,,
2004/7/6,8.2768,,2.2875,2.4173,,0,,,,
2004/7/7,8.2768,,2.4515,2.4046,,79,,,,
2004/7/8,8.2768,,2.4108,2.3899,,-260,,,,120
2004/7/9,8.2769,,2.2944,2.3724,,0,,,,
2004/7/12,8.2769,,2.3715,2.3517,,0,,,,
2004/7/13,8.2768,,2.1024,2.3295,,0,,,,
2004/7/14,8.2768,,2.2696,2.3086,,-222,,,,
2004/7/15,8.2767,,2.2194,2.2887,,-250,,,,70
2004/7/16,8.2767,,2.1995,2.2721,,0,,,,
2004/7/19,8.2766,,2.232,2.2527,,0,,,,
2004/7/20,8.2766,,2.2038,2.2347,,0,,,,
2004/7/21,8.2767,,2.3578,2.222,,-170,,,,
2004/7/22,8.2766,,2.3116,2.2146,,140,,,,
2004/7/23,8.2766,,2.4854,2.2596,,60,,,,
2004/7/26,8.2766,,2.4453,2.3069,,0,,,,
2004/7/27,8.2767,,2.3512,2.3524,,-10,,,,
2004/7/28,8.2767,,2.4034,2.3888,,-50,,,,
2004/7/29,8.2768,,2.3548,2.4237,,170,,,,
2004/7/30,8.2769,,2.6354,2.4215,,60,,,,
2004/8/2,8.2769,,2.4337,2.4185,,0,,,,
2004/8/3,8.277,,2.3173,2.4131,,-40,,,,
2004/8/4,8.277,,2.347,2.4098,,-80,,,,
2004/8/5,8.277,,2.3899,2.4038,,190,,,,
2004/8/6,8.2769,,2.5907,2.3993,,-90,,,,
2004/8/9,8.2769,,2.3888,2.3736,4.86,0,,,,
2004/8/10,8.2769,,2.291,2.3494,,0,,,,
2004/8/11,8.277,,2.3487,2.3278,,120,,,,
2004/8/12,8.2769,,2.2266,2.3072,,160,,,,
2004/8/13,8.2769,,2.363,2.2906,,-100,,,,
2004/8/16,8.2768,,2.331,2.2782,,0,,,,
2004/8/17,8.2768,,2.1856,2.2722,,0,,,,
2004/8/18,8.2767,,2.3431,2.2663,,120,,,,
2004/8/19,8.2767,,2.3172,2.2617,,130,,,,
2004/8/20,8.2768,,2.3248,2.257,,0,,,,
2004/8/23,8.2767,,2.3378,2.2545,,0,,,,
2004/8/24,8.2767,,2.2156,2.2515,,0,,,,
2004/8/25,8.2767,,2.3679,2.2497,,120,,,,
2004/8/26,8.2766,,2.3491,2.2477,,100,,,,
2004/8/27,8.2766,,2.4592,2.2455,,-40,,,,
2004/8/30,8.2767,,2.1978,2.24,,0,,,,
2004/8/31,8.2767,,2.1963,2.2334,,30,,,,
2004/9/1,8.2766,,2.2923,2.2227,,-40,,,,
2004/9/2,8.2766,,2.2678,2.2097,,130,,,,
2004/9/3,8.2767,,2.348,2.1941,,50,,,,
2004/9/6,8.2767,,2.2845,2.1773,,0,,,,
2004/9/7,8.2766,,2.1309,2.1622,,-100,,,,
2004/9/8,8.2767,,2.3014,2.1505,,-150,,,,
2004/9/9,8.2767,,2.289,2.1412,,70,,,,
2004/9/10,8.2768,,2.3584,2.1308,,120,,,,
2004/9/13,8.2766,,2.3505,2.1236,,0,,,,
2004/9/14,8.2766,,2.1726,2.1166,,0,,,,
2004/9/15,8.2767,,2.1432,2.1096,,-180,,,,
2004/9/16,8.2768,,2.3562,2.1025,,30,,,,
2004/9/17,8.2766,,2.3119,2.098,,-200,,,,
2004/9/20,8.2767,,2.3056,2.0949,,0,,,,
2004/9/21,,,2.115,2.0921,,70,,,,
2004/9/22,8.2766,,2.1879,2.0889,,-200,,,,
2004/9/23,8.2766,,2.1988,2.0856,,120,,,,
2004/9/24,8.2766,,2.2378,2.0854,,-120.3,,,,
2004/9/27,8.2766,,2.4129,2.0976,,0,,,,
2004/9/28,8.2766,,2.2205,2.1158,,50,,,,
2004/9/29,8.2766,,2.3622,2.1633,,-100,,,,
2004/9/30,8.2766,,2.4221,2.213,,170,,,,
2004/10/8,8.2766,,2.3302,2.2338,,200,,,,
2004/10/9,,,2.2232,2.2423,,0,,,,
2004/10/10,,,2.1993,2.2449,,0,,,,
2004/10/11,8.2767,,2.2443,2.2281,,0,,,,
2004/10/12,8.2765,,2.1843,2.2074,,-50,,,,
2004/10/13,8.2765,,2.1904,2.1996,,-240,,,,
2004/10/14,8.2765,,2.2543,2.1909,,340,,,,
2004/10/15,8.2765,,2.268,2.1819,,-500,,,,
2004/10/18,8.2765,,2.089,2.1729,,0,,,,
2004/10/19,8.2765,,2.2174,2.16,,0,,,,
2004/10/20,8.2765,,2.2223,2.1492,,-400,,,,
2004/10/21,8.2765,,2.2058,2.1331,,130,,,,
2004/10/22,8.2765,,2.2353,2.12,,-400,,,,
2004/10/25,,,2.0814,2.1073,,0,,,,
2004/10/26,8.2765,,2.1272,2.0966,,0,,,,
2004/10/27,8.2765,,2.1998,2.0865,,-240,,,,
2004/10/28,8.2765,,2.1226,2.0807,,0,,,,
2004/10/29,8.2765,,2.2766,2.0743,,-200,,,,
2004/11/1,8.2765,,2.1466,2.1075,,0,,,,
2004/11/2,8.2765,,2.1898,2.1438,,0,,,,
2004/11/3,8.2765,,2.2244,2.1772,,-80,,,,
2004/11/4,8.2765,,2.3235,2.2075,,0,,,,
2004/11/5,8.2765,,2.2535,2.236,,-100,,,,
2004/11/8,8.2765,,2.1995,2.2235,,150,,,,
2004/11/9,8.2765,,2.1922,2.2022,,0,,,,
2004/11/10,8.2765,,2.6483,2.1884,,-120,,,,
2004/11/11,8.2765,,2.226,2.1732,,0,,,,
2004/11/12,8.2765,,2.2318,2.1557,,-50,,,,
2004/11/15,8.2765,,2.2092,2.1486,,180,,,,
2004/11/16,8.2765,,2.1926,2.1427,,0,,,,
2004/11/17,8.2765,,2.1367,2.1277,,-150,,,,
2004/11/18,8.2765,,2.2478,2.1098,,0,,,,
2004/11/19,8.2765,,2.1556,2.092,,-120,,,,
2004/11/22,8.2765,,2.2847,2.061,,80,,,,
2004/11/23,8.2765,,2.1187,2.0261,,0,,,,
2004/11/24,8.2765,,2.0912,2.0084,,-240,,,,
2004/11/25,8.2765,,2.2613,1.9944,,0,,,,
2004/11/26,8.2765,,2.1575,1.9821,,-150,,,,
2004/11/29,8.2765,,2.1969,1.9734,,40,,,,
2004/11/30,8.2765,,2.0597,1.9608,,0,,,,
2004/12/1,8.2765,,1.982,1.9545,,-200,,,,
2004/12/2,8.2765,,2.2148,1.9479,,0,,,,
2004/12/3,8.2765,,2.1063,1.9408,,-100,,,,
2004/12/6,8.2765,,2.1554,1.9321,,0,,,,
2004/12/7,8.2765,,1.9885,1.92,,0,,,,
2004/12/8,8.2765,,2.0167,1.9081,,-350,,,,
2004/12/9,8.2765,,2.1435,1.8947,,0,,,,
2004/12/10,8.2765,,2.076,1.8814,,-70,,,,
2004/12/13,8.2765,,2.1188,1.8676,,0,,,,
2004/12/14,8.2765,,2.0538,1.8645,,0,,,,
2004/12/15,8.2765,,2.0782,1.8614,,-550,,,,
2004/12/16,8.2765,,2.0252,1.8575,,0,,,,
2004/12/17,8.2765,,2.0532,1.8551,,50,,,,
2004/12/20,8.2765,,2.1613,1.8534,,0,,,,
2004/12/21,8.2765,,2.0097,1.8458,,0,,,,
2004/12/22,8.2765,,2.0885,1.8388,,-200,,,,
2004/12/23,8.2765,,2.0917,1.8342,,0,,,,
2004/12/24,8.2765,,2.2556,1.8304,,150,,,,
2004/12/27,8.2765,,1.96,1.8294,,0,,,,
2004/12/28,8.2765,,2.1227,1.8348,,0,,,,
2004/12/29,8.2765,,2.2055,1.8518,,-150,,,,
2004/12/30,8.2765,,2.3591,1.8682,,0,,,,
2004/12/31,8.2765,,1.9936,1.8842,,-150,,,,
2005/1/4,8.2765,,1.9452,1.8984,,0,,,,
2005/1/5,8.2765,,2.0042,1.9088,,-150,,,,
2005/1/6,8.2765,,2.2256,1.9024,,0,,,,
2005/1/7,8.2765,,2.0913,1.8955,,-230,,,,
2005/1/10,8.2765,,2.1783,1.882,,0,,,,
2005/1/11,8.2765,,1.9403,1.8679,,0,,,,
2005/1/12,8.2765,,1.9776,1.8532,,-600,,,,
2005/1/13,8.2765,,2.1301,1.8444,,0,,,,
2005/1/14,8.2765,,2.0561,1.8362,,-400,,,,
2005/1/17,8.2765,,1.9768,1.8321,,500,,,,
2005/1/18,8.2765,,2.0192,1.8289,,0,,,,
2005/1/19,8.2765,,1.9273,1.8282,,-100,,,,
2005/1/20,8.2765,,2.1703,1.8283,,0,,,,
2005/1/21,8.2765,,2.2989,1.8289,,-100,,,,
2005/1/24,8.2765,,2.003,1.8307,,400,,,,
2005/1/25,8.2765,,2.0173,1.8332,,0,,,,
2005/1/26,8.2765,,2.1526,1.8342,,0,,,,
2005/1/27,8.2765,,2.0849,1.8339,,0,,,,
2005/1/28,8.2765,,2.0546,1.8335,,200,,,,
2005/1/31,8.2765,,2.0218,1.8356,,0,,,,
2005/2/1,8.2765,,2.0086,1.8364,,170,,,,
2005/2/2,8.2765,,1.9795,1.8384,,0,,,,
2005/2/3,8.2765,,2.4101,1.8541,,160,,,,
2005/2/4,8.2765,,2.6163,1.8934,,100,,,,
2005/2/5,,,2.8529,2.0152,,0,,,,
2005/2/6,,,2.56,2.1432,,100,,,,
2005/2/7,,,2.6411,2.2642,,50,,,,
2005/2/8,,,2.6133,2.3494,,0,,,,
2005/2/16,8.2765,,2.3677,2.3151,,0,,,,
2005/2/17,8.2765,,2.1825,2.2281,,0,,,,
2005/2/18,8.2765,,2.168,2.1383,,20,,,,
2005/2/21,8.2765,,2.1081,2.0519,,-300,,,,
2005/2/22,8.2765,,2.0957,1.981,,-170,,,,
2005/2/23,8.2765,,2.1408,1.9691,,-550,,,,
2005/2/24,8.2765,,2.2287,1.9536,,-160,,,,
2005/2/25,8.2765,,2.2812,1.9295,4.44,-150,,,,
2005/2/28,8.2765,,2.0219,1.9063,,-300,,,,
2005/3/1,8.2765,,1.9967,1.885,,0,,,,
2005/3/2,8.2765,,2.0128,1.868,,-600,,,,
2005/3/3,8.2765,,2.0671,1.8559,,100,,,,
2005/3/4,8.2765,,2.0435,1.8504,,-450,,,,
2005/3/7,8.2765,,2.0107,1.8462,,0,,,,
2005/3/8,8.2765,,2.0496,1.8482,,0,,,,
2005/3/9,8.2765,,2.0114,1.8475,,-500,,,,
2005/3/10,8.2765,,2.1234,1.8465,,100,,,,
2005/3/11,8.2765,,1.9444,1.8455,,-250,,,,
2005/3/14,8.2765,,2.0736,1.8423,,0,,,,
2005/3/15,8.2765,,2.017,1.8357,,0,,,,
2005/3/16,8.2765,,2.0597,1.8308,,-450,,,,
2005/3/17,8.2765,,2.05,1.8278,,450,,,,
2005/3/18,8.2765,,1.9153,1.8176,,-350,,,,
2005/3/21,8.2765,,1.8726,1.7859,,0,,,,
2005/3/22,8.2765,,1.9052,1.7387,,-50,,,,
2005/3/23,8.2765,,1.8517,1.6876,,-200,,,,
2005/3/24,8.2765,,1.8873,1.6302,,214.6,,,,
2005/3/25,8.2765,,1.7204,1.5804,,-250,,,,
2005/3/28,8.2765,,1.7955,1.5454,,0,,,,
2005/3/29,8.2765,,2.0656,1.5262,,50,,,,
2005/3/30,8.2765,,2.0072,1.5099,,-100,,,,
2005/3/31,8.2765,,1.8869,1.4968,,85,,,,
2005/4/1,8.2765,,1.7272,1.4829,,-150,,,,
2005/4/4,8.2765,,1.9554,1.4609,,0,,,,
2005/4/5,8.2765,,1.838,1.4427,,0,,,,
2005/4/6,8.2765,,1.9194,1.4218,,-300,,,,
2005/4/7,8.2765,,1.9172,1.3884,,300,,,,
2005/4/8,8.2765,,1.8566,1.3668,,-320,,,,
2005/4/11,8.2765,,1.6975,1.3482,,0,,,,
2005/4/12,8.2765,,1.8303,1.3289,,0,,,,
2005/4/13,8.2765,,1.872,1.3155,,-200,,,,
2005/4/14,8.2765,,1.9119,1.3101,,64.5,,,,
2005/4/15,8.2765,,1.7106,1.3025,,-300,,,,
2005/4/18,8.2765,,1.8013,1.2932,,0,,,,
2005/4/19,8.2765,,1.6602,1.2835,,0,,,,
2005/4/20,8.2765,,1.8067,1.2728,,-300,,,,
2005/4/21,8.2765,,1.7781,1.2651,,50,,,,
2005/4/22,8.2765,,1.854,1.2574,,-400,,,,
2005/4/25,8.2765,,1.5768,1.248,,0,,,,
2005/4/26,8.2765,,1.7766,1.2381,,50,,,,
2005/4/27,8.2765,,1.8911,1.2295,,-200,,,,
2005/4/28,8.2765,,1.7042,1.2268,,0,,,,
2005/4/29,8.2765,,1.6742,1.2269,,-200,,,,
2005/4/30,,,1.9292,1.2257,,0,,,,
2005/5/8,,,1.8821,1.2232,,0,,,,
2005/5/9,8.2765,,1.719,1.2166,,0,,,,
2005/5/10,8.2765,,1.5119,1.2066,,-50,,,,
2005/5/11,8.2765,,1.6936,1.1958,,-150,,,,
2005/5/12,8.2765,,1.3865,1.1877,,228,,,,
2005/5/13,8.2765,,1.7639,1.181,,-450,,,,
2005/5/16,8.2765,,1.7592,1.1744,,0,,,,
2005/5/17,8.2765,,1.8088,1.1658,,0,,,,
2005/5/18,8.2765,,1.7826,1.1571,,-200,,,,
2005/5/19,8.2765,,1.8358,1.1494,,600,,,,
2005/5/20,8.2765,,1.6287,1.1428,,-250,,,,
2005/5/23,8.2765,,1.565,1.1383,,0,,,,
2005/5/24,8.2765,,1.8515,1.1359,,0,,,,
2005/5/25,8.2765,,1.2769,1.1335,,-350,,,,
2005/5/26,8.2765,,1.5976,1.1318,,100,,,,
2005/5/27,8.2765,,1.7244,1.1302,,-100,,,,
2005/5/30,8.2765,,1.4226,1.1283,,0,,,,
2005/5/31,8.2765,,1.5399,1.1262,,0,,,,
2005/6/1,8.2765,,1.4752,1.1235,,-200,,,,
2005/6/2,8.2765,,1.9628,1.1169,,100,,,,
2005/6/3,8.2765,,1.6936,1.1104,,-150,,,,
2005/6/6,8.2765,,1.429,1.1052,,0,,,,
2005/6/7,8.2765,,1.5791,1.1004,,-150,,,,
2005/6/8,8.2765,,1.5744,1.0975,,-200,,,,
2005/6/9,8.2765,,1.6744,1.0969,,100,,,,
2005/6/10,8.2765,,1.7383,1.0965,,-150,,,,
2005/6/13,8.2765,,1.5908,1.0955,,0,,,,
2005/6/14,8.2765,,1.413,1.0946,,-200,,,,
2005/6/15,8.2765,,1.6446,1.0935,,100,,,,
2005/6/16,8.2765,,1.6103,1.0928,,150,,,,
2005/6/17,8.2765,,1.4643,1.0921,,0,,,,
2005/6/20,8.2765,,1.3912,1.0911,,0,,,,
2005/6/21,8.2765,,1.4164,1.0911,,-100,,,,
2005/6/22,8.2765,,1.623,1.0905,,-150,,,,
2005/6/23,8.2765,,1.5483,1.0894,,0,,,,
2005/6/24,8.2765,,1.5109,1.0882,,-100,,,,
2005/6/27,8.2765,,1.531,1.0884,,0,,,,
2005/6/28,8.2765,,1.6944,1.0875,,-200,,,,
2005/6/29,8.2765,,1.4782,1.089,,-150,,,,
2005/6/30,8.2765,,1.7565,1.0926,,0,,,,
2005/7/1,8.2765,,1.5066,1.0981,,-100,,,,
2005/7/4,8.2765,,1.3063,1.1071,,0,,,,
2005/7/5,8.2765,,1.4786,1.1186,,0,,,,
2005/7/6,8.2765,,1.3936,1.1294,,-150,,,,
2005/7/7,8.2765,,1.7395,1.1387,,-50,,,,
2005/7/8,8.2765,,1.4448,1.1461,,0,,,,
2005/7/11,8.2765,,1.6731,1.1509,,0,,,,
2005/7/12,8.2765,,1.5806,1.1538,,240,,,,
2005/7/13,8.2765,,1.6777,1.1561,,-100,,,,
2005/7/14,8.2765,,1.6224,1.1602,,-20,,,,
2005/7/15,8.2765,,1.6888,1.1648,,-50,,,,
2005/7/18,8.2765,,1.4846,1.1726,,0,,,,
2005/7/19,8.2765,,1.6305,1.1789,,0,,,,
2005/7/20,8.2765,,1.3991,1.1909,,-100,,,,
2005/7/21,8.2765,,1.6484,1.1992,,-160,,,,
2005/7/22,8.11,,1.6995,1.2071,,0,,,,
2005/7/25,8.1111,,1.6697,1.2208,,0,,,,
2005/7/26,8.1097,,1.5117,1.2336,,100,,,,
2005/7/27,8.1099,,1.5342,1.2408,,-100,,,,
2005/7/28,8.1128,,1.6039,1.2469,,-150,,,,
2005/7/29,8.108,,1.6433,1.2513,,-100,,,,
2005/8/1,8.1056,,1.6748,1.2456,,0,,,,
2005/8/2,8.1046,,1.6157,1.2402,,100,,,,
2005/8/3,8.1032,,1.5206,1.2353,,-150,,,,
2005/8/4,8.1051,,1.6435,1.2314,,-120,,,,
2005/8/5,8.1027,,1.4765,1.2273,,-150,,,,
2005/8/8,8.1037,,1.8957,1.2315,,0,,,,
2005/8/9,8.109,,1.4786,1.2358,,100,,,,
2005/8/10,8.107,,1.3602,1.2401,,-150,,,,
2005/8/11,8.1062,,1.6141,1.2433,,-120,,,,
2005/8/12,8.1002,,1.541,1.2456,,50,,,,
2005/8/15,8.098,,1.5694,1.2455,,0,,,,
2005/8/16,8.0971,,1.6448,1.2452,,0,,,,
2005/8/17,8.1002,,1.5095,1.2437,,-150,,,,
2005/8/18,8.0997,,1.7031,1.2424,,-120,,,,
2005/8/19,8.1007,,1.5038,1.2404,,50,,,,
2005/8/22,8.1047,,1.8523,1.238,,0,,,,
2005/8/23,8.1056,,1.3154,1.2348,,150,,,,
2005/8/24,8.1012,,1.543,1.2316,,-150,,,,
2005/8/25,8.1005,,1.5246,1.2281,,-120,,,,
2005/8/26,8.1002,,1.4291,1.2248,,50,,,,
2005/8/29,8.0965,,1.4546,1.2236,,0,,,,
2005/8/30,8.0954,,1.8577,1.2239,,0,,,,
2005/8/31,8.0973,,1.6898,1.2224,,-200,,,,
2005/9/1,8.0998,,1.5104,1.2201,,-60,,,,
2005/9/2,8.0949,,1.5993,1.2179,,350,,,,
2005/9/5,8.0935,,1.4744,1.2145,,0,,,,
2005/9/6,8.0916,,1.6195,1.2133,,100,,,,
2005/9/7,8.0913,,1.7653,1.2129,,-200,,,,
2005/9/8,8.0925,,1.4408,1.2142,,-50,,,,
2005/9/9,8.0945,,1.5706,1.2143,,150,,,,
2005/9/12,8.0956,,1.455,1.2157,,0,,,,
2005/9/13,8.0924,,1.6251,1.2163,,0,,,,
2005/9/14,8.094,,1.7695,1.2148,,-200,,,,
2005/9/15,8.0912,,1.4862,1.2124,,80,,,,
2005/9/16,8.0887,,1.5138,1.2085,,-50,,,,
2005/9/19,8.0871,,1.4387,1.2051,,0,,,,
2005/9/20,8.0908,,1.5933,1.2003,,0,,,,
2005/9/21,8.089,,1.847,1.1957,,-250,,,,
2005/9/22,8.0911,,1.4191,1.1901,,100,,,,
2005/9/23,8.0881,,1.5344,1.1887,,-200,,,,
2005/9/26,8.091,,1.4657,1.1839,,0,,,,
2005/9/27,8.0929,,1.4658,1.1788,,0,,,,
2005/9/28,8.092,,1.697,1.1751,,-250,,,,
2005/9/29,8.0939,,1.7072,1.1626,,-50,,,,
2005/9/30,8.093,,1.5826,1.1557,,-250,,,,
2005/10/8,,,1.7182,1.1503,,200,,,,
2005/10/9,,,1.377,1.1466,,0,,,,
2005/10/10,8.0876,,1.6404,1.1407,,0,,,,
2005/10/11,8.0864,,1.3872,1.1394,,0,,,,
2005/10/12,8.0879,,1.4536,1.1335,,-300,,,,
2005/10/13,8.0895,,1.7106,1.1276,,240,,,,
2005/10/14,8.0885,,1.5106,1.1216,,-450,,,,
2005/10/17,8.0896,,1.4825,1.1187,,0,,,,
2005/10/18,8.0877,,1.4884,1.1175,,0,,,,
2005/10/19,8.091,,1.6551,1.1169,,-350,,,,
2005/10/20,8.0924,,1.8318,1.1165,,400,,,,
2005/10/21,8.0905,,1.3934,1.1163,,-500,,,,
2005/10/24,8.0885,,1.4823,1.1148,,0,,,,
2005/10/25,8.0916,,1.2204,1.1147,,0,,,,
2005/10/26,8.0901,,1.2324,1.1147,,-350,,,,
2005/10/27,8.0867,,1.4589,1.1159,,240,,,,
2005/10/28,8.0862,,1.7556,1.1172,,-500,,,,
2005/10/31,8.084,,1.6725,1.1186,,0,,,,
2005/11/1,8.0845,,1.4715,1.1166,,-100,,,,
2005/11/2,8.086,,1.6978,1.1151,,-300,,,,
2005/11/3,8.0851,,1.5141,1.1131,,280,,,,
2005/11/4,8.0841,,1.6489,1.1102,,-400,,,,
2005/11/7,8.0856,,1.369,1.1077,,0,,,,
2005/11/8,8.0877,,1.7663,1.1071,,0,,,,
2005/11/9,8.0867,,1.4971,1.1052,,-350,,,,
2005/11/10,8.0857,,1.5906,1.1037,,120,,,,
2005/11/11,8.0847,,1.4459,1.1044,,-500,,,,
2005/11/14,8.0856,,1.7904,1.1073,,0,,,,
2005/11/15,8.0831,,1.6792,1.11,,0,,,,
2005/11/16,8.0845,,1.4127,1.1133,,-350,,,,
2005/11/17,8.0835,,1.5052,1.116,,150,,,,
2005/11/18,8.0845,,1.5977,1.1182,,-282,,,,
2005/11/21,8.0832,,1.5733,1.1306,,0,,,,
2005/11/22,8.0833,,1.5278,1.1492,,-100,,,,
2005/11/23,8.0839,,1.7194,1.1766,,-250,,,,
2005/11/24,8.0816,,1.7909,1.2091,,240,,,,
2005/11/25,8.0805,,1.7511,1.2402,,-150,,,,
2005/11/28,8.0815,,1.6962,1.2686,,0,,,,
2005/11/29,8.0825,,1.744,1.2974,,-100,,,,
2005/11/30,8.0796,,1.7604,1.3246,,-250,,,,
2005/12/1,8.0804,,1.8457,1.36,,200,,,,
2005/12/2,8.0798,,2.0507,1.4125,,-50,,,,
2005/12/5,8.0806,,1.8472,1.4617,,0,,,,
2005/12/6,8.0808,,1.6933,1.5199,,-50,,,,150
2005/12/7,8.078,,1.6628,1.5696,,-300,,,,
2005/12/8,8.0771,,1.8724,1.6035,,200,,,,
2005/12/9,8.078,,1.9029,1.6207,,300,,,,
2005/12/12,8.0765,,1.7592,1.6308,,0,,,,
2005/12/13,8.077,,1.9532,1.6271,,0,,,,100
2005/12/14,8.0751,,1.6213,1.6188,,-350,,,,
2005/12/15,8.0746,,1.8664,1.611,,-50,,,,
2005/12/16,8.074,,1.7335,1.5951,,400,,,,
2005/12/19,8.0735,,1.8846,1.5816,,0,,,,
2005/12/20,8.073,,1.8565,1.5705,,300,,,,50
2005/12/21,8.074,,1.6899,1.5604,,-350,,,,
2005/12/22,8.0765,,1.7463,1.5511,,100,,,,
2005/12/23,8.0775,,1.9253,1.547,,400,,,,
2005/12/26,8.0762,,1.7573,1.5363,,0,,,,
2005/12/27,8.0755,,1.6292,1.5322,,170,,,,130
2005/12/28,8.074,,1.9474,1.5299,,-500,,,,
2005/12/29,8.0725,,1.965,1.524,,-100,,,,
2005/12/30,8.0709,,1.5491,1.5204,,0,,,,
2005/12/31,8.0702,,1.5473,1.519,,0,,,,
2006/1/4,8.0702,,1.6333,1.5161,,50,,,,
2006/1/5,8.0678,,1.9051,1.5103,,400,,,,
2006/1/6,8.0675,,1.8559,1.5061,,-400,,,,
2006/1/9,8.0665,,1.7489,1.4999,,0,,,,
2006/1/10,8.0691,,1.8646,1.4932,,-20,,,,150
2006/1/11,8.0705,,1.7648,1.4852,,-950,,,,
2006/1/12,8.0685,,1.6725,1.4782,,160,,,,
2006/1/13,8.0698,,1.659,1.4722,,400,,,,
2006/1/16,8.0673,,1.7566,1.4662,,0,,,,
2006/1/17,8.0676,,1.6733,1.4615,,0,,,,
2006/1/18,8.0704,,1.5627,1.4565,,-700,,,,
2006/1/19,8.0687,,1.7545,1.4517,,1300,,,,
2006/1/20,8.0648,,1.9391,1.4543,,450,,,,
2006/1/23,8.0645,,1.8713,1.4627,,0,,,,
2006/1/24,8.0625,,2.3076,1.4865,,1333,,,,
2006/1/25,8.063,,2.3777,1.5979,,0,,,,
2006/1/26,8.062,,2.4211,1.9786,,300,,,,
2006/1/27,8.0608,,2.5397,2.17,,450,,,,
2006/1/28,,,2.3473,2.2303,,0,,,,
2006/2/5,,,1.8275,2.2752,,400,,,,
2006/2/6,8.056,,1.8033,2.1522,,0,,,,
2006/2/7,8.0566,,1.529,1.8605,,-1623,,,,
2006/2/8,8.0545,,1.6426,1.683,,-1200,,,,
2006/2/9,8.0558,,1.7039,1.5856,,200,,,,
2006/2/10,8.0516,,1.802,1.4939,,-300,,,,
2006/2/13,8.0472,,1.7666,1.4671,,0,,,,
2006/2/14,8.0477,,1.6231,1.447,,-260,,,,
2006/2/15,8.0481,,1.7183,1.4283,,-1300,,,,
2006/2/16,8.0495,,1.6881,1.4079,,200,,,,
2006/2/17,8.0493,,1.6018,1.386,,-500,,,,
2006/2/20,8.0483,,1.7613,1.3691,,0,,,,
2006/2/21,8.0485,,1.6477,1.353,,50,,,,
2006/2/22,8.0497,,1.4338,1.3347,,-900,,,,
2006/2/23,8.049,,1.7313,1.3234,,600,,,,
2006/2/24,8.0432,,1.563,1.3185,,-550,,,,
2006/2/27,8.042,,1.6079,1.3154,,0,,,,
2006/2/28,8.0415,,1.7849,1.3219,,200,,,,
2006/3/1,8.039,,1.692,1.3389,,-600,,,,
2006/3/2,8.0394,,1.6042,1.353,,500,,,,
2006/3/3,8.038,,1.7271,1.3678,,-400,,,,
2006/3/6,8.0382,,1.6735,1.3858,,0,,,,
2006/3/7,8.0425,,1.6943,1.3976,,0,,,,
2006/3/8,8.0475,,1.6738,1.4114,,-700,,,,
2006/3/9,8.048,,1.74,1.4222,,500,,,,
2006/3/10,8.0492,,1.7893,1.4295,,-600,,,,
2006/3/13,8.0503,,1.7118,1.4303,,0,,,,
2006/3/14,8.0475,,1.7697,1.4278,,0,,,,
2006/3/15,8.0388,,1.6164,1.4185,,-700,,,,
2006/3/16,8.035,,1.7627,1.4126,,400,,,,
2006/3/17,8.0286,,1.7596,1.4119,,-850,,,,
2006/3/20,8.025,,1.7745,1.411,,0,,,,
2006/3/21,8.0272,,1.7495,1.4116,,400,,,,
2006/3/22,8.0306,,1.7682,1.4162,,-600,,,,
2006/3/23,8.0296,,1.8545,1.4409,,300,,,,
2006/3/24,8.0338,,1.8017,1.4872,2.8,-100,,,,
2006/3/27,8.0245,,1.8458,1.532,,0,,,,
2006/3/28,8.0212,,1.8498,1.574,,450,,,,
2006/3/29,8.028,,1.8125,1.6083,,-300,,,,
2006/3/30,8.027,,1.8422,1.626,,200,,,,
2006/3/31,8.017,,1.6971,1.6254,,-200,,,,
2006/4/3,8.021,,1.9737,1.6232,,0,,,,
2006/4/4,8.0194,,1.7541,1.6191,,-300,,,,
2006/4/5,8.0116,,1.7944,1.6128,,-400,,,,
2006/4/6,8.0098,,1.8098,1.6073,,300,,,,
2006/4/7,8.013,,1.7539,1.6013,,-400,,,,
2006/4/10,8.004,,1.8081,1.5907,,0,,,,
2006/4/11,8.011,,1.7766,1.5755,,-300,,,,
2006/4/12,8.012,,1.816,1.5594,,-400,,,,
2006/4/13,8.0248,,1.6366,1.5424,,200,,,,
2006/4/14,8.0163,,1.6156,1.5284,,0,,,,
2006/4/17,8.0158,,1.8534,1.5281,,0,,,,
2006/4/18,8.014,,1.8967,1.5453,,700,,,,
2006/4/19,8.0128,,1.8783,1.5758,,-150,,,,
2006/4/20,8.0126,,1.8298,1.6108,,300,,,,
2006/4/21,8.021,,1.9371,1.6517,,180,,,,
2006/4/24,8.0185,,2.0947,1.6854,,0,,,,
2006/4/25,8.016,,2.1556,1.717,,0,,,,
2006/4/26,8.022,,2.1243,1.7484,,-100,,,,
2006/4/27,8.0205,,2.3458,1.7871,,200,,,,
2006/4/28,8.0165,,2.3613,1.835,,190,,,,
2006/4/29,,,2.3181,1.9247,,0,,,,
2006/4/30,,,2.05,1.936,,0,,,,
2006/5/8,8.009,,2.0211,1.9179,,150,,,,
2006/5/9,8.0065,,1.8681,1.895,,-200,,,,
2006/5/10,8.0048,,1.9307,1.8599,,-200,,,,
2006/5/11,8.0062,,1.9006,1.7962,,350,,,,
2006/5/12,8.0082,,1.9397,1.7778,,350,,,,
2006/5/15,7.9982,,1.9372,1.7695,,0,,,,
2006/5/16,8.015,,1.8707,1.7537,,200,,,,
2006/5/17,8.006,,1.7981,1.7354,,-550,,,,
2006/5/18,8.018,,1.8856,1.7071,,-618,,,,
2006/5/19,8.015,,1.8243,1.6925,,150,,,,
2006/5/22,8.0226,,1.8316,1.6763,,0,,,,
2006/5/23,8.0176,,1.8742,1.6614,,-350,,,,
2006/5/24,8.023,,1.73,1.6453,,-450,,,,
2006/5/25,8.0268,,1.755,1.645,,500,,,,
2006/5/26,8.0216,,1.8892,1.6379,,400,,,,
2006/5/29,8.0282,,1.8631,1.6309,,0,,,,
2006/5/30,8.0284,,1.8459,1.6256,,-300,,,,
2006/5/31,8.0188,,1.8637,1.6245,,-250,,,,
2006/6/1,8.021,,1.9393,1.6327,,200,,,,
2006/6/2,8.0214,,1.9528,1.6569,,400,,,,
2006/6/5,8.0096,,2.0936,1.681,,0,,,,
2006/6/6,8.0148,,2.0499,1.7063,,-150,,,,
2006/6/7,8.0168,,1.9233,1.7316,,-350,,,,
2006/6/8,8.0174,,1.9733,1.7571,,200,,,,
2006/6/9,8.018,,1.9514,1.7736,,300,,,,
2006/6/12,8.0161,,2.2353,1.7884,,0,,,,
2006/6/13,8.0073,,2.1105,1.8065,,800,,,,
2006/6/14,8.0051,,2.0996,1.8312,,-250,,,,
2006/6/15,7.9999,,2.0785,1.8733,,-900,,,,
2006/6/16,7.9976,,2.0799,1.9246,,-150,8,,,
2006/6/19,8.0018,,2.3098,1.9733,,0,,,,
2006/6/20,8.0036,,2.5066,2.0647,,-250,,,,
2006/6/21,7.999,,2.0799,2.121,,-150,,,,
2006/6/22,7.9975,,2.3563,2.1428,,150,,,,
2006/6/23,8.0026,,2.5408,2.1447,,-100,,,,
2006/6/26,8.0038,,2.4134,2.144,,0,,,,
2006/6/27,7.9991,,2.1971,2.111,,-550,,,,
2006/6/28,7.9995,,2.1312,2.0872,,-300,,,,
2006/6/29,8.0001,,2.2075,2.0671,,150,,,,
2006/6/30,7.9956,,2.0965,2.0701,,-50,,,,
2006/7/3,7.9924,,2.2941,2.0707,,0,,,,
2006/7/4,7.9935,,2.2119,2.0737,,50,,,,
2006/7/5,7.9944,,2.152,2.0811,,-250,,8,,
2006/7/6,7.996,,2.1483,2.085,,150,,,,
2006/7/7,7.9936,,2.2491,2.0746,,200,,,,
2006/7/10,7.9908,,2.3104,2.0632,,0,,,,
2006/7/11,7.9925,,2.111,2.0467,,-200,,,,
2006/7/12,7.9916,,2.1048,2.0284,,-500,,,,
2006/7/13,7.9948,,2.2371,2.0071,,100,,,,
2006/7/14,7.9956,,2.1488,1.9849,,-200,,,,
2006/7/17,7.997,,2.2458,1.9805,,-500,,,,
2006/7/18,8.0016,,2.1924,2.0056,,830,,,,
2006/7/19,8.0024,,2.5501,2.0544,,-150,,,,
2006/7/20,7.9918,,2.5894,2.15,,100,,,,
2006/7/21,7.9897,,2.6866,2.2862,,-10,8.5,,,
2006/7/24,7.9845,,2.6799,2.4177,,0,,,,
2006/7/25,7.987,,2.7018,2.5247,,20,,,,
2006/7/26,7.9877,,2.7441,2.6075,,-100,,,,
2006/7/27,7.9808,,2.683,2.6563,,100,,,,
2006/7/28,7.9792,,2.8098,2.6755,,0,,,,
2006/7/31,7.9732,,2.8228,2.6834,,0,,,,
2006/8/1,7.973,,2.7181,2.6826,,-100,,,,
2006/8/2,7.972,,2.6907,2.679,,-80.9,,,,
2006/8/3,7.9762,,2.7693,2.6758,,150,,,,
2006/8/4,7.9772,,2.861,2.6706,,-110,,,,
2006/8/7,7.9699,,2.6964,2.6518,,0,,,,
2006/8/8,7.974,,2.4392,2.6405,,-250,,,,
2006/8/9,7.9775,,2.8775,2.6278,,-171.3,,,,
2006/8/10,7.9688,,2.6976,2.6141,,150,,,,
2006/8/11,7.9725,,2.7485,2.5984,,390,,,,
2006/8/14,7.9928,,2.5667,2.5807,,0,,,,
2006/8/15,7.995,,2.3212,2.5568,,100,,8.5,,
2006/8/16,7.9827,,2.3379,2.5238,,-600,,,,
2006/8/17,7.9748,,2.484,2.4972,,150,,,,
2006/8/18,7.9736,,2.4225,2.4729,,580,,,,
2006/8/21,7.9698,,2.4683,2.4462,,0,,,,
2006/8/22,7.9672,,2.3321,2.4464,,70,,,,
2006/8/23,7.9703,,2.5495,2.4402,,-200,,,,
2006/8/24,7.9708,,2.4817,2.4217,,150,,,,
2006/8/25,7.9715,,2.4471,2.3942,,150,,,,
2006/8/28,7.9719,,2.338,2.3519,,0,,,,
2006/8/29,7.9669,,2.176,2.2818,,-270,,,,
2006/8/30,7.9598,,2.3923,2.2282,,-450,,,,
2006/8/31,7.9585,,2.3121,2.1949,,200,,,,
2006/9/1,7.959,,2.3139,2.1808,,300,,,,
2006/9/4,7.9499,,2.4464,2.1859,,0,,,,
2006/9/5,7.9425,,2.3047,2.2004,,-50,,,,
2006/9/6,7.9471,,2.392,2.2039,,-500,,,,
2006/9/7,7.9508,,2.5737,2.2017,,200,,,,
2006/9/8,7.9568,,2.4734,2.183,,300,,,,
2006/9/11,7.9608,,2.2224,2.1608,,0,,,,
2006/9/12,7.9552,,2.3553,2.1352,,-450,,,,
2006/9/13,7.9555,,2.286,2.1128,,-1200,,,,
2006/9/14,7.9476,,2.3525,2.0972,,200,,,,
2006/9/15,7.9459,,2.2026,2.091,,700,,,,
2006/9/18,7.9431,,2.2816,2.085,,0,,,,
2006/9/19,7.9342,,2.3782,2.0747,,100,,,,
2006/9/20,7.9299,,2.3389,2.0627,,-800,,,,
2006/9/21,7.9264,,2.1029,2.0447,,250,,,,
2006/9/22,7.9188,,2.5847,2.0375,,50,,,,
2006/9/25,7.9196,,2.502,2.0687,2.92,0,,,,
2006/9/26,7.915,,2.5092,2.1252,,950,,,,
2006/9/27,7.9072,,2.5375,2.1844,,-800,,,,
2006/9/28,7.8998,,2.6422,2.2357,,250,,,,
2006/9/29,7.9087,,2.7533,2.3081,,120,,,,
2006/9/30,,,2.5169,2.3458,,0,,,,
2006/10/8,,2.293,2.573,2.345,,200,,,,
2006/10/9,7.9103,2.296,2.7135,2.3286,,0,,,,
2006/10/10,7.9128,2.2971,2.5097,2.3179,,-350,,,,
2006/10/11,7.9164,2.2932,2.3956,2.2865,,-600,,,,
2006/10/12,7.9174,2.2904,2.4511,2.2613,,300,,,,
2006/10/13,7.9116,2.2919,2.3233,2.2511,,350,,,,
2006/10/16,7.9148,2.3144,2.4778,2.2498,,0,,,,
2006/10/17,7.911,2.379,2.6027,2.2603,,290,,,,
2006/10/18,7.9085,2.4628,2.6708,2.2936,,-600,,,,
2006/10/19,7.909,2.4922,2.7748,2.3446,,350,,,,
2006/10/20,7.8995,2.4901,2.4932,2.3951,,-10,,,,
2006/10/23,7.8998,2.4775,2.5083,2.4384,,0,,,,
2006/10/24,7.9049,2.4782,2.681,2.4626,,10,,,,
2006/10/25,7.9007,2.4322,2.5578,2.4732,,-950,,,,
2006/10/26,7.894,2.3887,2.5168,2.4474,,350,,,,
2006/10/27,7.8871,2.3696,2.5769,2.4079,,-190,,,,
2006/10/30,7.8781,2.3931,2.6342,2.3698,,0,,,,
2006/10/31,7.8792,2.4514,2.5068,2.359,,-150,,,,
2006/11/1,7.872,2.4803,2.5492,2.3606,,-400,,,,
2006/11/2,7.875,2.488,2.7442,2.3871,,300,,,,
2006/11/3,7.8729,2.4527,2.7852,2.4215,,-240,9,,,
2006/11/6,7.8804,2.5751,2.7427,2.4394,,0,,,,
2006/11/7,7.8829,2.6931,2.7539,2.4792,,200,,,,
2006/11/8,7.8719,2.8443,2.8257,2.5393,,-100,,,,
2006/11/9,7.8697,2.9405,2.8852,2.6231,,350,,,,
2006/11/10,7.8667,3.1975,3.0174,2.7231,,-190,,,,
2006/11/13,7.8644,3.2409,3.0107,2.8793,,0,,,,
2006/11/14,7.8703,3.6395,3.4695,3.0426,,0,,,,
2006/11/15,7.8715,3.6929,3.5618,3.2378,,-100,,9,,
2006/11/16,7.8733,3.5343,3.5218,3.403,,350,,,,
2006/11/17,7.8745,3.8258,3.6682,3.5014,,-10,,,,
2006/11/20,7.869,3.9409,3.7028,3.6258,,0,,,,
2006/11/21,7.8695,4.0016,3.5873,3.7403,,0,,,,
2006/11/22,7.8655,3.7091,3.5738,3.8182,,-20,,,,
2006/11/23,7.8596,3.7165,3.6641,3.8164,,250,,,,
2006/11/24,7.8526,3.8861,3.6112,3.8339,,150,,,,
2006/11/27,7.8402,3.1747,3.2976,3.8493,,0,,,,
2006/11/28,7.8487,3.0728,3.357,3.6704,,0,,,,
2006/11/29,7.8394,2.5137,2.5678,3.469,,-100,,,,
2006/11/30,7.8436,2.427,2.5367,3.1882,,250,,,,
2006/12/1,7.8331,2.3851,2.666,2.9232,,140,,,,
2006/12/4,7.824,2.3543,2.5562,2.6489,,0,,,,
2006/12/5,7.8279,2.3165,2.6142,2.5008,,0,,,,
2006/12/6,7.8226,2.2959,2.4966,2.3753,,-200,,,,
2006/12/7,7.8305,2.2643,2.5686,2.3409,,300,,,,
2006/12/8,7.8266,2.2463,2.4005,2.3087,,150,,,,
2006/12/11,7.8377,2.2424,2.4008,2.282,,-1200,,,,
2006/12/12,7.8324,2.2101,2.6245,2.261,,-100,,,,
2006/12/13,7.8254,2.2283,2.5589,2.239,,-50,,,,
2006/12/14,7.8197,2.0627,2.331,2.2272,,350,,,,
2006/12/15,7.8185,2.0486,2.2699,2.1817,,270,,,,
2006/12/18,7.8255,2.0248,2.2926,2.1383,,0,,,,
2006/12/19,7.827,2.0222,2.1424,2.0944,,-900,,,,
2006/12/20,7.8198,1.9789,2.2438,2.0519,,-300.5,,,,
2006/12/21,7.819,1.9016,2.0926,2.0053,,350,,,,
2006/12/22,7.8189,2.052,2.1789,1.9702,,130,,,,
2006/12/25,7.8221,2.2896,2.5524,1.9806,,0,,,,
2006/12/26,7.822,2.2841,2.5009,2.0498,,400,,,,600
2006/12/27,7.823,2.2785,2.4427,2.1158,,-600,,,,
2006/12/28,7.8149,2.0753,2.1248,2.1765,,500,,,,
2006/12/29,7.8087,1.9641,2.0308,2.1918,,550,,,,
2006/12/30,,1.9182,2.1073,2.1516,,0,,,,
2006/12/31,,1.6321,2.8768,2.0675,,0,,,,
2007/1/4,7.8073,1.5238,1.8692,1.9045,,0,,,,
2007/1/5,7.8097,1.5057,1.6448,1.7545,,-400,9.5,,,
2007/1/8,7.8135,1.4524,1.6463,1.6426,,0,,,,
2007/1/9,7.8078,1.4405,2.262,1.5499,,-300,,,,
2007/1/10,7.8081,1.4262,2.0055,1.4717,,-1200,,,,
2007/1/11,7.7977,1.4122,2.2073,1.4498,,-50,,,,
2007/1/12,7.8012,1.4047,1.9197,1.429,,-450,,,,
2007/1/15,7.7938,1.38,1.776,1.4122,,0,,9.5,,
2007/1/16,7.7895,1.3733,1.4541,1.3959,,0,,,,
2007/1/17,7.7798,1.4986,1.8796,1.3801,,-2100,,,,
2007/1/18,7.7758,1.5048,1.6313,1.4003,,600,,,,
2007/1/19,7.7788,1.5485,1.777,1.4258,,-260,,,,
2007/1/22,7.78,1.7726,2.2458,1.4595,,0,,,,
2007/1/23,7.7815,1.9648,2.1065,1.5541,,700,,,,
2007/1/24,7.7755,2.0061,2.0754,1.6788,,-1300,,,,
2007/1/25,7.7735,2.0159,2.4194,1.784,,0,,,,
2007/1/26,7.7817,2.0703,2.3946,1.8793,,-100,,,,
2007/1/29,7.7836,2.103,2.2442,1.9737,,0,,,,
2007/1/30,7.7796,2.1022,2.5833,2.0293,,-100,,,,
2007/1/31,7.7776,2.0919,2.1262,2.0573,,-550,,,,
2007/2/1,7.7615,2.0817,2.3096,2.0713,,0,,,,
2007/2/2,7.7613,1.9916,2.2922,2.0801,,-200,,,,
2007/2/5,7.764,2.0718,2.4116,2.0563,,0,,,,
2007/2/6,7.7595,2.1745,2.4286,2.0528,,300,,,,
2007/2/7,7.7496,2.5376,2.4666,2.0755,,-220,,,,
2007/2/8,7.7526,3.5244,3.145,2.1938,,2300,,,,
2007/2/9,7.7575,4.1485,3.9547,2.5529,,-100,,,,
2007/2/12,7.7632,4.4692,4.1751,3.0363,,0,,,,
2007/2/13,7.7662,3.4622,3.4442,3.558,,2200,,,,
2007/2/14,7.7552,3.9964,3.6342,3.7006,,0,,,,
2007/2/15,7.7502,3.4817,3.3336,3.9648,,0,,,,
2007/2/16,7.7408,2.1513,2.8702,3.6258,,30,10,,,
2007/2/17,,1.5133,1.6337,3.1448,,0,,,,
2007/2/25,,2.9102,2.4571,2.5333,,900,,10,,
2007/2/26,7.7498,2.6662,2.5759,2.4884,,0,,,,
2007/2/27,7.7471,2.5313,2.9785,2.2888,,-900,,,,
2007/2/28,7.7409,1.9919,2.2479,2.3335,,-450,,,,
2007/3/1,7.7472,1.7584,1.963,2.2946,,600,,,,
2007/3/2,7.7453,1.6838,2.2666,2.281,,-1290,,,,
2007/3/5,7.7403,1.6676,2.0371,2.0571,,0,,,,
2007/3/6,7.7453,1.6145,1.8585,1.8742,,0,,,,
2007/3/7,7.7436,1.5498,1.5736,1.7155,,-1600,,,,
2007/3/8,7.7386,1.5316,1.767,1.6363,,700,,,,
2007/3/9,7.7436,1.4956,1.8345,1.5867,,-1960,,,,
2007/3/12,7.7474,1.477,1.8578,1.5471,,0,,,,
2007/3/13,7.7397,1.4605,2.0894,1.5115,,0,,,,
2007/3/14,7.7387,1.4419,1.6933,1.4822,,-1400,,,,
2007/3/15,7.742,1.4426,1.965,1.4613,,700,,,,
2007/3/16,7.739,1.5164,1.9845,1.4501,,-1020,,,,
2007/3/19,7.7351,1.6647,1.8938,1.4606,,0,,,,
2007/3/20,7.7395,1.7033,1.8954,1.5072,,0,,,,
2007/3/21,7.7355,1.7584,1.9606,1.5619,3.4,-600,,,,
2007/3/22,7.731,1.8069,2.1479,1.6263,,600,,,,
2007/3/23,7.7359,1.865,2.3851,1.6951,,-830,,,,
2007/3/26,7.7393,1.9487,2.1033,1.7612,,0,,,,
2007/3/27,7.7343,1.9582,1.9745,1.8199,,0,,,,
2007/3/28,7.7318,1.9658,2.0704,1.8703,,-400,,,,
2007/3/29,7.7303,1.9729,2.0783,1.9094,,300,,,,
2007/3/30,7.7342,1.9704,1.9979,1.9397,,-420,,,,
2007/4/2,7.7306,1.9442,2.0775,1.9568,,0,,,,
2007/4/3,7.7277,1.9476,2.0017,1.9536,,0,,,,
2007/4/4,7.7349,1.9553,2.0285,1.9509,,-500,,,,
2007/4/5,7.7268,1.9923,2.2942,1.9502,,400,10.5,,,
2007/4/6,7.7251,2.1854,2.4434,1.9575,,-900,,,,
2007/4/9,7.729,2.2959,2.3583,2.011,,0,,,,
2007/4/10,7.7304,2.3751,2.5243,2.0908,,0,,,,
2007/4/11,7.727,2.3681,2.427,2.1779,,-400,,,,
2007/4/12,7.7264,2.3879,2.4969,2.2568,,400,,,,
2007/4/13,7.7244,2.4901,2.7166,2.3273,,-300,,,,
2007/4/16,7.722,2.9612,2.8027,2.3879,,0,,10.5,,
2007/4/17,7.7308,2.9549,2.9474,2.5404,,0,,,,
2007/4/18,7.7238,3.3773,3.4922,2.673,,-200,,,,
2007/4/19,7.7199,4.0704,4.0027,2.9059,,150,,,,
2007/4/20,7.723,4.2113,4.0876,3.2761,,50,,,,
2007/4/23,7.729,4.4717,4.4993,3.6176,,0,,,,
2007/4/24,7.7293,4.7138,4.8264,3.9338,,0,,,,
2007/4/25,7.7203,4.7253,4.8093,4.2767,,-80,,,,
2007/4/26,7.7199,4.3519,4.2742,4.5115,,100,,,,
2007/4/27,7.7139,3.672,3.6109,4.4717,,210,,,,
2007/4/28,,2.2483,1.9953,4.2015,,0,,,,
2007/4/29,,2.0869,2.2277,3.6657,,0,11,,,
2007/4/30,7.7055,1.8459,1.8324,3.1147,,0,,,,
2007/5/8,7.6951,1.7977,1.8079,2.557,,100,,,,
2007/5/9,7.6971,1.7957,1.9121,2.1451,,-150,,,,
2007/5/10,7.6965,1.872,2.0697,1.9066,,200,,,,
2007/5/11,7.6835,3.0215,3.0043,1.8553,,-1390,,,,
2007/5/14,7.6739,3.1985,3.1986,2.1072,,0,,,,
2007/5/15,7.6948,3.055,3.0683,2.4183,,0,,11,,
2007/5/16,7.684,2.9977,2.9992,2.6646,,-120,,,,
2007/5/17,7.6785,2.8732,2.9414,2.8653,,550,,,,
2007/5/18,7.6804,2.5784,2.6993,3.0101,,700,11.5,,,
2007/5/21,7.6652,2.5142,2.5632,2.8908,,0,,,,
2007/5/22,7.6551,2.479,2.5076,2.753,,0,,,,
2007/5/23,7.654,2.4026,2.6179,2.6397,,-100,,,,
2007/5/24,7.6525,2.374,2.3749,2.5304,,450,,,,
2007/5/25,7.6523,2.3541,2.4001,2.4414,,-200,,,,
2007/5/28,7.6512,2.3385,2.5834,2.4059,,0,,,,
2007/5/29,7.6538,2.3078,2.3162,2.3717,,0,,,,
2007/5/30,7.6488,2.3211,2.4451,2.342,,-160,,,,
2007/5/31,7.6506,2.4683,2.6658,2.3308,,250,,,,
2007/6/1,7.6497,2.8158,2.7438,2.3602,,550,,,,
2007/6/4,7.6522,2.8437,2.7572,2.4741,,0,,,,
2007/6/5,7.6427,2.8228,2.8009,2.5848,,0,,11.5,,
2007/6/6,7.6398,2.7825,2.7557,2.6772,,-350,,,,
2007/6/7,7.6502,2.4934,2.5568,2.7461,,350,,,,
2007/6/8,7.6656,2.3407,2.5776,2.7231,,370,,,,
2007/6/11,7.6785,2.2923,2.0421,2.6127,,0,,,,
2007/6/12,7.6475,2.2733,2.4266,2.5004,,0,,,,
2007/6/13,7.6282,2.2666,2.3069,2.4017,,-350,,,,
2007/6/14,7.6258,3.2694,3.2627,2.3182,,250,,,,
2007/6/15,7.6238,4.2764,4.4011,2.5407,,1100,,,,
2007/6/18,7.6213,4.3086,4.3449,3.0038,,0,,,,
2007/6/19,7.6195,4.0318,4.0339,3.4171,,0,,,,
2007/6/20,7.618,3.0003,3.4479,3.7255,,-150,,,,
2007/6/21,7.6208,2.3143,2.5622,3.7607,,150,,,,
2007/6/22,7.6224,2.2034,2.2077,3.4631,4.4,-10,,,,
2007/6/25,7.6192,2.0187,2.0751,3.029,,0,,,,
2007/6/26,7.6184,1.9597,2.4021,2.6008,,0,,,,
2007/6/27,7.6165,1.8487,2.0627,2.2409,,-120,,,,
2007/6/28,7.6178,1.7813,2.0405,2.0354,,300,,,,
2007/6/29,7.6155,2.8411,2.8236,1.9398,,-210,,,,
2007/7/2,7.6075,3.5784,3.7501,2.1382,,0,,,,
2007/7/3,7.5951,3.9778,3.8544,2.5244,,0,,,,
2007/7/4,7.6007,2.4292,2.7615,2.9498,,-281,,,,
2007/7/5,7.606,2.4034,2.5234,2.977,,250,,,,
2007/7/6,7.6135,2.3688,2.6988,3.0051,,160,,,,
2007/7/9,7.6085,2.7629,2.9349,2.866,,0,,,,
2007/7/10,7.5845,3.7785,3.9917,2.7606,,0,,,,
2007/7/11,7.5712,3.9055,4.2064,2.8467,,-100,,,,
2007/7/12,7.5762,3.2488,3.8936,3.1702,,500,,,,
2007/7/13,7.5731,3.1911,3.3879,3.2982,,-1210,,,,
2007/7/16,7.5681,2.8813,2.9072,3.3861,,0,,,,
2007/7/17,7.5651,2.8011,2.5463,3.3287,,500,,,,
2007/7/18,7.5661,2.2269,2.9127,3.1086,,-80,,,,
2007/7/19,7.5636,2.1786,2.2351,2.7757,,-50,,,,
2007/7/20,7.5712,2.1186,2.1993,2.5593,,-240,,,,
2007/7/23,7.5642,2.1548,2.6335,2.3711,,0,,,,
2007/7/24,7.5725,2.1526,2.6162,2.2465,,0,,,,
2007/7/25,7.5596,2.1492,2.2052,2.1543,,-100,,,,
2007/7/26,7.5789,2.1224,2.2771,2.1438,,100,,,,
2007/7/27,7.5697,2.1271,2.2632,2.1358,,-320,,,,
2007/7/30,7.5824,2.1021,2.4862,2.1356,,0,12,,,
2007/7/31,7.5737,2.6896,2.8026,2.1235,,-450,,,,
2007/8/1,7.566,2.715,2.9189,2.2574,,-230,,,,
2007/8/2,7.5723,2.1912,2.3794,2.3839,,80.9,,,,
2007/8/3,7.5683,2.0342,2.3503,2.3745,,-520,,,,
2007/8/6,7.5598,2.0067,2.2341,2.3256,,0,,,,
2007/8/7,7.569,2.0513,2.7449,2.2835,,0,,,,
2007/8/8,7.5759,2.147,2.2324,2.1713,,-330,,,,
2007/8/9,7.5648,2.16,2.3085,2.0849,,171.3,,,,
2007/8/10,7.5698,2.2593,2.2762,2.0868,,-420,,,,
2007/8/13,7.5787,2.1831,2.2893,2.1394,,0,,,,
2007/8/14,7.5845,2.1284,2.1285,2.1652,,0,,,,
2007/8/15,7.5921,2.0857,2.3388,2.1683,,-300,,12,,
2007/8/16,7.5981,1.9783,2.0767,2.1511,,600,,,,
2007/8/17,7.6003,1.974,1.9769,2.1089,,-1350,,,,
2007/8/20,7.5973,1.9747,1.9411,2.0543,,0,,,,
2007/8/21,7.597,1.9643,1.9591,2.0189,,0,,,,
2007/8/22,7.5987,2.1983,2.2995,1.9907,,-300,,,,
2007/8/23,7.5847,2.3812,2.5607,2.0268,,200,,,,
2007/8/24,7.5691,2.4498,2.8092,2.1193,,-120,,,,
2007/8/27,7.5629,2.3673,2.4104,2.2157,,0,,,,
2007/8/28,7.5545,2.4415,2.5856,2.2774,,0,,,,
2007/8/29,7.5505,2.443,2.5827,2.3624,4.3,-350,,,,
2007/8/30,7.5567,2.6883,2.7249,2.4024,,450,,,,
2007/8/31,7.5607,2.4961,2.5196,2.4691,,0,,,,
2007/9/3,7.5546,2.4963,2.6658,2.4695,,0,,,,
2007/9/4,7.5556,2.2348,2.4041,2.4906,,-100,,,,
2007/9/5,7.5546,2.3683,2.7941,2.4229,,-330,,,,
2007/9/6,7.541,2.4385,2.4737,2.409,,500,12.5,,,
2007/9/7,7.5411,2.8066,2.8893,2.3794,,-1520,,,,
2007/9/10,7.5252,3.61,3.817,2.4869,,0,,,,
2007/9/11,7.5298,3.8512,3.9047,2.7792,,0,,,,
2007/9/12,7.5263,3.891,3.9856,3.1132,,-50,,,,
2007/9/13,7.5169,4.0208,4.1966,3.4016,,1200,,,,
2007/9/14,7.5222,5.7509,5.6809,3.6927,,250,,,,
2007/9/17,7.523,5.9463,5.8247,4.306,,0,,,,
2007/9/18,7.5266,5.9535,5.9435,4.7929,,0,,,,
2007/9/19,7.517,6.4762,6.849,5.2088,,-30,,,,
2007/9/20,7.5175,6.7893,6.7697,5.7285,,800,,,,
2007/9/21,7.505,6.9608,6.0875,6.2263,4.46,170,,,,
2007/9/24,7.5109,6.9561,6.9832,6.4524,,0,,,,
2007/9/25,7.5135,7.0296,7.2672,6.6526,,0,,12.5,,
2007/9/26,7.5089,4.8686,6.281,6.8706,,-50,,,,
2007/9/27,7.5157,3.3056,3.6083,6.4338,,800,,,,
2007/9/28,7.5108,2.038,2.0194,5.6225,,220,,,,
2007/9/29,,1.9525,1.9251,4.5688,,0,,,,
2007/9/30,,1.9878,2.6,3.5857,,0,,,,
2007/10/8,7.5102,2.0299,2.0553,2.6851,,330,,,,
2007/10/9,7.5232,2.0418,2.0388,2.2015,,-80,,,,
2007/10/10,7.5176,2.0736,2.1149,2.0065,,-40,,,,
2007/10/11,7.5143,2.1003,2.1524,2.0221,,600,,,,
2007/10/12,7.5114,2.2317,2.3043,2.0515,,-1080,,,,
2007/10/13,,,,,,,13,,,
2007/10/15,7.5153,2.3043,2.4589,2.1024,,0,,,,
2007/10/16,7.5136,2.3111,2.294,2.1666,,-350,,,,
2007/10/17,7.5156,2.3622,2.4697,2.2163,,-50,,,,
2007/10/18,7.5113,2.3765,2.7934,2.271,,600,,,,
2007/10/19,7.5074,2.4901,2.5346,2.3213,,280,,,,
2007/10/22,7.5055,3.1127,3.3904,2.3841,,0,,,,
2007/10/23,7.501,5.6935,5.5999,2.5322,,-60,,,,
2007/10/24,7.4938,7.9953,7.751,3.4017,,-10,,,,
2007/10/25,7.4867,8.747,8.493,4.6789,,950,,13,,
2007/10/26,7.481,10.0824,9.7141,6.0392,,340,,,,
2007/10/29,7.4718,2.9373,2.9996,7.5432,,0,,,,
2007/10/30,7.472,2.8277,2.9668,7.1004,,-40,,,,
2007/10/31,7.4692,2.9119,3.7074,6.2396,,-20,,,,
2007/11/1,7.4552,2.9994,3.1592,5.1804,,360,,,,
2007/11/2,7.4624,3.0685,3.2655,4.1125,4.49,215,,,,
2007/11/5,7.4562,3.0522,2.981,2.986,,0,,,,
2007/11/6,7.4577,3.0424,3.1702,3.0028,,-260,,,,
2007/11/7,7.4476,3.0081,2.686,3.0275,,-85,,,,
2007/11/8,7.4251,2.6551,2.7998,3.0266,,-30,,,,
2007/11/9,7.4162,2.8027,2.912,2.9398,,260,,,,
2007/11/10,,,,,,,13.5,,,
2007/11/12,7.414,2.4014,2.3865,2.8707,,0,,,,
2007/11/13,7.4309,2.2729,2.4851,2.739,,-305,,,,
2007/11/14,7.4321,2.1487,2.1988,2.5844,,-35,,,,
2007/11/15,7.4307,2.1499,2.9529,2.4178,,-10,,,,
2007/11/16,7.4336,2.0724,2.3737,2.3251,,270,,,,
2007/11/19,7.4303,3.0408,2.9493,2.2091,,0,,,,
2007/11/20,7.4255,3.9973,4.5085,2.4115,,440,,,,
2007/11/21,7.415,4.277,4.7663,2.8271,,-35,,,,
2007/11/22,7.4119,2.2612,2.3269,3.275,,-120,,,,
2007/11/23,7.3992,2.763,2.8465,3.2013,,190,,,,
2007/11/26,7.3942,2.7718,3.1886,3.2567,,0,,13.5,,
2007/11/27,7.3872,2.7198,2.8209,3.1501,,-550,,,,
2007/11/28,7.3899,2.114,2.0731,2.9128,,-100,,,,
2007/11/29,7.3983,2.929,3.0091,2.5193,,-100,,,,
2007/11/30,7.3997,3.0539,3.7344,2.6479,,60,,,,
2007/12/3,7.4143,4.1335,3.8521,2.7534,,0,,,,
2007/12/4,7.4094,4.2877,4.3397,3.112,,620,,,,
2007/12/5,7.3982,4.1806,5.1283,3.472,,-200,,,,
2007/12/6,7.4205,4.0401,4.0991,3.832,,0,,,,
2007/12/7,7.4091,2.6161,3.7973,3.9857,,-20,,,,
2007/12/8,,,,,,,14.5,,,
2007/12/10,7.3953,2.4939,2.6769,3.736,,100,,,,
2007/12/11,7.3797,4.1013,4.5619,3.3631,,905,,,,
2007/12/12,7.3647,4.3563,5.1905,3.392,,-150,,,,
2007/12/13,7.3568,4.8123,6.0523,3.5622,,0,,,,
2007/12/14,7.3589,3.4585,6.5219,3.8202,4.41,-60,,,,
2007/12/17,7.379,3.2059,3.2102,3.9018,,100,,,,
2007/12/18,7.3751,2.9164,2.7825,3.9333,,-450,,,,
2007/12/19,7.3698,2.4268,3.5506,3.6458,,-200,,,,
2007/12/20,7.3649,2.3875,2.6623,3.2308,,-219.5,,,,
2007/12/21,7.3572,2.1818,2.3273,2.7804,,-350,,,,
2007/12/24,7.3315,2.0822,5.16,2.5433,,0,,,,
2007/12/25,7.3261,2.0216,2.4561,2.335,,-580,,14.5,,
2007/12/26,7.3298,2.3803,2.3867,2.224,,-200,,,,
2007/12/27,7.3079,2.3181,2.3812,2.2211,,250,,,,
2007/12/28,7.3046,2.4898,2.4903,2.2184,,-1000,,,,
2007/12/29,,2.6005,2.5726,2.2947,,0,,,,
2008/1/2,7.2996,2.8624,2.8236,2.4436,,680,,,,
2008/1/3,7.2775,2.937,3.501,2.5867,,490,,,,
2008/1/4,7.2779,2.8432,3.144,2.703,,1180,,,,
2008/1/7,7.2695,2.7214,2.7738,2.7831,,350,,,,
2008/1/8,7.2791,2.3719,2.3796,2.8157,,-1710,,,,370
2008/1/9,7.2723,2.3985,2.7559,2.7428,,-500,,,,
2008/1/10,7.2805,2.4238,2.682,2.647,,-510,,,,350
2008/1/11,7.2672,2.0358,3.3445,2.5541,,-580,,,,
2008/1/14,7.2566,2.007,2.0418,2.3923,,300,,,,
2008/1/15,7.2454,2.2437,2.5193,2.2613,,-30,,,,290
2008/1/16,7.2418,2.5686,2.9086,2.2653,,-800,15,,,
2008/1/17,7.2545,2.735,3.0826,2.3117,,2970,,,,70
2008/1/18,7.2571,2.6494,2.6942,2.3938,,-360,,,,
2008/1/21,7.2598,2.7233,3.1696,2.5091,,0,,,,
2008/1/22,7.2556,4.4169,4.0762,2.6264,,1800,,,,
2008/1/23,7.235,4.8248,4.8769,2.9461,,-310,,,,
2008/1/24,7.2293,5.193,6.111,3.4746,,1800,,,,
2008/1/25,7.2065,3.5719,5.5585,3.9899,,-40,,15,,
2008/1/28,7.1996,3.0046,3.26,4.0764,,0,,,,
2008/1/29,7.202,2.9959,3.0403,4.0126,,760,,,,140
2008/1/30,7.1998,3.2497,3.4472,3.7863,,-600,,,,
2008/1/31,7.1853,3.2285,4.3619,3.4875,,1040,,,,170
2008/2/1,7.1903,3.1306,2.9646,3.1774,,-650,,,,
2008/2/2,,2.9576,2.5029,3.0658,,0,,,,
2008/2/3,,2.9082,,3.0202,,0,,,,
2008/2/4,7.1923,2.8894,2.8259,3.0001,,220,,,,
2008/2/5,7.1846,2.5757,2.5071,2.9391,,580,,,,
2008/2/13,7.1952,2.5974,2.6868,2.8114,,140,,,,
2008/2/14,7.189,2.5956,3.1634,2.7417,,-1170,,,,200
2008/2/15,7.1763,2.604,3.0777,2.6977,,-1930,,,,
2008/2/18,7.1667,2.5594,2.5618,2.6403,,150,,,,
2008/2/19,7.1574,2.5772,3.2463,2.5897,,-270,,,,
2008/2/20,7.1452,2.6436,3.0794,2.5913,,-600,,,,
2008/2/21,7.1503,3.8456,3.6048,2.6006,,770,,,,
2008/2/22,7.1463,3.7484,3.778,2.9067,,-1010,,,,
2008/2/25,7.146,4.4083,5.0899,3.18,,200,,,,
2008/2/26,7.1505,4.2134,5.725,3.5808,,-240,,,,
2008/2/27,7.1455,2.8717,3.5891,3.8751,,-380,,,,
2008/2/28,7.1209,2.8214,2.8484,3.8019,,-110,,,,
2008/2/29,7.1058,2.8255,2.8351,3.5545,,-1110,,,,
2008/3/3,7.1058,2.8168,3.0222,3.3333,,0,,,,
2008/3/4,7.1175,2.6216,2.9558,3.0417,,-190,,,,
2008/3/5,7.1172,2.5884,3.0866,2.7684,,-950,,,,
2008/3/6,7.1168,2.5764,2.7432,2.7151,,-1150,,,,
2008/3/7,7.109,2.3757,2.423,2.6628,,30,,,,
2008/3/10,7.108,2.3203,2.335,2.5708,,0,,,,
2008/3/11,7.1029,2.5213,2.5057,2.4762,,-800,,,,
2008/3/12,7.1069,2.6727,2.6789,2.4629,,-750,,,,
2008/3/13,7.097,2.5808,2.5665,2.4998,,-810,,,,
2008/3/14,7.0882,2.5485,2.5678,2.5016,,150,,,,
2008/3/17,7.0815,2.5233,2.5264,2.5304,,0,,,,
2008/3/18,7.087,2.4829,2.4859,2.5614,,-300,15.5,,,
2008/3/19,7.0648,2.4586,2.4897,2.5497,4.07,-560,,,,
2008/3/20,7.0512,2.4349,2.4448,2.5046,,-240,,,,
2008/3/21,7.0593,2.4193,2.5048,2.4821,,20,,,,
2008/3/24,7.0518,2.3971,2.4091,2.457,,0,,,,
2008/3/25,7.0436,2.3832,2.5111,2.4251,,-240,,15.5,,
2008/3/26,7.0252,2.4676,2.4804,2.4073,,-880,,,,
2008/3/27,7.013,2.3846,2.5107,2.4142,,280,,,,
2008/3/28,7.0137,2.3876,2.3716,2.4034,,-740,,,,
2008/3/31,7.019,2.8836,2.8941,2.3974,,0,,,,
2008/4/1,7.0218,3.1008,3.1195,2.5208,,470,,,,
2008/4/2,7.0292,3.1539,3.1528,2.6801,,-580,,,,
2008/4/3,7.0192,2.7796,2.733,2.8262,,870,,,,
2008/4/7,7.002,3.2093,3.2496,2.8822,,-150,,,,
2008/4/8,7.0015,3.4941,3.7797,3.0396,,850,,,,
2008/4/9,7.0025,3.9241,4.6024,3.1939,,-450,,,,
2008/4/10,6.992,3.455,4.1487,3.3916,,700,,,,
2008/4/11,7.0012,2.8371,2.9386,3.4446,,220,,,,
2008/4/14,6.9993,3.0032,2.8229,3.3851,,0,,,,
2008/4/15,6.9963,3.216,3.4924,3.3309,,600,,,,
2008/4/16,7.0047,3.3166,4.2697,3.2702,,-670,16,,,
2008/4/17,6.9895,3.3252,3.6884,3.1859,,-50,,,,
2008/4/18,7.0006,2.8635,2.9005,3.1756,,-590,,,,
2008/4/21,7.0078,2.8147,2.8748,3.1474,,0,,,,
2008/4/22,6.9912,2.7908,3.2259,3.0763,,540,,,,
2008/4/23,6.9837,2.6984,2.8163,2.9845,,-740,,,,
2008/4/24,6.989,2.6875,2.7899,2.8633,,-180,,,,
2008/4/25,6.9949,2.8919,2.9648,2.7575,,-1220,,16,,
2008/4/28,6.998,2.8548,2.8905,2.7791,,0,,,,
2008/4/29,6.9898,2.9408,2.9511,2.7917,,410,,,,
2008/4/30,7.0002,2.8442,2.7977,2.8269,,-260,,,,
2008/5/4,,2.8024,2.8241,2.8448,,0,,,,
2008/5/5,7.0016,2.9475,2.9562,2.8572,,0,,,,
2008/5/6,6.9888,2.9511,3.349,2.8812,,30,,,,
2008/5/7,6.9848,3.0324,3.1366,2.9096,,-330,,,,
2008/5/8,7.001,3.0113,3.0602,2.9386,,160,,,,
2008/5/9,7.0005,2.9447,3.0505,2.9748,,-440,,,,
2008/5/12,6.982,3.128,3.2027,2.9942,,0,16.5,,,
2008/5/13,6.9887,3.2881,3.4429,3.0473,,360,,,,
2008/5/14,6.9987,3.3722,3.5427,3.1178,,-310,,,,
2008/5/15,7.0,3.4828,3.5953,3.19,,540,,,,
2008/5/16,6.9895,3.9612,3.8828,3.287,,70,,,,
2008/5/19,6.9712,3.9409,3.9646,3.4887,,0,,,,
2008/5/20,6.978,3.951,3.9871,3.64,,730,,16.5,,
2008/5/21,6.9597,3.76,3.7733,3.7598,,-230,,,,
2008/5/22,6.9428,3.8651,3.8701,3.8149,,510,,,,
2008/5/23,6.9498,3.5336,3.5232,3.8639,,-30,,,,
2008/5/26,6.9399,3.4797,3.5018,3.7667,,0,,,,
2008/5/27,6.9432,3.4238,3.4598,3.673,,220,,,,
2008/5/28,6.9408,3.0743,3.085,3.5711,,-250,,,,
2008/5/29,6.9402,3.2011,3.2457,3.4259,,-130,,,,
2008/5/30,6.9472,3.1339,3.1507,3.3131,,-60,,,,
2008/6/2,6.9372,3.1369,3.1485,3.2431,,0,,,,
2008/6/3,6.9295,3.1201,3.1816,3.1817,,340,,,,
2008/6/4,6.9356,3.2773,3.2876,3.1367,,-340,,,,
2008/6/5,6.9394,3.3075,3.3272,3.1789,,-20,,,,
2008/6/6,6.9238,3.3309,3.3407,3.2085,,550,,,,
2008/6/7,,,,,,,17.5,,,
2008/6/10,6.9199,4.991,5.017,3.2501,,270,,,,
2008/6/11,6.9209,4.1237,4.1289,3.6784,,-150,,,,
2008/6/12,6.9015,3.5518,3.5795,3.8622,,60,,,,
2008/6/13,6.9018,3.356,3.4448,3.8719,,1060,,,,
2008/6/15,,,,,,,,17,,
2008/6/16,6.9028,3.3501,3.3671,3.8224,,0,,,,
2008/6/17,6.8919,3.2258,3.2469,3.7566,,-10,,,,
2008/6/18,6.8823,3.1923,3.2115,3.4521,,-90,,,,
2008/6/19,6.8796,3.3777,3.4044,3.2921,,100,,,,
2008/6/20,6.8826,3.2246,3.334,3.2741,4.41,540,,,,
2008/6/23,6.8676,3.0668,3.0788,3.2365,,0,,,,
2008/6/24,6.8736,3.1053,3.121,3.1842,,40,,,,
2008/6/25,6.8684,3.1663,3.2094,3.1526,,-50,,17.5,,
2008/6/26,6.8634,3.2893,3.3328,3.1509,,180,,,,
2008/6/27,6.861,3.2921,3.4317,3.1463,,620,,,,
2008/6/30,6.8591,3.2936,3.2994,3.1803,,0,,,,
2008/7/1,6.8608,2.9996,2.9506,3.2276,,0,,,,
2008/7/2,6.8621,3.1575,3.1498,3.1951,,166,,,,
2008/7/3,6.8529,2.9005,2.9661,3.1905,,-20,,,,
2008/7/4,6.8639,2.8995,2.8852,3.1093,,-130,,,,
2008/7/7,6.8567,3.0316,2.9246,3.0385,,250,,,,
2008/7/8,6.8581,3.196,3.2015,2.9972,,-120,,,,
2008/7/9,6.8632,3.1309,3.1727,3.0433,,-50,,,,
2008/7/10,6.8489,2.9269,2.9763,3.0447,,-330,,,,
2008/7/11,6.8397,2.7678,2.7561,3.034,,-260,,,,
2008/7/14,6.8266,3.0097,3.0032,2.9843,,0,,,,
2008/7/15,6.823,3.0576,3.0653,2.9891,,-160,,,,
2008/7/16,6.8128,2.906,2.9107,2.9817,,-150,,,,
2008/7/17,6.8189,3.0402,3.0434,2.9453,,-150,,,,
2008/7/18,6.8238,3.1625,3.1646,2.9692,,130,,,,
2008/7/21,6.8271,3.0678,3.081,3.0464,,0,,,,
2008/7/22,6.8219,3.0253,3.1345,3.0462,,-30,,,,
2008/7/23,6.8279,2.9716,2.9896,3.0395,,-210,,,,
2008/7/24,6.8297,3.0842,3.1082,3.0436,,-10,,,,
2008/7/25,6.8255,3.0816,3.1434,3.0548,,350,,,,
2008/7/28,6.8277,3.161,3.2542,3.0425,,0,,,,
2008/7/29,6.8205,3.4189,3.4022,3.0669,,-50,,,,
2008/7/30,6.8351,3.4256,3.1159,3.1573,,-20,,,,
2008/7/31,6.8388,3.7695,3.814,3.2435,,80,,,,
2008/8/1,6.8423,3.7905,3.8064,3.3962,,130,,,,
2008/8/4,6.8471,3.8679,3.9026,3.5409,,0,,,,
2008/8/5,6.8501,3.9556,4.0204,3.678,,50,,,,
2008/8/6,6.8525,3.7928,3.82,3.7739,,-60,,,,
2008/8/7,6.8555,3.2452,3.3203,3.8265,,150,,,,
2008/8/8,6.8585,3.1664,3.1665,3.6896,,250,,,,
2008/8/11,6.8638,3.1493,3.179,3.547,,0,,,,
2008/8/12,6.8659,3.1176,3.18,3.4021,,-170,,,,
2008/8/13,6.8628,3.1478,3.1506,3.2621,,-620,,,,
2008/8/14,6.863,3.2425,3.2567,3.1608,,-150,,,,
2008/8/15,6.8649,2.7893,2.8628,3.1638,,50,,,,
2008/8/18,6.8665,3.2775,3.3176,3.0728,,0,,,,
2008/8/19,6.8599,3.1142,3.1263,3.1114,,-40,,,,
2008/8/20,6.8529,3.1087,3.1432,3.1127,,-520,,,,
2008/8/21,6.8518,3.0214,3.0318,3.106,,-30,,,,
2008/8/22,6.8357,3.0949,3.0992,3.0673,,305,,,,
2008/8/25,6.8397,3.0003,3.0536,3.116,,0,,,,
2008/8/26,6.84,3.0351,3.1598,3.0648,,-180,,,,
2008/8/27,6.8415,3.0317,3.0445,3.0489,,-500,,,,
2008/8/28,6.8326,3.2155,3.2157,3.0318,,-120,,,,
2008/8/29,6.8345,3.0584,3.0796,3.0781,,380,,,,
2008/9/1,6.832,3.1008,3.1173,3.0591,,0,,,,
2008/9/2,6.8359,3.0702,3.1581,3.0617,,-360,,,,
2008/9/3,6.8398,3.043,3.0569,3.0672,,-820,,,,
2008/9/4,6.841,3.1553,3.1488,3.0684,,-370,,,,
2008/9/5,6.8436,3.0098,3.0674,3.0671,,360,,,,
2008/9/8,6.8455,2.9246,2.9388,3.055,,0,,,,
2008/9/9,6.8399,3.0546,3.1264,3.0238,,-180,,,,
2008/9/10,6.8406,3,3.0294,3.0258,,-900,,,,
2008/9/11,6.8457,3.0104,3.0319,3.0157,,-50,,,,
2008/9/12,6.8458,3.0213,3.027,2.9964,,-180,,,,
2008/9/15,,,,,,,17.5,,,
2008/9/16,6.8203,2.9946,3.0113,3.0002,,-280,,,,
2008/9/17,6.829,3.0968,3.1149,3.0054,,-1450,,,,
2008/9/18,6.8201,3.2109,3.203,3.0216,,-70,,,,
2008/9/19,6.8276,3.3333,3.3501,3.0744,3.68,120,,,,
2008/9/22,6.8243,3.4429,3.4994,3.1554,,0,,,,
2008/9/23,6.8009,3.4229,3.5116,3.251,,760,,,,
2008/9/24,6.8129,3.3263,3.5377,3.335,,-1000,,,,
2008/9/25,6.8197,3.3419,3.4258,3.3708,,610,,17.5,,
2008/9/26,6.8183,3.4247,3.4545,3.3976,,90,,,,
2008/9/27,,3.4531,3.462,3.4094,,0,,,,
2008/9/28,,3.2467,3.273,3.4155,,0,,,,
2008/10/6,6.8321,3.5519,3.6192,3.3734,,230,,,,
2008/10/7,6.8345,3.7313,3.7393,3.4224,,600,,,,
2008/10/8,6.8319,3.3576,3.4179,3.5016,,-800,17,,,
2008/10/9,6.831,3.3075,3.352,3.4762,,350,,,,
2008/10/10,6.8327,3.42,3.4333,3.4379,,240,,,,
2008/10/13,6.8287,3.3231,3.3621,3.4636,,0,,,,
2008/10/14,6.8278,3.15,3.2284,3.417,,-500,,,,
2008/10/15,6.8272,3.2242,3.2914,3.3065,,-600,,17,,
2008/10/16,6.8295,3.2,3.2912,3.2794,,160,,,,
2008/10/17,6.8311,3.0825,3.0412,3.2523,,-180,,,,
2008/10/20,6.8297,3.0017,3.0156,3.1806,,0,,,,
2008/10/21,6.8309,2.9921,2.9951,3.1169,,-450,,,,
2008/10/22,6.8339,2.9171,2.9624,3.0833,,-500,,,,
2008/10/23,6.8368,2.9958,3.0141,3.0238,,310,,,,
2008/10/24,6.8357,2.9807,2.9869,2.9934,,60,,,,
2008/10/27,6.836,2.9171,2.9336,2.9845,,0,,,,
2008/10/28,6.8369,2.8953,2.9055,2.9656,,-100,,,,
2008/10/29,6.8318,2.9342,2.9421,2.9438,,0,,,,
2008/10/30,6.827,2.9138,2.9387,2.9459,,0,,,,
2008/10/31,6.8258,2.8018,2.8337,2.9295,,-30,,,,
2008/11/3,6.8288,2.8763,2.8902,2.8869,,0,,,,
2008/11/4,6.8261,2.9363,2.9652,2.8788,,0,,,,
2008/11/5,6.824,2.8658,2.8847,2.891,,-100,,,,
2008/11/6,6.8252,2.8462,2.8592,2.8755,,-50,,,,
2008/11/7,6.8277,2.7877,2.7989,2.8644,,265,,,,
2008/11/10,6.8252,2.7898,2.8122,2.857,,0,,,,
2008/11/11,6.8265,2.7813,2.8096,2.838,,500,,,,
2008/11/12,6.8291,2.7804,2.7867,2.8103,,0,,,,
2008/11/13,6.8295,2.6842,2.7039,2.7954,,0,,,,
2008/11/14,6.8289,2.7121,2.7255,2.7605,,345,,,,
2008/11/17,6.8303,2.6925,2.6913,2.7437,,0,,,,
2008/11/18,6.828,2.6252,2.6524,2.7238,,0,,,,
2008/11/19,6.8293,2.6267,2.6367,2.693,,-50,,,,
2008/11/20,6.8307,2.5938,2.6201,2.6655,,-60,,,,
2008/11/21,6.8317,2.5067,2.5197,2.6464,,265,,,,
2008/11/24,6.8304,2.5888,2.6073,2.6056,,0,,,,
2008/11/25,6.8284,2.5696,2.5868,2.5899,,50,,,,
2008/11/26,6.8272,2.5353,2.5826,2.5793,,0,16,,,
2008/11/27,6.8292,1.9808,1.9311,2.5611,,0,,,,
2008/11/28,6.8349,2.0983,2.1056,2.4175,,190,,,,
2008/12/1,6.8505,1.9767,1.9674,2.3258,,0,,,,
2008/12/2,6.8527,1.9683,1.9837,2.2037,,-100,,,,
2008/12/3,6.8502,1.9761,1.974,2.0922,,0,,,,
2008/12/4,6.8502,1.9708,2.036,2.0013,,0,,,,
2008/12/5,6.8482,1.85,1.9025,1.9968,,390,,16,,
2008/12/8,6.8509,1.8408,1.8182,1.9472,,0,,,,
2008/12/9,6.8479,1.7475,1.7409,1.9169,,-120,,,,
2008/12/10,6.8475,1.5742,1.5948,1.8669,,0,,,,
2008/12/11,6.8471,1.4579,1.601,1.7793,,0,,,,
2008/12/12,6.8451,1.535,1.4944,1.6711,2.9,340,,,,
2008/12/15,6.8442,1.5212,1.5416,1.6126,,0,,,,
2008/12/16,6.8433,1.5107,1.5287,1.5552,,-500,,,,
2008/12/17,6.8353,1.4511,1.4562,1.5189,,0,,,,
2008/12/18,6.8322,1.3975,1.4204,1.489,,-140,,,,
2008/12/19,6.8357,1.4008,1.4326,1.465,,270,,,,
2008/12/22,6.8377,1.3775,1.4139,1.4396,,0,15.5,,,
2008/12/23,6.8389,1.3667,1.3657,1.4134,,-450,,,,
2008/12/24,6.8397,1.2051,1.2591,1.3878,,0,,,,
2008/12/25,6.8366,1.2082,1.2343,1.3393,,0,,15.5,,
2008/12/26,6.8362,1.2044,1.2077,1.3066,,-220,,,,
2008/12/29,6.8357,1.1617,1.2616,1.2607,,0,,,,
2008/12/30,6.8353,1.0757,1.1153,1.2181,,-200,,,,
2008/12/31,6.8346,1.0058,1.1187,1.1614,,0,,,,
2009/1/4,,0.9857,1.145,1.1147,,100,,,,
2009/1/5,6.8367,0.9983,1.1919,1.0685,,0,,,,
2009/1/6,6.8384,0.99,1.0517,1.0347,,-280,,,,
2009/1/7,6.8389,1.0038,1.0336,1.0053,,0,,,,
2009/1/8,6.8375,0.988,1.0279,0.995,,0,,,,
2009/1/9,6.8363,0.9439,1.0619,0.992,,330,,,,
2009/1/12,6.8382,0.9263,0.9937,0.979,,0,,,,
2009/1/13,6.8395,0.9217,1.0993,0.9667,,500,,,,
2009/1/14,6.8399,0.9203,0.9972,0.9538,,0,,,,
2009/1/15,6.8392,0.9004,0.9159,0.9404,,-300,,,,
2009/1/16,6.8383,0.9121,0.9248,0.9242,,1400,,,,
2009/1/19,6.836,0.9075,0.9916,0.9204,,0,,,,
2009/1/20,6.8385,0.8815,0.9608,0.915,,800,,,,
2009/1/21,6.8396,0.9371,1.1122,0.9031,,0,,,,
2009/1/22,6.8373,1.0254,1.041,0.9086,,0,,,,
2009/1/23,6.838,1.0267,1.0379,0.9382,,510,,,,
2009/1/24,,0.9833,0.8855,0.9629,,0,,,,
2009/2/1,,0.9258,0.9888,0.9508,,750,,,,
2009/2/2,6.8397,0.9083,0.9338,0.9535,,0,,,,
2009/2/3,6.8398,0.9314,1.0086,0.9454,,-300,,,,
2009/2/4,6.8348,0.9404,0.9729,0.9327,,0,,,,
2009/2/5,6.836,0.9399,1.1153,0.9234,,-500,,,,
2009/2/6,6.8371,0.9358,0.9601,0.9342,,-240,,,,
2009/2/9,6.8346,0.9375,0.9901,0.9386,,0,,,,
2009/2/10,6.833,0.9395,0.979,0.9443,,-350,,,,
2009/2/11,6.8337,0.9348,0.9847,0.9443,,0,,,,
2009/2/12,6.8327,0.9325,0.9747,0.9397,,0,,,,
2009/2/13,6.8334,0.9575,1.2439,0.939,,-210,,,,
2009/2/16,6.8343,0.9525,0.9818,0.9454,,750,,,,
2009/2/17,6.8352,0.9533,1.0238,0.9496,,-1000,,,,
2009/2/18,6.8363,0.9538,0.9912,0.9561,,0,,,,
2009/2/19,6.8369,0.95,0.9839,0.9625,,-650,,,,
2009/2/20,6.8357,0.9742,0.9901,0.9637,,265,,,,
2009/2/23,6.8337,0.9938,1.025,0.9705,,0,,,,
2009/2/24,6.8358,0.9558,1.0097,0.9819,,-800,,,,
2009/2/25,6.8361,0.9483,0.9931,0.9795,,0,,,,
2009/2/26,6.8371,0.9404,0.9961,0.9759,,-500,,,,
2009/2/27,6.8379,0.9488,0.9717,0.9724,,60,,,,
2009/3/2,6.8389,0.9471,0.9842,0.9627,,0,,,,
2009/3/3,6.8392,0.9475,0.946,0.9542,,-150,,,,
2009/3/4,6.8395,0.9433,1.0132,0.9531,,0,,,,
2009/3/5,6.8365,0.9421,1.0156,0.9541,,1050,,,,
2009/3/6,6.837,0.9275,0.9605,0.9535,,-490,,,,
2009/3/9,6.8355,0.9617,1.0241,0.9488,,0,,,,
2009/3/10,6.8358,0.945,0.9326,0.9522,,-350,,,,
2009/3/11,6.8347,0.9475,0.9537,0.9508,3.05,0,,,,
2009/3/12,6.8339,0.9383,0.9649,0.9529,,750,,,,
2009/3/13,6.8334,0.9392,0.9844,0.9507,,-590,,,,
2009/3/16,6.8349,0.9592,0.9899,0.9535,,0,,,,
2009/3/17,6.8327,0.9446,1.0099,0.9585,,-1000,,,,
2009/3/18,6.8319,0.9188,0.9738,0.9556,,0,,,,
2009/3/19,6.8301,0.9588,1.0257,0.9437,,1410,,,,
2009/3/20,6.8293,0.9667,1.0742,0.9519,,-700,,,,
2009/3/23,6.8304,0.9633,1.0238,0.9591,,0,,,,
2009/3/24,6.8301,0.9383,1.0319,0.9593,,-200,,,,
2009/3/25,6.8328,0.9329,0.9629,0.958,,0,,,,
2009/3/26,6.8321,0.9292,1.0783,0.9595,,880,,,,
2009/3/27,6.8317,0.9528,1.0209,0.951,,-300,,,,
2009/3/30,6.834,0.9433,0.9761,0.9519,,0,,,,
2009/3/31,6.8359,0.9354,1.0207,0.9468,,450,,,,
2009/4/1,6.8349,0.9425,1.1095,0.9456,,0,,,,
2009/4/2,6.8341,0.9408,1.0068,0.9495,,580,,,,
2009/4/3,6.832,0.9408,1.0068,0.955,,-800,,,,
2009/4/7,6.834,0.9475,1.0196,0.953,,-600,,,,
2009/4/8,6.837,0.9438,0.9625,0.9548,,0,,,,
2009/4/9,6.8358,0.94,0.9749,0.9577,,450,,,,
2009/4/10,6.8347,0.9371,0.962,0.9568,,-450,,,,
2009/4/13,6.8332,0.9229,1.0365,0.9532,,0,,,,
2009/4/14,6.8296,0.9163,0.9454,0.9444,,-400,,,,
2009/4/15,6.8293,0.9175,0.979,0.9354,,0,,,,
2009/4/16,6.8301,0.9208,0.9398,0.9291,,970,,,,
2009/4/17,6.8311,0.92,0.959,0.9252,,-750,,,,
2009/4/20,6.8329,0.9125,0.943,0.9209,,0,,,,
2009/4/21,6.8342,0.9183,0.9968,0.9203,,-650,,,,
2009/4/22,6.8306,0.9371,0.995,0.9218,,0,,,,
2009/4/23,6.8295,0.9475,0.9797,0.9301,,740,,,,
2009/4/24,6.8273,0.9617,0.9931,0.939,,-350,,,,
2009/4/27,6.8253,0.9558,1.0614,0.9512,,0,,,,
2009/4/28,6.8274,0.9429,1.0532,0.9564,,350,,,,
2009/4/29,6.8265,0.9408,0.9773,0.9599,,0,,,,
2009/4/30,6.825,0.9417,1.0128,0.9563,,520,,,,
2009/5/4,6.8225,0.9421,1.0553,0.9554,,-700,,,,
2009/5/5,6.8201,0.9325,0.9885,0.9508,,0,,,,
2009/5/6,6.8232,0.9275,1.0199,0.947,3.02,0,,,,
2009/5/7,6.823,0.9311,1.0258,0.9446,,830,,,,
2009/5/8,6.8221,0.9267,0.9821,0.9448,,-500,,,,
2009/5/11,6.822,0.9283,0.9608,0.942,,0,,,,
2009/5/12,6.8242,0.9438,0.9909,0.9392,,100,,,,
2009/5/13,6.8235,0.9433,1.0863,0.9449,,0,,,,
2009/5/14,6.825,0.9413,1.0011,0.946,,310,,,,
2009/5/15,6.8247,0.9483,0.9887,0.9459,,-450,,,,
2009/5/18,6.8267,0.9479,0.9616,0.9502,,0,,,,
2009/5/19,6.826,0.9525,1.0566,0.9544,,850,,,,
2009/5/20,6.8251,0.9503,0.9888,0.956,,0,,,,
2009/5/21,6.8245,0.9538,1.0803,0.9609,,230,,,,
2009/5/22,6.8239,0.9617,0.9964,0.9633,,-450,,,,
2009/5/25,6.8235,0.9579,0.9821,0.9659,,0,,,,
2009/5/26,6.8285,0.9546,0.9849,0.9643,,-350,,,,
2009/5/27,6.8324,0.9554,0.9597,0.9631,,500,,,,
2009/5/31,,0.9529,0.956,0.9606,,650,,,,
2009/6/1,6.8317,0.9417,0.9674,0.959,,0,,,,
2009/6/2,6.8309,0.9403,1.0634,0.9512,,0,,,,
2009/6/3,6.8302,0.9463,0.9636,0.9507,,0,,,,
2009/6/4,6.8325,0.9454,1.0419,0.9506,,340,,,,
2009/6/5,6.8334,0.9448,1.0186,0.9494,,-300,,,,
2009/6/8,6.8365,0.9413,0.9706,0.9472,,0,,,,
2009/6/9,6.8366,0.9461,1.0045,0.9507,,-100,,,,
2009/6/10,6.8336,0.94,0.9777,0.9483,,0,,,,
2009/6/11,6.8348,0.9408,0.9792,0.9463,,150,,,,
2009/6/12,6.8325,0.9408,1.0313,0.944,,-200,,,,
2009/6/15,6.8343,0.9425,0.9703,0.9429,,0,,,,
2009/6/16,6.8368,0.9421,0.971,0.9414,,100,,,,
2009/6/17,6.834,0.9425,0.956,0.9425,3.09,0,,,,
2009/6/18,6.8321,0.9525,0.9817,0.944,,90,,,,
2009/6/19,6.8338,0.9967,1.0608,0.9465,,-200,,,,
2009/6/22,6.8328,1.0892,1.1048,0.9589,,0,,,,
2009/6/23,6.8339,1.1,1.1282,0.9951,,800,,,,
2009/6/24,6.8316,1.185,1.2059,1.0312,,0,,,,
2009/6/25,6.8331,1.1288,1.1558,1.0815,,50,,,,
2009/6/26,6.8328,1.1717,1.1884,1.1138,,300,,,,
2009/6/29,6.8316,1.19,1.2226,1.1447,,0,,,,
2009/6/30,6.8319,1.2117,1.2442,1.1656,,0,,,,
2009/7/1,6.8325,1.1767,1.1917,1.185,,0,,,,
2009/7/2,6.8309,1.295,1.3048,1.1811,,15,,,,
2009/7/3,6.8333,1.2493,1.2636,1.212,,300,,,,
2009/7/6,6.833,1.2325,1.2436,1.2256,,0,,,,
2009/7/7,6.8326,1.2208,1.2557,1.2284,,-100,,,,
2009/7/8,6.8336,1.2178,1.2743,1.2278,,0,,,,
2009/7/9,6.8325,1.2271,1.2445,1.2352,,50,,,,
2009/7/10,6.8313,1.225,1.2195,1.2275,,-50,,,,
2009/7/13,6.832,1.2608,1.2929,1.2254,,0,,,,
2009/7/14,6.8332,1.3742,1.4119,1.2357,,0,,,,
2009/7/15,6.8328,1.4367,1.4886,1.2734,,0,,,,
2009/7/16,6.8315,1.5158,1.5579,1.3217,,150,,,,
2009/7/17,6.831,1.5334,1.5854,1.3827,,250,,,,
2009/7/20,6.8321,1.6936,1.811,1.4487,,0,,,,
2009/7/21,6.8311,2.0971,2.1235,1.5452,,850,,,,
2009/7/22,6.8309,2.0283,2.0188,1.7074,3.48,-150,,,,
2009/7/23,6.8307,1.94,1.9356,1.8315,,210,,,,
2009/7/24,6.8318,1.7117,1.6974,1.9013,,500,,,,
2009/7/27,6.8316,1.6025,1.642,1.9019,,0,,,,
2009/7/28,6.831,1.56,1.5787,1.8539,,0,,,,
2009/7/29,6.8314,1.5042,1.5307,1.7455,,-150,,,,
2009/7/30,6.8335,1.6429,1.614,1.6488,,80,,,,
2009/7/31,6.8323,1.9325,1.9418,1.6069,,-450,,,,
2009/8/3,6.831,2.1267,2.1405,1.6734,,700,,,,
2009/8/4,6.8303,1.5042,1.5686,1.7978,,-300,,,,
2009/8/5,6.8306,1.8063,1.7836,1.7598,,-180,,,,
2009/8/6,6.8304,1.6225,1.5559,1.804,,60,,,,
2009/8/7,6.8316,1.6013,1.6455,1.7794,,50,,,,
2009/8/10,6.8346,1.6136,1.6264,1.7138,,0,,,,
2009/8/11,6.8352,1.5433,1.5812,1.6308,,-50,,,,
2009/8/12,6.8351,1.4738,1.5032,1.6287,,-200,,,,
2009/8/13,6.8343,1.4442,1.444,1.57,,620,,,,
2009/8/14,6.8328,1.4086,1.4377,1.5342,,-100,,,,
2009/8/17,6.8333,1.4067,1.4043,1.4957,,0,,,,
2009/8/18,6.8339,1.295,1.3162,1.458,,-350,,,,
2009/8/19,6.8329,1.2729,1.3043,1.4044,,-450,,,,
2009/8/20,6.8318,1.2675,1.3298,1.3601,,520,,,,
2009/8/21,6.8313,1.254,1.3032,1.3288,,200,,,,
2009/8/24,6.8309,1.2736,1.2884,1.2994,,0,,,,
2009/8/25,6.8311,1.3467,1.3753,1.2795,,400,,,,
2009/8/26,6.8313,1.3704,1.4138,1.2939,,-500,,,,
2009/8/27,6.832,1.3611,1.4382,1.3161,,500,,,,
2009/8/28,6.8309,1.3875,1.3968,1.333,,-800,,,,
2009/8/31,6.8312,1.465,1.4916,1.3587,,0,,,,
2009/9/1,6.8308,1.3246,1.3256,1.3995,,900,,,,
2009/9/2,6.8316,1.5725,1.6274,1.3959,,-850,,,,
2009/9/3,6.8307,1.6854,1.6754,1.4399,,820,,,,
2009/9/4,6.831,1.7513,1.6752,1.5096,,-150,,,,
2009/9/7,6.8305,1.7258,1.7489,1.5799,,0,,,,
2009/9/8,6.83,1.7096,1.7375,1.6273,,850,,,,
2009/9/9,6.8292,1.6583,1.6871,1.6848,,-950,,,,
2009/9/10,6.8288,1.564,1.6225,1.6997,,400,,,,
2009/9/11,6.8282,1.3825,1.414,1.6635,,100,,,,
2009/9/14,6.828,1.4425,1.4762,1.5995,,0,,,,
2009/9/15,6.8284,1.4517,1.4515,1.5475,,0,,,,
2009/9/16,6.8281,1.4529,1.4972,1.5043,3.44,-850,,,,
2009/9/17,6.8272,1.4654,1.4839,1.4739,,950,,,,
2009/9/18,6.8271,1.5158,1.4995,1.4624,,500,,,,
2009/9/21,6.828,1.6213,1.6287,1.4846,,0,,,,
2009/9/22,6.8289,1.5921,1.6042,1.5199,,-200,,,,
2009/9/23,6.8271,1.5617,1.6305,1.5463,,-930,,,,
2009/9/24,6.828,1.7775,1.7138,1.5635,,1000,,,,
2009/9/25,6.8287,1.6275,1.5956,1.6281,,200,,,,
2009/9/27,,1.6025,1.607,1.6405,,0,,,,
2009/9/28,6.8279,1.5717,1.5549,1.637,,0,,,,
2009/9/29,6.8288,1.6603,1.6504,1.6305,,500,,,,
2009/9/30,6.829,1.7983,1.8248,1.6467,,500,,,,
2009/10/9,6.827,1.6983,1.732,1.6757,,2100,,,,
2009/10/10,,1.6808,1.6835,1.6883,,0,,,,
2009/10/12,6.8275,1.5857,1.5825,1.6951,,0,,,,
2009/10/13,6.827,1.5767,1.5747,1.6846,,900,,,,
2009/10/14,6.8269,1.5528,1.6417,1.6624,,-1000,,,,
2009/10/15,6.8267,1.5224,1.5783,1.6101,,-400,,,,
2009/10/16,6.827,1.5223,1.5355,1.5769,,-230,,,,
2009/10/19,6.8275,1.5271,1.5489,1.5515,,0,,,,
2009/10/20,6.8273,1.5098,1.5235,1.5449,,0,,,,
2009/10/21,6.8278,1.5329,1.5334,1.5301,,-450,,,,
2009/10/22,6.8272,1.5125,1.5417,1.5291,,-300,,,,
2009/10/23,6.8275,1.4442,1.502,1.5172,,-850,,,,
2009/10/26,6.828,1.4733,1.4955,1.4934,,0,,,,
2009/10/27,6.8284,1.4376,1.4801,1.4819,,-350,,,,
2009/10/28,6.8283,1.4687,1.471,1.4653,,-130,,,,
2009/10/29,6.8285,1.4525,1.4209,1.4561,,-500,,,,
2009/10/30,6.8281,1.3683,1.3936,1.4386,,-350,,,,
2009/11/2,6.8282,1.34,1.4092,1.4173,,0,,,,
2009/11/3,6.8279,1.4658,1.492,1.39,,-400,,,,
2009/11/4,6.828,1.4038,1.4359,1.4054,3.68,-220,,,,
2009/11/5,6.8277,1.4463,1.4268,1.3838,,-700,,,,
2009/11/6,6.8276,1.4405,1.4656,1.3968,,90,,,,
2009/11/9,6.8273,1.4558,1.5002,1.4156,,0,,,,
2009/11/10,6.8268,1.4807,1.514,1.44,,-300,,,,
2009/11/11,6.8267,1.4592,1.443,1.4437,,-210,,,,
2009/11/12,6.8268,1.4651,1.5838,1.4615,,-500,,,,
2009/11/13,6.8273,1.4708,1.4164,1.4658,,200,,,,
2009/11/16,6.8272,1.3567,1.3996,1.4728,,0,,,,
2009/11/17,6.8271,1.4196,1.4454,1.4465,,-650,,,,
2009/11/18,6.8275,1.4058,1.4243,1.4375,,-180,,,,
2009/11/19,6.8274,1.3908,1.4004,1.4234,,-150,,,,
2009/11/20,6.8278,1.4384,1.4604,1.4102,,50,,,,
2009/11/23,6.8279,1.4608,1.4709,1.409,,0,,,,
2009/11/24,6.8276,1.4025,1.459,1.43,,50,,,,
2009/11/25,6.8275,1.4296,1.4435,1.4222,,-110,,,,
2009/11/26,6.8268,1.4217,1.6075,1.4266,,-300,,,,
2009/11/27,6.8269,1.4533,1.5129,1.4323,,340,,,,
2009/11/30,6.8272,1.469,1.4851,1.4372,,0,,,,
2009/12/1,6.827,1.4517,1.4863,1.4372,,-50,,,,
2009/12/2,6.8268,1.4675,1.4847,1.4469,,-120,,,,
2009/12/3,6.827,1.4882,1.5289,1.4555,,-300,,,,
2009/12/4,6.8272,1.4963,1.5022,1.4679,,250,,,,
2009/12/7,6.8278,1.4892,1.5137,1.477,,0,,,,
2009/12/8,6.8277,1.4575,1.4893,1.4865,,200,,,,
2009/12/9,6.8279,1.4767,1.5051,1.4758,,-110,,,,
2009/12/10,6.8276,1.4567,1.4735,1.476,,200,,,,
2009/12/11,6.8277,1.4858,1.4956,1.4703,,-300,,,,
2009/12/14,6.8279,1.4754,1.5021,1.4689,,0,,,,
2009/12/15,6.8278,1.4525,1.4613,1.4662,,400,,,,
2009/12/16,6.828,1.4508,1.5126,1.4693,,-100,,,,
2009/12/17,6.8281,1.4551,1.4821,1.459,,300,,,,
2009/12/18,6.8284,1.4558,1.4813,1.4591,,-700,,,,
2009/12/21,6.8283,1.4454,1.4709,1.4554,,0,,,,
2009/12/22,6.8285,1.447,1.4593,1.449,,200,,,,
2009/12/23,6.8287,1.4086,1.4167,1.447,,-100,,,,
2009/12/24,6.8285,1.39,1.4102,1.4379,,0,,,,
2009/12/25,6.8283,1.4358,1.4715,1.4227,,-200,,,,
2009/12/28,6.8282,1.5367,1.5604,1.4269,,0,,,,
2009/12/29,6.8282,1.5788,1.611,1.449,,450,,,,
2009/12/30,6.8283,1.5808,1.5991,1.4853,,-250,,,,
2009/12/31,6.8282,1.565,1.864,1.5225,,-260,,,,
2010/1/4,6.8281,1.4225,1.5033,1.5507,,0,,,,
2010/1/5,6.8278,1.4004,1.4635,1.5289,,-350,,,,
2010/1/6,6.8277,1.4002,1.4583,1.4972,,-120,,,,
2010/1/7,6.8276,1.3942,1.4458,1.4577,,-300,,,,
2010/1/8,6.8279,1.3993,1.4069,1.4186,,-600,,,,
2010/1/11,6.8275,1.3696,1.4276,1.3914,,0,,,,
2010/1/12,6.8274,1.4354,1.5002,1.3834,,-1450,16,,,
2010/1/13,6.8273,1.395,1.4376,1.3851,,-200,,,,
2010/1/14,6.8272,1.4475,1.4733,1.3818,,600,,,,
2010/1/15,6.8271,1.415,1.4469,1.3993,,30,,,,
2010/1/18,6.8272,1.4042,1.4458,1.4059,,0,,16,,
2010/1/19,6.827,1.3613,1.4353,1.4069,,200,,,,
2010/1/20,6.8273,1.4579,1.5077,1.3952,,-240,,,,
2010/1/21,6.8272,1.4125,1.4653,1.4149,,320,,,,
2010/1/22,6.8271,1.4813,1.5309,1.4055,,0,,,,
2010/1/25,6.827,1.3892,1.4224,1.4214,,600,,,,
2010/1/26,6.8269,1.5396,1.5616,1.408,,0,,,,
2010/1/27,6.827,1.5483,1.5543,1.4472,,-100,,,,
2010/1/28,6.8271,1.8508,1.8681,1.476,,660,,,,
2010/1/29,6.827,1.8542,1.8826,1.577,,300,,,,
2010/2/1,6.8271,1.8208,1.8599,1.6612,,0,,,,
2010/2/2,6.8271,1.7892,1.7737,1.7428,,1200,,,,
2010/2/3,6.8269,1.77,1.8004,1.7841,3.43,-100,,,,
2010/2/4,6.827,1.7792,1.8279,1.8082,,800,,,,
2010/2/5,6.8272,1.7292,1.7317,1.7973,,240,,,,
2010/2/8,6.8273,1.8158,1.8756,1.7701,,0,,,,
2010/2/9,6.8271,1.8942,1.9471,1.7778,,2280,,,,
2010/2/10,6.8269,1.8358,1.8896,1.8043,,-240,,,,
2010/2/11,6.827,2.7208,2.6181,1.8698,,500,,,,
2010/2/12,6.8269,2.4833,2.7021,2.0959,,400,16.5,,,
2010/2/20,,2.1104,2.1697,2.261,,750,,,,
2010/2/21,,1.5058,1.5124,2.2408,,0,,,,
2010/2/22,6.8271,1.4758,1.5226,2.1118,,0,,,,
2010/2/23,6.827,1.5996,1.6041,1.9685,,0,,,,
2010/2/24,6.8271,1.65,1.6603,1.764,,-170,,,,
2010/2/25,6.827,1.6829,1.7075,1.6233,,0,,16.5,,
2010/2/26,6.8269,1.6642,1.6735,1.597,,-440,,,,
2010/3/1,6.8267,1.6508,1.6747,1.6301,,0,,,,
2010/3/2,6.8268,1.718,1.7666,1.6571,,400,,,,
2010/3/3,6.8266,1.7388,1.7687,1.6806,,-600,,,,
2010/3/4,6.8265,1.6783,1.691,1.7059,,-190,,,,
2010/3/5,6.8266,1.6879,1.7045,1.7032,,-200,,,,
2010/3/8,6.8266,1.6392,1.7063,1.7035,,0,,,,
2010/3/9,6.8265,1.6642,1.6964,1.695,,810,,,,
2010/3/10,6.8264,1.7058,1.7304,1.6898,,-1000,,,,
2010/3/11,6.8263,1.6846,1.727,1.6941,,-530,,,,
2010/3/12,6.8262,1.6608,1.717,1.6951,,-100,,,,
2010/3/15,6.8261,1.65,1.6886,1.6909,,0,,,,
2010/3/16,6.8263,1.6313,1.6546,1.6843,,-230,,,,
2010/3/17,6.8262,1.6417,1.6689,1.6727,,-1100,,,,
2010/3/18,6.8262,1.6425,1.6961,1.656,,-600,,,,
2010/3/19,6.8263,1.625,1.6416,1.6485,,-200,,,,
2010/3/22,6.8264,1.5933,1.6067,1.6411,,0,,,,
2010/3/23,6.8263,1.5832,1.6148,1.6326,,200,,,,
2010/3/24,6.8264,1.5667,1.6021,1.6195,3.36,-780,,,,
2010/3/25,6.8266,1.5596,1.5904,1.6023,,-500,,,,
2010/3/26,6.8268,1.5586,1.5835,1.5893,,-1100,,,,
2010/3/29,6.8266,1.5499,1.6089,1.5748,,0,,,,
2010/3/30,6.8264,1.6297,1.6848,1.5614,,50,,,,
2010/3/31,6.8263,1.6,1.7066,1.5731,,-350,,,,
2010/4/1,6.8261,1.5733,1.6222,1.5804,,-580,,,,
2010/4/2,6.826,1.5758,1.5949,1.5786,,-750,,,,
2010/4/6,6.826,1.5917,1.6134,1.584,,100,,,,
2010/4/7,6.8259,1.6633,1.706,1.5992,,-600,,,,
2010/4/8,6.8259,1.68,1.7409,1.6168,,-300,,,,
2010/4/9,6.826,1.6742,1.7018,1.6397,,-300,,,,
2010/4/12,6.8259,1.6458,1.6937,1.6634,,0,,,,
2010/4/13,6.826,1.6696,1.6984,1.6702,,780,,,,
2010/4/14,6.8261,1.6454,1.6564,1.6825,,-450,,,,
2010/4/15,6.826,1.6725,1.7039,1.6772,,-290,,,,
2010/4/16,6.8261,1.6638,1.6708,1.6758,,-180,,,,
2010/4/19,6.8262,1.6099,1.6185,1.6738,,0,,,,
2010/4/20,6.8263,1.6369,1.6502,1.6567,,-150,,,,
2010/4/21,6.8264,1.6633,1.7033,1.6501,,-400,,,,
2010/4/22,6.8263,1.6396,1.6349,1.6566,,130,,,,
2010/4/23,6.8264,1.6715,1.7069,1.6502,,-230,,,,
2010/4/26,6.8263,1.6471,1.6923,1.6584,,0,,,,
2010/4/27,6.8262,1.6383,1.6548,1.6655,,-200,,,,
2010/4/28,6.8264,1.6196,1.6284,1.6636,,-750,,,,
2010/4/29,6.8265,1.6025,1.6134,1.6484,,-500,,,,
2010/4/30,6.8263,1.6079,1.6616,1.6372,,300,,,,
2010/5/2,,,,,,,17,,,
2010/5/4,6.8265,1.6017,1.6662,1.6191,,800,,,,
2010/5/5,6.8267,1.6483,1.6598,1.6151,,-200,,,,
2010/5/6,6.8269,1.6821,1.6985,1.6201,,0,,,,
2010/5/7,6.8271,1.7033,1.7341,1.641,,-820,,,,
2010/5/10,6.8269,1.7,1.7198,1.6634,,0,,17,,
2010/5/11,6.827,1.7042,1.7391,1.6817,,1860,,,,
2010/5/12,6.8271,1.7175,1.7197,1.6973,3.25,-140,,,,
2010/5/13,6.8272,1.7279,1.7766,1.7121,,-300,,,,
2010/5/14,6.8273,1.747,1.7609,1.7204,,100,,,,
2010/5/17,6.8275,1.7346,1.7621,1.7288,,0,,,,
2010/5/18,6.8276,1.7392,1.7691,1.7345,,950,,,,
2010/5/19,6.8278,1.7683,1.7912,1.7404,,-200,,,,
2010/5/20,6.8277,1.7933,1.8084,1.7505,,0,,,,
2010/5/21,6.8276,1.8058,1.8597,1.7613,,-1260,,,,
2010/5/24,6.8277,1.865,1.896,1.7787,,0,,,,
2010/5/25,6.8279,1.9267,2.1657,1.8102,,600,,,,
2010/5/26,6.828,2.1721,2.3614,1.853,,-300,,,,
2010/5/27,6.8281,2.4167,2.4174,1.95,,300,,,,
2010/5/28,6.8279,2.39,2.3429,2.0914,,850,,,,
2010/5/31,6.828,2.5033,2.449,2.1915,,0,,,,
2010/6/1,6.8279,3.2008,3.2017,2.3147,,50,,,,
2010/6/2,6.8281,3.2796,3.2686,2.5813,,-150,,,,
2010/6/3,6.828,3.1946,3.205,2.8051,,490,,,,
2010/6/4,6.8281,2.2078,2.2192,2.9455,,-250,,,,
2010/6/7,6.8283,1.9136,1.9268,2.8534,,0,,,,
2010/6/8,6.8284,2.1963,2.1888,2.6751,,80,,,,
2010/6/9,6.8282,2.2129,2.2372,2.4807,,-250,,,,
2010/6/10,6.8281,2.4725,2.4828,2.3021,,730,,,,
2010/6/11,6.8279,2.7317,2.7546,2.2252,,1100,,,,
2010/6/12,,2.7733,2.753,2.35,,0,,,,
2010/6/13,,2.6858,2.6877,2.5155,,0,,,,
2010/6/17,6.8277,2.6175,2.585,2.5919,,830,,,,
2010/6/18,6.8275,2.6883,2.7098,2.6531,,1070,,,,
2010/6/21,6.8275,2.6467,2.6782,2.6949,,0,,,,
2010/6/22,6.798,2.8257,2.8366,2.6838,,10,,,,
2010/6/23,6.8102,2.7083,2.7194,2.7048,3.41,-50,,,,
2010/6/24,6.81,2.8708,2.9349,2.7132,,500,,,,
2010/6/25,6.7896,3.1458,3.1499,2.7696,,1550,,,,
2010/6/28,6.789,2.8192,2.9215,2.8629,,0,,,,
2010/6/29,6.7901,2.8702,2.9539,2.8847,,10,,,,
2010/6/30,6.7909,2.6192,2.6731,2.891,,-550,,,,
2010/7/1,6.7858,2.6542,2.6637,2.8576,,680,,,,
2010/7/2,6.772,2.6079,2.6249,2.8027,,530,,,,
2010/7/5,6.7733,2.5838,2.5947,2.7051,,0,,,,
2010/7/6,6.779,2.6767,2.6965,2.6478,,10,,,,
2010/7/7,6.7781,2.4485,2.4619,2.6201,,-60,,,,
2010/7/8,6.7768,2.4233,2.4914,2.5774,,450,,,,
2010/7/9,6.7753,2.2918,2.2428,2.5192,,650,,,,
2010/7/12,6.7718,2.0667,2.0762,2.4516,,500,,,,
2010/7/13,6.7802,1.9892,2.0233,2.342,,1020,,,,
2010/7/14,6.7755,1.7966,1.8392,2.2081,,-350,,,,
2010/7/15,6.7741,1.8621,1.8856,2.0751,,690,,,,
2010/7/16,6.7718,1.86,1.8813,1.9799,,-1370,,,,
2010/7/19,6.78,1.85,1.8691,1.9061,,200,,,,
2010/7/20,6.7812,1.8192,1.9379,1.8702,,10,,,,
2010/7/21,6.7802,1.8458,1.8734,1.8389,,-450,,,,
2010/7/22,6.7859,1.7167,1.7298,1.8438,,0,,,,
2010/7/23,6.779,1.7808,1.8014,1.8108,,-570,,,,
2010/7/26,6.7778,1.73,1.7443,1.796,,0,,,,
2010/7/27,6.7742,1.7346,1.7634,1.7729,,10,,,,
2010/7/28,6.7785,1.685,1.7406,1.7596,,-230,,,,
2010/7/29,6.7787,1.6883,1.7037,1.7306,,250,,,,
2010/7/30,6.775,1.6825,1.7295,1.7192,,-870,,,,
2010/8/2,6.7742,1.6425,1.6773,1.6994,,0,,,,
2010/8/3,6.7722,1.6792,1.6984,1.6801,,260,,,,
2010/8/4,6.7715,1.6306,1.6611,1.6738,3.28,-180,,,,
2010/8/5,6.7783,1.6875,1.7029,1.6628,,-120,,,,
2010/8/6,6.773,1.7004,1.7163,1.6689,,20,,,,
2010/8/9,6.7685,1.6917,1.7167,1.6745,,0,,,,
2010/8/10,6.7745,1.7317,1.7466,1.6816,,220,,,,
2010/8/11,6.7768,1.7068,1.7242,1.6964,,-330,,,,
2010/8/12,6.8015,1.7263,1.7333,1.7066,,100,,,,
2010/8/13,6.8035,1.7348,1.7531,1.7151,,-660,,,,
2010/8/16,6.8064,1.77,1.8115,1.7244,,0,,,,
2010/8/17,6.7979,1.7875,1.8028,1.7436,,1150,,,,
2010/8/18,6.7895,1.7725,1.7865,1.7555,,-440,,,,
2010/8/19,6.7898,1.7418,1.7501,1.7665,,-250,,,,
2010/8/20,6.7884,1.7448,1.7725,1.7655,,-50,,,,
2010/8/23,6.7989,1.7288,1.7963,1.765,,0,,,,
2010/8/24,6.7999,1.75,1.7599,1.7521,,50,,,,
2010/8/25,6.8007,1.7661,1.7775,1.7486,,-240,,,,
2010/8/26,6.8041,1.8321,1.8649,1.7529,,200,,,,
2010/8/27,6.8001,2.2142,2.2155,1.7755,,-920,,,,
2010/8/30,6.8025,2.285,2.3934,1.8986,,0,,,,
2010/8/31,6.8105,2.9489,3.0034,2.0703,,100,,,,
2010/9/1,6.8126,2.9856,3.0118,2.3237,,-120,,,,
2010/9/2,6.8003,2.4836,2.4871,2.6058,,800,,,,
2010/9/3,6.7973,2.3375,2.3398,2.6881,,-80,,,,
2010/9/6,6.7838,2.2456,2.2484,2.6664,,0,,,,
2010/9/7,6.7799,2.2558,2.2784,2.5897,,1590,,,,
2010/9/8,6.7907,2.2333,2.2621,2.4586,,-560,,,,
2010/9/9,6.7817,2.2865,2.2964,2.2989,,750,,,,
2010/9/10,6.7625,2.2782,2.2912,2.2678,,-1070,,,,
2010/9/13,6.7509,2.4008,2.4253,2.2614,,0,,,,
2010/9/14,6.7378,2.3863,2.3901,2.2961,,0,,,,
2010/9/15,6.725,2.2364,2.3225,2.3226,3.29,-890,,,,
2010/9/16,6.7181,2.5275,2.5335,2.3237,,650,,,,
2010/9/17,6.7172,2.035,2.0096,2.3802,,-140,,,,
2010/9/19,,1.9948,1.9526,2.301,,0,,,,
2010/9/20,6.711,2.2433,2.2535,2.2124,,0,,,,
2010/9/21,6.6997,2.3133,2.3631,2.2013,,-80,,,,
2010/9/25,,2.2509,2.3123,2.2054,,980,,,,
2010/9/26,,2.8967,2.741,2.1709,,0,,,,
2010/9/27,6.7098,2.4424,3.0734,2.3944,,-380,,,,
2010/9/28,6.7051,2.5502,2.6479,2.4665,,-50,,,,
2010/9/29,6.6936,2.69,2.7952,2.518,,-110,,,,
2010/9/30,6.7011,2.8408,3.1122,2.6175,,0,,,,
2010/10/8,6.683,2.6925,2.6345,2.726,,250,,,,
2010/10/9,,1.9129,1.9023,2.6778,,0,,,,
2010/10/11,6.6732,1.9563,1.9573,2.5207,,0,,,,
2010/10/12,6.6775,1.9025,1.9217,2.3776,,1500,,,,
2010/10/13,6.6693,1.9125,1.9146,2.2065,,-220,,,,
2010/10/14,6.6582,1.9383,1.9494,2.0441,,550,,,,
2010/10/15,6.6497,1.9342,1.9564,1.9239,,-20,,,,
2010/10/18,6.6541,1.9421,2.0368,1.9307,,0,,,,
2010/10/19,6.6553,1.9113,2.0491,1.9317,,20,,,,
2010/10/20,6.6754,1.9617,2.0056,1.9302,,-430,,,,
2010/10/21,6.6695,1.9342,1.9508,1.9387,,-500,,,,
2010/10/22,6.6759,1.9358,1.9689,1.9395,,300,,,,
2010/10/25,6.6729,1.9475,2.0741,1.94,,0,,,,
2010/10/26,6.6762,1.95,2.0014,1.9388,,0,,,,
2010/10/27,6.6912,2.0333,2.0557,1.9447,3.67,-400,,,,
2010/10/28,6.6986,2.0256,2.0525,1.9649,,-130,,,,
2010/10/29,6.6908,2.0211,2.1175,1.9831,,-90,,,,
2010/11/1,6.6886,1.9963,2.0216,1.9982,,0,,,,
2010/11/2,6.6925,1.8204,1.9034,2.0068,,15,,,,
2010/11/3,6.6818,1.8183,1.8466,1.9697,,-510,,,,
2010/11/4,6.6708,1.821,1.8352,1.9257,,520,,,,
2010/11/5,6.661,1.6038,1.6195,1.8866,,-30,,,,
2010/11/8,6.6692,1.634,1.6378,1.8012,,0,,,,
2010/11/9,6.658,1.6396,1.6909,1.7316,,60,,,,
2010/11/10,6.645,1.6344,1.6793,1.6978,,-320,17.5,,,
2010/11/11,6.6242,1.6733,1.685,1.6632,,210,,,,
2010/11/12,6.6239,1.6908,1.7151,1.6446,,-250,,,,
2010/11/15,6.6303,1.7832,1.8087,1.6621,,0,,,,
2010/11/16,6.6441,1.7445,1.7841,1.6962,,10,,17.5,,
2010/11/17,6.649,1.915,1.9083,1.7185,,-100,,,,
2010/11/18,6.6455,1.9946,1.9942,1.7821,,880,,,,
2010/11/19,6.6408,2.07,2.1135,1.8519,,-50,18,,,
2010/11/22,6.6389,2.1492,2.1477,1.9325,,0,,,,
2010/11/23,6.6469,2.2193,2.2612,2.0116,,20,,,,
2010/11/24,6.6589,2.3263,2.3607,2.1006,,-20,,,,
2010/11/25,6.6557,2.4792,2.5383,2.1849,,410,,,,
2010/11/26,6.6553,2.7117,2.7191,2.2954,,130,,,,
2010/11/29,6.67,2.6717,2.6091,2.4282,,0,,18,,
2010/11/30,6.6762,3.3263,3.3684,2.5365,,100,,,,
2010/12/1,6.6786,3.3458,3.3685,2.7742,,-10,,,,
2010/12/2,6.6691,3.3471,3.3567,2.9771,,170,,,,
2010/12/3,6.6605,3.3325,3.342,3.1314,,120,,,,
2010/12/6,6.6515,3.0871,3.0587,3.2406,,0,,,,
2010/12/7,6.6565,2.2078,2.7997,3.2737,,120,,,,
2010/12/8,6.6616,2.5029,2.5065,3.0041,,-10,,,,
2010/12/9,6.6654,2.4889,2.6459,2.8328,,410,,,,
2010/12/10,6.6604,2.4933,2.4728,2.6762,,120,18.5,,,
2010/12/13,6.663,2.5527,2.5691,2.5344,,0,,,,
2010/12/14,6.6531,3.2958,3.3002,2.4685,,80,,,,
2010/12/15,6.6566,3.6158,3.6397,2.7085,3.77,-10,,,,
2010/12/16,6.6635,3.3358,3.3829,2.9655,,300,,,,
2010/12/17,6.6593,3.7008,3.7117,3.1427,,130,,,,
2010/12/20,6.6623,3.5025,3.4753,3.3784,,0,,18.5,,
2010/12/21,6.6597,4.08,4.1334,3.5312,,180,,,,
2010/12/22,6.6548,4.1583,4.1941,3.6941,,-10,,,,
2010/12/23,6.6466,5.6617,5.6627,3.8158,,100,,,,
2010/12/24,6.6371,4.9308,5.2633,4.3363,,-10,,,,
2010/12/27,6.6305,5.2983,5.3682,4.69,,140,,,,
2010/12/28,6.6252,5.7621,5.8384,4.9628,,70,,,,
2010/12/29,6.6247,6.0563,6.1007,5.3048,,50,,,,
2010/12/30,6.6229,6.2853,6.2563,5.6747,,100,,,,
2010/12/31,6.6227,6.3867,6.4992,5.8398,,-10,,,,
2011/1/4,6.6215,4.3108,4.3742,5.7445,,60,,,,
2011/1/5,6.6295,3.2192,3.2866,5.459,,-10,,,,
2011/1/6,6.6322,3.1567,3.2438,4.8557,,120,,,,
2011/1/7,6.6341,2.7996,2.8282,4.2401,,-10,,,,
2011/1/10,6.6349,2.3725,2.3685,3.5807,,0,,,,
2011/1/11,6.6216,2.4375,2.4723,3.0536,,-450,,,,600
2011/1/12,6.6128,2.4853,2.5147,2.7424,,-10,,,,
2011/1/13,6.5997,2.3075,2.3857,2.6151,,370,,,,
2011/1/14,6.5896,2.5458,2.5212,2.4761,,280,19,,,
2011/1/17,6.5897,2.5713,2.6923,2.4442,,0,,,,
2011/1/18,6.5891,2.7675,2.8319,2.4908,,100,,,,
2011/1/19,6.5885,4.0588,4.4506,2.5703,3.94,0,,,,
2011/1/20,6.5883,6.0767,6.1816,2.9485,,1890,,19,,
2011/1/21,6.5886,7.3208,7.5011,3.8073,,500,,,,
2011/1/24,6.5883,5.4242,6.0535,4.8876,,0,,,,
2011/1/25,6.5881,7.7033,7.5859,5.3137,,690,,,,
2011/1/26,6.5878,7.8725,7.8649,6.2548,,0,,,,
2011/1/27,6.5876,8.4058,8.5255,6.9511,,760,,,,
2011/1/28,6.593,8.1883,8.0544,7.3921,,250,,,,
2011/1/30,,8.5117,8.5154,7.5282,,0,,,,
2011/1/31,6.5891,8.2192,8.2532,8.121,,0,,,,
2011/2/1,6.586,3.3692,3.3452,8.1886,,230,,,,
2011/2/9,6.585,4.0903,4.1295,7.0573,,250,,,,
2011/2/10,6.5849,3.9717,3.9712,6.1726,,640,,,,
2011/2/11,6.5952,3.971,3.8172,5.3675,,140,,,,
2011/2/12,,2.6412,2.6135,4.5421,,0,,,,
2011/2/14,6.5985,2.7067,2.7232,3.568,,0,,,,
2011/2/15,6.5929,2.6245,2.632,3.401,,700,,,,
2011/2/16,6.5855,2.5882,2.6031,3.1103,,-10,,,,
2011/2/17,6.58,2.925,2.9579,2.8625,,-200,,,,
2011/2/18,6.5781,2.7949,2.8337,2.7255,,60,19.5,,,
2011/2/21,6.5705,6.0942,6.1135,2.7591,,0,,,,
2011/2/22,6.5772,6.2533,6.4381,3.5794,,780,,,,
2011/2/23,6.5828,6.2033,6.2529,4.3581,,-10,,,,
2011/2/24,6.5795,3.4463,3.4447,5.0736,,-30,,19.5,,
2011/2/25,6.5757,3.1492,3.1275,5.0179,,20,,,,
2011/2/28,6.5752,2.9967,3.0196,4.8813,,840,,,,
2011/3/1,6.5706,2.9958,3.0548,4.2455,,0,,,,
2011/3/2,6.5736,2.9942,3.1882,3.6513,,-10,,,,
2011/3/3,6.5695,2.4392,2.4419,3.1121,,200,,,,
2011/3/4,6.5671,2.2092,2.2833,2.8913,,0,,,,
2011/3/7,6.5651,2.163,2.2148,2.6878,,1000,,,,
2011/3/8,6.5687,2.2033,2.2586,2.518,,-1100,,,,
2011/3/9,6.5748,2.1513,2.2255,2.3766,,-10,,,,
2011/3/10,6.5713,2.2575,2.2885,2.2342,,280,,,,
2011/3/11,6.575,2.0508,2.1409,2.2098,,-270,,,,
2011/3/14,6.5701,2.0467,2.1203,2.1715,,500,,,,
2011/3/15,6.5679,1.9917,2.0353,2.1303,,-900,,,,
2011/3/16,6.5718,1.9933,2.01,2.086,3.83,-100,,,,
2011/3/17,6.569,1.9983,2.0131,2.0545,,500,,,,
2011/3/18,6.5668,1.9967,2.0885,2.0117,,-490,20,,,
2011/3/21,6.5632,2.96,3.065,2.0091,,300,,,,
2011/3/22,6.5592,2.8283,2.8435,2.2406,,-850,,,,
2011/3/23,6.5601,2.7133,2.7458,2.4209,,-500,,,,
2011/3/24,6.5625,2.7,2.7362,2.5551,,480,,,,
2011/3/25,6.558,2.2342,2.2965,2.6668,,-460,,20,,
2011/3/28,6.5618,2.3058,2.307,2.6661,,810,,,,
2011/3/29,6.5625,2.0842,2.1251,2.5348,,-1000,,,,
2011/3/30,6.5586,2.6071,2.6259,2.3937,,-990,,,,
2011/3/31,6.5564,2.8183,2.9277,2.4047,,-100,,,,
2011/4/1,6.5527,2.7821,2.7499,2.47,,-250,,,,
2011/4/2,,2.2783,2.284,2.5751,,0,,,,
2011/4/6,6.5496,2.3883,2.4067,2.543,,1100,,,,
2011/4/7,6.5456,2.0625,2.0982,2.5697,,-70,,,,
2011/4/8,6.542,2.4692,2.468,2.4386,,-750,,,,
2011/4/11,6.5401,1.9938,2.0108,2.3904,,460,,,,
2011/4/12,6.544,1.9517,1.9923,2.24,,-300,,,,
2011/4/13,6.5369,1.9658,1.9887,2.1767,,-650,,,,
2011/4/14,6.5339,2.3782,2.482,2.0995,,230,,,,
2011/4/15,6.5301,2.3513,2.6217,2.1742,,-570,,,,
2011/4/17,,,,,,,20.5,,,
2011/4/18,6.531,2.695,2.7047,2.1768,,660,,,,
2011/4/19,6.5346,2.9598,2.9785,2.3278,,530,,,,
2011/4/20,6.5294,2.9992,2.9014,2.5301,,-550,,,,
2011/4/21,6.5228,3.9275,3.9743,2.7213,,400,,20.5,,
2011/4/22,6.5156,3.5496,3.424,3.0706,,-100,,,,
2011/4/25,6.5161,4.0542,4.1633,3.2937,,800,,,,
2011/4/26,6.5173,4.4275,4.3841,3.5788,,1000,,,,
2011/4/27,6.5096,3.7533,3.892,3.8699,,-30,,,,
2011/4/28,6.5051,3.0392,3.0608,3.9553,,750,,,,
2011/4/29,6.499,2.94,2.9751,3.733,,-110,,,,
2011/5/3,6.5002,2.9492,2.9674,3.566,,80,,,,
2011/5/4,6.5013,2.9983,3.0213,3.3421,,-520,,,,
2011/5/5,6.5025,2.965,3.0476,3.104,,1170,,,,
2011/5/6,6.5003,2.7817,2.7776,2.9861,,-60,,,,
2011/5/9,6.4988,2.7458,2.7605,2.9248,,430,,,,
2011/5/10,6.495,2.7783,2.9085,2.8815,,600,,,,
2011/5/11,6.4948,2.7883,2.8299,2.8461,,-300,,,,
2011/5/12,6.5005,2.7729,3.0978,2.8085,,40,21,,,
2011/5/13,6.5017,3.5542,3.6754,2.7715,,-890,,,,
2011/5/16,6.5089,4.5983,4.7199,2.9761,,150,,,,
2011/5/17,6.5108,4.6375,4.6734,3.419,,290,,,,
2011/5/18,6.5074,3.269,3.3134,3.7963,,-70,,21,,
2011/5/19,6.5048,3.5283,3.6234,3.8169,,400,,,,
2011/5/20,6.4983,3.9892,4.1513,3.9257,,-100,,,,
2011/5/23,6.4998,4.7108,4.8167,4.0097,,120,,,,
2011/5/24,6.5038,4.73,4.7932,4.0871,,0,,,,
2011/5/25,6.4949,5.305,5.4267,4.1809,,-30,,,,
2011/5/26,6.4921,5.0883,5.1778,4.5907,,500,,,,
2011/5/27,6.4898,4.3958,4.4024,4.8382,,0,,,,
2011/5/30,6.4856,3.2008,3.3163,4.8402,,330,,,,
2011/5/31,6.4845,3.8467,3.6722,4.5295,,330,,,,
2011/6/1,6.4837,3.9167,3.9365,4.3294,,-30,,,,
2011/6/2,6.4886,3.5033,3.5264,4.0826,,550,,,,
2011/6/3,6.4846,3.5075,3.528,3.8083,,-370,,,,
2011/6/7,6.4816,3.2292,3.2379,3.6415,,-30,,,,
2011/6/8,6.4795,3.71,3.9463,3.5653,,-20,,,,
2011/6/9,6.483,4.1017,4.1437,3.5855,,870,,,,
2011/6/10,6.4853,4.6142,4.5757,3.6724,,50,,,,
2011/6/13,6.4892,4.5317,4.5317,3.9218,,20,,,,
2011/6/14,6.4822,4.1592,4.1689,4.13,,30,21.5,,,
2011/6/15,6.4796,6.1825,6.2337,4.271,3.99,-10,,,,
2011/6/16,6.4803,6.6,6.5494,4.8135,,600,,,,
2011/6/17,6.4716,6.6842,6.6933,5.3533,,490,,,,
2011/6/20,6.4696,7.4958,7.5074,5.7908,,60,,21.5,,
2011/6/21,6.469,8.3267,8.15,6.3944,,0,,,,
2011/6/22,6.4683,8.835,8.774,7.1903,,-10,,,,
2011/6/23,6.4736,9.0708,9.042,7.7249,,350,,,,
2011/6/24,6.4742,8.67,8.6097,8.2071,,470,,,,
2011/6/27,6.475,7.2617,7.5319,8.4743,,10,,,,
2011/6/28,6.4723,6.4925,6.6525,8.3197,,0,,,,
2011/6/29,6.4718,6.3283,6.4555,7.9063,,-20,,,,
2011/6/30,6.4716,6.5986,6.6408,7.4043,,1150,,,,
2011/7/1,6.4685,5.9483,5.9658,6.9602,,60,,,,
2011/7/4,6.4661,4.7617,4.8112,6.4906,,0,,,,
2011/7/5,6.465,6.7992,6.7435,5.9669,,780,,,,
2011/7/6,6.4715,7.4367,7.5071,6.1004,,-20,,,,
2011/7/7,6.4732,5.6133,5.6887,6.3788,,-440,,,,
2011/7/8,6.4705,6.2542,6.3052,6.1632,,-140,,,,
2011/7/11,6.4709,5.3283,5.5816,6.199,,0,,,,
2011/7/12,6.4748,4.8683,4.911,6.1883,,-990,,,,
2011/7/13,6.4728,3.6975,3.7865,5.7541,,-110,,,,
2011/7/14,6.464,4.8042,5.0274,5.0366,,150,,,,
2011/7/15,6.4665,4.0925,4.1429,4.9457,,90,,,,
2011/7/18,6.468,4.5217,4.5457,4.5762,,0,,,,
2011/7/19,6.4684,4.5817,4.772,4.4577,,-250,,,,
2011/7/20,6.4592,5.3533,5.3545,4.4461,,-50,,,,
2011/7/21,6.4536,5.7742,5.8559,4.7955,,450,,,,
2011/7/22,6.4495,5.42,5.6129,5.0392,,40,,,,
2011/7/25,6.4503,5.2592,5.3077,5.2739,,0,,,,
2011/7/26,6.447,4.9908,5.0196,5.3843,,0,,,,
2011/7/27,6.4426,4.9583,4.9844,5.4063,,-10,,,,
2011/7/28,6.4438,5.0467,5.0736,5.2884,,230,,,,
2011/7/29,6.4442,5.1142,5.1156,5.1429,,100,,,,
2011/8/1,6.4399,5.0121,5.119,5.0909,,0,,,,
2011/8/2,6.4419,4.8732,5.077,5.0449,,220,,,,
2011/8/3,6.4441,4.0992,4.2639,5.0063,,-10,,,,
2011/8/4,6.4386,3.2666,3.2835,4.7924,,180,,,,
2011/8/5,6.4451,3.01,3.0046,4.3824,,50,,,,
2011/8/8,6.4305,3,3.0394,3.9423,,0,,,,
2011/8/9,6.4335,3.0933,3.1102,3.5581,,160,,,,
2011/8/10,6.4167,3.1058,3.1555,3.2578,,-20,,,,
2011/8/11,6.3991,3.0967,3.1077,3.1002,,130,,,,
2011/8/12,6.3972,3.0825,3.0786,3.0766,,430,,,,
2011/8/15,6.395,3.2375,3.2424,3.0877,,0,,,,
2011/8/16,6.3925,3.2129,3.2166,3.1368,,-40,,,,
2011/8/17,6.3996,3.2167,3.2373,3.1629,3.93,-50,,,,
2011/8/18,6.3942,3.7658,3.8455,3.1894,,350,,,,
2011/8/19,6.4032,4.3033,4.5845,3.3626,,120,,,,
2011/8/22,6.3997,4.9667,5.0046,3.6834,,0,,,,
2011/8/23,6.3987,5.19,5.1955,4.0701,,0,,,,
2011/8/24,6.3896,4.4383,4.454,4.4666,,-30,,,,
2011/8/25,6.3936,4.4825,4.4848,4.6404,,210,,,,
2011/8/26,6.395,4.0558,4.0533,4.7196,,-20,,,,
2011/8/29,6.3883,4.3961,4.4597,4.5924,,0,,,,
2011/8/30,6.3849,4.975,4.9593,4.4875,,0,,,,
2011/8/31,6.3867,4.955,5.0164,4.4991,,-10,,,,
2011/9/1,6.3859,4.7658,4.7904,4.615,,120,,,,
2011/9/2,6.3896,4.2021,4.1903,4.6665,,140,,,,
2011/9/5,6.3926,4.8775,4.8887,4.6435,,0,,,,
2011/9/6,6.3946,4.4883,4.5157,4.7376,,140,,,,
2011/9/7,6.3968,4.3625,4.4223,4.6441,,-30,,,,
2011/9/8,6.3889,4.01,4.0569,4.5283,,660,,,,
2011/9/9,6.3922,3.6233,3.646,4.3663,,230,,,,
2011/9/13,6.3982,3.2817,3.3089,4.2095,,-610,,,,
2011/9/14,6.3945,3.2883,3.3142,3.8855,,-100,,,,
2011/9/15,6.3878,3.3433,3.3765,3.6545,,790,,,,
2011/9/16,6.3797,3.3202,3.3384,3.4753,,-10,,,,
2011/9/19,6.3848,3.55,3.5682,3.3613,,0,,,,
2011/9/20,6.388,3.9933,4.0386,3.3734,,500,,,,
2011/9/21,6.3772,4.079,4.1171,3.537,,-10,,,,
2011/9/22,6.3808,3.9025,3.939,3.7052,,0,,,,
2011/9/23,6.384,4.1633,4.1949,3.8129,,-10,,,,
2011/9/26,6.3735,3.81,3.9441,3.9604,,0,,,,
2011/9/27,6.376,4.6667,4.7431,3.9751,,490,,,,
2011/9/28,6.3623,4.81,4.9107,4.1431,,-20,,,,
2011/9/29,6.3665,5.0675,5.1454,4.3241,,50,,,,
2011/9/30,6.3549,5.0025,5.1383,4.5653,,30,,,,
2011/10/8,,4.9667,5.0132,4.7457,,1390,,,,
2011/10/9,,4.795,4.7988,4.9392,,0,,,,
2011/10/10,6.3586,4.4283,4.4596,4.9438,,0,,,,
2011/10/11,6.3483,4.1975,4.2378,4.835,,-600,,,,
2011/10/12,6.3598,3.3158,3.3147,4.6471,,-100,,,,
2011/10/13,6.3737,3.1517,3.1643,4.2723,,420,,,,
2011/10/14,6.3762,3.1475,3.1571,3.8979,,190,,,,
2011/10/17,6.371,3.34,3.3772,3.5833,,0,,,,
2011/10/18,6.3749,3.4933,3.5206,3.4012,,-400,,,,
2011/10/19,6.3727,3.3517,3.3574,3.3026,,-100,,,,
2011/10/20,6.3652,3.4575,3.4818,3.3123,,430,,,,
2011/10/21,6.3628,3.4342,3.4498,3.3736,,-150,,,,
2011/10/24,6.3549,3.4033,3.4206,3.4244,,0,,,,
2011/10/25,6.3425,3.99,4.0006,3.4326,,-400,,,,
2011/10/26,6.3456,4.0917,4.0762,3.5647,,-190,,,,
2011/10/27,6.3477,4.5417,4.5985,3.7258,,400,,,,
2011/10/28,6.329,4.9792,4.9948,3.9667,,0,,,,
2011/10/31,6.3233,4.9433,4.9693,4.3046,,0,,,,
2011/11/1,6.3293,4.3542,4.3679,4.5968,,550,,,,
2011/11/2,6.3297,3.6958,3.7152,4.6327,,-100,,,,
2011/11/3,6.3198,3.3975,3.424,4.4855,,510,,,,
2011/11/4,6.3165,3.4983,3.5068,4.2146,,0,,,,
2011/11/7,6.3212,3.5683,3.615,3.9202,,0,,,,
2011/11/8,6.3247,3.5583,3.5662,3.6854,,100,,,,
2011/11/9,6.3207,3.5183,3.5322,3.5533,,-100,,,,
2011/11/10,6.3329,3.4767,3.5189,3.5245,,620,,,,
2011/11/11,6.3317,3.5,3.4864,3.5296,,50,,,,
2011/11/14,6.3301,3.3067,3.3242,3.528,,0,,,,
2011/11/15,6.3436,3.2975,3.3266,3.4657,,300,,,,
2011/11/16,6.3509,3.345,3.3542,3.4149,3.57,-520,,,,
2011/11/17,6.3553,3.5525,3.5593,3.3856,,190,,,,
2011/11/18,6.3548,3.6994,3.7253,3.4144,,10,,,,
2011/11/21,6.3522,4.2092,4.2092,3.4727,,0,,,,
2011/11/22,6.3555,4.4117,4.4224,3.6794,,300,,,,
2011/11/23,6.3498,4.3325,4.3626,3.9108,,-150,,,,
2011/11/24,6.357,4.105,4.1396,4.0975,,50,,,,
2011/11/25,6.3554,4.0358,4.0621,4.1852,,20,,,,
2011/11/28,6.3585,3.9833,3.9899,4.2194,,0,,,,
2011/11/29,6.3587,3.6375,3.6556,4.1627,,-100,,,,
2011/11/30,6.3482,3.9642,4.0215,4.0056,,-150,21,,,
2011/12/1,6.3353,3.9717,3.9778,3.9478,,10,,,,
2011/12/2,6.331,3.6446,3.6865,3.9286,,0,,,,
2011/12/5,6.3349,3.2933,3.3013,3.8505,,0,,21,,
2011/12/6,6.3334,3.3942,3.4123,3.6972,,-200,,,,
2011/12/7,6.3342,3.4308,3.4436,3.6245,,-500,,,,
2011/12/8,6.3319,3.4692,3.4949,3.5295,,-290,,,,
2011/12/9,6.3352,3.5308,3.5198,3.4486,,-20,,,,
2011/12/12,6.3297,3.5392,3.545,3.4341,,0,,,,
2011/12/13,6.3359,3.4975,3.496,3.4793,,-350,,,,
2011/12/14,6.3396,3.21,3.2409,3.4954,,-380,,,,
2011/12/15,6.3421,3.4492,3.4493,3.4385,,10,,,,
2011/12/16,6.3352,3.0583,3.0865,3.438,,-10,,,,
2011/12/19,6.3303,3.0075,3.0248,3.3377,,0,,,,
2011/12/20,6.3351,3.2208,3.2367,3.2321,,150,,,,
2011/12/21,6.3248,3.5983,3.6368,3.196,,-260,,,,
2011/12/22,6.3253,3.7733,3.8026,3.2891,,10,,,,
2011/12/23,6.3209,3.7392,3.7609,3.3816,,0,,,,
2011/12/26,6.3167,4.0958,4.4243,3.5125,,0,,,,
2011/12/27,6.3152,4.3842,4.4773,3.7468,,100,,,,
2011/12/28,6.3146,4.7292,4.8153,3.9936,,-40,,,,
2011/12/29,6.3157,5.4192,5.4861,4.2472,,10,,,,
2011/12/30,6.3009,5.5808,5.5931,4.5987,,20,,,,
2011/12/31,,6.33,6.3588,4.9681,,0,,,,
2012/1/4,6.3001,4.0208,4.0662,5.4139,,500,,,,
2012/1/5,6.3115,4.5042,4.541,5.2286,,10,,,,
2012/1/6,6.3166,4.3008,4.3659,5.1117,,0,,,,
2012/1/9,6.3236,4.5083,4.5138,4.8734,,0,,,,
2012/1/10,6.3171,4.1017,4.1332,4.6811,,350,,,,
2012/1/11,6.3155,3.9958,4.0367,4.2959,,0,,,,
2012/1/12,6.323,4.1658,4.192,4.2545,,310,,,,
2012/1/13,6.3201,4.8383,4.9129,4.2032,,70,,,,
2012/1/16,6.3306,5.585,5.8458,4.3563,,0,,,,
2012/1/17,6.325,7.4117,8.0811,4.7646,,1690,,,,
2012/1/18,6.3205,7.9,8.5064,5.4412,,0,,,,
2012/1/19,6.3173,6.0117,6.2282,6.2028,,1830,,,,
2012/1/20,6.3138,4.9917,5.032,6.4354,,10,,,,
2012/1/21,,3.9308,3.5483,6.3107,,0,,,,
2012/1/29,,4.2308,4.2862,5.7282,,10,,,,
2012/1/30,6.3056,4.3463,4.4044,5.1567,,0,,,,
2012/1/31,6.3115,4.3142,4.3454,4.5911,,-1690,,,,
2012/2/1,6.3103,4.3567,4.39,4.3302,,0,,,,
2012/2/2,6.3075,4.3267,4.3534,4.2384,,-1830,,,,
2012/2/3,6.3102,3.3125,3.3688,4.3238,,10,,,,
2012/2/6,6.3108,3.4425,3.4713,4.1024,,0,,,,
2012/2/7,6.3116,3.5,3.5112,3.9061,,-260,,,,
2012/2/8,6.3027,3.7108,3.7174,3.7462,,0,,,,
2012/2/9,6.3009,3.6708,3.7085,3.6511,,-200,,,,
2012/2/10,6.2937,3.6408,3.6616,3.5571,,20,,,,
2012/2/13,6.2939,3.6515,3.6761,3.606,,0,,,,
2012/2/14,6.2947,3.77,3.8194,3.6414,,-60,,,,
2012/2/15,6.2958,3.885,3.9564,3.6975,,0,,,,
2012/2/16,6.2991,4.3283,4.4109,3.7454,,-90,,,,
2012/2/17,6.2951,5.1792,5.4921,3.9058,,60,,,,
2012/2/18,,,,,,,20.5,,,
2012/2/20,6.2938,5.3472,5.4054,4.2865,,0,,,,
2012/2/21,6.296,5.1233,5.2668,4.6426,,0,,,,
2012/2/22,6.2988,5.0317,5.1564,4.9144,3.51,0,,,,
2012/2/23,6.3031,5.485,5.5006,5.1072,,10,,,,
2012/2/24,6.2965,4.4817,4.5474,5.3142,,10,,20.5,,
2012/2/27,6.2985,3.645,3.7074,5.1122,,0,,,,
2012/2/28,6.2961,3.6533,3.7275,4.7219,,-100,,,,
2012/2/29,6.2919,3.4717,3.5394,4.387,,0,,,,
2012/3/1,6.3016,3.2642,3.2849,4.0626,,-200,,,,
2012/3/2,6.298,3.2683,3.3446,3.6619,,20,,,,
2012/3/5,6.3121,3.1392,3.2012,3.4505,,0,,,,
2012/3/6,6.3141,3.1298,3.1506,3.3474,,-40,,,,
2012/3/7,6.3213,3.09,3.1198,3.2518,,0,,,,
2012/3/8,6.3235,2.9325,2.9519,3.1814,,0,,,,
2012/3/9,6.3073,2.9683,2.9815,3.1084,,70,,,,
2012/3/12,6.3282,2.7958,2.8497,3.0541,,0,,,,
2012/3/13,6.3259,2.9958,2.9945,2.9786,,-600,,,,
2012/3/14,6.3328,3,3.0062,2.9611,,0,,,,
2012/3/15,6.3359,2.8808,2.8802,2.9512,,-100,,,,
2012/3/16,6.32,2.8975,2.9018,2.9363,,130,,,,
2012/3/19,6.3082,2.8883,2.926,2.9198,,0,,,,
2012/3/20,6.3029,2.9983,3.0541,2.9299,,-500,,,,
2012/3/21,6.3092,3.0758,3.1083,2.9392,,0,,,,
2012/3/22,6.3004,3.1683,3.1741,2.9652,,-200,,,,
2012/3/23,6.2891,2.9758,2.9925,3.0284,,510,,,,
2012/3/26,6.2858,3.2983,3.3412,3.0325,,0,,,,
2012/3/27,6.284,3.2442,3.3611,3.1179,,-600,,,,
2012/3/28,6.2912,3.525,3.8075,3.1791,,0,,,,
2012/3/29,6.2932,3.4954,3.5341,3.2795,,-200,,,,
2012/3/30,6.2943,3.7067,3.745,3.351,,990,,,,
2012/3/31,,3.4415,3.5287,3.4944,,0,,,,
2012/4/1,,3.44,3.4507,3.5135,,0,,,,
2012/4/5,6.3035,3.9658,4.0086,3.5272,,250,,,,
2012/4/6,6.3072,4.2258,4.2463,3.6377,,0,,,,
2012/4/9,6.3021,3.7442,3.7604,3.7999,,600,,,,
2012/4/10,6.3048,3.7008,3.7167,3.8009,,140,,,,
2012/4/11,6.3018,3.7808,3.8176,3.8274,,0,,,,
2012/4/12,6.2984,3.7992,3.8179,3.8713,,-270,,,,
2012/4/13,6.2879,3.7942,3.8234,3.8367,,650,,,,
2012/4/16,6.296,3.8,3.8215,3.7717,,0,,,,
2012/4/17,6.2896,3.7517,3.7666,3.783,,170,,,,
2012/4/18,6.2948,3.7488,3.7509,3.7899,,0,,,,
2012/4/19,6.3004,3.8025,3.8245,3.7837,,-200,,,,
2012/4/20,6.3042,3.9525,3.9841,3.7877,,550,,,,
2012/4/23,6.297,3.7642,3.7083,3.8237,,0,,,,
2012/4/24,6.3003,3.7967,3.8168,3.8176,,610,,,,
2012/4/25,6.2923,3.9133,3.9316,3.8055,,0,,,,
2012/4/26,6.2829,3.9708,4.0158,3.8426,,0,,,,
2012/4/27,6.2787,3.8725,3.9385,3.8832,,30,,,,
2012/4/28,,3.7796,3.8279,3.8739,,0,,,,
2012/5/2,6.267,3.8,3.8245,3.8656,,0,,,,
2012/5/3,6.2697,3.8529,3.9086,3.8707,,650,,,650,
2012/5/4,6.2721,3.8292,3.6748,3.8567,,520,,,,
2012/5/7,6.2858,3.7729,3.7686,3.8334,,0,,,,
2012/5/8,6.2804,3.6917,3.7316,3.8082,,320,,,,
2012/5/9,6.2865,3.3108,3.3294,3.7867,,0,,,,
2012/5/10,6.2941,3.2258,3.2256,3.6726,,-210,,,240,
2012/5/11,6.2952,3.1867,3.1838,3.5401,,300,,,,
2012/5/12,,,,,,,20,,,
2012/5/14,6.304,3.1433,3.1908,3.4113,,0,,,,
2012/5/15,6.311,2.8292,2.8651,3.2894,,-270,,,,
2012/5/16,6.3205,2.7867,2.8121,3.1183,,0,,,,
2012/5/17,6.3233,2.68,2.6761,3.0069,,-440,,,,
2012/5/18,6.3209,2.6858,2.7768,2.896,,70,,20,,
2012/5/21,6.3116,2.6742,2.7076,2.8037,,0,,,,
2012/5/22,6.3077,2.6925,2.6804,2.7265,,-510,,,,
2012/5/23,6.3208,2.4196,2.4426,2.7032,3.36,0,,,,
2012/5/24,6.3247,2.2277,2.2475,2.6254,,-300,,,,
2012/5/25,6.326,2.5025,2.4486,2.5214,,30,,,,
2012/5/28,6.3236,2.4958,2.5489,2.4908,,0,,,,
2012/5/29,6.3262,2.5733,2.5888,2.4655,,-500,,,,
2012/5/30,6.3297,2.3217,2.3777,2.4612,,0,,,,
2012/5/31,6.3355,2.1375,2.16,2.4372,,-100,,,,
2012/6/1,6.3308,2.3442,2.4054,2.4019,,30,,,,
2012/6/4,6.3276,2.5183,2.6199,2.3819,,0,,,,
2012/6/5,6.3225,2.5967,2.6276,2.4019,,-100,,,,
2012/6/6,6.3261,2.5667,2.619,2.4228,,0,,,,
2012/6/7,6.317,2.675,2.7075,2.4755,,100,,,,
2012/6/8,6.3188,2.4567,2.4781,2.5716,,20,,,,
2012/6/11,6.3169,2.4154,2.4294,2.5738,,0,,,,
2012/6/12,6.3292,2.5325,2.5551,2.5437,,300,,,,
2012/6/13,6.3271,2.6883,2.7523,2.538,,0,,,,
2012/6/14,6.3191,2.695,2.739,2.569,,50,,,,
2012/6/15,6.3089,2.7196,2.7447,2.5846,,10,,,,
2012/6/18,6.3005,2.5567,2.6207,2.638,,0,,,,
2012/6/19,6.3016,2.9242,2.9661,2.6521,,400,,,,
2012/6/20,6.3004,3.4163,3.5167,2.7458,,0,,,,
2012/6/21,6.304,4.3083,4.407,2.9249,,150,,,,
2012/6/25,6.323,4.2175,4.3674,3.3002,,10,,,,
2012/6/26,6.3211,4.28,4.3661,3.6025,,1450,,,,
2012/6/27,6.3173,4.1708,4.2084,3.9221,,0,,,,
2012/6/28,6.319,3.925,4.0036,4.1377,,500,,,,
2012/6/29,6.3249,4.1083,4.1553,4.1995,,20,,,,
2012/7/2,6.3146,4.1567,4.1749,4.1646,,0,,,,
2012/7/3,6.3178,4.165,4.1762,4.1591,,1730,,,380,
2012/7/4,6.3121,3.8558,3.9426,4.1426,,0,,,,
2012/7/5,6.3193,3.99,4.0137,4.0606,,500,,,50,
2012/7/6,6.3249,3.4308,3.5265,4.0614,,20,,,,
2012/7/9,6.3293,3.3442,3.354,3.9093,,0,,,,
2012/7/10,6.3195,3.3142,3.3347,3.7379,,-530,,,500,
2012/7/11,6.3209,3.2663,3.3117,3.574,,0,,,,
2012/7/12,6.3215,3.1908,3.2259,3.4607,,20,,,100,
2012/7/13,6.3247,3.3317,3.3259,3.3168,,110,,,,
2012/7/16,6.3208,3.2746,3.3062,3.299,,0,,,,
2012/7/17,6.3167,3.2771,3.3223,3.2855,,-1150,,,200,
2012/7/18,6.314,3.45,3.494,3.2785,,0,,,,
2012/7/19,6.3126,3.5225,3.564,3.3237,,500,,,800,
2012/7/20,6.3112,3.5642,3.6737,3.392,,50,,,,
2012/7/23,6.327,3.5533,3.5588,3.4454,,0,,,,
2012/7/24,6.3339,3.3717,3.4017,3.5,,750,,,950,
2012/7/25,6.3429,3.3375,3.3982,3.5064,,0,,,,
2012/7/26,6.3381,3.3767,3.4218,3.4723,,-300,,,500,
2012/7/27,6.3325,3.1092,3.1892,3.4423,,10,,,,
2012/7/30,6.3303,3.1233,3.1675,3.3503,,0,,,,
2012/7/31,6.332,3.3508,3.3911,3.2671,,-870,,,80,
2012/8/1,6.3305,3.4175,3.4989,3.2699,,0,,,,
2012/8/2,6.3392,3.4992,3.5403,3.2939,,0,,,500,
2012/8/3,6.3421,3.3917,3.4944,3.3289,,10,,,,
2012/8/6,6.3353,3.4,3.5295,3.3707,,0,,,,
2012/8/7,6.3332,3.2575,3.251,3.414,,420,,,500,
2012/8/8,6.3378,3.2533,3.2773,3.3837,,0,,,,
2012/8/9,6.3387,3.3117,3.3402,3.3503,,0,,,500,
2012/8/10,6.3447,3.3,3.3423,3.3155,,20,,,,
2012/8/13,6.3456,3.3383,3.4318,3.2995,,0,,,,
2012/8/14,6.3443,3.3417,3.4039,3.2938,,0,,,500,
2012/8/15,6.3482,3.4,3.4266,3.314,,0,,,,
2012/8/16,6.3495,3.525,3.5539,3.3492,,700,,,700,
2012/8/17,6.3449,3.9025,3.9583,3.4064,,50,,,,
2012/8/20,6.3478,3.585,3.7377,3.5402,,0,,,,
2012/8/21,6.3418,3.7458,3.7479,3.5892,,1700,,,1500,
2012/8/22,6.3348,3.8,3.8256,3.6612,3.39,0,,,,
2012/8/23,6.3316,3.8,3.848,3.7286,,1050,,,800,
2012/8/24,6.3305,3.62,3.6288,3.7727,,30,,,,
2012/8/27,6.3392,3.4508,3.467,3.7173,,0,,,,
2012/8/28,6.3411,3.0817,3.1136,3.6667,,-250,,,650,
2012/8/29,6.3391,3.5279,3.5686,3.5164,,0,,,,
2012/8/30,6.3435,3.5842,3.6403,3.4774,,-300,,,100,
2012/8/31,6.3449,3.5108,3.4987,3.46,,10,,,,
2012/9/3,6.3415,3.3917,3.4174,3.4521,,0,,,,
2012/9/4,6.3402,2.5025,2.5273,3.4334,,-400,,,550,
2012/9/5,6.346,3.4275,3.458,3.2555,,0,,,,
2012/9/6,6.3439,3.4017,3.459,3.2581,,-150,,,200,
2012/9/7,6.3412,3.3908,3.4197,3.2437,,30,,,,
2012/9/10,6.3375,3.0025,3.0445,3.2421,,0,,,,
2012/9/11,6.3391,2.9973,3.0172,3.1653,,-380,,,450,
2012/9/12,6.3355,3.4346,3.4965,3.2214,,0,,,,
2012/9/13,6.3338,3.435,3.455,3.2434,,200,,,350,
2012/9/14,6.3317,3.3633,3.3667,3.2661,,100,,,,
2012/9/17,6.3295,3.2433,3.2823,3.2692,,0,,,,
2012/9/18,6.3353,3.1408,3.1919,3.3014,,-100,,,200,
2012/9/19,6.3392,3.3017,3.3968,3.3085,,0,,,,
2012/9/20,6.338,3.9075,3.9466,3.2956,,1100,,,550,
2012/9/21,6.3426,4.4258,4.4541,3.428,,10,,,,
2012/9/24,6.3411,4.4975,4.5566,3.6807,,0,,,,
2012/9/25,6.343,4.7408,4.7389,3.9456,,2380,,,,
2012/9/26,6.3443,3.7417,3.9085,4.2498,,0,,,,
2012/9/27,6.3459,3.7692,3.8761,4.2887,,1250,,,,
2012/9/28,6.341,2.8275,3.0385,4.2236,,20,,,,
2012/9/29,,3.1867,3.4588,3.9053,,0,,,,
2012/10/8,6.3426,3.8125,3.8987,3.6276,,0,,,,
2012/10/9,6.3441,3.7508,3.7706,3.5186,,1650,,,1650,
2012/10/10,6.3449,3.16,3.1787,3.5288,,0,,,,
2012/10/11,6.3391,3.1608,3.1761,3.4006,,-110,,,120,
2012/10/12,6.3264,3.1725,3.1911,3.4006,,100,,,,
2012/10/15,6.3112,2.7742,2.94,3.3882,,0,,,,
2012/10/16,6.3106,2.7933,2.8994,3.1824,,-1440,,,180,
2012/10/17,6.3028,2.8508,2.8776,3.0052,,0,,,,
2012/10/18,6.3021,2.68,2.7135,2.9497,,-870,,,200,
2012/10/19,6.3052,2.6868,2.703,2.8517,,100,,,,
2012/10/22,6.3071,2.7075,2.7134,2.7621,,0,,,,
2012/10/23,6.3078,2.905,2.9217,2.7446,,-1170,,,490,
2012/10/24,6.3081,3.1467,3.168,2.7792,,0,,,,
2012/10/25,6.3047,3.6175,3.6812,2.8595,,280,,,1400,
2012/10/26,6.301,3.5867,3.8601,3.0703,,190,,,,
2012/10/29,6.2992,4.1958,4.2866,3.2851,,0,,,,
2012/10/30,6.3028,3.2361,3.3194,3.621,,3460,,,2900,
2012/10/31,6.3002,3.2183,3.2558,3.64,,0,,,,
2012/11/1,6.3017,3.4223,3.4629,3.6088,,230,,,580,
2012/11/2,6.3045,3.4267,3.4132,3.5648,,100,,,,
2012/11/5,6.3082,3.3308,3.3792,3.5,,0,,,,
2012/11/6,6.3078,3.1952,3.2288,3.3383,,-1130,,,1660,
2012/11/7,6.3067,3.1229,3.1417,3.3138,,0,,,,
2012/11/8,6.306,3.2792,3.3133,3.2783,,20,,,650,
2012/11/9,6.3012,3.1133,3.1815,3.256,,100,,,,
2012/11/12,6.292,3.0825,3.092,3.2007,,0,,,,
2012/11/13,6.2891,3.1505,3.2901,3.1574,,-380,,,780,
2012/11/14,6.2881,3.3483,3.3658,3.1526,,0,,,,
2012/11/15,6.2905,3.3167,3.4022,3.2052,,-890,,,420,
2012/11/16,6.2945,2.9075,2.9293,3.2232,,520,,,,
2012/11/19,6.2975,3.2042,3.2073,3.1635,,0,,,,
2012/11/20,6.2926,3.3425,3.3813,3.1811,,-60,,,690,
2012/11/21,6.2908,3.1975,3.3035,3.2238,,0,,,,
2012/11/22,6.2918,3.2183,3.2874,3.2064,,-330,,,460,
2012/11/23,6.2906,2.8467,2.8785,3.1954,,150,,,,
2012/11/26,6.2884,2.8458,2.9264,3.1491,,0,,,,
2012/11/27,6.2852,2.8708,2.9175,3.0759,,-390,,,700,
2012/11/28,6.2902,3.3617,3.4562,2.9902,,0,,,,
2012/11/29,6.291,3.3408,3.3642,3.046,,-160,,,290,
2012/11/30,6.2892,3.3867,3.5462,3.0899,,150,,,,
2012/12/3,6.2908,3.3572,3.4255,3.1982,,0,,,,
2012/12/4,6.2885,2.883,2.9821,3.2825,,-840,,,590,
2012/12/5,6.2871,2.8,2.8859,3.2419,,0,,,,
2012/12/6,6.2911,2.883,2.9129,3.1165,,450,,,450,
2012/12/7,6.293,3.054,3.1608,3.0277,,500,,,,
2012/12/10,6.2922,3.024,2.9519,2.9793,,0,,,,
2012/12/11,6.2906,3.008,3.1113,2.9401,,-860,,,110,
2012/12/12,6.2883,3.016,3.135,2.9685,3.55,0,,,,
2012/12/13,6.2887,2.66,2.7716,3.003,,-770,,,80,
2012/12/14,6.2923,3,3.0861,2.942,,380,,,,
2012/12/17,6.2892,3.0185,3.0596,2.9424,,0,,,,
2012/12/18,6.288,2.999,3.0228,2.9497,,-190,,,200,
2012/12/19,6.2865,3.043,3.1777,2.9531,,0,,,,
2012/12/20,6.2877,3.45,3.5161,2.9675,,850,,,600,
2012/12/21,6.2881,3.396,3.4417,3.1315,,260,,,,
2012/12/24,6.2913,3.179,3.2717,3.2208,,0,,,,
2012/12/25,6.2931,3.812,3.9761,3.2339,,250,,,,
2012/12/26,6.2943,3.894,3.9881,3.3853,,0,,,,
2012/12/27,6.2949,3.991,4.282,3.5383,,880,,,50,
2012/12/28,6.2896,4.067,4.1442,3.7022,,40,,,,
2012/12/31,6.2855,4.58,4.5881,3.8452,,0,,,,
2013/1/4,6.2897,4.048,4.0872,4.1239,,-1100,,,,
2013/1/5,,3.801,3.8424,4.1637,,900,,,,
2013/1/6,,3.6,3.6036,4.1005,,0,,,,
2013/1/7,6.2872,3.2,3.308,3.9415,,0,,,,
2013/1/8,6.2804,3.15,3.2191,3.7281,,-320,,,200,
2013/1/9,6.2814,3.0245,3.0538,3.4553,,0,,,,
2013/1/10,6.2793,2.999,2.9855,3.2626,,-1880,,,150,
2013/1/11,6.2712,2.746,2.8077,3.1176,,0,,,,
2013/1/14,6.2695,2.794,2.9065,2.9711,,0,,,,
2013/1/15,6.2691,2.871,2.9676,2.8881,,-650,,,,
2013/1/16,6.2745,2.788,2.8735,2.8365,,0,,,,
2013/1/17,6.2767,2.805,3.0599,2.7975,,-50,,,,
2013/1/18,6.2752,2.89,2.9516,2.7692,,0,,,,
2013/1/21,6.279,2.991,3.0686,2.7957,,0,,,,
2013/1/22,6.2796,2.994,3.1534,2.8375,,-670,,,430,
2013/1/23,6.2762,2.9848,3.0176,2.8763,,0,,,,
2013/1/24,6.2783,2.824,2.9041,2.9148,,180,,,580,
2013/1/25,6.2805,2.698,2.7421,2.9167,,0,,,,
2013/1/28,6.2818,2.992,3.0495,2.8723,,0,,,,
2013/1/29,6.2851,3.0995,3.1244,2.8897,,270,,,800,
2013/1/30,6.2806,3.236,3.3073,2.9291,,0,,,,
2013/1/31,6.2795,3.233,3.3127,2.9939,,320,,,1000,
2013/2/1,6.2819,3.34,3.4564,3.0813,,0,,,,
2013/2/4,6.286,3.4,3.5966,3.1985,,0,,,,
2013/2/5,6.285,3.338,3.7045,3.2945,,3520,,,,
2013/2/6,6.2881,3.696,3.8958,3.342,,0,,,,
2013/2/7,6.2898,4.1,4.1861,3.4515,,3100,,,,
2013/2/8,6.2793,3.513,3.5406,3.6363,,0,,,,
2013/2/16,,2.831,2.9186,3.6756,,0,,,,
2013/2/17,,2.986,3.0576,3.4787,,0,,,,
2013/2/18,6.2816,2.9286,2.9797,3.3585,,0,,,,
2013/2/19,6.2821,2.949,2.9927,3.1977,,-4800,,,,
2013/2/20,6.2804,2.949,3.0342,2.9993,3.52,0,,,,
2013/2/21,6.2846,2.998,2.9899,2.8973,,-4300,,,,
2013/2/22,6.2871,3.091,3.1075,2.9451,,0,,,,
2013/2/25,6.2892,3.31,3.3215,2.9861,,0,,,,
2013/2/26,6.2856,3.811,3.877,3.071,,-50,,,,
2013/2/27,6.2842,4.225,4.3095,3.2768,,0,,,,
2013/2/28,6.2779,4.267,4.3972,3.5652,,0,,,,
2013/3/1,6.2798,4.476,4.4087,3.8263,,0,,,,
2013/3/4,6.2822,4.313,4.3847,4.0791,,0,,,,
2013/3/5,6.2797,3.189,3.2443,4.2441,,0,,,,
2013/3/6,6.2745,2.998,3.019,4.0475,,0,,,,
2013/3/7,6.2785,2.519,2.5568,3.7574,,-50,,,,
2013/3/8,6.2719,2.496,2.5493,3.3815,,0,,,,
2013/3/11,6.2769,2.998,3.0758,3.011,,0,,,,
2013/3/12,6.2746,3.07,3.1269,2.8203,,-260,,,,
2013/3/13,6.2726,3.035,3.0483,2.821,,0,,,,
2013/3/14,6.2752,3.084,3.1847,2.848,,-180,,,,
2013/3/15,6.2723,3.3905,3.5434,2.9535,,0,,,,
2013/3/18,6.2741,3.086,3.1515,3.1219,,0,,,,
2013/3/19,6.2758,2.973,2.9945,3.119,,-90,,,,
2013/3/20,6.2716,3.278,3.3066,3.0929,,0,,,,
2013/3/21,6.2731,3.04,3.0934,3.151,,-380,,,,
2013/3/22,6.2711,2.979,3.0763,3.1386,,0,,,,
2013/3/25,6.2692,2.923,3.0097,3.0588,,0,,,,
2013/3/26,6.2715,3.025,3.0993,3.0285,,-270,,,,
2013/3/27,6.2727,2.849,2.9653,3.0406,,0,,,,
2013/3/28,6.2742,3.177,3.2207,2.9601,,-300,,,,
2013/3/29,6.2689,3.394,3.5734,2.9998,,0,,,,
2013/4/1,6.2674,3.404,3.4454,3.1152,,0,,,,
2013/4/2,6.2586,3.407,3.5177,3.2161,,-300,,,,
2013/4/3,6.2609,3.297,3.2875,3.2909,,0,,,,
2013/4/7,,3.323,3.3314,3.3431,,50,,,,
2013/4/8,6.265,3.279,3.3151,3.3598,,0,,,,
2013/4/9,6.2639,3.288,3.3265,3.3295,,110,,,,
2013/4/10,6.2548,3.217,3.2143,3.3035,,0,,,,
2013/4/11,6.2578,3.035,3.093,3.265,,-280,,,,
2013/4/12,6.2506,2.97,3.1299,3.2073,,0,,,,
2013/4/15,6.2454,2.981,3.0604,3.1283,,0,,,,
2013/4/16,6.2408,3.044,3.1784,3.0663,,-190,,,,
2013/4/17,6.2342,3.013,3.0265,3.0252,,0,,,,
2013/4/18,6.2416,2.895,3.0333,2.9912,,50,,,,
2013/4/19,6.2395,3.085,3.1133,2.9654,,0,,,,
2013/4/22,6.2415,3.123,3.1789,3.0018,,0,,,,
2013/4/23,6.236,3.57,3.7533,3.0448,,1120,,,,
2013/4/24,6.2384,4.754,4.9403,3.1937,,0,,,,
2013/4/25,6.23,5.021,5.0368,3.5985,,120,,,,
2013/4/26,6.2208,3.527,3.6171,4.0385,,0,,,,
2013/4/27,,3.52,3.5223,4.0569,,0,,,,
2013/4/28,,3.03,3.0923,4.0506,,0,,,,
2013/5/2,6.2082,2.919,3.0095,3.8524,,0,,,,
2013/5/3,6.2152,3.237,3.3025,3.5027,,0,,,,
2013/5/6,6.2114,3.221,3.2382,3.2178,,0,,,,
2013/5/7,6.2083,3.176,3.2216,3.1639,,850,,,,
2013/5/8,6.198,2.984,3.2478,3.1198,,0,,,,
2013/5/9,6.1925,3.106,3.3172,3.1063,,90,,,,
2013/5/10,6.2016,2.971,3.06,3.13,,-100,,,,
2013/5/13,6.2072,2.901,2.9938,3.0782,,0,,,,
2013/5/14,6.2035,2.774,2.8483,3.0183,,60,,,,
2013/5/15,6.207,2.767,2.9327,2.9414,,-270,,,,
2013/5/16,6.2096,3.192,3.2664,2.8938,,30,,,,
2013/5/17,6.1997,3.5858,3.6833,2.9397,,-170,,,,
2013/5/20,6.1998,4.23,4.3155,3.1207,,0,,,,
2013/5/21,6.1911,4.375,4.4325,3.458,,1210,,,,
2013/5/22,6.1904,3.952,4.1332,3.7928,3.38,-100,,,,
2013/5/23,6.1947,4.192,4.3802,3.9979,,230,,,,
2013/5/24,6.1867,4.151,4.1799,4.1665,,-60,,,,
2013/5/27,6.1811,4.08,4.1417,4.2319,,0,,,,
2013/5/28,6.1818,3.503,3.5519,4.1771,,-120,,,,
2013/5/29,6.1856,3.67,3.7338,3.9838,,-70,,,,
2013/5/30,6.182,4.144,4.2926,3.9109,,170,,,,
2013/5/31,6.1796,4.781,4.8843,3.9321,,-150,,,,
2013/6/3,6.1806,4.628,4.7134,4.1128,,0,,,,
2013/6/4,6.1735,4.716,4.8079,4.2483,,1510,,,,
2013/6/5,6.1757,4.739,4.8944,4.473,,-70,,,,
2013/6/6,6.1737,5.137,5.6138,4.6633,,270,,,,
2013/6/7,6.162,6.657,6.9935,4.8902,,-110,,,,
2013/6/8,,7.603,7.6683,5.3783,,0,,,,
2013/6/9,,6.612,6.4763,6.0804,,0,,,,
2013/6/13,6.1612,6.08,6.8409,6.2468,,920,,,,
2013/6/14,6.1607,6.811,6.9989,6.4918,,0,,,,
2013/6/17,6.1598,6.848,6.8901,6.7629,,0,,,,
2013/6/18,6.1651,6.703,6.7465,6.7812,,270,,,,
2013/6/19,6.1677,8.075,8.1911,6.6367,,-20,,,,
2013/6/20,6.1698,11.004,12.2521,7.1204,,50,,,,
2013/6/21,6.1766,8.543,9.2509,8.3274,,-20,,,,
2013/6/24,6.1807,7.311,7.8756,8.7591,,0,,,,
2013/6/25,6.1767,7.644,7.7588,8.7319,,120,,,,
2013/6/26,6.1779,7.201,7.2727,8.6868,,0,,,,
2013/6/27,6.1797,6.684,6.8943,8.4127,,130,,,,
2013/6/28,6.1787,6.163,6.4633,7.5346,,0,,,,
2013/7/1,6.1805,5.423,5.4852,6.9505,,0,,,,
2013/7/2,6.1773,4.75,4.6782,6.5018,,360,,,,
2013/7/3,6.1803,4.242,4.3206,5.9477,,0,,,,
2013/7/4,6.1755,3.938,3.9554,5.3372,,100,,,,
2013/7/5,6.179,3.816,3.8577,4.7977,,0,,,,
2013/7/8,6.1807,3.656,3.6914,4.3584,,0,,,,
2013/7/9,6.173,3.596,3.6067,4.0319,,0,,,,
2013/7/10,6.1652,3.59,3.6841,3.8232,,0,,,,
2013/7/11,6.1599,3.81,3.8734,3.71,,0,,,,
2013/7/12,6.1631,3.8,3.8427,3.7037,,0,,,,
2013/7/15,6.1663,3.809,3.8421,3.7158,,0,,,,
2013/7/16,6.1692,3.706,3.7287,3.7457,,497,,,,
2013/7/17,6.1652,3.596,3.6382,3.758,,0,,,,
2013/7/18,6.172,3.634,3.7413,3.7435,,0,,,,
2013/7/19,6.1751,3.745,3.9225,3.7286,,0,,,,
2013/7/22,6.1721,3.925,3.9819,3.7256,,0,,,,
2013/7/23,6.1702,3.959,4.0264,3.7647,,0,,,,
2013/7/24,6.1695,4.011,4.106,3.8313,,0,,,,
2013/7/25,6.1759,4.132,4.2425,3.9152,,0,,,,
2013/7/26,6.172,4.351,4.7612,4.0347,,0,,,,
2013/7/29,6.1705,5.057,5.1652,4.166,,0,,,,
2013/7/30,6.177,4.972,5.0131,4.4303,,285,,,170,
2013/7/31,6.1788,4.971,5.0321,4.6294,,0,,,,
2013/8/1,6.1778,4.545,4.6381,4.8031,,340,,,,
2013/8/2,6.1817,4.314,4.4364,4.8244,,0,,,,
2013/8/5,6.1767,4.356,4.4468,4.7653,,0,,,,
2013/8/6,6.1753,4.066,4.1869,4.6126,,-50,,,120,
2013/8/7,6.1726,3.873,3.8946,4.4422,,0,,,,
2013/8/8,6.1703,3.7585,3.7957,4.2276,,150,,,,
2013/8/9,6.1668,3.64,3.6692,4.0692,,100,,,,
2013/8/12,6.1665,3.648,3.6736,3.9298,,0,,,,
2013/8/13,6.1705,3.702,3.777,3.8091,,95,,,110,
2013/8/14,6.172,3.855,4.0011,3.7424,,270,,,,
2013/8/15,6.1696,3.994,4.0402,3.7536,,-60,,,,
2013/8/16,6.1666,3.772,3.8407,3.811,,170,,,,
2013/8/19,6.169,4.092,4.1362,3.8372,,0,,,,
2013/8/20,6.1697,4.428,4.4934,3.9425,,250,,,360,
2013/8/21,6.1675,4.219,4.3058,4.1108,4.08,100,,,,
2013/8/22,6.1698,4.115,4.1926,4.1962,,310,,,,
2013/8/23,6.171,4.149,4.2175,4.2142,,60,,,,
2013/8/26,6.168,4.023,4.1119,4.2633,,0,,,,
2013/8/27,6.1688,4.209,4.316,4.227,,215,,,290,
2013/8/28,6.1667,4.259,4.3157,4.1927,,70,,,,
2013/8/29,6.169,4.318,4.3978,4.1994,,-20,,,,
2013/8/30,6.1709,3.7355,3.8222,4.2418,,150,,,,
2013/9/2,6.1702,3.742,3.8022,4.1276,,0,,,,
2013/9/3,6.1718,3.75,3.7937,4.0451,,-190,,,100,
2013/9/4,6.1729,3.498,3.5828,3.9384,,70,,,,
2013/9/5,6.1696,3.456,3.5148,3.778,,-360,,,,
2013/9/6,6.1728,3.469,3.5318,3.6194,,110,,,,
2013/9/9,6.1642,3.554,3.6165,3.567,,0,,,,
2013/9/10,6.1612,3.625,3.6853,3.5391,,149,,,100,
2013/9/11,6.1601,3.482,3.6151,3.5332,,0,,,,
2013/9/12,6.1575,3.494,3.6248,3.5282,,-160,,,,
2013/9/13,6.1578,3.57,3.6969,3.5472,,0,,,,
2013/9/16,6.1554,3.469,3.5953,3.5679,,0,,,,
2013/9/17,6.1571,3.583,3.7132,3.5522,,-20,,,80,
2013/9/18,6.1557,3.749,3.8351,3.5671,,20,,,,
2013/9/22,,3.991,3.9684,3.6426,,-80,,,,
2013/9/23,6.1475,4.232,4.3471,3.7415,,0,,,,
2013/9/24,6.1485,4.44,4.6965,3.9243,,800,,,,
2013/9/25,6.1497,3.916,4.6953,4.1319,,0,,,,
2013/9/26,6.1477,4.055,4.3227,4.1755,,700,,,,
2013/9/27,6.1495,3.646,4.2029,4.2054,,1,,,,
2013/9/29,,3.749,3.8894,4.1099,,0,,,,
2013/9/30,6.148,4.203,4.3956,4.0046,,-880,,,,
2013/10/8,6.1415,4.393,4.5154,3.9883,,650,,,650,
2013/10/9,6.143,4.502,4.5108,4.0867,,0,,,,
2013/10/10,6.1452,4.48,4.5745,4.1961,,-320,,,,
2013/10/11,6.1458,4.26,4.258,4.3409,,0,,,,
2013/10/12,,4.246,4.2143,4.3909,,0,,,,
2013/10/14,6.1406,3.855,4.0042,4.374,,0,,,,
2013/10/15,6.1412,3.845,4.0824,4.2342,,-445,,,100,
2013/10/16,6.1408,3.314,3.3664,4.096,,0,,,,
2013/10/17,6.1431,3.35,3.4165,3.8549,,0,,,,
2013/10/18,6.1372,3.485,3.7015,3.6775,,0,,,,
2013/10/21,6.1352,3.548,3.6409,3.5516,,0,,,,
2013/10/22,6.1395,3.558,3.7238,3.5152,,-100,,,,
2013/10/23,6.133,3.992,4.1257,3.4814,,0,,,,
2013/10/24,6.1335,4.68,4.8511,3.6404,,-480,,,,
2013/10/25,6.1333,4.891,5.2214,3.9594,,0,,,,
2013/10/28,6.1336,4.894,5.0574,4.2921,,0,,,,
2013/10/29,6.1373,4.947,5.1961,4.5704,,131,,,130,
2013/10/30,6.1412,5.593,5.6738,4.8275,,0,,,,
2013/10/31,6.1425,4.993,5.0924,5.1501,,160,,,,
2013/11/1,6.1452,4.61,4.6749,5.174,,0,,,,
2013/11/4,6.1482,4.423,4.5111,5.0524,,0,,,,
2013/11/5,6.1447,4.232,4.3543,4.9079,,-50,,,80,
2013/11/6,6.1475,3.866,3.9061,4.7289,,0,,,,
2013/11/7,6.145,3.891,3.9372,4.3821,,0,,,,
2013/11/8,6.1355,3.939,4.0356,4.1712,,0,,,,
2013/11/11,6.139,3.78,3.8279,4.0546,,0,,,,
2013/11/12,6.136,3.545,3.7799,3.944,,10,,,90,
2013/11/13,6.1342,3.635,3.7801,3.8165,,0,,,,
2013/11/14,6.1315,4.193,4.2253,3.7898,,-160,,,,
2013/11/15,6.1351,5.311,5.3981,3.8947,,0,,,,
2013/11/18,6.1332,5.357,5.4705,4.2643,,0,,,,
2013/11/19,6.1317,4.83,4.9574,4.6153,,260,,,350,
2013/11/20,6.1305,4.751,4.888,4.8399,,0,,,,
2013/11/21,6.1366,4.708,4.7701,4.9952,,330,,,,
2013/11/22,6.138,4.763,4.9054,5.0753,,0,,,,
2013/11/25,6.1342,4.74,4.8653,4.9749,,0,,,,
2013/11/26,6.1357,4.6775,4.9844,4.878,,-20,,,320,
2013/11/27,6.133,4.663,4.7497,4.8421,,0,,,,
2013/11/28,6.1343,4.823,4.9029,4.8297,,190,,,,
2013/11/29,6.1325,4.666,4.7457,4.8411,,0,,,,
2013/12/2,6.1329,4.571,4.6848,4.8041,,0,,,,
2013/12/3,6.1352,4.6,4.698,4.7532,,-140,,,180,
2013/12/4,6.13,4.577,4.6447,4.7202,,0,,,,
2013/12/5,6.131,4.558,4.6331,4.6764,,-330,,,,
2013/12/6,6.1232,4.55,4.6254,4.6148,,0,,,,
2013/12/9,6.113,4.485,4.5722,4.584,,0,,,,
2013/12/10,6.1114,4.444,4.5507,4.5545,,-180,,,,
2013/12/11,6.11,4.329,4.3752,4.5152,,0,,,,
2013/12/12,6.1115,4.305,4.3311,4.4643,,-190,,,,
2013/12/13,6.1148,4.3,4.3691,4.4111,,0,,,,
2013/12/16,6.1124,4.358,4.4918,4.3661,,0,,,,
2013/12/17,6.1108,4.459,4.6433,4.3679,,0,,,,
2013/12/18,6.1105,5.902,6.1024,4.4583,,0,,,,
2013/12/19,6.1183,6.472,6.7545,4.924,,0,,,,
2013/12/20,6.1196,7.654,7.7474,5.5302,,0,,,,
2013/12/23,6.1161,8.843,8.8445,6.3598,,0,,,,
2013/12/24,6.1145,6.197,6.804,7.2647,,290,,,290,
2013/12/25,6.116,5.616,5.6692,7.4306,,0,,,,
2013/12/26,6.1156,5.329,5.4191,7.144,,0,,,,
2013/12/27,6.105,5.067,5.1401,6.7177,,0,,,,
2013/12/30,6.1024,4.841,4.9246,6.1069,,0,,,,
2013/12/31,6.0969,5.25,5.3145,5.4082,,-290,,,,
2014/1/2,6.099,4.981,5.0166,5.2542,,0,,,,
2014/1/3,6.1039,4.711,4.7782,5.1466,,0,,,,
2014/1/6,6.1059,4.633,4.7084,5.0101,,0,,,,
2014/1/7,6.1042,4.259,4.383,4.8972,,0,,,,
2014/1/8,6.1079,4.126,4.2193,4.7387,,0,,,,
2014/1/9,6.1109,4.02,4.0604,4.4849,,0,,,,
2014/1/10,6.1008,4.041,4.1985,4.2952,,0,,,,
2014/1/13,6.095,4.013,4.245,4.1713,,0,,,,
2014/1/14,6.093,4.0036,4.0778,4.0711,,0,,,,
2014/1/15,6.1005,3.965,4.1176,4.0319,,0,,,,
2014/1/16,6.1065,4.256,4.4015,4.0189,,0,,,,
2014/1/17,6.1041,4.776,4.9571,4.1009,,0,,,,
2014/1/20,6.1083,6.329,6.6383,4.3708,,0,,,,
2014/1/21,6.1066,5.535,5.616,4.9603,,2550,,,750,
2014/1/22,6.1087,5.224,5.3301,5.2396,,0,,,,
2014/1/23,6.1107,5.293,5.3384,5.4314,,1200,,,,
2014/1/24,6.1035,4.449,4.5618,5.5796,,0,,,,
2014/1/26,,4.717,4.8259,5.4112,,0,,,,
2014/1/27,6.1022,4.689,5.4034,5.1037,,0,,,,
2014/1/28,6.1053,4.9657,5.9695,5.0032,,750,,,,
2014/1/29,6.1073,5.108,5.8067,4.9987,,0,,,,
2014/1/30,6.105,4.983,5.2885,5.0255,,0,,,,
2014/2/7,6.1089,5.409,5.5018,5.0704,,0,,,,
2014/2/8,,5.25,5.2656,5.1903,,0,,,,
2014/2/10,6.1083,5.299,5.3453,5.2362,,0,,,,
2014/2/11,6.1069,5.201,5.2555,5.2648,,-3300,,,,
2014/2/12,6.1078,5.178,5.203,5.2382,,0,,,,
2014/2/13,6.11,5.021,5.0769,5.2661,,-1200,,,,
2014/2/14,6.107,4.436,4.6382,5.1774,,0,,,,
2014/2/17,6.1053,3.879,4.0074,4.9659,,0,,,,
2014/2/18,6.1073,3.743,3.964,4.6433,,-480,,,,480
2014/2/19,6.1103,3.762,3.8239,4.3481,,0,,,,
2014/2/20,6.1146,3.703,3.8439,4.0794,,-600,,,,600
2014/2/21,6.1176,3.595,3.5762,3.848,,0,,,,
2014/2/24,6.1189,3.339,3.4222,3.6507,,0,,,,
2014/2/25,6.1184,3.278,3.4108,3.5309,,-1000,,,,1000
2014/2/26,6.1192,3.072,3.1587,3.4189,,0,,,,
2014/2/27,6.1224,3.43,3.5106,3.2897,,-600,,,,600
2014/2/28,6.1214,3.529,3.6777,3.2704,,0,,,,
2014/3/3,6.119,2.821,3.1143,3.3172,,0,,,,
2014/3/4,6.1236,3.5135,3.5607,3.2034,,-370,,,,350
2014/3/5,6.1257,3.798,3.8552,3.2755,,0,,,,
2014/3/6,6.1249,2.486,2.6632,3.4249,,-330,,,,430
2014/3/7,6.1201,2.403,2.5981,3.1929,,0,,,,
2014/3/10,6.1312,2.358,2.4796,2.954,,0,,,,
2014/3/11,6.1327,2.258,2.3899,2.8149,,0,,,,
2014/3/12,6.1343,2.211,2.3435,2.5798,,0,,,,
2014/3/13,6.132,2.5,2.7774,2.3192,,-400,,,,
2014/3/14,6.1346,2.527,2.6795,2.3413,,0,,,,
2014/3/17,6.1321,2.671,2.7223,2.3882,,0,,,,
2014/3/18,6.1341,2.88,2.9567,2.4661,,-650,,,,
2014/3/19,6.1351,3.422,3.5293,2.5984,4.42,0,,,,
2014/3/20,6.146,3.474,3.5342,2.8602,,170,,,,
2014/3/21,6.1475,3.6,3.6173,3.0673,,0,,,,
2014/3/24,6.1452,3.578,3.686,3.2574,,0,,,,
2014/3/25,6.1426,3.6295,3.8498,3.4233,,-460,,,,
2014/3/26,6.144,3.868,4.0116,3.5537,,0,,,,
2014/3/27,6.1465,4.812,4.8833,3.6494,,-520,,,,320
2014/3/28,6.149,4.168,4.2992,3.9603,,0,,,,
2014/3/31,6.1521,4.184,4.3013,4.082,,0,,,,
2014/4/1,6.1503,4.205,4.2258,4.1805,,-220,,,,500
2014/4/2,6.1493,4.225,4.2544,4.2672,,0,,,,
2014/4/3,6.152,4.103,4.2708,4.3062,,-400,,,,500
2014/4/4,6.1557,2.997,3.175,4.1756,,0,,,,
2014/4/8,6.1527,3.591,3.643,3.8857,,370,,,,470
2014/4/9,6.149,3.67,3.7166,3.7725,,0,,,,
2014/4/10,6.151,3.708,3.7766,3.6858,,180,,,,700
2014/4/11,6.1495,3.701,3.7989,3.6162,,0,,,,
2014/4/14,6.1531,3.57,3.634,3.5753,,0,,,,
2014/4/15,6.1571,3.444,3.5459,3.6454,,-220,,,,790
2014/4/16,6.1589,2.726,2.7909,3.595,4.3184,0,,,,
2014/4/17,6.1575,2.721,2.9698,3.3732,,-190,,,,
2014/4/18,6.1586,2.761,2.8968,3.1706,,0,,,,
2014/4/21,6.1591,2.713,2.8909,2.9963,,0,,,,
2014/4/22,6.161,3.029,3.2517,2.8486,,-70,,,,
2014/4/23,6.1599,3.08,3.1634,2.8194,,0,,,,
2014/4/24,6.1589,3.521,3.627,2.9013,,50,,,,
2014/4/25,6.1576,3.503,3.5404,3.0779,,0,,,,
2014/4/28,6.1565,4.025,4.1265,3.2244,,0,,,,
2014/4/29,6.1556,4.0738,4.2278,3.4938,,510,,,,
2014/4/30,6.158,4.134,3.9747,3.7058,,0,,,,
2014/5/4,,3.683,3.6955,3.8868,,400,,,,
2014/5/5,6.156,3.14,3.2037,3.8777,,0,,,,
2014/5/6,6.1565,3.092,3.1729,3.7522,,-440,,,,
2014/5/7,6.1542,3.1125,3.1924,3.5569,,0,,,,
2014/5/8,6.1557,3.204,3.2673,3.367,,-160,,,,
2014/5/9,6.1581,3.194,3.254,3.2217,,0,,,,
2014/5/12,6.1625,3.18,3.3213,3.1501,,0,,,,
2014/5/13,6.1636,3.181,3.3061,3.1536,,360,,,,
2014/5/14,6.1653,3.236,3.2942,3.1668,,0,,,,
2014/5/15,6.164,3.1355,3.1816,3.1864,,80,,,,
2014/5/16,6.1628,3.129,3.1711,3.1695,,0,,,,
2014/5/19,6.1636,3.1,3.1918,3.1526,,0,,,,
2014/5/20,6.1626,3.361,3.4845,3.1369,,650,,,,
2014/5/21,6.1645,3.353,3.4183,3.1864,4.1348,0,,,,
2014/5/22,6.1658,3.419,3.4877,3.2315,,550,,,,
2014/5/23,6.1681,3.405,3.6242,3.2924,,0,,,,
2014/5/26,6.1699,3.195,3.365,3.3412,,0,,,,
2014/5/27,6.1687,3.247,3.2656,3.3433,,300,,,,
2014/5/28,6.1694,3.2,3.244,3.3069,,0,,,,
2014/5/29,6.1705,3.215,3.2924,3.2714,,-100,,,,
2014/5/30,6.1695,3.23,3.3765,3.2434,,0,,,,
2014/6/3,6.171,3.18,3.2796,3.2231,,530,,,,
2014/6/4,6.1693,3.152,3.1986,3.2193,,0,,,,
2014/6/5,6.1708,3.07,3.1826,3.205,,200,,,,
2014/6/6,6.1623,3.15,3.2736,3.1715,,0,,,,
2014/6/9,6.1485,3.13,3.1859,3.1582,,0,,,,
2014/6/10,6.1451,3.13,3.2675,3.1403,,570,,,,
2014/6/11,6.1506,3.15,3.2622,3.1308,,0,,,,
2014/6/12,6.1516,3.154,3.2389,3.1327,,470,,,,
2014/6/13,6.1503,3.04,3.1026,3.1495,,0,,,,
2014/6/16,6.1537,3.006,3.2017,3.1234,,0,,,,
2014/6/17,6.1529,3.031,3.243,3.0966,,50,,,,
2014/6/18,6.1559,3.074,3.3237,3.0869,4,0,,,,
2014/6/19,6.1531,3.093,3.5033,3.0792,,100,,,,
2014/6/20,6.1524,3.402,3.6115,3.0902,,0,,,,
2014/6/23,6.1557,3.448,3.6195,3.1937,,0,,,,
2014/6/24,6.1545,3.483,3.7622,3.2865,,20,,,,
2014/6/25,6.1555,3.464,3.9929,3.3728,,0,,,,
2014/6/26,6.1538,3.552,3.7586,3.4678,,100,,,,
2014/6/27,6.1543,3.781,3.9165,3.5548,,0,,,,
2014/6/30,6.1528,3.867,3.9914,3.6375,,0,,,,
2014/7/1,6.1523,4.421,4.4717,3.7505,,250,,,,
2014/7/2,6.1549,3.927,4.1051,3.9558,,0,,,,
2014/7/3,6.1581,3.393,3.5185,3.9978,,300,,,,
2014/7/4,6.1642,3.42,3.4964,3.9073,,0,,,,
2014/7/7,6.1658,3.421,3.5733,3.797,,0,,,,
2014/7/8,6.1626,3.52,3.663,3.6876,,200,,,,
2014/7/9,6.1565,3.736,3.8867,3.5444,,0,,,,
2014/7/10,6.1443,3.711,3.8922,3.545,,300,,,,
2014/7/11,6.1469,3.723,3.8043,3.6213,,0,,,,
2014/7/14,6.1485,3.7035,3.8981,3.6856,,0,,,,
2014/7/15,6.149,3.646,3.757,3.7391,,150,,,,
2014/7/16,6.1535,3.65,3.711,3.757,4.1832,0,,,,
2014/7/17,6.1564,3.641,3.8658,3.7423,,20,,,,
2014/7/18,6.1568,3.651,3.8465,3.7281,,0,,,,
2014/7/21,6.1547,3.694,4.1097,3.7291,,0,,,,
2014/7/22,6.1544,3.848,4.1924,3.751,,180,,,,
2014/7/23,6.1572,4.202,4.5385,3.8191,,0,,,,
2014/7/24,6.1579,4.101,4.3794,3.9539,,0,,,,
2014/7/25,6.1597,4.081,4.2651,4.0394,,0,,,,
2014/7/28,6.1622,4.013,4.1967,4.0999,,0,,,,
2014/7/29,6.1615,3.907,4.0024,4.1207,,50,,,,
2014/7/30,6.1645,3.914,3.9908,4.1051,,0,,,,
2014/7/31,6.1675,3.98,4.0639,4.0425,,-160,,,,260
2014/8/1,6.1681,3.907,3.9865,4.0203,,0,,,,
2014/8/4,6.1661,3.842,3.9541,3.9763,,0,,,,
2014/8/5,6.1655,3.738,3.7911,3.9274,,-100,,,,300
2014/8/6,6.1681,3.559,3.5967,3.8542,,0,,,,
2014/8/7,6.167,3.511,3.6634,3.7665,,-100,,,,200
2014/8/8,6.1562,3.457,3.5592,3.6647,,0,,,,
2014/8/11,6.1522,3.42,3.5415,3.5842,,0,,,,
2014/8/12,6.1517,3.39,3.4216,3.5133,,0,,,,200
2014/8/13,6.1533,3.36,3.4625,3.461,,0,,,,
2014/8/14,6.1545,3.353,3.4566,3.4311,,140,,,,300
2014/8/15,6.1538,3.346,3.4423,3.4048,,0,,,,
2014/8/18,6.1528,3.276,3.4479,3.3922,,0,,,,
2014/8/19,6.1548,3.237,3.4316,3.3523,,10,,,,300
2014/8/20,6.158,3.246,3.4325,3.3315,4.2293,0,,,,
2014/8/21,6.1632,3.312,3.4975,3.3428,,100,,,,100
2014/8/22,6.1617,3.369,3.5958,3.3646,,0,,,,
2014/8/25,6.1653,3.363,3.7556,3.3673,,0,,,,
2014/8/26,6.1663,3.318,3.5937,3.3822,,250,,,,100
2014/8/27,6.1658,3.349,3.6181,3.3886,,0,,,,
2014/8/28,6.1638,3.538,3.8059,3.4326,,200,,,,100
2014/8/29,6.1647,3.672,3.8101,3.5003,,0,,,,
2014/9/1,6.168,3.584,3.6609,3.5579,,0,,,,
2014/9/2,6.1684,3.51,3.6642,3.5867,,120,,,,180
2014/9/3,6.1697,3.391,3.5195,3.5966,,0,,,,
2014/9/4,6.1666,3.275,3.4525,3.5475,,-50,,,,150
2014/9/5,6.1707,3.188,3.3657,3.4583,,0,,,,
2014/9/9,6.152,3.152,3.2962,3.3632,,-50,,,,150
2014/9/10,6.1425,3.161,3.2601,3.2848,,0,,,,
2014/9/11,6.1453,3.203,3.36,3.2408,,0,,,,100
2014/9/12,6.1468,3.235,3.3624,3.2282,,0,,,,
2014/9/15,6.1452,3.244,3.4139,3.2294,,0,,,,
2014/9/16,6.1462,3.25,3.494,3.2459,,30,,,,150
2014/9/17,6.145,3.287,3.4502,3.2788,4.13,0,,,,
2014/9/18,6.149,3.3,3.4377,3.3106,,50,,,,100
2014/9/19,6.1455,3.3,3.5341,3.3315,,0,,,,
2014/9/22,6.1485,3.198,3.4301,3.3424,,0,,,,
2014/9/23,6.147,3.111,3.276,3.3236,,-30,,,,180
2014/9/24,6.1462,3.142,3.7463,3.2781,,0,,,,
2014/9/25,6.1497,3.255,3.4596,3.2773,,-80,,,,180
2014/9/26,6.1508,3.301,3.4713,3.2971,,0,,,,
2014/9/28,,3.073,3.1991,3.2926,,0,,,,
2014/9/29,6.1539,2.905,3.1872,3.2373,,0,,,,
2014/9/30,6.1525,2.874,2.8083,3.1688,,-50,,,,200
2014/10/8,6.1493,2.903,3.1554,3.0825,,280,,,,
2014/10/9,6.1461,2.986,3.1036,3.011,,-20,,,,200
2014/10/10,6.147,2.99,3.0784,2.9676,,0,,,,
2014/10/11,,2.999,3.1478,2.9845,,0,,,,
2014/10/13,6.1446,3.004,3.2868,3.0027,,0,,,,
2014/10/14,6.1408,3.005,3.2074,3.0294,,200,,,,200
2014/10/15,6.1455,2.98,3.2431,3.0456,3.7773,0,,,,
2014/10/16,6.1395,2.969,3.1396,3.0538,,-200,,,,200
2014/10/17,6.1407,2.95,3.1144,3.0449,,0,,,,
2014/10/20,6.1435,2.936,3.1295,3.0395,,0,,,,
2014/10/21,6.141,2.921,3.2548,3.0206,,0,,,,200
2014/10/22,6.1437,2.932,3.1377,2.9959,,0,,,,
2014/10/23,6.1459,2.945,3.1437,2.9836,,0,,,,200
2014/10/24,6.1467,3.025,3.2406,2.9957,,0,,,,
2014/10/27,6.1446,3.0522,3.1614,3.0121,,0,,,,
2014/10/28,6.1421,3.059,3.2042,3.0366,,0,,,,200
2014/10/29,6.1405,3.14,3.379,3.0785,,0,,,,
2014/10/30,6.1457,3.1915,3.2563,3.1302,,0,,,,200
2014/10/31,6.1461,3.2,3.2849,3.1767,,0,,,,
2014/11/3,6.1525,3.186,3.3712,3.2113,,0,,,,
2014/11/4,6.1543,3.198,3.2803,3.2407,,0,,,,200
2014/11/5,6.1503,3.171,3.2937,3.2489,,0,,,,
2014/11/6,6.1565,3.118,3.2455,3.2313,,0,,,,200
2014/11/7,6.1602,3.101,3.2586,3.2047,,0,,,,
2014/11/10,6.1377,3.099,3.4938,3.1914,,0,,,,
2014/11/11,6.1413,3.074,3.1371,3.1703,,0,,,,200
2014/11/12,6.1428,3.0693,3.3378,3.1508,,0,,,,
2014/11/13,6.1418,3.073,3.1434,3.1431,,0,,,,200
2014/11/14,6.1399,3.078,3.0712,3.1411,,0,,,,
2014/11/17,6.1409,3.079,3.2234,3.1307,,0,,,,
2014/11/18,6.143,3.07,3.4235,3.121,,0,,,,200
2014/11/19,6.1397,3.074,3.3325,3.1135,3.578,0,,,,
2014/11/20,6.1417,3.117,3.4836,3.1338,,100,,,,100
2014/11/21,6.1387,3.218,3.699,3.1687,,0,,,,
2014/11/24,6.142,3.223,3.816,3.2938,,0,,,,
2014/11/25,6.139,3.276,3.4719,3.3729,,150,,,,50
2014/11/26,6.1354,3.274,3.4185,3.4104,,0,,,,
2014/11/27,6.132,3.29,3.4697,3.4178,,200,,,,
2014/11/28,6.1345,3.322,3.5418,3.4322,,0,,,,
2014/12/1,6.1369,3.354,3.6421,3.4116,,0,,,,
2014/12/2,6.1325,3.389,3.6203,3.3949,,200,,,,
2014/12/3,6.1376,3.413,3.5231,3.4071,,0,,,,
2014/12/4,6.1411,3.402,3.601,3.4308,,100,,,,
2014/12/5,6.1373,3.39,3.4537,3.4427,,0,,,,
2014/12/8,6.1282,3.42,3.6393,3.432,,0,,,,
2014/12/9,6.1231,3.43,3.9178,3.4487,,50,,,,
2014/12/10,6.1195,3.456,3.911,3.4825,,0,,,,
2014/12/11,6.1153,3.506,4.0039,3.5266,,0,,,,
2014/12/12,6.1184,3.587,3.9348,3.6051,,0,,,,
2014/12/15,6.1152,3.605,3.7482,3.6661,,0,,,,
2014/12/16,6.1182,3.636,4.1006,3.6975,,0,,,,
2014/12/17,6.1137,3.692,4.811,3.6951,3.77,0,,,,
2014/12/18,6.1195,4.025,5.6535,3.7843,,0,,,,
2014/12/19,6.1205,5.367,6.1414,4.2243,,0,,,,
2014/12/22,6.122,5.782,6.2606,4.746,,0,,,,
2014/12/23,6.123,5.653,5.7551,5.3022,,0,,,,
2014/12/24,6.1247,5.185,5.2477,5.6089,,0,,,,
2014/12/25,6.1213,5.005,5.097,5.7047,,0,,,,
2014/12/26,6.1186,4.815,4.8701,5.5241,,0,,,,
2014/12/29,6.1205,4.714,4.968,5.2502,,0,,,,
2014/12/30,6.1224,4.639,4.8318,4.9432,,0,,,,
2014/12/31,6.119,4.639,4.8928,4.8057,,0,,,,
2015/1/4,,4.883,4.8276,4.834,,0,,,,
2015/1/5,6.1248,4.725,4.725,4.8253,,0,,,,
2015/1/6,6.1256,4.241,4.3117,4.7362,,0,,,,
2015/1/7,6.1269,3.873,3.9453,4.5665,,0,,,,
2015/1/8,6.1302,3.745,3.9529,4.3682,,0,,,,
2015/1/9,6.1296,3.738,4.1546,4.1122,,0,,,,
2015/1/12,6.1233,3.762,4.0502,3.9263,,0,,,,
2015/1/13,6.1195,3.73,3.9627,3.8363,,0,,,,
2015/1/14,6.1205,3.837,3.9714,3.817,,0,,,,
2015/1/15,6.1193,3.843,4.0048,3.8201,,0,,,,
2015/1/16,6.1188,3.848,3.9988,3.8425,,0,,,,
2015/1/19,6.123,3.831,3.9869,3.8608,,0,,,,
2015/1/20,6.1226,3.782,3.7722,3.8391,,0,,,,
2015/1/21,6.1268,3.823,4.5098,3.8434,,0,,,,
2015/1/22,6.1247,3.875,4.1605,3.9123,,500,,,500,
2015/1/23,6.1342,4.028,4.1528,3.9853,,0,,,,
2015/1/26,6.1384,3.92,4.0034,3.9898,,0,,,,
2015/1/27,6.1364,3.89,3.9416,4.0074,,600,,,300,
2015/1/28,6.1282,3.898,4.2093,4.0041,3.4205,0,,,,
2015/1/29,6.1335,3.929,4.3646,3.9804,,-50,,,,
2015/1/30,6.137,4.026,4.2511,3.9954,,0,,,,
2015/2/2,6.1385,4.257,4.6157,4.0877,,0,,,,
2015/2/3,6.1369,4.3933,4.3829,4.215,,600,,,350,
2015/2/4,6.1318,4.427,4.5914,4.3482,,0,19.5,,,
2015/2/5,6.1366,4.412,4.6282,4.461,,300,,19.5,,
2015/2/6,6.1261,4.359,4.5547,4.5017,,0,,,,
2015/2/9,6.1311,4.335,4.5988,4.5026,,0,,,,
2015/2/10,6.1295,4.321,4.7089,4.4771,,450,,,,
2015/2/11,6.1315,4.42,4.5512,4.4455,,0,,,,
2015/2/12,6.1333,4.602,4.8656,4.4521,,1600,,,,
2015/2/13,6.1288,4.663,4.8305,4.503,,0,,,,
2015/2/15,,4.72,4.8479,4.5695,,0,,,,
2015/2/16,6.1273,4.7,4.9941,4.6292,,0,,,,
2015/2/17,6.133,4.749,4.7633,4.7303,,0,,,,
2015/2/25,6.1384,4.768,4.8725,4.7781,,-550,,,,
2015/2/26,6.1379,4.717,5.0842,4.7939,,-870,,,,
2015/2/27,6.1475,4.715,5.1648,4.7904,,0,,,,
2015/2/28,,4.772,4.8713,4.8415,,0,,,,
2015/3/2,6.1513,4.748,4.9665,4.83,,0,,,,
2015/3/3,6.1543,4.747,4.9688,4.8273,,-750,,,350,
2015/3/4,6.1525,4.717,4.9152,4.832,3.3897,0,,,,
2015/3/5,6.1528,4.729,4.9003,4.8254,,-700,,,400,
2015/3/6,6.1533,4.739,5.155,4.798,,0,,,,
2015/3/9,6.1563,4.773,5.2036,4.8039,,0,,,,
2015/3/10,6.1572,4.763,5.0676,4.8128,,0,,,350,
2015/3/11,6.1597,4.773,5.1695,4.8149,,0,,,,
2015/3/12,6.1617,4.7511,5.0132,4.8115,,-530,,,250,
2015/3/13,6.1588,4.738,5.1758,4.8039,,0,,,,
2015/3/16,6.1615,4.708,4.9759,4.7778,,0,,,,
2015/3/17,6.1585,4.62,4.8432,4.7389,,-150,,,200,
2015/3/18,6.1556,4.602,4.9261,4.703,,0,,,,
2015/3/19,6.146,4.496,4.6386,4.6684,,-100,,,150,
2015/3/20,6.1496,4.331,4.5343,4.5924,,0,,,,
2015/3/23,6.1448,4.143,4.4156,4.4846,,0,,,,
2015/3/24,6.1398,4.033,4.2291,4.359,,0,,,200,
2015/3/25,6.141,3.955,4.0999,4.2283,,0,,,,
2015/3/26,6.1375,3.897,4.0584,4.102,,100,,,250,
2015/3/27,6.1397,3.893,4.1284,4.0276,,0,,,,
2015/3/30,6.1402,3.919,4.0749,4.0123,,0,,,,
2015/3/31,6.1422,3.886,4.0282,4.0181,,50,,,250,
2015/4/1,6.1434,3.754,3.8461,4.0124,,0,,,,
2015/4/2,6.1396,3.635,3.7684,3.9688,,0,,,250,
2015/4/3,6.1348,3.506,3.7007,3.8792,,0,,,,
2015/4/7,6.1305,3.319,3.5111,3.7408,,-50,,,200,
2015/4/8,6.1345,3.163,3.4062,3.5767,3.64,0,,,,
2015/4/9,6.1338,3.073,3.4305,3.408,,-100,,,150,
2015/4/10,6.137,2.97,3.3567,3.2768,,0,,,,
2015/4/13,6.1395,2.949,3.5227,3.1683,,0,,,,
2015/4/14,6.1407,2.92,3.3329,3.0854,,-100,,,100,
2015/4/15,6.134,2.88,3.2136,3.0373,,0,,,,
2015/4/16,6.1305,2.884,3.1169,3.0146,,-50,,,100,
2015/4/17,6.1267,2.873,3.091,2.996,,0,,,,
2015/4/19,,,,,,,18.5,,,
2015/4/20,6.1255,2.732,3.2287,2.9732,,0,,18.5,,
2015/4/21,6.128,2.62,2.8718,2.9254,,-100,,,,
2015/4/22,6.129,2.567,2.9169,2.8456,,0,,,,
2015/4/23,6.1281,2.527,2.7282,2.755,,-100,,,,
2015/4/24,6.1241,2.488,2.7448,2.6695,,0,,,,
2015/4/27,6.122,2.451,2.6107,2.5855,,0,,,,
2015/4/28,6.1209,2.438,2.6049,2.5297,,0,,,,
2015/4/29,6.1169,2.439,2.6591,2.5028,,0,,,,
2015/4/30,6.1137,2.43,2.5448,2.4925,,0,,,,
2015/5/4,6.1165,2.39,2.7708,2.468,,0,,,,
2015/5/5,6.118,2.368,2.661,2.4614,,0,,,,
2015/5/6,6.1156,2.369,2.4845,2.4613,,0,,,,
2015/5/7,6.1113,2.355,2.4952,2.448,,0,,,,
2015/5/8,6.1147,2.334,2.5906,2.4292,,0,,,,
2015/5/11,6.1132,2.245,2.4641,2.408,,0,,,,
2015/5/12,6.1155,2.197,2.3725,2.366,,0,,,,
2015/5/13,6.1123,2.149,2.2961,2.3071,,0,,,,
2015/5/14,6.1093,2.056,2.2943,2.2393,,0,,,,
2015/5/15,6.1085,1.962,2.363,2.1595,,0,,,,
2015/5/18,6.1079,1.92,2.1653,2.0802,,0,,,,
2015/5/19,6.1098,1.925,2.1251,2.0262,,0,,,,
2015/5/20,6.1125,1.932,2.095,1.9908,,0,,,,
2015/5/21,6.1139,1.944,2.1553,1.9781,,0,,,,
2015/5/22,6.1131,1.966,2.1551,1.9835,,0,,,,
2015/5/25,6.1165,1.968,2.1768,1.9901,,0,,,,
2015/5/26,6.1172,1.9688,2.2336,1.9946,,0,,,,
2015/5/27,6.1198,1.967,2.3268,1.9942,,0,,,,
2015/5/28,6.1202,1.952,2.3316,1.9834,,0,,,,
2015/5/29,6.1196,1.972,2.1026,1.9814,,0,,,,
2015/6/1,6.1207,1.963,2.2551,1.9836,,0,,,,
2015/6/2,6.1225,1.977,2.2698,1.989,,0,,,,
2015/6/3,6.1176,2.057,2.3839,2.0412,,0,,,,
2015/6/4,6.1164,2.122,2.3233,2.107,,0,,,,
2015/6/5,6.1181,2.07,2.3123,2.1544,,0,,,,
2015/6/8,6.1205,2.043,2.2888,2.1515,,0,,,,
2015/6/9,6.1179,2.049,2.2267,2.1503,,0,,,,
2015/6/10,6.1173,2.052,2.1746,2.1178,,0,,,,
2015/6/11,6.115,2.063,2.3663,2.0809,,0,,,,
2015/6/12,6.1167,2.085,2.5132,2.0734,,0,,,,
2015/6/15,6.1169,2.11,2.2861,2.0864,,0,,,,
2015/6/16,6.1155,2.143,2.5047,2.1096,,0,,,,
2015/6/17,6.1158,2.238,2.8175,2.1745,,0,,,,
2015/6/18,6.1126,2.478,2.8059,2.2623,,0,,,,
2015/6/19,6.1104,2.674,3.1661,2.3738,,0,,,,
2015/6/23,6.1119,2.675,3.3512,2.5321,,0,,,,
2015/6/24,6.1142,2.808,2.9208,2.6602,,0,,,,
2015/6/25,6.1148,2.884,3.1364,2.8084,,350,,,350,
2015/6/26,6.1137,2.921,3.0961,2.9325,,0,,,,
2015/6/29,6.1168,2.84,2.9816,3.0416,,0,,,,
2015/6/30,6.1136,2.652,2.6757,3.02,,500,,,500,
2015/7/1,6.1149,2.602,2.8741,2.9939,,0,,,,
2015/7/2,6.1171,2.712,2.9834,2.9544,,0,,,350,
2015/7/3,6.116,2.802,2.9652,2.9181,,0,,,,
2015/7/6,6.1172,2.661,2.8012,2.8817,,0,,,,
2015/7/7,6.1166,2.61,2.7036,2.8206,,0,,,500,
2015/7/8,6.1175,2.589,2.7019,2.769,,0,,,,
2015/7/9,6.1151,2.578,3.2752,2.7044,,0,,,350,
2015/7/10,6.1153,2.575,2.6613,2.6427,,0,,,,
2015/7/13,6.1133,2.553,2.6477,2.5752,,0,,,,
2015/7/14,6.1165,2.556,2.7037,2.5652,,-300,,,200,
2015/7/15,6.1152,2.55,2.741,2.5567,3.51,0,,,,
2015/7/16,6.1173,2.481,2.5429,2.5325,,-150,,,200,
2015/7/17,6.1192,2.464,2.5328,2.5043,,0,,,,
2015/7/20,6.1197,2.449,2.4518,2.481,,0,,,,
2015/7/21,6.1199,2.458,2.5558,2.46,,150,,,350,
2015/7/22,6.1168,2.478,2.6363,2.4491,,0,,,,
2015/7/23,6.1172,2.54,2.649,2.4656,,150,,,350,
2015/7/24,6.1169,2.559,2.7945,2.4962,,0,,,,
2015/7/27,6.1176,2.559,2.5741,2.5138,,0,,,,
2015/7/28,6.1154,2.552,2.6637,2.5273,,150,,,500,
2015/7/29,6.115,2.514,2.6024,2.519,,0,,,,
2015/7/30,6.1165,2.502,2.5395,2.5035,,50,,,400,
2015/7/31,6.1172,2.509,2.6285,2.4867,,0,,,,
2015/8/3,6.1169,2.495,2.5357,2.4783,,0,,,,
2015/8/4,6.1177,2.483,2.6909,2.4669,,0,,,500,
2015/8/5,6.1186,2.471,2.4783,2.4581,3.45,0,,,,
2015/8/6,6.1181,2.449,2.4937,2.4449,,-50,,,350,
2015/8/7,6.1174,2.453,2.5039,2.4039,,0,,,,
2015/8/10,6.1162,2.455,2.4475,2.396,,0,,,,
2015/8/11,6.2298,2.463,2.5291,2.3872,,0,,,500,
2015/8/12,6.3306,2.472,2.5418,2.3831,,0,,,,
2015/8/13,6.401,2.481,2.5787,2.3967,,50,,,400,
2015/8/14,6.3975,2.495,2.5259,2.4322,,0,,,,
2015/8/17,6.3969,2.517,2.538,2.4508,,0,,,,
2015/8/18,6.3966,2.531,2.6085,2.4717,,700,,,1200,
2015/8/19,6.3963,2.546,2.6099,2.4939,,0,,,,
2015/8/20,6.3915,2.586,2.7174,2.5169,,800,,,1200,
2015/8/21,6.3864,2.599,2.7154,2.5465,,0,,,,
2015/8/24,6.3862,2.597,2.6492,2.5608,,0,,,,
2015/8/25,6.3987,2.593,2.761,2.5671,,300,18,,1500,
2015/8/26,6.4043,2.429,2.611,2.5828,,0,,,,
2015/8/27,6.4085,2.398,2.5145,2.5492,,300,,,1500,
2015/8/28,6.3986,2.392,2.4983,2.4959,,0,,,,
2015/8/31,6.3893,2.398,2.5159,2.4623,,0,,,,
2015/9/1,6.3752,2.41,2.4621,2.4575,,0,,,1500,
2015/9/2,6.3619,2.421,2.4624,2.4291,,0,,,,
2015/9/6,,2.41,2.54,2.4356,,-1500,,18,,
2015/9/7,6.3584,2.41,2.454,2.4307,,0,,,,
2015/9/8,6.3639,2.402,2.6035,2.4347,,0,,,1500,
2015/9/9,6.3632,2.398,2.4641,2.4266,3.32,0,,,,
2015/9/10,6.3772,2.4,2.5181,2.4204,,800,,,800,
2015/9/11,6.3719,2.403,2.5928,2.4219,,0,,,,
2015/9/14,6.3709,2.394,2.4681,2.4171,,0,,,,
2015/9/15,6.3665,2.392,2.4783,2.4052,,-1000,,,500,
2015/9/16,6.3712,2.391,2.4864,2.3957,,0,,,,
2015/9/17,6.367,2.391,2.5059,2.3992,,-400,,,400,
2015/9/18,6.3607,2.39,2.4809,2.39,,0,,,,
2015/9/21,6.3676,2.391,2.5031,2.3993,,0,,,,
2015/9/22,6.3721,2.397,2.5074,2.4014,,0,,,500,
2015/9/23,6.3773,2.401,2.5115,2.4054,,0,,,,
2015/9/24,6.3791,2.48,2.8882,2.3974,,400,,,,
2015/9/25,6.3785,2.447,2.7253,2.4195,,0,,,,
2015/9/28,6.3729,2.431,2.8178,2.4101,,0,,,,
2015/9/29,6.366,2.419,2.7277,2.4037,,-100,,,,
2015/9/30,6.3613,2.408,2.5056,2.4025,,0,,,,
2015/10/8,6.3505,2.4,2.4876,2.4029,,400,,,1200,
2015/10/9,6.3493,2.4,2.4757,2.3936,,0,,,,
2015/10/10,,2.401,2.4897,2.417,,0,,,,
2015/10/12,6.3406,2.397,2.4478,2.4106,,0,,,,
2015/10/13,6.3231,2.397,2.5073,2.4146,,0,,,400,
2015/10/14,6.3408,2.397,2.5423,2.4285,2.99,0,,,,
2015/10/15,6.3402,2.397,2.5742,2.4416,,-700,,,500,
2015/10/16,6.3436,2.394,2.6159,2.4401,,0,,,,
2015/10/19,6.3527,2.395,2.6047,2.448,,0,,,,
2015/10/20,6.3614,2.394,2.4925,2.4501,,-150,,,250,
2015/10/21,6.3473,2.394,2.4661,2.4449,,0,,,,
2015/10/22,6.3497,2.396,2.4258,2.4365,,-300,,,200,
2015/10/23,6.3595,2.401,2.5007,2.4359,,0,17.5,,,
2015/10/24,,,,,,,,17.5,,
2015/10/26,6.3549,2.338,2.4319,2.44,,0,,,,
2015/10/27,6.3494,2.297,2.3892,2.4371,,-150,,,100,
2015/10/28,6.3536,2.292,2.434,2.4166,,0,,,,
2015/10/29,6.3596,2.291,2.4671,2.3977,,-100,,,100,
2015/10/30,6.3495,2.291,2.4749,2.3879,,0,,,,
2015/11/2,6.3154,2.291,2.3532,2.378,,0,,,,
2015/11/3,6.331,2.29,2.5367,2.3675,,0,,,100,
2015/11/4,6.3343,2.293,2.5448,2.3882,3.092,0,,,,
2015/11/5,6.3381,2.288,2.4547,2.3948,,0,,,100,
2015/11/6,6.3459,2.285,2.4072,2.3842,,0,,,,
2015/11/9,6.3578,2.285,2.411,2.3765,,0,,,,
2015/11/10,6.3602,2.28,2.4415,2.3697,,0,,,100,
2015/11/11,6.3614,2.279,2.5414,2.357,,0,,,,
2015/11/12,6.3628,2.279,2.4416,2.3531,,0,,,100,
2015/11/13,6.3655,2.278,2.4777,2.353,,0,,,,
2015/11/16,6.375,2.279,2.4172,2.3503,,0,,,,
2015/11/17,6.374,2.278,2.421,2.3499,,0,,,100,
2015/11/18,6.3796,2.279,2.4951,2.3508,,0,,,,
2015/11/19,6.3791,2.28,2.417,2.3408,,100,,,200,
2015/11/20,6.378,2.282,2.4312,2.3416,,0,,,,
2015/11/23,6.3867,2.283,2.3693,2.3352,,0,,,,
2015/11/24,6.3888,2.285,2.3927,2.3331,,0,,,100,
2015/11/25,6.3877,2.286,2.3372,2.3299,,0,,,,
2015/11/26,6.3896,2.289,2.4252,2.3385,,0,,,200,
2015/11/27,6.3915,2.293,2.514,2.3571,,0,,,,
2015/11/30,6.3962,2.299,2.4212,2.3743,,0,,,,
2015/12/1,6.3973,2.294,2.5282,2.3865,,400,,,500,
2015/12/2,6.3958,2.293,2.4964,2.4061,,0,,,,
2015/12/3,6.3982,2.292,2.5144,2.4166,,100,,,300,
2015/12/4,6.3851,2.293,2.4346,2.4036,,0,,,,
2015/12/7,6.3985,2.291,2.419,2.4005,,0,,,,
2015/12/8,6.4078,2.292,2.4688,2.3972,,-400,,,100,
2015/12/9,6.414,2.294,2.6211,2.3908,2.9764,0,,,,
2015/12/10,6.4236,2.297,2.5516,2.3926,,-100,,,200,
2015/12/11,6.4358,2.302,2.5893,2.4085,,0,,,,
2015/12/14,6.4495,2.303,2.5217,2.4197,,0,,,,
2015/12/15,6.4559,2.299,2.4808,2.4275,,0,,,100,
2015/12/16,6.4626,2.301,2.5153,2.4307,,0,,,,
2015/12/17,6.4757,2.299,2.5782,2.4292,,100,,,300,
2015/12/18,6.4814,2.318,2.5833,2.4318,,0,,,,
2015/12/21,6.4753,2.334,2.5539,2.4335,,0,,,,
2015/12/22,6.4746,2.342,2.7766,2.4359,,200,,,300,
2015/12/23,6.4731,2.348,2.5691,2.4429,,0,,,,
2015/12/24,6.4755,2.348,2.4797,2.4397,,100,,,400,
2015/12/25,6.4713,2.355,2.5647,2.4231,,0,,,,
2015/12/28,6.475,2.354,2.4854,2.4334,,0,,,,
2015/12/29,6.4864,2.352,2.522,2.4582,,-200,,,100,
2015/12/30,6.4895,2.352,2.5456,2.5001,,0,,,,
2015/12/31,6.4936,2.355,2.4457,2.5251,,-400,,,,
2016/1/4,6.5032,2.335,2.5693,2.5132,,0,,,,
2016/1/5,6.5169,2.33,2.5674,2.5062,,1200,,,1300,
2016/1/6,6.5314,2.322,2.5526,2.4925,2.8607,0,,,,
2016/1/7,6.5646,2.313,2.4688,2.4826,,700,,,700,
2016/1/8,6.5636,2.308,2.5509,2.4599,,0,,,,
2016/1/11,6.5626,2.303,2.5132,2.4476,,0,,,,
2016/1/12,6.5628,2.3,2.5585,2.4361,,-500,,,800,
2016/1/13,6.563,2.3,2.5064,2.4199,,0,,,,
2016/1/14,6.5616,2.3,2.4872,2.3988,,900,,,1600,
2016/1/15,6.5637,2.303,2.4704,2.4005,,0,,,,
2016/1/18,6.559,2.308,2.4336,2.4094,,0,,,,
2016/1/19,6.5596,2.316,2.6792,2.4162,,750,,,800,
2016/1/20,6.5578,2.341,2.6648,2.46,,0,,,,
2016/1/21,6.5585,2.405,2.7831,2.5041,,2400,,,1100,
2016/1/22,6.5572,2.4,2.6247,2.5535,,0,,,,
2016/1/25,6.5557,2.376,2.5587,2.5809,,0,,,,
2016/1/26,6.5548,2.363,2.4945,2.5872,,3600,,,800,
2016/1/27,6.5533,2.359,2.4936,2.5688,2.85,0,,,,
2016/1/28,6.5528,2.362,2.5418,2.5369,,2300,,,800,
2016/1/29,6.5516,2.33,2.5539,2.509,,1000,,,200,
2016/2/1,6.5539,2.444,2.7433,2.4747,,100,,,,
2016/2/2,6.551,2.455,2.7955,2.4617,,200,,,,
2016/2/3,6.5521,2.453,2.6535,2.4642,,1000,,,,
2016/2/4,6.5419,2.455,2.7245,2.4523,,700,,,,
2016/2/5,6.5314,2.448,2.4736,2.4563,,1300,,,,
2016/2/6,,2.353,2.475,2.4412,,1100,,,,
2016/2/14,,2.313,2.4632,2.3984,,100,,,100,
2016/2/15,6.5118,2.3,2.4545,2.3551,,100,,,100,
2016/2/16,6.513,2.297,2.4243,2.3549,,-950,,,300,
2016/2/17,6.5237,2.297,2.4261,2.3541,,-300,,,100,
2016/2/18,6.5152,2.285,2.4943,2.3582,,-2900,,,800,
2016/2/19,6.5186,2.286,2.4178,2.3719,,-500,,,100,
2016/2/22,6.5165,2.286,2.469,2.3769,,-600,,,700,
2016/2/23,6.5273,2.283,2.4403,2.3655,,-2600,,,1300,
2016/2/24,6.5302,2.295,2.4331,2.35,,300,,,400,
2016/2/25,6.5318,2.321,2.4547,2.372,,0,,,3400,
2016/2/26,6.5338,2.345,2.4478,2.3888,,2100,,,3000,
2016/2/29,6.5452,2.335,2.5865,2.4212,,1500,17,,2300,
2016/3/1,6.5385,2.308,2.5107,2.4673,,-1800,,17,,
2016/3/2,6.549,2.3,2.475,2.4711,2.8196,-1000,,,,
2016/3/3,6.5412,2.297,2.414,2.4499,,-3700,,,400,
2016/3/4,6.5284,2.295,2.4127,2.4256,,-3400,,,500,
2016/3/7,6.5113,2.294,2.5222,2.3936,,-2000,,,300,
2016/3/8,6.5041,2.293,2.4822,2.3605,,300,,,300,
2016/3/9,6.5106,2.292,2.4371,2.3558,,150,,,150,
2016/3/10,6.5127,2.28,2.4023,2.3482,,-200,,,200,
2016/3/11,6.4905,2.282,2.4426,2.3514,,-300,,,200,
2016/3/14,6.4913,2.281,2.4775,2.3473,,-200,,,100,
2016/3/15,6.5079,2.281,2.4395,2.3501,,-100,,,200,
2016/3/16,6.5172,2.282,2.4274,2.3518,,50,,,200,
2016/3/17,6.4961,2.288,2.4421,2.3622,,200,,,400,
2016/3/18,6.4628,2.295,2.438,2.3709,,900,,,1100,
2016/3/21,6.4824,2.302,2.6427,2.4063,,1200,,,1300,
2016/3/22,6.4971,2.305,2.5373,2.444,,600,,,800,
2016/3/23,6.4936,2.301,2.4301,2.4788,,600,,,800,
2016/3/24,6.515,2.297,2.398,2.5135,,200,,,600,
2016/3/25,6.5223,2.3,2.345,2.5148,,-800,,,300,
2016/3/28,6.5232,2.301,2.4871,2.5004,,-950,,,350,
2016/3/29,6.506,2.303,2.4573,2.4938,,-200,,,600,
2016/3/30,6.4841,2.312,2.4175,2.4884,,-200,,,600,
2016/3/31,6.4612,2.325,2.5751,2.5484,,400,,,1000,
2016/4/1,6.4585,2.32,2.4421,2.6378,,1100,,,1400,
2016/4/5,6.4663,2.302,2.48,2.6158,,-350,,,600,
2016/4/6,6.4754,2.294,2.4283,2.5845,2.8632,-300,,,300,
2016/4/7,6.4707,2.289,2.386,2.5494,,-900,,,100,
2016/4/8,6.4733,2.287,2.4734,2.4739,,-1200,,,200,
2016/4/11,6.4649,2.291,2.5098,2.3915,,150,,,150,
2016/4/12,6.4616,2.295,2.4835,2.3772,,0,,,600,
2016/4/13,6.4591,2.302,2.5217,2.3822,,100,,,400,
2016/4/14,6.4891,2.304,2.5109,2.4045,,300,,,400,
2016/4/15,6.4908,2.301,2.4594,2.4298,,150,,,350,
2016/4/18,6.4787,2.302,2.5324,2.4473,,150,,,300,
2016/4/19,6.47,2.305,2.4356,2.4506,,300,,,900,
2016/4/20,6.4579,2.322,2.5823,2.4446,,2100,,,2500,
2016/4/21,6.4803,2.332,2.527,2.4548,,2200,,,2600,
2016/4/22,6.4898,2.334,2.6281,2.4701,,2050,,,2400,
2016/4/25,6.512,2.342,2.6435,2.5183,,1500,,,1800,
2016/4/26,6.4882,2.341,2.6378,2.5642,,500,,,1400,
2016/4/27,6.4837,2.346,2.5995,2.5871,,-1300,,,1200,
2016/4/28,6.4954,2.368,2.6397,2.611,,-1500,,,1100,
2016/4/29,6.4589,2.386,2.505,2.6224,,-2100,,,300,
2016/5/3,6.4565,2.34,2.5454,2.5884,,-2200,,,1000,
2016/5/4,6.4943,2.328,2.5468,2.5419,2.9,-200,,,1000,
2016/5/5,6.5128,2.329,2.4914,2.513,,200,,,1300,
2016/5/6,6.5202,2.326,2.3853,2.472,,0,,,300,
2016/5/9,6.5105,2.323,2.5216,2.4381,,200,,,200,
2016/5/10,6.5233,2.323,2.4611,2.4291,,-300,,,700,
2016/5/11,6.5209,2.324,2.4757,2.4246,,-200,,,800,
2016/5/12,6.4959,2.325,2.4639,2.4325,,-800,,,500,
2016/5/13,6.5246,2.324,2.3985,2.4418,,0,,,300,
2016/5/16,6.5343,2.327,2.4751,2.4417,,250,,,450,
2016/5/17,6.52,2.331,2.5162,2.4382,,-200,,,500,
2016/5/18,6.5216,2.332,2.425,2.4329,,-100,,,700,
2016/5/19,6.5531,2.331,2.4361,2.4304,,350,,,850,
2016/5/20,6.551,2.331,2.3725,2.4145,,200,,,500,
2016/5/23,6.5455,2.33,2.5775,2.4003,,200,,,650,
2016/5/24,6.5468,2.33,2.5394,2.3857,,150,,,650,
2016/5/25,6.5693,2.331,2.4696,2.3707,,0,,,700,
2016/5/26,6.5552,2.332,2.4721,2.3846,,-100,,,750,
2016/5/27,6.549,2.333,2.5499,2.4097,,450,,,950,
2016/5/30,6.5784,2.334,2.5144,2.4331,,0,,,650,
2016/5/31,6.579,2.338,2.544,2.4417,,550,,,1200,
2016/6/1,6.5889,2.337,2.3943,2.447,2.9951,250,,,950,
2016/6/2,6.5688,2.342,2.3915,2.4477,,-50,,,700,
2016/6/3,6.5793,2.338,2.5486,2.4206,,-550,,,400,
2016/6/6,6.5497,2.337,2.5564,2.399,,-250,,,400,
2016/6/7,6.5618,2.34,2.5408,2.3918,,-700,,,500,
2016/6/8,6.5593,2.341,2.431,2.3892,,-400,,,550,
2016/6/12,,2.343,2.3866,2.3859,,-400,,,700,
2016/6/13,6.5805,2.342,2.4786,2.3717,,0,,,400,
2016/6/14,6.5791,2.341,2.5171,2.3761,,250,,,750,
2016/6/15,6.6001,2.341,2.4099,2.3686,,100,,,650,
2016/6/16,6.5739,2.343,2.4435,2.3688,,300,,,300,
2016/6/17,6.5795,2.346,2.4984,2.3629,,400,,,400,
2016/6/20,6.5708,2.351,2.5278,2.3671,,600,,,1700,
2016/6/21,6.5656,2.354,2.4242,2.3592,,350,,,1100,
2016/6/22,6.5935,2.355,2.5057,2.359,,850,,,1500,
2016/6/23,6.5658,2.358,2.4173,2.3755,,300,,,600,
2016/6/24,6.5776,2.371,2.5452,2.3917,,1300,,,1700,
2016/6/27,6.6375,2.375,2.4996,2.4353,,1000,,,2700,
2016/6/28,6.6528,2.381,2.5495,2.4946,,700,,,1800,
2016/6/29,6.6324,2.386,2.49,2.5802,,600,,,2100,
2016/6/30,6.6312,2.385,2.498,2.6497,,700,,,1300,
2016/7/1,6.6496,2.365,2.4089,2.6903,,-1200,,,500,
2016/7/4,6.6472,2.355,2.4162,2.6343,,-1800,,,900,
2016/7/5,6.6594,2.344,2.4344,2.5738,,-1400,,,400,
2016/7/6,6.6857,2.337,2.482,2.4954,2.8114,-1800,,,300,
2016/7/7,6.682,2.33,2.4062,2.43,,-1150,,,150,
2016/7/8,6.6853,2.327,2.3782,2.3883,,-300,,,200,
2016/7/11,6.6843,2.323,2.435,2.3986,,-600,,,300,
2016/7/12,6.695,2.319,2.4147,2.4075,,-100,,,300,
2016/7/13,6.6891,2.313,2.419,2.4062,,0,,,300,
2016/7/14,6.6846,2.31,2.4315,2.4072,,50,,,200,
2016/7/15,6.6805,2.308,2.3908,2.4051,,0,,,200,
2016/7/18,6.6961,2.307,2.4403,2.4023,,1303,,,500,
2016/7/19,6.6971,2.308,2.4824,2.3978,,300,,,600,
2016/7/20,6.6946,2.308,2.4548,2.4051,,450,,,750,
2016/7/21,6.6872,2.311,2.4189,2.4152,,100,,,300,
2016/7/22,6.6669,2.321,2.4671,2.4243,,500,,,700,
2016/7/25,6.686,2.332,2.5352,2.4539,,1000,,,1500,
2016/7/26,6.6778,2.348,2.6879,2.5123,,700,,,1300,
2016/7/27,6.6671,2.36,2.5984,2.5818,,1050,,,1800,
2016/7/28,6.6597,2.359,2.5227,2.6115,,500,,,800,
2016/7/29,6.6511,2.348,2.5042,2.6205,,0,,,700,
2016/8/1,6.6277,2.343,2.4016,2.5999,,435,,,1200,
2016/8/2,6.6451,2.338,2.4446,2.546,,-700,,,600,
2016/8/3,6.6195,2.332,2.4604,2.4774,2.74,-1250,,,550,
2016/8/4,6.6444,2.324,2.4709,2.4354,,-300,,,500,
2016/8/5,6.6406,2.317,2.4175,2.4031,,200,,,900,
2016/8/8,6.6615,2.316,2.4086,2.3865,,50,,,1250,
2016/8/9,6.6594,2.317,2.4746,2.3909,,100,,,700,
2016/8/10,6.653,2.325,2.4437,2.4005,,250,,,800,
2016/8/11,6.6255,2.332,2.5776,2.4295,,500,,,1000,
2016/8/12,6.6543,2.336,2.501,2.4702,,0,,,900,
2016/8/15,6.643,2.3411,2.4407,2.4793,,805,,,1300,
2016/8/16,6.6305,2.343,2.4805,2.4872,,100,,,800,
2016/8/17,6.6056,2.345,2.4567,2.4814,,200,,,1000,
2016/8/18,6.6273,2.347,2.4765,2.4689,,-500,,,500,
2016/8/19,6.6211,2.347,2.4675,2.4614,,-450,,,450,
2016/8/22,6.6652,2.3467,2.4193,2.4601,,-200,,,1100,
2016/8/23,6.6586,2.352,2.5083,2.4549,,200,,,1000,
2016/8/24,6.642,2.362,2.5765,2.4947,,400,,,900,
2016/8/25,6.6602,2.364,2.5558,2.5444,,1700,,,1400,
2016/8/26,6.6488,2.362,2.5161,2.5926,,1000,,,950,
2016/8/29,6.6856,2.364,2.4724,2.5996,,315,,,600,
2016/8/30,6.6812,2.366,2.5031,2.5784,,0,,,600,
2016/8/31,6.6908,2.369,2.4624,2.5332,,-400,,,400,
2016/9/1,6.6784,2.368,2.4218,2.4786,,-1100,,,200,
2016/9/2,6.6727,2.369,2.5057,2.4233,,-550,,,300,
2016/9/5,6.6873,2.369,2.5128,2.3993,,-300,,,200,
2016/9/6,6.6676,2.368,2.5403,2.3957,,-300,,,200,
2016/9/7,6.6555,2.368,2.5232,2.3884,2.7523,-600,,,200,
2016/9/8,6.662,2.37,2.4435,2.3857,,-200,,,600,
2016/9/9,6.6684,2.3765,2.529,2.3722,,-100,,,500,
2016/9/12,6.6908,2.378,2.5431,2.3553,,1501,,,700,
2016/9/13,6.6726,2.3855,2.5,2.3623,,1000,,,700,
2016/9/14,6.6895,2.392,2.5703,2.4033,,1350,,,700,
2016/9/18,,2.394,2.558,2.459,,1400,,,1500,
2016/9/19,6.6786,2.397,2.5096,2.4683,,1700,,,1800,
2016/9/20,6.6595,2.4,2.6627,2.5381,,1400,,,1500,
2016/9/21,6.6738,2.405,2.6587,2.5905,,1200,,,1200,
2016/9/22,6.6513,2.408,2.4606,2.62,,1600,,,1200,
2016/9/23,6.667,2.406,2.4225,2.6337,,800,,,900,
2016/9/26,6.6744,2.439,2.544,2.6117,,-2450,,,,
2016/9/27,6.6646,2.459,2.5972,2.5756,,-951,,,,
2016/9/28,6.6681,2.476,2.707,2.5588,,0,,,,
2016/9/29,6.67,2.487,2.5664,2.5604,,-300,,,,
2016/9/30,6.6778,2.477,2.5323,2.5927,,-500,,,,
2016/10/8,,2.442,2.5885,2.6146,,0,,,,
2016/10/9,,2.425,2.5329,2.5661,,600,,,400,
2016/10/10,6.7008,2.41,2.521,2.5027,,-900,,,200,
2016/10/11,6.7098,2.394,2.3964,2.4662,,-1000,,,200,
2016/10/12,6.7258,2.383,2.4578,2.4026,2.6768,-1650,,,300,
2016/10/13,6.7296,2.378,2.4109,2.379,,-600,,,200,
2016/10/14,6.7157,2.374,2.4275,2.3959,,0,,,300,
2016/10/17,6.7379,2.375,2.5272,2.4086,,-1745,,,500,
2016/10/18,6.7303,2.381,2.6167,2.4162,,-100,,,400,
2016/10/19,6.7326,2.39,2.6508,2.498,,400,,,650,
2016/10/20,6.7311,2.397,2.5686,2.5795,,1200,,,1000,
2016/10/21,6.7558,2.401,2.6394,2.6649,,1200,,,700,
2016/10/24,6.769,2.404,2.625,2.764,,800,,,700,
2016/10/25,6.7744,2.404,2.742,2.8267,,1750,,,1150,
2016/10/26,6.7705,2.409,2.7115,2.8141,,1250,,,1050,
2016/10/27,6.7736,2.411,2.9054,2.836,,1000,,,1150,
2016/10/28,6.7858,2.415,2.676,2.9263,,1150,,,950,
2016/10/31,6.7641,2.418,2.8098,2.9391,,1059,,,1000,
2016/11/1,6.7734,2.416,2.729,2.9824,,350,,,1000,
2016/11/2,6.7562,2.414,2.6099,2.9604,2.7,-350,,,800,
2016/11/3,6.7491,2.408,2.6323,2.8624,,-950,,,300,
2016/11/4,6.7514,2.405,2.6026,2.7111,,-1150,,,200,
2016/11/7,6.7725,2.399,2.5899,2.6033,,-1400,,,200,
2016/11/8,6.7817,2.392,2.605,2.4926,,-1450,,,200,
2016/11/9,6.7832,2.389,2.5592,2.4295,,-1350,,,200,
2016/11/10,6.7885,2.393,2.5569,2.4097,,-50,,,600,
2016/11/11,6.8115,2.402,2.5732,2.4387,,1250,,,1400,
2016/11/14,6.8291,2.407,2.6306,2.485,,900,,,1050,
2016/11/15,6.8495,2.415,2.5959,2.5288,,1050,,,1000,
2016/11/16,6.8592,2.428,2.7312,2.5962,,550,,,1100,
2016/11/17,6.8692,2.436,2.7785,2.686,,950,,,1400,
2016/11/18,6.8796,2.444,2.5529,2.735,,800,,,1250,
2016/11/21,6.8985,2.448,2.7209,2.7451,,400,,,1100,
2016/11/22,6.8779,2.45,2.6089,2.7544,,500,,,1000,
2016/11/23,6.8904,2.451,2.6187,2.7455,,500,,,1000,
2016/11/24,6.9085,2.452,2.7392,2.7128,,-850,,,600,
2016/11/25,6.9168,2.458,2.598,2.7303,,-150,,,1200,
2016/11/28,6.9042,2.466,2.6893,2.7699,,-200,,,1000,
2016/11/29,6.8889,2.481,2.8502,2.8142,,-100,,,900,
2016/11/30,6.8865,2.496,2.8942,2.892,,900,,,1400,
2016/12/1,6.8958,2.502,2.9428,3.0714,,50,,,1000,
2016/12/2,6.8794,2.501,2.6038,3.1499,,50,,,1600,
2016/12/5,6.887,2.497,2.6822,3.0866,,-600,,,700,
2016/12/6,6.8575,2.493,2.5985,2.9802,,-1200,,,300,
2016/12/7,6.8808,2.491,2.6776,2.8616,3.0643,-1500,,,300,
2016/12/8,6.8731,2.4908,2.6362,2.7003,,-750,,,500,
2016/12/9,6.8972,2.4928,2.6117,2.591,,-1300,,,500,
2016/12/12,6.9086,2.494,2.6344,2.5638,,0,,,800,
2016/12/13,6.8934,2.496,2.6786,2.5759,,0,,,500,
2016/12/14,6.9028,2.499,2.8382,2.5992,,600,,,900,
2016/12/15,6.9289,2.505,2.64,2.6833,,1450,,,1400,
2016/12/16,6.9508,2.519,2.939,2.8636,,450,,,1050,
2016/12/19,6.9312,2.525,2.7989,3.1065,,650,,,950,
2016/12/20,6.9468,2.5375,2.9698,3.3195,,1650,,,1550,
2016/12/21,6.9489,2.544,2.8648,3.486,,900,,,1100,
2016/12/22,6.9435,2.544,3.0358,3.5092,,600,,,1000,
2016/12/23,6.9463,2.543,2.7482,3.3514,,-50,,,900,
2016/12/26,6.9459,2.545,2.8964,3.1142,,-700,,,400,
2016/12/27,6.9462,2.547,2.8924,2.9498,,-1500,,,400,
2016/12/28,6.9495,2.545,2.8574,2.8942,,-600,,,700,
2016/12/29,6.9497,2.544,3.3562,3.1229,,-650,,,700,
2016/12/30,6.937,2.543,2.6805,3.2765,,1000,,,1600,
2016/12/31,,,2.7308,,,0,,,,
2017/1/3,6.9498,2.589,2.6713,3.3146,,-1550,,,200,
2017/1/4,6.9526,2.545,2.6394,3.2602,3.0956,-1400,,,100,
2017/1/5,6.9307,2.474,2.4985,3.0934,,-1400,,,100,
2017/1/6,6.8668,2.441,2.6577,2.8086,,-1600,,,100,
2017/1/9,6.9262,2.41,2.4989,2.6069,,700,,,100,
2017/1/10,6.9234,2.399,2.6152,2.491,,500,,,100,
2017/1/11,6.9235,2.39,2.6424,2.4236,,400,,,100,
2017/1/12,6.9141,2.394,2.5526,2.4145,,100,,,100,
2017/1/13,6.8909,2.398,2.5403,2.394,,-700,,,100,
2017/1/16,6.8874,2.4239,2.6204,2.388,,1650,,,400,
2017/1/17,6.8992,2.4666,2.6597,2.4381,,2700,,,1000,
2017/1/18,6.8525,2.5042,3.0223,2.5053,,4100,,,2000,
2017/1/19,6.8568,2.538,3.4368,2.748,,1900,,,1000,
2017/1/20,6.8693,2.593,2.8703,3.0046,,950,,,,
2017/1/22,,2.607,2.7747,3.0696,,600,,,,
2017/1/23,6.8572,2.637,2.8991,3.0239,,-100,,,,
2017/1/24,6.8331,2.662,3.0026,2.9977,,-900,,,,
2017/1/25,6.8596,2.684,2.7182,2.9045,,-1700,,,,
2017/1/26,6.8588,2.691,2.6758,2.7523,,-400,,,,
2017/2/3,6.8556,2.652,3.0037,2.7065,,-700,,,200,
2017/2/4,,2.648,2.6668,2.7233,,0,,,,
2017/2/6,6.8606,2.628,2.7591,2.6765,,-1500,,,,
2017/2/7,6.8604,2.6283,2.7299,2.6365,,-1200,,,,
2017/2/8,6.8849,2.633,2.8503,2.642,3.4,-1250,,,,
2017/2/9,6.871,2.634,2.8863,2.6734,,-1500,,,,
2017/2/10,6.8819,2.6233,2.9106,2.6742,,-800,,,,
2017/2/13,6.8898,2.623,2.8422,2.6792,,-900,,,200,
2017/2/14,6.8806,2.6208,2.7876,2.699,,-1000,,,300,
2017/2/15,6.8632,2.627,3.1765,2.7372,,-1400,,,500,
2017/2/16,6.8629,2.6435,2.9064,2.8311,,1000,,,800,
2017/2/17,6.8456,2.664,3.0587,2.9225,,800,,,500,
2017/2/20,6.8743,2.675,2.9406,3.0169,,1000,,,700,
2017/2/21,6.879,2.691,3.083,3.1362,,600,,,400,
2017/2/22,6.883,2.706,3.1024,3.3247,,550,,,500,
2017/2/23,6.8695,2.716,3.0733,3.4614,,-400,,,200,
2017/2/24,6.8655,2.725,3.0778,3.5217,,-200,,,100,
2017/2/27,6.8814,2.711,2.898,3.511,,-700,,,100,
2017/2/28,6.875,2.728,2.944,3.4249,,-500,,,100,
2017/3/1,6.8798,2.729,3.025,3.4524,3.2574,-400,,,100,
2017/3/2,6.8809,2.732,2.9675,3.369,,-700,,,100,
2017/3/3,6.8896,2.659,2.9393,3.2942,,-500,,,100,
2017/3/6,6.879,2.646,2.8759,3.1643,,-300,,,200,
2017/3/7,6.8957,2.644,3.063,3.0989,,-100,,,100,
2017/3/8,6.9032,2.655,3.0299,3.0236,,-200,,,100,
2017/3/9,6.9125,2.659,2.8661,2.969,,-300,,,,
2017/3/10,6.9123,2.655,2.8843,2.9181,,-200,,,,
2017/3/13,6.8988,2.649,2.9462,2.9009,,-500,,,100,
2017/3/14,6.9118,2.652,2.9803,2.8897,,-400,,,100,
2017/3/15,6.9115,2.656,2.8754,2.8423,,-100,,,100,
2017/3/16,6.8862,2.6938,3.241,2.843,,-200,,,200,
2017/3/17,6.8873,2.725,3.1874,3.0626,,0,,,200,
2017/3/20,6.8998,2.7471,3.3613,3.2279,,400,,,600,
2017/3/21,6.9071,2.768,3.7288,3.4448,,300,,,500,
2017/3/22,6.8889,2.791,3.5354,3.9072,,400,,,500,
2017/3/23,6.8856,2.807,3.8561,4.2081,,0,,,100,
2017/3/24,6.8845,2.784,3.2783,4.2242,,-300,,,,
2017/3/27,6.8701,2.7993,3.2409,4.073,,-800,,,,
2017/3/28,6.8782,2.791,3.1041,3.9481,,-700,,,,
2017/3/29,6.8915,2.81,3.2358,3.5825,,-700,,,,
2017/3/30,6.8889,2.821,3.4225,3.5799,,-400,,,,
2017/3/31,6.8993,2.85,3.4186,3.6441,,-300,,,,
2017/4/1,,2.778,2.9943,3.9382,,0,,,,
2017/4/5,6.8906,2.74,2.9375,3.7096,3.2733,-900,,,,
2017/4/6,6.893,2.7506,3.0341,3.6176,,-100,,,,
2017/4/7,6.8949,2.741,3.1914,3.438,,0,,,,
2017/4/10,6.9042,2.707,2.8708,3.2122,,-100,,,,
2017/4/11,6.8957,2.687,2.8704,2.924,,-200,,,,
2017/4/12,6.894,2.6631,2.8953,2.9174,,-400,,,,
2017/4/13,6.8651,2.6566,2.8731,2.8846,,700,,,700,
2017/4/14,6.874,2.674,2.9992,2.8213,,700,,,600,
2017/4/17,6.8785,2.69,3.1453,2.8147,,-200,,,,
2017/4/18,6.8849,2.7175,3.3239,2.9238,,700,,,400,
2017/4/19,6.8664,2.752,3.2059,3.0501,,600,,,400,
2017/4/20,6.8792,2.758,3.3888,3.1615,,200,,,700,
2017/4/21,6.8823,2.76,3.2785,3.3123,,400,,,600,
2017/4/24,6.8673,2.79,3.2657,3.4346,,300,,,100,
2017/4/25,6.8833,2.814,3.3797,3.4922,,400,,,400,
2017/4/26,6.8845,2.8203,3.3511,3.5951,,400,,,400,
2017/4/27,6.8896,2.8449,3.8357,3.7161,,-400,,,300,
2017/4/28,6.8931,2.8699,3.5646,3.8941,,0,,,400,
2017/5/2,6.8956,2.873,3.4656,4.0162,,-700,,,,
2017/5/3,6.8892,2.913,3.4707,3.9823,3.52,1400,,,1700,
2017/5/4,6.8957,2.927,3.3921,3.9837,,0,,,300,
2017/5/5,6.8884,2.9186,3.288,3.944,,-600,,,,
2017/5/8,6.8947,2.9091,3.0885,3.7193,,-100,,,,
2017/5/9,6.9037,2.9233,3.2563,3.5207,,-200,,,,
2017/5/10,6.9066,2.93,3.1418,3.4389,,-800,,,900,
2017/5/11,6.9051,2.9294,3.1958,3.3186,,200,,,600,
2017/5/12,6.8948,2.9107,3.2152,3.2217,,-300,,,,
2017/5/15,6.8852,2.8833,3.1542,3.1931,,0,,,,
2017/5/16,6.879,2.8827,3.2193,3.1731,,1700,,,1500,
2017/5/17,6.8635,2.882,3.1507,3.1666,,100,,,1100,
2017/5/18,6.8612,2.8867,3.24,3.1656,,0,,,500,
2017/5/19,6.8786,2.88,3.2242,3.1749,,-200,,,,
2017/5/22,6.8673,2.8679,3.1675,3.1533,,300,,,100,
2017/5/23,6.8661,2.8571,3.3426,3.121,,-300,,,800,
2017/5/24,6.8758,2.8426,3.1715,3.072,,-500,,,400,
2017/5/25,6.8695,2.843,3.3631,3.029,,0,,,600,
2017/5/26,6.8698,2.853,3.1707,3.0996,,200,,,200,
2017/5/27,,2.854,3.0846,3.1765,,0,,,,
2017/5/31,6.8633,2.856,3.2231,3.1523,,0,,,1800,
2017/6/1,6.809,2.866,3.1842,3.1713,,0,,,700,
2017/6/2,6.807,2.884,3.2644,3.2299,,300,,,300,
2017/6/5,6.7935,2.894,3.2243,3.2458,,400,,,400,
2017/6/6,6.7934,2.8959,3.3017,3.2587,,-600,,,,
2017/6/7,6.7858,2.8919,3.4311,3.3436,3.6985,-600,,,400,
2017/6/8,6.793,2.8939,3.2928,3.3769,,600,,,300,
2017/6/9,6.7971,2.8949,3.3577,3.3791,,100,,,200,
2017/6/12,6.7948,2.8968,3.4132,3.3316,,0,,,100,
2017/6/13,6.7954,2.9,3.3176,3.3138,,500,,,100,
2017/6/14,6.7939,2.9026,3.3361,3.2862,,200,,,300,
2017/6/15,6.7852,2.9047,3.2176,3.2722,,900,,,500,
2017/6/16,6.7995,2.914,3.4424,3.2783,,2500,,,300,
2017/6/19,6.7972,2.9204,3.2603,3.3138,,1100,,,500,
2017/6/20,6.8096,2.93,3.3254,3.3537,,0,,,100,
2017/6/21,6.8193,2.9429,3.2206,3.4061,,-400,,,400,
2017/6/22,6.8197,2.9432,3.3758,3.4536,,-800,,,200,
2017/6/23,6.8238,2.936,3.6457,3.4442,,-500,,,,
2017/6/26,6.822,2.9063,3.3234,3.3613,,-500,,,,
2017/6/27,6.8292,2.8834,3.3356,3.4131,,-100,,,,
2017/6/28,6.8053,2.8577,3.203,3.4662,,-500,,,,
2017/6/29,6.794,2.8507,3.184,3.5516,,-600,,,,
2017/6/30,6.7744,2.8455,3.5883,3.6344,,-1600,,,,
2017/7/3,6.7772,2.841,3.1993,3.7954,,-700,,,,
2017/7/4,6.7889,2.8299,3.2308,3.6822,,0,,,,
2017/7/5,6.7922,2.8028,3.2028,3.5319,3.5661,-900,,,,
2017/7/6,6.7953,2.7919,3.1124,3.3473,,-700,,,,
2017/7/7,6.7914,2.7858,3.0184,3.183,,-200,,,,
2017/7/10,6.7964,2.784,3.1352,2.9869,,-300,,,,
2017/7/11,6.7983,2.812,3.2269,2.9214,,0,,,300,
2017/7/12,6.7868,2.8156,3.2215,2.9248,,200,,,400,
2017/7/13,6.7802,2.8184,3.1267,2.9627,,-600,,,,
2017/7/14,6.7774,2.803,3.1362,3.0033,,0,,,1000,
2017/7/17,6.7562,2.8057,3.0919,3.0101,,1400,,,1300,
2017/7/18,6.7611,2.8293,3.5081,3.0428,,1700,,,1300,
2017/7/19,6.7451,2.842,3.4354,3.1629,,1000,,,1000,
2017/7/20,6.7464,2.853,3.2958,3.3684,,600,,,400,
2017/7/21,6.7415,2.847,3.3356,3.4621,,400,,,1000,
2017/7/24,6.741,2.845,3.2187,3.5345,,2200,,,2000,
2017/7/25,6.7485,2.849,3.4184,3.5501,,0,,,1000,
2017/7/26,6.7529,2.849,3.2718,3.5637,,0,,,800,
2017/7/27,6.7307,2.8626,3.4507,3.5372,,200,,,600,
2017/7/28,6.7373,2.877,3.4212,3.5892,,400,,,1000,
2017/7/31,6.7283,2.882,3.5008,3.6279,,0,,,1600,
2017/8/1,6.7148,2.886,3.5961,3.6998,,0,,,1000,
2017/8/2,6.7205,2.892,3.3252,3.7094,3.59,0,,,900,
2017/8/3,6.7211,2.884,3.1839,3.6546,,-200,,,600,
2017/8/4,6.7132,2.8657,3.2004,3.5258,,-200,,,900,
2017/8/7,6.7228,2.865,3.249,3.3854,,-600,,,1300,
2017/8/8,6.7184,2.871,3.3734,3.2561,,0,,,700,
2017/8/9,6.7075,2.8821,3.2484,3.2025,,0,,,700,
2017/8/10,6.677,2.8767,3.2052,3.1723,,300,,,500,
2017/8/11,6.6642,2.8725,3.3767,3.1697,,0,,,700,
2017/8/14,6.6601,2.868,3.2911,3.1632,,0,,,1100,
2017/8/15,6.6689,2.874,3.4044,3.197,,-1400,,,,
2017/8/16,6.6779,2.88,3.3709,3.2457,,1800,,,1500,
2017/8/17,6.6709,2.8927,3.466,3.4116,,500,,,600,
2017/8/18,6.6744,2.894,3.633,3.5893,,200,,,700,
2017/8/21,6.6709,2.897,3.4731,3.6456,,-500,,,1000,
2017/8/22,6.6597,2.8985,3.4663,3.6828,,-100,,,400,
2017/8/23,6.6633,2.9028,3.5276,3.7449,,-400,,,1000,
2017/8/24,6.6525,2.904,3.5001,3.7293,,-1000,,,,
2017/8/25,6.6579,2.9098,3.536,3.6589,,-1300,,,,
2017/8/28,6.6353,2.9064,3.4231,3.658,,-1000,,,600,
2017/8/29,6.6293,2.921,3.5581,3.6574,3.62,100,,,500,
2017/8/30,6.6102,2.9266,3.7198,3.6832,,-1000,,,800,
2017/8/31,6.601,2.8879,3.5382,3.7922,,-400,,,,
2017/9/1,6.5909,2.8764,3.5658,3.8801,,-500,,,,
2017/9/4,6.5668,2.8572,3.3566,3.7946,,-1400,,,,
2017/9/5,6.537,2.8202,3.2135,3.6906,,-700,,,,
2017/9/6,6.5311,2.8092,3.1932,3.5326,3.6341,-1200,,,200,
2017/9/7,6.5269,2.8056,3.2072,3.3383,,0,,,,
2017/9/8,6.5032,2.8023,3.3159,3.1848,,0,,,,
2017/9/11,6.4997,2.8014,3.2827,3.1479,,-400,,,,
2017/9/12,6.5277,2.8036,3.2705,3.1335,,0,,,,
2017/9/13,6.5382,2.8056,3.3474,3.1783,,0,,,300,
2017/9/14,6.5465,2.8239,3.3893,3.2513,,1000,,,600,
2017/9/15,6.5423,2.832,3.4311,3.3085,,2000,,,1200,
2017/9/18,6.5419,2.844,3.4829,3.3963,,3000,,,2800,
2017/9/19,6.553,2.868,3.6863,3.4987,,1500,,,1300,
2017/9/20,6.567,2.869,3.558,3.6195,,0,,,200,
2017/9/21,6.5867,2.869,3.6297,3.6907,,0,,,400,
2017/9/22,6.5861,2.858,3.6014,3.7221,,0,,,1000,
2017/9/25,6.5945,2.8987,3.7055,3.6816,,-800,,,,
2017/9/26,6.6076,2.9291,4.114,3.6214,,-800,,,,
2017/9/27,6.6192,2.9494,3.8261,3.5786,,-400,,,,
2017/9/28,6.6285,2.9675,4.1776,3.5568,,0,,,,
2017/9/29,6.6369,2.9639,3.7493,3.554,,-1600,,,,
2017/9/30,,2.9671,3.1138,3.6656,,0,,,,
2017/10/9,6.6493,2.9201,3.3906,3.5853,,-1800,,,,
2017/10/10,6.6273,2.939,3.7252,3.5593,,0,,,400,
2017/10/11,6.5841,2.9247,3.5077,3.6154,3.6267,0,,,200,
2017/10/12,6.5808,2.886,3.1779,3.5417,,-400,,,200,
2017/10/13,6.5866,2.8516,3.1701,3.3809,,-200,,,,
2017/10/16,6.5839,2.848,3.3466,3.3225,,0,,,200,
2017/10/17,6.5883,2.8483,3.2563,3.2451,,1300,,,1000,
2017/10/18,6.5991,2.8468,3.3078,3.1497,,2700,,,1600,
2017/10/19,6.6093,2.8405,3.2202,3.1332,,1000,,,800,
2017/10/20,6.6092,2.8379,3.2087,3.1185,,600,,,500,
2017/10/23,6.6205,2.8341,3.288,3.0991,,1400,,,1100,
2017/10/24,6.6268,2.8343,3.3553,3.0704,,1400,,,1300,
2017/10/25,6.6322,2.8594,3.4765,3.0681,,0,,,1000,
2017/10/26,6.6288,2.8699,3.3183,3.1712,,200,,,800,
2017/10/27,6.6473,2.8788,3.4248,3.3223,,900,,,600,
2017/10/30,6.6487,2.888,3.3362,3.4375,,400,,,700,
2017/10/31,6.6397,2.894,3.5961,3.5958,,800,,,1400,
2017/11/1,6.63,2.894,3.6047,3.7402,3.82,0,,,1400,
2017/11/2,6.6196,2.859,3.2531,3.7184,,-1400,,,,
2017/11/3,6.6072,2.8249,3.2074,3.5645,,-900,,,,
2017/11/6,6.6247,2.797,3.148,3.4015,,-1600,,,,
2017/11/7,6.6216,2.7878,3.0833,3.2245,,-800,,,800,
2017/11/8,6.6277,2.7892,3.3796,3.0707,,-400,,,700,
2017/11/9,6.6325,2.811,3.3072,3.0009,,0,,,200,
2017/11/10,6.6282,2.8455,3.4212,3.0416,,500,,,400,
2017/11/13,6.6347,2.8592,3.3596,3.1456,,1500,,,800,
2017/11/14,6.6399,2.8765,3.4164,3.2481,,1400,,,1300,
2017/11/15,6.6263,2.886,3.7868,3.3596,,2200,,,1600,
2017/11/16,6.6286,2.886,3.5345,3.4871,,3100,,,1600,
2017/11/17,6.6277,2.865,3.5326,3.5248,,-100,,,100,
2017/11/20,6.6271,2.859,3.3386,3.4805,,200,,,700,
2017/11/21,6.6356,2.861,3.5001,3.456,,100,,,1300,
2017/11/22,6.629,2.868,3.8183,3.4905,,0,,,1000,
2017/11/23,6.6021,2.871,3.6081,3.5411,,1000,,,1400,
2017/11/24,6.581,2.873,3.416,3.5933,,200,,,300,
2017/11/27,6.5874,2.883,3.4303,3.6968,,0,,,700,
2017/11/28,6.5944,2.883,3.4719,3.7491,,0,,,1300,
2017/11/29,6.6011,2.877,3.4951,3.8307,,0,,,1600,
2017/11/30,6.6034,2.898,3.5467,3.8311,,0,,,1500,
2017/12/1,6.6067,2.851,3.5101,3.8057,,-400,,,,
2017/12/4,6.6105,2.816,3.1276,3.6323,,-900,,,,
2017/12/5,6.6113,2.799,3.1428,3.4641,,-1700,,,,
2017/12/6,6.6163,2.787,3.2053,3.2772,3.8396,-2400,,,,
2017/12/7,6.6195,2.791,3.166,3.1406,,0,,,1200,
2017/12/8,6.6218,2.799,3.3649,3.0494,,-100,,,,
2017/12/11,6.6152,2.818,3.1765,3.0535,,200,,,400,
2017/12/12,6.6162,2.83,3.3982,3.1103,,400,,,800,
2017/12/13,6.6251,2.851,3.6103,3.2126,,600,,,700,
2017/12/14,6.6033,2.868,3.3863,3.3328,,-1900,,,300,
2017/12/15,6.6113,2.871,3.4424,3.4106,,1500,,,800,
2017/12/18,6.6162,2.871,3.3419,3.4402,,2600,,,1200,
2017/12/19,6.6098,2.873,3.3449,3.4616,,200,,,500,
2017/12/20,6.6066,2.874,3.3132,3.4657,,100,,,400,
2017/12/21,6.5795,2.871,3.0704,3.4184,,-100,,,300,
2017/12/22,6.5821,2.867,3.5293,3.3467,,-800,,,,
2017/12/25,6.5683,2.881,3.0849,3.267,,-1200,,,,
2017/12/26,6.5416,2.892,3.7908,3.304,,-500,,,,
2017/12/27,6.5421,2.905,3.9573,3.5753,,-400,,,,
2017/12/28,6.5412,2.925,4.9733,3.9626,,-300,,,,
2017/12/29,6.5342,2.954,4.0539,4.7694,,-500,,,,
2017/12/30,,,,,,0,,,,
2017/12/31,,,,,,0,,,,
2018/1/2,6.5079,2.839,3.2536,5.2286,,-2900,,,,
2018/1/3,6.492,2.785,3.2495,4.9651,,-900,,,,
2018/1/4,6.5043,2.76,3.2753,4.5499,,-1300,,,,
2018/1/5,6.4915,2.745,2.8376,4.0841,,0,,,,
2018/1/8,6.4832,2.737,2.7829,3.3795,,-400,,,,
2018/1/9,6.4968,2.744,3.0686,2.9128,,-1300,,,,
2018/1/10,6.5207,2.776,3.0701,2.891,3.8499,0,,,600,
2018/1/11,6.5147,2.832,3.4289,2.929,,300,,,300,
2018/1/12,6.4932,2.864,3.334,3.0477,,1800,,,1400,
2018/1/15,6.4574,2.86,2.9916,3.1623,,500,,,800,
2018/1/16,6.4372,2.879,3.2899,3.2817,,2700,,,1600,
2018/1/17,6.4335,2.878,3.7466,3.3584,,1000,,,1000,
2018/1/18,6.4401,2.878,3.504,3.4697,,900,,,800,
2018/1/19,6.4169,2.891,3.4187,3.5581,,800,,,1300,
2018/1/22,6.4112,2.889,3.319,3.5352,,200,,,600,
2018/1/23,6.4009,2.863,3.2264,3.4762,,0,,,800,
2018/1/24,6.3916,2.832,3.201,3.3999,,500,,,1100,
2018/1/25,6.3724,2.8498,3.1727,3.2796,,-1200,,,,
2018/1/26,6.3436,2.842,3.2804,3.2233,,-2700,,,,
2018/1/29,6.3267,2.842,3.2414,3.2299,,-1400,,,,
2018/1/30,6.3312,2.838,3.1058,3.2416,,-2400,,,,
2018/1/31,6.3339,2.8298,3.1048,3.266,3.85,-2100,,,,
2018/2/1,6.3045,2.7925,3.1907,3.2741,,-800,,,,
2018/2/2,6.2885,2.788,3.1959,3.1734,,-900,,,,
2018/2/5,6.3019,2.7758,3.1363,3.0792,,-400,,,,
2018/2/6,6.3072,2.7706,3.1008,2.9935,,-800,,,,
2018/2/7,6.2882,2.771,3.0135,2.9277,,-1000,,,,
2018/2/8,6.2822,2.904,3.8302,2.8711,,0,,,,
2018/2/9,6.3194,2.918,3.2917,2.9121,,0,,,,
2018/2/11,,2.917,3.3382,2.9414,,0,,,,
2018/2/12,6.3001,2.918,4.0267,2.9472,,0,,,,
2018/2/13,6.3247,2.928,4.0532,3.0042,,0,,,,
2018/2/14,6.3428,2.91,2.9939,3.0751,,0,,,,
2018/2/22,6.353,2.891,3.4359,3.0297,,3500,,,1600,
2018/2/23,6.3482,2.881,3.1032,3.0879,,2300,,,1100,
2018/2/24,,2.876,3.0728,3.1298,,0,,,,
2018/2/26,6.3378,2.87,3.087,3.07,,1500,,,1000,
2018/2/27,6.3146,2.861,3.2338,3.1102,,0,,,,
2018/2/28,6.3294,2.906,3.4236,3.2111,,0,,,,
2018/3/1,6.3352,2.896,3.6745,3.2761,,-100,,,1000,
2018/3/2,6.3334,2.897,3.3716,3.2797,,-200,,,400,
2018/3/5,6.3431,2.894,3.3955,3.3326,,-1000,,,,
2018/3/6,6.3386,2.886,3.3587,3.3242,,0,,,,
2018/3/7,6.3294,2.873,3.315,3.2836,,0,,,,
2018/3/8,6.3239,2.862,3.245,3.1959,,-1000,,,,
2018/3/9,6.3451,2.857,3.1314,3.1448,,-400,,,,
2018/3/12,6.3333,2.858,3.1683,3.0818,,900,,,500,
2018/3/13,6.3218,2.87,3.498,3.0419,,600,,,300,
2018/3/14,6.3205,2.869,3.3666,3.0775,,500,,,300,
2018/3/15,6.3141,2.866,3.4174,3.0991,,400,,,200,
2018/3/16,6.334,2.865,3.2295,3.1255,,0,,,,
2018/3/19,6.332,2.863,3.2927,3.1213,,0,,,300,
2018/3/20,6.3246,2.861,3.3734,3.1162,,-400,,,,
2018/3/21,6.3396,2.858,3.375,3.1012,3.7054,-400,,,,
2018/3/22,6.3167,2.8538,3.4494,3.084,,-1500,,,100,
2018/3/23,6.3272,2.8464,3.2399,3.0579,,-900,,,,
2018/3/26,6.3193,2.862,3.3258,3.0482,,-700,,,,
2018/3/27,6.2816,2.874,3.5388,3.1717,,-100,,,,
2018/3/28,6.2785,2.889,3.5814,3.273,,-100,,,,
2018/3/29,6.3046,2.8958,3.4428,3.4798,,-400,,,,
2018/3/30,6.2881,2.9166,3.9655,3.6763,,-300,,,,
2018/4/2,6.2764,2.883,3.3693,3.8981,,-200,,,,
2018/4/3,6.2833,2.87,3.2473,3.7358,,0,,,,
2018/4/4,6.2926,2.83,3.128,3.5828,,0,,,,
2018/4/8,,2.812,3.4227,3.3333,,100,,,100,
2018/4/9,6.3114,2.806,3.3037,3.0899,,-300,,,100,
2018/4/10,6.3071,2.807,2.9821,2.8678,,-300,,,,
2018/4/11,6.2911,2.804,3.2613,2.8473,,-200,,,,
2018/4/12,6.2834,2.8,3.2472,2.8364,,-200,,,,
2018/4/13,6.2898,2.798,3.3034,2.8376,,0,,,,
2018/4/16,6.2884,2.802,3.4069,2.8403,,1300,,,800,
2018/4/17,6.2771,2.843,3.3035,2.8714,,0,16,,,
2018/4/18,6.2817,2.858,3.7244,2.9899,,1500,,,1500,
2018/4/19,6.2832,2.884,3.7854,3.1346,,1900,,,1900,
2018/4/20,6.2897,2.893,4.4733,3.5302,,0,,,,
2018/4/23,6.3034,2.9,4.1721,3.8923,,0,,,800,
2018/4/24,6.3229,2.907,4.6527,4.2462,,300,,,300,
2018/4/25,6.3066,2.911,4.1904,4.8293,3.5509,-1500,,16,,
2018/4/26,6.3283,2.925,4.6346,5.0049,,-1500,,,1000,
2018/4/27,6.3393,2.978,4.243,4.9802,,0,,,400,
2018/4/28,,2.972,3.1213,4.9803,,0,,,,
2018/5/2,6.367,2.892,3.6977,4.5379,,0,,,2000,
2018/5/3,6.3732,2.852,3.2863,4.0301,,-700,,,500,
2018/5/4,6.3521,2.806,3.1748,3.7003,,-400,,,200,
2018/5/7,6.3584,2.768,3.3526,3.3579,,0,,,,
2018/5/8,6.3674,2.751,3.0671,3.0418,,0,,,,
2018/5/9,6.3733,2.734,3.2356,2.9859,,-1000,,,600,
2018/5/10,6.3768,2.723,3.0084,2.8987,,-200,,,200,
2018/5/11,6.3524,2.713,3.0579,2.8462,,-200,,,,
2018/5/14,6.3345,2.738,3.1412,2.8318,,0,,,,
2018/5/15,6.3486,2.773,3.2769,2.8398,,1800,,,1000,
2018/5/16,6.3745,2.835,3.7208,2.931,3.69,2000,,,1400,
2018/5/17,6.3679,2.803,3.2255,3.066,,300,,,300,
2018/5/18,6.3763,2.768,3.0889,3.0849,,0,,,,
2018/5/21,6.3852,2.756,3.0422,3.0597,,0,,,,
2018/5/22,6.3799,2.755,3.0746,3.0298,,0,,,500,
2018/5/23,6.3773,2.752,3.2425,2.9528,,-300,,,800,
2018/5/24,6.3816,2.751,3.2472,2.8654,,0,,,200,
2018/5/25,6.3867,2.794,3.3782,2.8446,,0,,,,
2018/5/28,6.3962,2.806,3.6697,3.024,,300,,,200,
2018/5/29,6.4021,2.848,3.4934,3.2133,,500,,,1000,
2018/5/30,6.4207,2.895,3.7594,3.4595,,700,,,1100,
2018/5/31,6.4144,2.898,3.6977,3.7857,,1800,,,900,
2018/6/1,6.4078,2.897,3.4065,3.9608,,800,,,400,
2018/6/4,6.4208,2.818,3.375,3.851,,200,,,200,
2018/6/5,6.4157,2.802,3.1771,3.683,,-300,,,700,
2018/6/6,6.404,2.792,3.4369,3.4594,,-1800,,,,
2018/6/7,6.3919,2.783,3.2158,3.1992,,-700,,,200,
2018/6/8,6.4003,2.772,3.2078,3.0234,,-400,,,,
2018/6/11,6.4064,2.776,3.2753,2.9499,,-200,,,,
2018/6/12,6.4121,2.789,3.2296,2.9176,,300,,,500,
2018/6/13,6.4156,2.8,3.5065,2.9461,,700,,,600,
2018/6/14,6.3962,2.809,3.3441,3.0017,,700,,,700,
2018/6/15,6.4306,2.81,3.4454,3.0562,,900,,,500,
2018/6/19,6.4235,2.809,3.4602,3.076,,500,,,700,
2018/6/20,6.4586,2.822,3.455,3.1024,3.548,400,,,700,
2018/6/21,6.4706,2.825,3.4179,3.1323,,300,,,600,
2018/6/22,6.4804,2.819,3.4157,3.1145,,200,,,400,
2018/6/24,,,,,,,15.5,,,
2018/6/25,6.4893,2.826,3.5586,3.0569,,-100,,,,
2018/6/26,6.518,2.831,4.1731,3.2947,,-900,,,800,
2018/6/27,6.5569,2.834,3.7205,3.6239,,-1500,,,600,
2018/6/28,6.596,2.841,3.8775,3.8579,,-1000,,,800,
2018/6/29,6.6166,2.862,3.905,4.1427,,-200,,,800,
2018/7/2,6.6157,2.78,3.3873,4.1823,,-200,,,,
2018/7/3,6.6497,2.719,3.191,3.8767,,-1500,,,,
2018/7/4,6.6595,2.662,3.2814,3.5164,,-800,,,100,
2018/7/5,6.618,2.605,3.1677,3.2022,,-1400,,15.5,,
2018/7/6,6.6336,2.588,2.8849,2.8334,,-1100,,,,
2018/7/9,6.6393,2.602,3.3564,2.6507,,0,,,,
2018/7/10,6.6259,2.657,3.1459,2.6169,,-300,,,,
2018/7/11,6.6234,2.679,3.3106,2.6216,,-400,,,,
2018/7/12,6.6726,2.686,3.1869,2.6398,,0,,,300,
2018/7/13,6.6727,2.686,3.2517,2.6606,,-200,,,,
2018/7/16,6.6758,2.699,3.4203,2.6927,,3000,,,1700,
2018/7/17,6.6821,2.703,3.1926,2.7381,,900,,,700,
2018/7/18,6.6914,2.702,3.1559,2.7711,3.4338,800,,,600,
2018/7/19,6.7066,2.683,3.4044,2.7855,,700,,,700,
2018/7/20,6.7671,2.675,3.2028,2.7783,,0,,,,
2018/7/23,6.7593,2.658,3.3071,2.7581,,-1700,,,,
2018/7/24,6.7891,2.655,3.179,2.7316,,-700,,,,
2018/7/25,6.804,2.667,3.0279,2.703,,-600,,,,
2018/7/26,6.7662,2.66,3.0276,2.7346,,-700,,,,
2018/7/27,6.7942,2.654,3.0374,2.769,,0,,,,
2018/7/30,6.8131,2.651,3.057,2.7938,,-1300,,,,
2018/7/31,6.8165,2.648,3.4991,2.8022,,-300,,,,
2018/8/1,6.8293,2.622,3.1186,2.805,,-200,,,,
2018/8/2,6.7942,2.584,2.9461,2.7504,,-300,,,,
2018/8/3,6.8322,2.525,3.0291,2.656,,0,,,,
2018/8/6,6.8513,2.469,2.9245,2.5558,,0,,,,
2018/8/7,6.8431,2.386,3.1292,2.4727,,0,,,,
2018/8/8,6.8313,2.345,2.9888,2.3942,,0,,,,
2018/8/9,6.8317,2.45,2.612,2.3449,,0,,,,
2018/8/10,6.8395,2.426,2.9272,2.3136,,0,,,,
2018/8/13,6.8629,2.491,2.7765,2.2961,,0,,,,
2018/8/14,6.8695,2.589,3.137,2.3044,,0,,,,
2018/8/15,6.8856,2.612,3.0228,2.3673,3.54,0,,,,
2018/8/16,6.8946,2.637,2.8532,2.434,,400,,,400,
2018/8/17,6.8894,2.65,3.21,2.4863,,900,,,900,
2018/8/20,6.8718,2.674,3.0086,2.5724,,1200,,,1200,
2018/8/21,6.836,2.681,3.2596,2.6568,,500,,,500,
2018/8/22,6.8271,2.662,3.2203,2.7039,,0,,,,
2018/8/23,6.8367,2.649,3.082,2.7215,,-400,,,,
2018/8/24,6.871,2.612,3.3963,2.7128,,-900,,,,
2018/8/27,6.8508,2.642,2.8934,2.6803,,-1200,,,,
2018/8/28,6.8052,2.647,3.0461,2.6792,,-500,,,,
2018/8/29,6.8072,2.646,2.9695,2.6785,,0,,,,
2018/8/30,6.8113,2.64,3.2288,2.6915,,0,,,,
2018/8/31,6.8246,2.633,3.7144,2.7141,,0,,,,
2018/9/3,6.8347,2.621,3.1156,2.7158,,0,,,,
2018/9/4,6.8183,2.6,3.1326,2.6755,,0,,,,
2018/9/5,6.8266,2.552,3.1282,2.615,,0,,,,
2018/9/6,6.8217,2.633,3.2551,2.5475,,0,,,,
2018/9/7,6.8212,2.673,3.3989,2.522,,0,,,,
2018/9/10,6.8389,2.679,3.4347,2.5585,,0,,,,
2018/9/11,6.8488,2.686,3.2063,2.5987,,0,,,,
2018/9/12,6.8546,2.675,3.2732,2.66,,600,,,600,
2018/9/13,6.8488,2.663,3.2112,2.7066,,1200,,,1000,
2018/9/14,6.8362,2.645,3.2255,2.7114,,1500,,,1100,
2018/9/17,6.8509,2.639,3.737,2.6783,,0,,,,
2018/9/18,6.8554,2.685,3.2108,2.6573,,2000,,,1500,
2018/9/19,6.8569,2.668,3.2698,2.6836,3.6403,0,,,400,
2018/9/20,6.853,2.659,3.1665,2.6906,,-300,,,400,
2018/9/21,6.8357,2.654,3.258,2.6986,,-1100,,,,
2018/9/25,6.844,2.692,3.5151,2.7034,,-900,,,,
2018/9/26,6.8571,2.711,3.3876,2.7425,,-400,,,,
2018/9/27,6.8642,2.722,3.6715,2.7768,,-600,,,,
2018/9/28,6.8792,2.73,3.7894,2.8708,,-400,,,,
2018/9/29,,2.783,4.0324,2.9346,,0,,,,
2018/9/30,,2.766,3.1014,2.9542,,0,,,,
2018/10/7,,,,,,,14.5,,,
2018/10/8,6.8957,2.657,3.9271,2.9981,,-1000,,,,
2018/10/9,6.9019,2.633,2.8585,2.9366,,-600,,,,
2018/10/10,6.9072,2.618,3.0781,2.8424,,0,,,,
2018/10/11,6.9098,2.611,3.2673,2.7717,,0,,,,
2018/10/12,6.912,2.615,3.0241,2.7271,,0,,,,
2018/10/15,6.9154,2.612,3.505,2.651,,0,,14.5,,
2018/10/16,6.9119,2.603,2.9372,2.6324,,0,,,,
2018/10/17,6.9103,2.604,2.9974,2.6221,,0,,,,
2018/10/18,6.9275,2.611,2.9931,2.6145,,0,,,,
2018/10/19,6.9387,2.622,3.1636,2.6093,,300,,,300,
2018/10/22,6.9236,2.632,3.5447,2.6092,,1200,,,1200,
2018/10/23,6.9338,2.635,3.0282,2.6161,,1200,,,1200,
2018/10/24,6.9357,2.631,3.0988,2.6224,3.5017,1500,,,1500,
2018/10/25,6.9409,2.63,3.0594,2.6221,,1000,,,1000,
2018/10/26,6.951,2.618,3.1142,2.6478,,-300,,,,
2018/10/29,6.9377,2.609,3.31,2.6553,,-1200,,,,
2018/10/30,6.9574,2.598,2.9685,2.6571,,-1200,,,,
2018/10/31,6.9646,2.715,3.2124,2.6501,,-1500,,,,
2018/11/1,6.967,2.673,3.4099,2.7152,,-1000,,,,
2018/11/2,6.9371,2.649,3.3985,2.7127,,0,,,,
2018/11/5,6.8976,2.638,3.4081,2.6976,,0,,,,
2018/11/6,6.9075,2.613,2.9198,2.6869,,0,,,,
2018/11/7,6.9065,2.595,3.167,2.6729,,0,,,,
2018/11/8,6.9163,2.6,3.3489,2.6136,,0,,,,
2018/11/9,6.9329,2.599,3.1689,2.5831,,0,,,,
2018/11/12,6.9476,2.624,3.4438,2.5626,,0,,,,
2018/11/13,6.9629,2.633,2.9187,2.5685,,0,,,,
2018/11/14,6.9402,2.632,3.125,2.5962,,0,,,,
2018/11/15,6.9392,2.629,3.2111,2.6092,,0,,,,
2018/11/16,6.9377,2.629,3.0453,2.6153,,0,,,,
2018/11/19,6.9245,2.643,3.3699,2.6307,,0,,,,
2018/11/20,6.928,2.665,2.9629,2.6448,,0,,,,
2018/11/21,6.9449,2.656,3.0163,2.6837,3.25,0,,,,
2018/11/22,6.9391,2.642,3.335,2.7085,,0,,,,
2018/11/23,6.9306,2.628,3.3298,2.7162,,0,,,,
2018/11/26,6.9453,2.644,3.2477,2.6987,,0,,,,
2018/11/27,6.9463,2.643,2.9434,2.726,,0,,,,
2018/11/28,6.95,2.65,3.017,2.7375,,0,,,,
2018/11/29,6.9353,2.65,3.1328,2.7651,,0,,,,
2018/11/30,6.9357,2.669,3.4506,2.8027,,0,,,,
2018/12/3,6.9431,2.618,3.507,2.8587,,0,,,,
2018/12/4,6.8939,2.621,3.069,2.8151,,0,,,,
2018/12/5,6.8476,2.581,3.1366,2.7624,,0,,,,
2018/12/6,6.8599,2.6,3.1903,2.6979,,0,,,,
2018/12/7,6.8664,2.611,3.3033,2.64,,0,,,,
2018/12/10,6.8693,2.615,3.35,2.588,,0,,,,
2018/12/11,6.8996,2.624,3.1338,2.5822,,0,,,,
2018/12/12,6.9064,2.626,3.1448,2.5858,,0,,,,
2018/12/13,6.8769,2.636,3.0027,2.5981,,0,,,,
2018/12/14,6.875,2.683,3.3845,2.6181,,0,,,,
2018/12/17,6.8908,2.697,3.5402,2.6885,,1600,,,1600,
2018/12/18,6.8854,2.694,3.4924,2.7508,,1800,,,1400,
2018/12/19,6.8869,2.69,3.2958,2.8446,3.2875,600,,,400,
2018/12/20,6.8936,2.676,3.2528,2.9156,,1500,,,1200,
2018/12/21,6.8825,2.649,3.2141,2.9277,,500,,,300,
2018/12/24,6.9006,2.659,3.9299,2.8689,,-1400,,,,
2018/12/25,6.8919,2.653,3.7489,2.8983,,-900,,,300,
2018/12/26,6.8845,2.672,4.3762,2.9981,,-100,,,200,
2018/12/27,6.8894,2.695,4.1876,3.4403,,300,,,1200,
2018/12/28,6.8632,2.721,3.9596,4.1311,,2200,,,1500,
2018/12/29,,2.903,3.5033,4.5122,,2300,,,1500,
2018/12/30,,,,4.3904,,0,,,,
2018/12/31,,,,,,0,,,,
2019/1/2,6.8482,2.634,3.6295,,,-700,,,300,
2019/1/3,6.8631,2.547,2.9598,4.0976,,-900,,,400,
2019/1/4,6.8586,2.563,3.1688,3.5984,,-1600,14,,100,
2019/1/7,6.8517,2.475,2.9883,2.9749,,-1700,,,,
2019/1/8,6.8402,2.372,2.7452,2.5525,,-200,,,,
2019/1/9,6.8526,2.475,3.1206,2.4107,,-400,,,,
2019/1/10,6.816,2.587,2.9181,2.3803,,-700,,,,
2019/1/11,6.7909,2.555,3.3417,2.4075,,-1100,,,,
2019/1/14,6.756,2.629,3.0417,2.4353,,200,,,800,
2019/1/15,6.7542,2.652,3.1108,2.4945,,1800,,14,800,
2019/1/16,6.7615,2.64,3.3835,2.5946,3.0328,5600,,,3500,
2019/1/17,6.7592,2.611,3.0919,2.6472,,3800,,,2500,
2019/1/18,6.7665,2.618,3.0363,2.6401,,200,,,100,
2019/1/21,6.7774,2.594,2.8788,2.6339,,-800,,,,
2019/1/22,6.7854,2.578,3.0242,2.6169,,-800,,,,
2019/1/23,6.7969,2.584,3.3875,2.5808,,-3500,,,,
2019/1/24,6.7802,2.616,3.4,2.569,,-2500,,,,
2019/1/25,6.7941,2.626,3.0572,2.576,,-100,,13.5,,
2019/1/28,6.7472,2.66,3.1742,2.587,,0,,,,
2019/1/29,6.7356,2.766,3.1751,2.5967,,0,,,,
2019/1/30,6.7343,2.765,3.6391,2.6426,,500,,,,
2019/1/31,6.7025,2.756,3.8891,2.6903,,500,,,,
2019/2/1,6.7081,2.722,3.2727,2.7582,,800,,,,
2019/2/2,,2.372,2.332,2.7801,,0,,,,
2019/2/3,,2.334,2.3935,2.6741,,0,,,,
2019/2/11,6.7495,2.596,3.7941,2.5711,,-200,,,,
2019/2/12,6.7765,2.513,2.7736,2.5374,,-1000,,,,
2019/2/13,6.7675,2.362,2.6631,2.4788,,-2700,,,,
2019/2/14,6.7744,2.33,2.9218,2.4168,,-2000,,,,
2019/2/15,6.7623,2.351,2.6715,2.4258,,-900,,,,
2019/2/18,6.7659,2.395,3.3392,2.4234,,0,,,,
2019/2/19,6.7642,2.398,2.7421,2.3868,,0,,,,
2019/2/20,6.7558,2.377,2.8444,2.3654,,185,,,200,
2019/2/21,6.722,2.399,2.9874,2.3595,,0,,,,
2019/2/22,6.7151,2.6,3.0057,2.352,,400,,,400,
2019/2/25,6.7131,2.658,3.265,2.4329,,400,,,400,
2019/2/26,6.6952,2.745,3.3543,2.5361,,1200,,,1200,
2019/2/27,6.6857,2.75,3.179,2.7824,3.1232,400,,,600,
2019/2/28,6.6901,2.658,3.2881,2.9697,,0,,,,
2019/3/1,6.6957,2.511,2.9557,3.0221,,-400,,,,
2019/3/4,6.7049,2.38,3.0793,2.9289,,-400,,,,
2019/3/5,6.6998,2.574,2.8376,2.8029,,-1200,,,,
2019/3/6,6.7053,2.488,2.7615,2.6356,,-600,,,,
2019/3/7,6.711,2.517,3.1903,2.4859,,0,,,,
2019/3/8,6.7235,2.388,3.1583,2.412,,0,,,,
2019/3/11,6.7202,2.395,3.0445,2.388,,0,,,,
2019/3/12,6.7128,2.601,2.8754,2.3884,,0,,,,
2019/3/13,6.7114,2.493,2.8921,2.4126,,0,,,,
2019/3/14,6.7009,2.598,3.0979,2.4276,,0,,,,
2019/3/15,6.7167,2.728,3.3894,2.4626,,200,,,200,
2019/3/18,6.7088,2.709,3.579,2.5933,,600,,,600,
2019/3/19,6.7062,2.729,3.225,2.7312,,500,,,500,
2019/3/20,6.7101,2.711,3.3705,2.8061,3.1021,0,,,,
2019/3/21,6.685,2.684,3.2269,2.8805,,0,,,,
2019/3/22,6.6944,2.664,3.5673,2.911,,-200,,,,
2019/3/25,6.7098,2.668,3.4193,2.8764,,-600,,,,
2019/3/26,6.7042,2.704,3.329,2.9729,,-500,,,,
2019/3/27,6.7141,2.797,3.6076,3.1022,,0,,,,
2019/3/28,6.7263,2.705,3.1233,3.2233,,0,,,,
2019/3/29,6.7335,2.698,3.7264,3.2894,,0,,,,
2019/4/1,6.7193,2.579,3.2923,3.3415,,0,,,,
2019/4/2,6.7161,2.453,2.7657,3.1664,,0,,,,
2019/4/3,6.7194,2.357,3.0203,2.9489,,0,,,,
2019/4/4,6.7055,2.418,2.8373,2.7174,,0,,,,
2019/4/8,6.7201,2.483,3.2672,2.5235,,0,,,,
2019/4/9,6.7142,2.469,2.8473,2.3853,,0,,,,
2019/4/10,6.711,2.654,3.0294,2.3723,,0,,,,
2019/4/11,6.7088,2.657,3.3446,2.439,,0,,,,
2019/4/12,6.722,2.669,3.1046,2.5118,,0,,,,
2019/4/15,6.7112,2.772,3.4592,2.6038,,0,,,,
2019/4/16,6.7097,2.787,3.5344,2.7523,,400,,,400,
2019/4/17,6.711,2.788,3.5338,2.9055,3.3949,1600,,,1600,
2019/4/18,6.6911,2.75,3.4432,2.992,,800,,,800,
2019/4/19,6.7043,2.692,3.1367,3.0344,,200,,,200,
2019/4/22,6.7035,2.654,3.2055,3.0109,,0,,,,
2019/4/23,6.7082,2.7,3.2647,2.9209,,-400,,,,
2019/4/24,6.7205,2.764,3.9243,2.8833,,-1600,,,,
2019/4/25,6.7307,2.785,3.9207,2.8735,,-800,,,,
2019/4/26,6.7307,2.735,2.9655,2.8627,,-200,,,,
2019/4/28,,2.705,3.0083,2.8471,,0,,,,
2019/4/29,6.731,2.691,3.0828,2.8533,,0,,,,
2019/4/30,6.7286,2.683,3.1169,2.8579,,0,,,,
2019/5/5,,2.529,3.9355,2.8087,,0,,,,
2019/5/6,6.7344,2.5285,3.2272,2.7083,,200,,,200,
2019/5/7,6.7614,2.349,2.9647,2.6319,,200,,,200,
2019/5/8,6.7596,2.286,2.6242,2.5307,,100,,,100,
2019/5/9,6.7665,2.573,2.831,2.403,,0,,,,
2019/5/10,6.7912,2.568,3.182,2.3374,,0,,,,
2019/5/13,6.7954,2.579,3.2961,2.3311,,-200,,,,
2019/5/14,6.8365,2.65,3.1618,2.3466,,-200,,,,
2019/5/15,6.8649,2.641,3.0486,2.4127,,-100,,,,
2019/5/16,6.8688,2.607,3.2773,2.489,,0,,,,
2019/5/17,6.8859,2.589,3.2568,2.5364,,0,,,,
2019/5/20,6.8988,2.678,3.3124,2.5662,,0,,,,
2019/5/21,6.899,2.699,3.3531,2.6552,,800,,,800,
2019/5/22,6.8992,2.69,3.1145,2.7167,3.29,200,,,200,
2019/5/23,6.8994,2.648,3.0955,2.7333,,0,,,,
2019/5/24,6.8993,2.592,3.4211,2.7189,,0,,,,
2019/5/27,6.8924,2.711,3.3149,2.6963,,800,,,800,
2019/5/28,6.8973,2.823,3.584,2.76,,700,,,1500,
2019/5/29,6.8988,2.785,3.0951,2.9521,,2500,,,2700,
2019/5/30,6.899,2.665,3.0431,3.0062,,300,,,300,
2019/5/31,6.8992,2.65,3.9896,3.0034,,0,,,,
2019/6/3,6.8896,2.553,3.9526,2.9713,,0,,,800,
2019/6/4,6.8822,2.399,3.0305,2.833,,-900,,,600,
2019/6/5,6.8903,2.472,2.9243,2.62,,-2100,,,600,
2019/6/6,6.8945,2.572,3.2266,2.5212,,-200,,,100,
2019/6/10,6.8925,2.604,3.5655,2.4687,,-500,,,300,
2019/6/11,6.893,2.589,3.1107,2.463,,-500,,,100,
2019/6/12,6.8932,2.564,3.1241,2.4879,,-250,,,150,
2019/6/13,6.8934,2.583,3.334,2.5186,,900,,,,
2019/6/14,6.8937,2.565,2.8292,2.5387,,1000,,,,
2019/6/17,6.894,2.491,3.504,2.5445,,1200,,,,
2019/6/18,6.8942,2.399,2.9767,2.5406,,800,,,,
2019/6/19,6.8893,2.386,3.0323,2.5054,3.2137,250,,,,
2019/6/20,6.8805,2.448,3.2831,2.445,,300,,,,
2019/6/21,6.8472,2.416,3.2007,2.3716,,300,,,,
2019/6/24,6.8503,2.326,3.1657,2.2731,,0,,,,
2019/6/25,6.858,2.466,3.0192,2.3258,,0,,,,
2019/6/26,6.8701,2.417,2.7872,2.4075,,0,,,,
2019/6/27,6.8778,2.61,3.0993,2.4863,,-25,,,,
2019/6/28,6.8747,2.604,3.5779,2.5892,,0,,,,
2019/7/1,6.8716,2.319,2.8802,2.6854,,-1500,,,,
2019/7/2,6.8513,2.032,2.6673,2.5859,,-900,,,,
2019/7/3,6.864,2.145,2.3763,2.4577,,-400,,,,
2019/7/4,6.8705,2.139,2.8096,2.3578,,-300,,,,
2019/7/5,6.8697,2.271,3.1174,2.2469,,-300,,,,
2019/7/8,6.8881,2.449,3.1025,2.153,,0,,,,
2019/7/9,6.8853,2.54,3.1878,2.2021,,0,,,,
2019/7/10,6.8856,2.543,2.8249,2.2755,,-200,,,,
2019/7/11,6.8677,2.497,2.8721,2.3279,,-1000,,,,
2019/7/12,6.8662,2.559,3.2583,2.3774,,-1000,,,,
2019/7/15,6.8677,2.669,3.1776,2.4361,,0,,,,
2019/7/16,6.871,2.724,3.2163,2.5182,,1600,,,1600,
2019/7/17,6.8827,2.734,3.0984,2.6132,3.1442,1000,,,1000,
2019/7/18,6.8761,2.748,3.3347,2.7251,,1000,,,1000,
2019/7/19,6.8635,2.753,3.5881,2.8625,,1000,,,1000,
2019/7/22,6.8759,2.692,3.4326,2.9665,,500,,,500,
2019/7/23,6.8818,2.634,3.2603,2.9699,,-1600,,,,
2019/7/24,6.886,2.561,3.0392,2.9292,,-1000,,,,
2019/7/25,6.8737,2.642,3.1057,2.8478,,-1000,,,,
2019/7/26,6.8796,2.647,3.2865,2.8161,,-1000,,,,
2019/7/29,6.8821,2.657,3.1043,2.792,,-500,,,,
2019/7/30,6.8862,2.663,2.9446,2.8034,,0,,,,
2019/7/31,6.8841,2.673,3.2558,2.8258,,0,,,,
2019/8/1,6.8938,2.638,3.6552,2.8459,,0,,,,
2019/8/2,6.8996,2.647,3.0917,2.7995,,0,,,,
2019/8/5,6.9225,2.619,3.3399,2.7624,,0,,,,
2019/8/6,6.9683,2.494,3.0594,2.7302,,0,,,,
2019/8/7,6.9996,2.52,3.0783,2.6876,,0,,,,
2019/8/8,7.0039,2.578,3.6399,2.6407,,0,,,,
2019/8/9,7.0136,2.644,3.3373,2.6225,,-50,,,,
2019/8/12,7.0211,2.656,3.156,2.62,,300,,,300,
2019/8/13,7.0326,2.703,3.0627,2.6427,,600,,,600,
2019/8/14,7.0312,2.695,3.0377,2.7145,,1000,,,1000,
2019/8/15,7.0268,2.678,3.6889,2.7849,,300,,,300,
2019/8/16,7.0312,2.673,3.4038,2.8319,,800,,,800,
2019/8/19,7.0365,2.672,3.0338,2.8613,,-100,,,200,
2019/8/20,7.0454,2.664,3.0317,2.8685,,-100,,,500,
2019/8/21,7.0433,2.653,3.0822,2.8487,3.0157,-400,,,600,
2019/8/22,7.049,2.642,3.3487,2.8276,,300,,,600,
2019/8/23,7.0572,2.651,3.8972,2.8045,,0,,,800,
2019/8/26,7.057,2.669,3.0088,2.7766,,-200,,,,
2019/8/27,7.081,2.687,2.957,2.8049,,300,,,800,
2019/8/28,7.0835,2.682,2.9581,2.8314,,0,,,600,
2019/8/29,7.0858,2.6702,3.2442,2.8514,,-600,,,,
2019/8/30,7.0879,2.665,3.6885,2.8635,,-800,,,,
2019/9/2,7.0883,2.653,3.0716,2.8727,,0,,,,
2019/9/3,7.0884,2.61,2.8029,2.8387,,-800,,,,
2019/9/4,7.0878,2.604,3.1333,2.7979,,-600,,,,
2019/9/5,7.0852,2.636,3.278,2.7586,,0,,,,
2019/9/6,7.0855,2.652,3.649,2.7364,,400,13,,400,
2019/9/9,7.0851,2.652,3.1146,2.724,,1200,,,1200,
2019/9/10,7.0846,2.628,3.0008,2.7296,,800,,,800,
2019/9/11,7.0843,2.645,3.0218,2.7408,,250,,,300,
2019/9/12,7.0846,2.65,3.3956,2.7525,,0,,,,
2019/9/16,7.0657,2.642,3.2995,2.7537,,-1600,,13,,
2019/9/17,7.073,2.638,3.0985,2.748,,-800,,,,
2019/9/18,7.0728,2.654,3.1559,2.7385,3.0761,0,,,300,
2019/9/19,7.0732,2.709,3.4582,2.7496,,1700,,,1200,
2019/9/20,7.073,2.731,3.2103,2.784,,1200,,,400,
2019/9/23,7.0734,2.732,3.598,2.8473,,1000,,,200,
2019/9/24,7.0729,2.676,3.2624,2.8771,,400,,,,
2019/9/25,7.0724,2.572,3.1452,2.8685,,-100,,,,
2019/9/26,7.0729,2.577,3.3542,2.7879,,-1000,,,,
2019/9/27,7.0731,2.59,2.7651,2.6937,,-100,,,,
2019/9/29,,2.692,2.8025,2.4835,,0,,,,
2019/9/30,7.0729,2.843,3.3857,2.4973,,-200,,,,
2019/10/8,7.0726,2.688,3.9594,2.5536,,-2500,,,,
2019/10/9,7.0728,2.627,2.8656,2.6204,,-200,,,,
2019/10/10,7.073,2.595,2.8755,2.6733,,-200,,,,
2019/10/11,7.0727,2.556,2.7051,2.7668,,-300,,,,
2019/10/12,,2.591,2.6876,2.6836,,0,,,,
2019/10/14,7.0725,2.651,3.6287,2.6119,,0,,,,
2019/10/15,7.0708,2.684,3.4112,2.6101,,0,,,,
2019/10/16,7.0746,2.686,3.0932,2.6477,,0,,,,
2019/10/17,7.0789,2.663,3.0465,2.6965,,-60,,,,
2019/10/18,7.069,2.691,3.0522,2.7556,,300,,,300,
2019/10/21,7.068,2.691,3.5338,2.8031,,500,,,500,
2019/10/22,7.0668,2.789,3.3479,2.8393,,2500,,,2500,
2019/10/23,7.0752,2.693,3.0129,2.8851,3.1873,2000,,,2000,
2019/10/24,7.0727,2.661,3.1683,2.9046,,600,,,600,
2019/10/25,7.0749,2.669,3.0998,2.8888,,0,,,300,
2019/10/28,7.0762,2.671,3.2979,2.9062,,-500,,,,
2019/10/29,7.0617,2.67,3.0344,2.8995,,-2500,,,,
2019/10/30,7.0582,2.683,2.9526,2.8708,,-2000,,,,
2019/10/31,7.0533,2.685,2.967,2.8478,,-600,,,,
2019/11/1,7.0437,2.616,3.0044,2.8537,,-300,,,,
2019/11/4,7.0382,2.529,3.4345,2.7993,,0,,,,
2019/11/5,7.0385,2.498,3.0935,2.7384,,0,,,,
2019/11/6,7.008,2.546,2.9412,2.6673,,0,,,,
2019/11/7,7.0008,2.595,2.972,2.5995,,0,,,,
2019/11/8,6.9945,2.57,2.8276,2.5483,,50,,,,
2019/11/11,6.9933,2.555,3.2527,2.5266,,0,,,,
2019/11/12,6.9988,2.649,3.1682,2.5304,,0,,,,
2019/11/13,7.0026,2.675,3.1626,2.5751,,0,,,,
2019/11/14,7.0083,2.682,3.0255,2.6539,,0,,,,
2019/11/15,7.0091,2.737,3.175,2.7211,,0,,,,
2019/11/18,7.0037,2.728,3.5518,2.8205,,1800,,,1800,
2019/11/19,7.003,2.611,3.111,2.8842,,1200,,,1200,
2019/11/20,7.0118,2.497,3.1621,2.8757,3.13,0,,,,
2019/11/21,7.0217,2.426,2.7518,2.806,,0,,,,
2019/11/22,7.0306,2.536,2.9098,2.7284,,0,,,,
2019/11/25,7.0397,2.596,3.0829,2.6317,,-1800,,,,
2019/11/26,7.0344,2.598,2.8964,2.6314,,-1200,,,,
2019/11/27,7.0349,2.589,2.8926,2.6571,,-60,,,,
2019/11/28,7.0271,2.597,2.7121,2.6967,,0,,,,
2019/11/29,7.0298,2.607,3.3481,2.7385,,0,,,,
2019/12/2,7.0262,2.478,3.1324,2.7604,,0,,,,
2019/12/3,7.0223,2.343,2.8773,2.7082,,0,,,,
2019/12/4,7.0382,2.426,3.0491,2.6444,,0,,,,
2019/12/5,7.0521,2.433,2.9671,2.579,,0,,,,
2019/12/6,7.0383,2.482,3.0222,2.5231,,0,,,,
2019/12/9,7.0405,2.506,2.8638,2.4782,,0,,,,
2019/12/10,7.04,2.45,2.8879,2.4724,,0,,,,
2019/12/11,7.0385,2.493,3.1702,2.4786,,50,,,,
2019/12/12,7.0253,2.431,2.9572,2.4941,,0,,,,
2019/12/13,7.0156,2.474,3.0852,2.5081,,0,,,,
2019/12/16,6.9915,2.5315,3.119,2.5241,,0,,,,
2019/12/17,6.9971,2.588,3.1332,2.547,,0,,,,
2019/12/18,6.9969,2.585,3.3488,2.5915,3.1782,2000,,,500,
2019/12/19,7.0025,2.559,3.0022,2.6328,,2800,,,300,
2019/12/20,7.002,2.529,3.2547,2.6466,,1500,,,,
2019/12/23,7.0117,2.453,3.3344,2.6076,,500,,,,
2019/12/24,7.0119,2.45,3.0819,2.5292,,-60,,,,
2019/12/25,7.0067,2.549,3.039,2.3713,,-500,,,,
2019/12/26,6.9801,2.607,3.0166,2.4101,,-300,,,,
2019/12/27,6.9879,2.579,3.089,2.4727,,0,,,,
2019/12/30,6.9805,2.618,2.8929,2.5897,,0,,,,
2019/12/31,6.9762,2.737,2.8528,2.7251,,0,,,,
2020/1/1,,,,,,,12.5,,,
2020/1/2,6.9614,2.433,3.2113,2.9191,,-4000,,,,
2020/1/3,6.9681,2.349,2.7448,2.8175,,-1500,,,,
2020/1/6,6.9718,2.219,2.7333,2.6834,,-500,,12.5,,
2020/1/7,6.969,2.259,2.804,2.5321,,0,,,,
2020/1/8,6.945,2.32,2.5116,2.432,,0,,,,
2020/1/9,6.9497,2.47,3.0468,2.3519,,0,,,,
2020/1/10,6.9351,2.487,2.9445,2.3992,,0,,,,
2020/1/13,6.9263,2.522,2.9481,2.4618,,0,,,,
2020/1/14,6.8954,2.654,3.2603,2.5429,,0,,,,
2020/1/15,6.8845,2.717,3.1463,2.6813,3.0383,1000,,,,
2020/1/16,6.8807,2.663,3.4371,2.9177,,3000,,,,
2020/1/17,6.8878,2.64,2.9224,2.9949,,2060,,,,
2020/1/19,,2.608,3.1033,3.0315,,2000,,,,
2020/1/20,6.8664,2.607,3.413,2.9871,,2440,,,,
2020/1/21,6.8606,2.601,3.7451,2.9115,,1000,,,,
2020/1/22,6.8853,2.607,2.9133,2.7644,,300,,,,
2020/1/23,6.8876,2.549,2.7713,2.7066,,0,,,,
2020/1/31,,,,2.6503,,,,,,
2020/2/3,6.9249,2.607,2.9906,,,1500,,,9000,
2020/2/4,6.9779,2.416,2.6596,2.6716,,4000,,,3800,
2020/2/5,6.9823,2.343,2.5256,2.6757,,-300,,,,
2020/2/6,6.9985,2.366,2.6735,2.6076,,0,,,,
2020/2/7,6.9768,2.306,2.6846,2.5163,,0,,,,
2020/2/10,6.9863,2.289,2.8515,2.431,,0,,,7000,
2020/2/11,6.9897,2.225,2.4108,2.3524,,-2800,,,1000,
2020/2/12,6.9718,2.286,2.4465,2.3035,,0,,,,
2020/2/13,6.9785,2.324,2.5311,2.3121,,0,,,,
2020/2/14,6.9843,2.233,2.5998,2.3229,,0,,,,
2020/2/17,6.9795,2.261,2.9802,2.3167,,-9000,,,1000,
2020/2/18,6.9826,2.293,2.5427,2.3143,,-2200,,,,
2020/2/19,7.0012,2.268,2.4952,2.3176,2.829,0,,,,
2020/2/20,7.0026,2.308,2.6553,2.3068,,15,,,,
2020/2/21,7.021,2.245,2.71,2.2978,,0,,,,
2020/2/24,7.0246,2.176,2.8118,2.275,,-3000,,,,
2020/2/25,7.0232,2.203,2.4327,2.2885,,0,,,,
2020/2/26,7.0126,2.183,2.5265,2.2907,,0,,,,
2020/2/27,7.0215,2.192,2.5804,2.2944,,60,,,,
2020/2/28,7.0066,2.374,2.742,2.3062,,-50,,,,
2020/3/2,6.9811,2.129,2.7702,2.3666,,0,,,,
2020/3/3,6.9516,2.094,2.3324,2.3511,,0,,,,
2020/3/4,6.9514,2.052,2.3862,2.3262,,0,,,,
2020/3/5,6.9403,2.089,2.3081,2.2871,,0,,,,
2020/3/6,6.9337,2.035,2.274,2.2416,,0,,,,
2020/3/9,6.926,2.074,2.6389,2.162,,0,,,,
2020/3/10,6.9389,2.241,2.4458,2.123,,0,,,,
2020/3/11,6.9612,2.3,2.5293,2.1521,,0,,,,
2020/3/12,6.9641,2.309,2.4403,2.1958,,0,,,,
2020/3/13,7.0033,2.252,2.3002,2.2088,,0,,,,
2020/3/16,7.0018,2.199,2.5344,2.2037,,0,,,,
2020/3/17,7.0094,1.896,2.1725,2.1845,,0,,,,
2020/3/18,7.0328,1.751,2.0969,2.1071,2.6767,0,,,,
2020/3/19,7.0522,1.893,2.1488,2.0092,,0,,,,
2020/3/20,7.1052,1.945,1.9472,1.9203,,0,,,,
2020/3/23,7.094,1.805,2.2637,1.8302,,0,,,,
2020/3/24,7.0999,1.693,1.8432,1.7469,,60,,,,
2020/3/25,7.0742,1.745,1.9134,1.6594,,-50,,,,
2020/3/26,7.0692,1.72,2.0207,1.6696,,0,,,,
2020/3/27,7.0427,1.769,1.8981,1.7045,,0,,,,
2020/3/30,7.0447,2.163,2.4613,1.7904,,500,,,500,
2020/3/31,7.0851,2.147,2.3092,1.9461,,200,,,200,
2020/4/1,7.0771,2.004,2.2512,2.1437,,0,,,,
2020/4/2,7.0995,1.857,2.0354,2.1276,,0,,,,
2020/4/3,7.1104,1.831,1.7808,2.0629,,0,,,,
2020/4/7,7.0939,1.773,2.1526,1.9524,,-700,,,,
2020/4/8,7.0483,1.739,1.8775,1.7828,,0,,,,
2020/4/9,7.0536,1.68,1.817,1.6029,,0,,,,
2020/4/10,7.0354,1.813,1.7964,1.552,,0,,,,
2020/4/13,7.03,1.851,1.9417,1.558,,0,,,,
2020/4/14,7.0406,1.707,2.2792,1.5907,,0,,,,
2020/4/15,7.0402,1.632,1.9505,1.6083,2.5003,0,,,,
2020/4/16,7.0714,1.657,1.8405,1.5989,,0,,,,
2020/4/17,7.0718,1.737,1.767,1.5635,,0,,,,
2020/4/20,7.0657,1.734,1.6962,1.509,,60,,,,
2020/4/21,7.0752,1.606,2.214,1.464,,-50,,,,
2020/4/22,7.0903,1.576,1.956,1.4418,,0,,,,
2020/4/23,7.0887,1.663,1.8894,1.4396,,0,,,,
2020/4/24,7.0803,1.718,1.7803,1.4437,,0,,,,
2020/4/26,,1.658,1.793,1.4779,,0,,,,
2020/4/27,7.0703,1.774,1.849,1.4595,,0,,,,
2020/4/28,7.071,1.62,2.222,1.489,,0,,,,
2020/4/29,7.0704,1.755,1.9329,1.5163,,0,,,,
2020/4/30,7.0571,1.919,2.1642,1.5732,,0,,,,
2020/5/6,7.069,1.865,2.2828,1.6622,,0,,,,
2020/5/7,7.0931,1.838,1.9046,1.6853,,0,,,,
2020/5/8,7.0788,1.809,1.801,1.6734,,0,,,,
2020/5/9,,1.481,1.6346,1.671,,0,,,,
2020/5/11,7.0769,1.679,1.7003,1.5579,,0,,,,
2020/5/12,7.0919,1.568,1.7657,1.4857,,0,,,,
2020/5/13,7.0875,1.485,2.0268,1.4524,,0,,,,
2020/5/14,7.0948,1.514,1.7289,1.414,,0,,,,
2020/5/15,7.0936,1.657,1.7347,1.3706,,0,,,,
2020/5/18,7.103,1.563,1.649,1.4005,,0,,,,
2020/5/19,7.0912,1.521,1.7667,1.386,,0,,,,
2020/5/20,7.0956,1.534,2.1574,1.4172,2.68,0,,,,
2020/5/21,7.0868,1.556,1.8011,1.4587,,0,,,,
2020/5/22,7.0939,1.595,1.8167,1.4839,,0,,,,
2020/5/25,7.1209,1.785,1.8788,1.4856,,0,,,,
2020/5/26,7.1293,1.908,2.2608,1.5636,,50,,,100,
2020/5/27,7.1092,2.018,2.5044,1.6617,2.7378,1200,,,1200,
2020/5/28,7.1277,2.179,2.3647,1.7778,,2450,,,2400,
2020/5/29,7.1316,2.151,2.3606,1.9322,,3000,,,3000,
2020/6/1,7.1315,1.959,1.9288,2.073,,0,,,,
2020/6/2,7.1167,1.673,1.8098,2.0112,,-100,,,,
2020/6/3,7.1074,1.971,2.4828,1.9086,,-1200,,,,
2020/6/4,7.1012,2.001,2.1258,1.8977,,-1700,,,700,
2020/6/5,7.0965,1.987,2.1706,1.847,,-1500,,,1500,
2020/6/8,7.0882,1.942,2.1502,1.7967,,1200,,,1200,
2020/6/9,7.0711,1.947,2.2553,1.8417,,600,,,600,
2020/6/10,7.0703,1.98,2.4904,1.9061,,600,,,600,
2020/6/11,7.0608,2.021,2.158,1.9189,,100,,,800,
2020/6/12,7.0865,2.016,2.2648,1.9415,,-500,,,1000,
2020/6/15,7.0902,1.855,2.1232,1.9491,,-1200,,,,
2020/6/16,7.0755,1.891,2.1949,1.9373,,-600,,,,
2020/6/17,7.0873,2.057,2.5823,1.9398,2.8482,-600,,,,
2020/6/18,7.0903,2.1,2.2619,1.9585,,400,,,500,
2020/6/19,7.0913,2.147,2.3724,1.9963,,800,,,700,
2020/6/22,7.0865,2.15,2.517,2.0492,,1200,,,400,
2020/6/23,7.0671,2.15,2.5684,2.1256,2.77,2000,,,900,
2020/6/24,7.0555,2.173,2.5134,2.1977,,1800,,,1800,
2020/6/28,,2.182,2.5767,2.2652,,-125,,,1000,
2020/6/29,7.0808,2.181,2.8257,2.2778,,-450,,,,
2020/6/30,7.0795,2.228,2.783,2.4197,2.7891,-900,,,,
2020/7/1,7.071,2.095,2.5572,2.5983,,-1800,,,,
2020/7/2,7.0566,2.006,2.3545,2.5604,2.7826,-700,,,,
2020/7/3,7.0638,1.98,2.1002,2.4648,,-1100,,,,
2020/7/6,7.0663,1.794,2.2114,2.3497,,-1800,,,,
2020/7/7,7.031,2.092,2.4353,2.1605,2.9336,-1100,,,,
2020/7/8,7.0207,2.137,2.5697,2.0277,,0,,,,
2020/7/9,7.0085,2.192,2.4888,2.0426,2.978,0,,,,
2020/7/10,6.9943,2.203,2.5098,2.0957,,0,,,,
2020/7/13,6.9965,2.201,2.6188,2.1894,,500,,,500,
2020/7/14,6.9996,2.148,2.4624,2.2805,,300,,,300,
2020/7/15,6.9982,2.15,2.4776,2.2868,2.86,0,,,,
2020/7/16,6.9913,2.249,2.4813,2.2866,,500,,,500,
2020/7/17,7.0043,2.227,2.5127,2.3079,,2000,,,2000,
2020/7/20,6.9928,2.183,2.7218,2.3421,,500,,,1000,
2020/7/21,6.9862,2.101,2.3148,2.3216,2.783,-150,,,100,
2020/7/22,6.9718,2.008,2.4659,2.2829,,0,,,,
2020/7/23,6.9921,2.207,2.375,2.2188,2.7733,0,,,500,
2020/7/24,6.9938,2.147,2.4278,2.21,,-2000,,,,
2020/7/27,7.0029,2.202,2.5884,2.1447,,0,,,1000,
2020/7/28,6.9895,2.2,2.4442,2.1985,2.7972,700,,,800,
2020/7/29,6.9969,2.174,2.6289,2.2639,,300,,,300,
2020/7/30,6.9902,2.183,2.3319,2.3231,2.8501,-50,,,500,
2020/7/31,6.9848,2.236,2.558,2.3344,,200,,,200,
2020/8/3,6.998,2.043,2.4533,2.3669,,-1000,,,,
2020/8/4,6.9803,2.143,2.3688,2.3013,,-800,,,,
2020/8/5,6.9752,2.062,2.6752,2.2554,,-300,,,,
2020/8/6,6.9438,2.074,2.3955,2.2123,,-500,,,,
2020/8/7,6.9408,2.205,2.3498,2.168,,-100,,,100,
2020/8/10,6.9649,2.202,2.674,2.1583,,100,,,100,
2020/8/11,6.9711,2.249,2.5711,2.192,,500,,,500,
2020/8/12,6.9597,2.246,2.8717,2.2358,,1400,,,1400,
2020/8/13,6.9429,2.237,2.5022,2.2826,,1500,,,1500,
2020/8/14,6.9405,2.222,2.6107,2.3295,,1400,,,1500,
2020/8/17,6.9362,2.213,2.5943,2.3562,,400,,,500,
2020/8/18,6.9325,2.19,2.4859,2.3721,,500,,,1000,
2020/8/19,6.9168,2.204,2.8448,2.3684,2.9509,100,,,1500,
2020/8/20,6.9274,2.249,2.6198,2.3701,,100,,,1600,
2020/8/21,6.9107,2.28,2.7493,2.3895,,500,,,1500,
2020/8/24,6.9194,2.23,2.8591,2.4362,,1100,,,1000,
2020/8/25,6.9183,2.241,2.4901,2.4625,,2000,,,2500,
2020/8/26,6.9079,2.222,2.522,2.51,,550,,,2000,
2020/8/27,6.8903,2.182,2.3846,2.5265,,-650,,,1000,
2020/8/28,6.8891,2.235,2.4779,2.5251,,-1000,,,500,
2020/8/31,6.8605,2.228,2.7693,2.5081,,-800,,,200,
2020/9/1,6.8498,2.211,2.4632,2.5093,,-2300,,,200,
2020/9/2,6.8376,2.201,2.5158,2.4735,,-1800,,,200,
2020/9/3,6.8319,2.197,2.3251,2.451,,200,,,1200,
2020/9/4,6.8359,2.211,2.5358,2.4162,,0,,,1000,
2020/9/7,6.8386,2.2,2.7852,2.388,,200,,,1000,
2020/9/8,6.8364,2.211,2.4176,2.3548,,1000,,,1700,
2020/9/9,6.8423,2.193,2.7324,2.3396,,1000,,,1200,
2020/9/10,6.8331,2.128,2.3249,2.3188,,200,,,1400,
2020/9/11,6.8389,2.162,2.59,2.2904,,-100,,,900,
2020/9/14,6.8361,2.161,2.7325,2.2581,,-200,,,800,
2020/9/15,6.8222,2.133,2.3914,2.2406,,-1700,,,,
2020/9/16,6.7825,2.185,2.6988,2.2354,3.0823,0,,,1200,
2020/9/17,6.7675,2.199,2.5513,2.2372,,-300,,,1100,
2020/9/18,6.7591,2.233,2.7649,2.2802,,800,,,1100,
2020/9/21,6.7595,2.262,2.8376,2.3817,,600,,,1000,
2020/9/22,6.7872,2.332,2.821,2.5109,,3500,,,2000,
2020/9/23,6.7986,2.149,2.6238,2.6585,,800,,,1000,
2020/9/24,6.8028,2.148,2.7719,2.6308,,100,,,,
2020/9/25,6.8121,2.044,2.21,2.5575,,-200,,,,
2020/9/27,,1.953,2.9279,2.4019,,200,,,,
2020/9/28,6.8252,2.418,3.2394,2.2146,,-650,,,,
2020/9/29,6.8171,2.283,3.3093,2.2257,,-950,,,,
2020/9/30,6.8101,2.331,2.7968,2.4032,,-500,,,,
2020/10/9,6.7796,2.174,2.5353,2.4706,,-5600,,,,
2020/10/10,,2.029,2.1765,2.5016,,0,,,,
2020/10/12,6.7126,2.073,2.2922,2.4728,,-600,,,,
2020/10/13,6.7296,2.092,2.5892,2.3819,,-1000,,,,
2020/10/14,6.7473,2.136,2.5301,2.2559,,-500,,,,
2020/10/15,6.7374,2.191,2.7073,2.2255,,500,,,500,
2020/10/16,6.7332,2.199,2.4892,2.2477,,500,,,500,
2020/10/19,6.701,2.23,2.5017,2.2979,,500,,,500,
2020/10/20,6.693,2.261,2.7347,2.3313,,700,,,700,
2020/10/21,6.6781,2.207,2.526,2.388,,800,,,800,
2020/10/22,6.6556,2.19,2.7845,2.4081,,0,,,500,
2020/10/23,6.6703,2.205,2.6522,2.3949,,200,,,700,
2020/10/26,6.6725,2.227,2.6623,2.398,,0,,,500,
2020/10/27,6.6989,2.33,2.7854,2.5212,,300,,,1000,
2020/10/28,6.7195,2.385,3.1294,2.6923,3.1395,350,,,1200,
2020/10/29,6.726,2.353,2.883,2.8571,,900,,,1400,
2020/10/30,6.7232,2.418,3.1908,3.0122,,350,,,1000,
2020/11/2,6.705,2.464,2.772,3.1939,,0,,,500,
2020/11/3,6.6957,2.18,2.4516,3.1396,,200,,,1200,
2020/11/4,6.6771,2.092,2.6203,2.9481,,0,,,1200,
2020/11/5,6.6895,2.071,2.5011,2.7293,,-1100,,,300,
2020/11/6,6.629,2.215,2.5506,2.5302,,-1000,,,,
2020/11/9,6.6123,2.272,2.655,2.3771,,-500,,,,
2020/11/10,6.5897,2.269,2.5881,2.3518,,0,,,1200,
2020/11/11,6.607,2.306,2.8166,2.4144,,300,,,1500,
2020/11/12,6.6236,2.335,2.8739,2.5276,,900,,,1200,
2020/11/13,6.6285,2.433,3.1027,2.7397,,1600,,,1600,
2020/11/16,6.6048,2.339,2.8406,2.9391,,0,,,,
2020/11/17,6.5762,2.238,2.6993,2.9516,,-700,,,500,
2020/11/18,6.5593,2.21,2.6878,2.8674,3.27,-500,,,1000,
2020/11/19,6.5484,2.231,2.6169,2.7609,,-500,,,700,
2020/11/20,6.5786,2.228,2.6494,2.6112,,-800,,,800,
2020/11/23,6.5719,2.193,2.6507,2.4413,,400,,,400,
2020/11/24,6.5809,2.232,2.6449,2.3723,,200,,,700,
2020/11/25,6.5749,2.224,2.6285,2.5281,,200,,,1200,
2020/11/26,6.578,2.294,2.5748,2.692,,100,,,800,
2020/11/27,6.5755,2.336,2.7492,2.7488,,400,,,1200,
2020/11/30,6.5782,2.356,2.5837,2.7652,,1100,,,1500,
2020/12/1,6.5921,1.972,2.3932,2.7577,,-500,,,200,
2020/12/2,6.5611,1.925,2.2558,2.5638,,-1100,,,100,
2020/12/3,6.5592,2.104,2.5187,2.3661,,-700,,,100,
2020/12/4,6.5507,2.116,2.5531,2.2893,,-1100,,,100,
2020/12/7,6.5362,2.119,2.2812,2.2551,,-1000,,,500,
2020/12/8,6.532,2.101,2.3642,2.2334,,400,,,600,
2020/12/9,6.5311,2.074,2.5658,2.2665,,100,,,200,
2020/12/10,6.5476,2.063,2.5175,2.2874,,0,,,100,
2020/12/11,6.5405,2.178,2.6467,2.2709,,0,,,100,
2020/12/14,6.5361,2.143,2.3866,2.2797,,-300,,,200,
2020/12/15,6.5434,2.062,2.3989,2.3138,,-500,,,100,
2020/12/16,6.5355,1.815,2.4245,2.3235,3.2517,-100,,,100,
2020/12/17,6.5362,1.961,2.1744,2.2866,,0,,,100,
2020/12/18,6.5315,2.148,2.4251,2.2603,,0,,,100,
2020/12/21,6.5507,2.05,2.3244,2.2559,,900,,,100,
2020/12/22,6.5387,2.061,2.3126,2.2276,,1200,,,100,
2020/12/23,6.5558,2.064,2.5682,2.2004,,1000,,,100,
2020/12/24,6.5361,1.774,2.2635,2.1751,,250,,,100,
2020/12/25,6.5333,2.151,2.7716,2.0823,,300,,,400,
2020/12/28,6.5236,2.133,2.6337,2.1455,,150,,,200,
2020/12/29,6.5451,2.264,2.6975,2.2784,,100,,,200,
2020/12/30,6.5325,2.308,2.8342,2.4553,,300,,,400,
2020/12/31,6.5249,2.381,2.5525,2.7344,,800,,,900,
2021/1/4,6.5408,1.993,2.4527,2.8401,,-1400,,,200,
2021/1/5,6.476,1.822,2.1237,2.7136,,-1300,,,100,
2021/1/6,6.4604,1.966,2.466,2.519,,-1300,,,100,
2021/1/7,6.4608,1.855,2.0476,2.3272,,-1100,,,100,
2021/1/8,6.4708,2.141,2.0784,2.0827,,50,,,50,
2021/1/11,6.4764,2.148,2.5872,1.9782,,-150,,,50,
2021/1/12,6.4823,1.985,2.2187,1.9636,,-50,,,50,
2021/1/13,6.4605,1.999,2.486,1.9739,,-80,,,20,
2021/1/14,6.4746,2.013,2.1678,1.9852,,-80,,,20,
2021/1/15,6.4633,2.124,2.27,2.0003,,-30,,,20,
2021/1/18,6.4845,2.177,2.7814,2.0144,,-30,,,20,
2021/1/19,6.4883,2.267,2.705,2.087,,750,,,800,
2021/1/20,6.4836,2.493,2.8391,2.2635,3.1385,2780,,,2800,
2021/1/21,6.4696,2.359,2.5693,2.4393,,2480,,,2500,
2021/1/22,6.4617,2.271,2.5782,2.5644,,0,,,20,
2021/1/25,6.4819,2.296,3.0617,2.6317,,0,,,20,
2021/1/26,6.4847,2.728,3.0467,2.7197,,-780,,,20,
2021/1/27,6.4665,2.969,3.6369,2.8636,,-1000,,,1800,
2021/1/28,6.4845,2.981,3.5619,3.1473,,-1450,,,1000,
2021/1/29,6.4709,3.071,3.4026,3.6208,,930,,,1000,
2021/2/1,6.4623,3.194,3.8377,3.9684,,980,,,1000,
2021/2/2,6.4736,2.241,2.7555,4.0905,,780,,,800,
2021/2/3,6.4669,2.146,2.6246,3.8339,,-800,,,1000,
2021/2/4,6.4605,2.324,3.0735,3.4172,,0,,,,
2021/2/5,6.471,2.338,2.6233,2.9945,,0,,,,
2021/2/7,,2.349,2.6502,2.622,,500,,,,
2021/2/8,6.4678,2.341,3.2922,2.4094,,100,,,1100,
2021/2/9,6.4533,2.425,2.6267,2.4134,,-300,,,500,
2021/2/10,6.4391,2.217,2.5498,2.4727,,-800,,,200,
2021/2/18,6.4536,2.213,2.6839,2.3856,,-2600,,,200,
2021/2/19,6.4624,2.051,2.1856,2.3758,,-800,,,200,
2021/2/20,,1.964,2.1074,2.2896,,100,,,100,
2021/2/22,6.4563,2.206,2.5528,2.1953,,-400,,,100,
2021/2/23,6.4516,2.277,2.6122,2.2052,,100,,,100,
2021/2/24,6.4615,2.114,2.3469,2.2785,3.2105,100,,,100,
2021/2/25,6.4522,2.215,2.8498,2.2894,,-50,,,200,
2021/2/26,6.4713,2.214,2.4651,2.3258,,0,,,200,
2021/3/1,6.4754,2.216,2.4851,2.3767,,-50,,,100,
2021/3/2,6.4625,2.157,2.5308,2.3337,,0,,,100,
2021/3/3,6.4565,1.89,2.2861,2.2703,,0,,,100,
2021/3/4,6.4758,2.161,2.6784,2.1925,,-100,,,100,
2021/3/5,6.4904,1.999,2.1867,2.1528,,-100,,,100,
2021/3/8,6.4795,2.144,2.5144,2.0839,,0,,,100,
2021/3/9,6.5338,2.067,2.4632,2.0517,,0,,,100,
2021/3/10,6.5106,2.038,2.3127,2.0329,,0,,,100,
2021/3/11,6.497,2.06,2.7116,2.0407,,0,,,100,
2021/3/12,6.4845,2.134,2.3109,2.0355,,0,,,100,
2021/3/15,6.501,2.275,2.6462,2.0482,,0,,,100,
2021/3/16,6.5029,2.229,2.6213,2.1099,,0,,,100,
2021/3/17,6.4978,2.167,2.4042,2.1673,3.224,0,,,100,
2021/3/18,6.4859,2.197,2.5829,2.1779,,0,,,100,
2021/3/19,6.5098,2.199,2.4534,2.1995,,0,,,100,
2021/3/22,6.5191,2.163,2.6226,2.2171,,0,,,100,
2021/3/23,6.5036,2.168,2.5286,2.1956,,0,,,100,
2021/3/24,6.5228,1.992,2.1783,2.1606,,50,,,100,
2021/3/25,6.5282,2.194,2.7298,2.1247,,0,,,100,
2021/3/26,6.5376,2.173,2.4493,2.1955,,-50,,,100,
2021/3/29,6.5416,2.158,2.635,2.2639,,0,,,100,
2021/3/30,6.5641,2.236,2.5278,2.3255,,0,,,100,
2021/3/31,6.5713,2.251,2.9555,2.3974,,0,,,100,
2021/4/1,6.5584,2.155,2.4973,2.5222,,0,,,100,
2021/4/2,6.5649,2.145,2.3484,2.4623,,0,,,100,
2021/4/6,6.5527,2.045,2.7689,2.3681,,-100,,,100,
2021/4/7,6.5384,1.939,2.3831,2.2569,,0,,,100,
2021/4/8,6.5463,2.014,2.3983,2.147,,0,,,100,
2021/4/9,6.5409,2.054,2.2583,2.026,,0,,,100,
2021/4/12,6.5578,2.05,2.4108,1.9715,,100,,,100,
2021/4/13,6.5454,2.061,2.7115,1.9579,,0,,,100,
2021/4/14,6.5362,2.063,2.3735,1.961,,0,,,100,
2021/4/15,6.5297,2.058,2.4509,1.9678,,0,,,100,
2021/4/16,6.5288,2.199,2.4128,1.988,,0,,,100,
2021/4/19,6.5233,2.226,2.4131,2.0405,,0,,,100,
2021/4/20,6.5103,2.196,2.637,2.1182,,0,,,100,
2021/4/21,6.5046,2.133,2.3112,2.1674,3.1265,0,,,100,
2021/4/22,6.4902,2.15,2.5924,2.1759,,0,,,100,
2021/4/23,6.4934,2.139,2.3151,2.1871,,0,,,100,
2021/4/25,,2.2,2.4445,2.1722,,100,,,100,
2021/4/26,6.4913,2.246,2.4979,2.1647,,0,,,100,
2021/4/27,6.4924,2.234,2.561,2.2005,,0,,,100,
2021/4/28,6.4853,2.189,2.3503,2.2394,,0,,,100,
2021/4/29,6.4715,2.252,2.3477,2.2603,,0,,,100,
2021/4/30,6.4672,2.336,2.4928,2.2977,,0,,,100,
2021/5/6,6.4895,2.152,2.5467,2.3264,,-400,,,100,
2021/5/7,6.4678,1.94,2.1419,2.2768,,0,,,100,
2021/5/8,,1.909,2.0765,2.2003,,100,,,100,
2021/5/10,6.4425,1.909,2.1631,2.0964,,100,,,100,
2021/5/11,6.4254,2.078,2.312,2.028,,100,,,100,
2021/5/12,6.4258,2.029,2.2347,1.9638,,100,,,100,
2021/5/13,6.4612,2.082,2.4718,1.9469,,0,,,100,
2021/5/14,6.4525,2.074,2.3374,1.9727,,0,,,100,
2021/5/17,6.4307,2.195,2.5036,2.0086,,-100,,,100,
2021/5/18,6.4357,2.196,2.6398,2.0602,,0,,,100,
2021/5/19,6.4255,2.149,2.2713,2.1174,,0,,,100,
2021/5/20,6.4464,2.165,2.5082,2.1525,,0,,,100,
2021/5/21,6.43,2.16,2.3988,2.1784,,0,,,100,
2021/5/24,6.4408,2.156,2.506,2.1919,,0,,,100,
2021/5/25,6.4283,2.254,2.4657,2.1832,,50,,,100,
2021/5/26,6.4099,2.269,2.4303,2.2337,3.02,0,,,100,
2021/5/27,6.403,2.262,2.5497,2.2787,,-50,,,100,
2021/5/28,6.3858,2.278,2.3376,2.3108,,0,,,100,
2021/5/31,6.3682,2.502,2.6291,2.3655,,0,,,100,
2021/6/1,6.3572,2.233,2.4402,2.4783,,0,,,100,
2021/6/2,6.3773,2.156,2.3768,2.4399,,0,,,100,
2021/6/3,6.3811,2.092,2.5794,2.3945,,0,,,100,
2021/6/4,6.4072,2.187,2.3859,2.3288,,0,,,100,
2021/6/7,6.3963,2.253,2.4543,2.2681,,0,,,100,
2021/6/8,6.3909,2.267,2.6132,2.2168,,0,,,100,
2021/6/9,6.3956,2.271,2.395,2.2379,,0,,,100,
2021/6/10,6.3972,2.146,2.8217,2.252,,0,,,100,
2021/6/11,6.3856,2.169,2.4098,2.2524,,0,,,100,
2021/6/15,6.407,2.237,2.4939,2.2345,,-100,,,100,
2021/6/16,6.4078,2.198,2.384,2.2276,3.1025,0,,,100,
2021/6/17,6.4298,2.179,2.6837,2.216,,0,,,100,
2021/6/18,6.4361,2.206,2.4569,2.2078,,0,,,100,
2021/6/21,6.4546,2.257,2.5099,2.2151,,100,,,100,
2021/6/22,6.4613,2.337,2.6736,2.2596,,0,,,100,
2021/6/23,6.4621,2.276,2.5242,2.2997,,0,,,100,
2021/6/24,6.4824,2.254,2.7157,2.3243,,200,,,300,
2021/6/25,6.4744,2.196,2.6056,2.452,,150,,,300,
2021/6/28,6.4578,2.258,2.7055,2.5536,,250,,,300,
2021/6/29,6.4567,2.431,2.8233,2.6531,,200,,,300,
2021/6/30,6.4601,2.405,3.0488,2.8642,,200,,,300,
2021/7/1,6.4709,2.186,2.608,3.0278,,-200,,,100,
2021/7/2,6.4712,1.945,2.1528,2.8607,,-200,,,100,
2021/7/5,6.4695,2.034,2.1883,2.6734,,-200,,,100,
2021/7/6,6.4613,2.046,2.3418,2.4995,,-200,,,100,
2021/7/7,6.4762,2.129,2.3737,2.2662,,-200,,,100,
2021/7/8,6.4705,2.114,2.5907,2.0908,,0,,,100,
2021/7/9,6.4755,2.22,2.3771,2.0787,,0,12,,100,
2021/7/12,6.4785,2.163,2.3512,2.129,,0,,,100,
2021/7/13,6.4757,2.193,2.3808,2.1605,,0,,,100,
2021/7/14,6.4806,2.179,2.4348,2.1862,,0,,,100,
2021/7/15,6.464,2.178,2.5604,2.2018,,0,,12,100,
2021/7/16,6.4705,2.201,2.4035,2.2243,,0,,,100,
2021/7/19,6.47,2.155,2.3379,2.2188,,0,,,100,
2021/7/20,6.4855,2.198,2.4547,2.2151,,0,,,100,
2021/7/21,6.4835,2.218,2.4367,2.2173,2.9027,0,,,100,
2021/7/22,6.4651,2.18,2.6132,2.2253,,0,,,100,
2021/7/23,6.465,2.143,2.3854,2.2261,,0,,,100,
2021/7/26,6.4763,2.214,2.4465,2.2116,,0,,,100,
2021/7/27,6.4734,2.31,2.5991,2.2697,,0,,,100,
2021/7/28,6.4929,2.356,2.4863,2.3475,,0,,,100,
2021/7/29,6.4942,2.257,2.5624,2.4238,,200,,,300,
2021/7/30,6.4602,2.284,2.6069,2.4728,,200,,,300,
2021/8/2,6.466,2.071,2.3218,2.504,,0,,,100,
2021/8/3,6.461,2.041,2.3393,2.415,,0,,,100,
2021/8/4,6.4655,2.04,2.2164,2.3041,,0,,,100,
2021/8/5,6.4691,1.97,2.5066,2.1916,,-200,,,100,
2021/8/6,6.4625,1.994,2.1966,2.0997,,-200,,,100,
2021/8/9,6.484,2.145,2.4205,2.0321,,0,,,100,
2021/8/10,6.4842,2.348,2.6904,2.053,,0,,,100,
2021/8/11,6.4831,2.147,2.3863,2.1517,,0,,,100,
2021/8/12,6.4754,2.15,2.6393,2.1736,,0,,,100,
2021/8/13,6.4799,2.197,2.3795,2.1873,,0,,,100,
2021/8/16,6.4717,2.193,2.4521,2.2181,,0,,,100,
2021/8/17,6.4765,2.139,2.4121,2.2449,,0,,,100,
2021/8/18,6.4915,2.054,2.296,2.1997,2.8357,0,,,100,
2021/8/19,6.4853,2.091,2.6015,2.1787,,0,,,100,
2021/8/20,6.4984,2.115,2.3225,2.168,,0,,,100,
2021/8/23,6.4969,2.16,2.4228,2.1544,,0,,,100,
2021/8/24,6.4805,2.224,2.5497,2.1509,,0,,,100,
2021/8/25,6.4728,2.311,2.3954,2.1808,,400,,,500,
2021/8/26,6.473,2.319,2.5576,2.2737,,400,,,500,
2021/8/27,6.4863,2.329,2.4341,2.346,,450,,,500,
2021/8/30,6.4677,2.308,2.5239,2.3944,,400,,,500,
2021/8/31,6.4679,2.322,2.6909,2.4466,,350,,,500,
2021/9/1,6.468,2.104,2.2964,2.4805,,-400,,,100,
2021/9/2,6.4594,2.075,2.452,2.3998,,-400,,,100,
2021/9/3,6.4577,2.059,2.2609,2.3287,,-400,,,100,
2021/9/6,6.4529,2.151,2.3589,2.2653,,-400,,,100,
2021/9/7,6.4533,2.198,2.5135,2.2081,,-400,,,100,
2021/9/8,6.4674,2.201,2.4237,2.1725,,0,,,100,
2021/9/9,6.4615,2.158,2.5598,2.196,,0,,,100,
2021/9/10,6.4566,2.199,2.3934,2.2114,,0,,,100,
2021/9/13,6.4497,2.203,2.3883,2.224,,0,,,100,
2021/9/14,6.45,2.28,2.5602,2.2388,,0,,,100,
2021/9/15,6.4492,2.213,2.5337,2.2695,2.8502,0,,,100,
2021/9/16,6.433,2.234,2.7025,2.2818,,0,,,100,
2021/9/17,6.4527,2.398,2.6127,2.3144,,900,,,500,
2021/9/18,,2.234,2.4206,2.3945,,1000,,,500,
2021/9/22,6.4693,2.232,2.6021,2.3824,,900,,,600,
2021/9/23,6.4749,2.189,2.629,2.3725,,1100,,,600,
2021/9/24,6.4599,2.219,2.4451,2.3534,,700,,,,
2021/9/26,,2.19,2.5904,2.31,,550,,,,
2021/9/27,6.4695,1.984,2.8053,2.2328,,1000,,,,
2021/9/28,6.4608,2.115,3.0921,2.2764,,1000,,,,
2021/9/29,6.4662,2.45,3.2541,2.4444,,350,,,,
2021/9/30,6.4854,2.266,2.5054,2.7349,,400,,,,
2021/10/8,6.4604,2.17,2.52,2.7387,,-3300,,,100,
2021/10/9,,1.896,2.0984,2.7039,,100,,,100,
2021/10/11,6.4479,2.199,2.3718,2.5421,,-1900,,,100,
2021/10/12,6.4447,2.167,2.5095,2.3959,,-900,,,100,
2021/10/13,6.4612,2.202,2.4858,2.1922,,-900,,,100,
2021/10/14,6.4414,2.198,2.5336,2.1715,,-900,,,100,
2021/10/15,6.4386,2.132,2.4174,2.1721,,0,,,100,
2021/10/18,6.43,2.174,2.3551,2.2092,,-100,,,100,
2021/10/19,6.4307,2.283,2.5112,2.2069,,0,,,100,
2021/10/20,6.4069,2.221,2.4256,2.2238,,900,,,1000,
2021/10/21,6.389,2.055,2.3868,2.2276,,900,,,1000,
2021/10/22,6.4032,2.056,2.2539,2.2107,,900,,,1000,
2021/10/25,6.3924,2.243,2.4373,2.1773,,1900,,,2000,
2021/10/26,6.389,2.262,2.4361,2.2531,,1900,,,2000,
2021/10/27,6.3856,2.268,2.376,2.2966,2.9357,1000,,,2000,
2021/10/28,6.3957,2.301,2.679,2.3406,,1000,,,2000,
2021/10/29,6.3907,2.299,2.6301,2.3986,,1000,,,2000,
2021/11/1,6.4192,2.168,2.3276,2.4579,,-1900,,,100,
2021/11/2,6.4009,2.185,2.4718,2.3878,,-1900,,,100,
2021/11/3,6.4079,2.137,2.3716,2.3363,,-1500,,,500,
2021/11/4,6.3943,2.132,2.5502,2.2836,,-1500,,,500,
2021/11/5,6.398,2.129,2.3358,2.2326,,-1000,,,1000,
2021/11/8,6.3959,2.121,2.3386,2.1871,,900,,,1000,
2021/11/9,6.3903,2.191,2.4922,2.1849,,900,,,1000,
2021/11/10,6.3948,2.142,2.4131,2.2039,,500,,,1000,
2021/11/11,6.4145,2.113,2.5316,2.2074,,500,,,1000,
2021/11/12,6.4065,2.124,2.3099,2.2074,,0,,,1000,
2021/11/15,6.3896,2.1,2.296,2.2017,,-900,,,100,
2021/11/16,6.3924,2.096,2.4092,2.1978,,-500,,,500,
2021/11/17,6.3935,2.182,2.4154,2.1826,2.89,-500,,,500,
2021/11/18,6.3803,2.172,2.665,2.1988,,-500,,,500,
2021/11/19,6.3825,2.171,2.3953,2.2125,,-500,,,500,
2021/11/22,6.3952,2.109,2.2871,2.2223,,400,,,500,
2021/11/23,6.3929,2.17,2.4882,2.2279,,0,,,500,
2021/11/24,6.3903,2.269,2.4775,2.2596,,500,,,1000,
2021/11/25,6.398,2.231,2.6186,2.3171,,500,,,1000,
2021/11/26,6.3936,2.247,2.4244,2.371,,500,,,1000,
2021/11/29,6.3872,2.239,2.4533,2.4099,,500,,,1000,
2021/11/30,6.3794,2.297,2.516,2.4679,,500,,,1000,
2021/12/1,6.3693,2.121,2.3516,2.5694,,-900,,,100,
2021/12/2,6.3719,2.1,2.4485,2.5028,,-900,,,100,
2021/12/3,6.3738,2.078,2.3173,2.4264,,-900,,,100,
2021/12/6,6.3702,2.129,2.326,2.3586,,-900,11.5,,100,
2021/12/7,6.3738,2.159,2.3923,2.2915,,-900,,,100,
2021/12/8,6.3677,2.202,2.3953,2.206,,0,,,100,
2021/12/9,6.3498,2.22,2.5831,2.2409,,0,,,100,
2021/12/10,6.3702,2.184,2.376,2.2863,,0,,,100,
2021/12/13,6.3669,2.197,2.3809,2.3033,,0,,,100,
2021/12/14,6.3675,2.21,2.441,2.3161,,0,,,100,
2021/12/15,6.3716,2.201,2.4272,2.3475,2.8241,0,,11.5,100,
2021/12/16,6.3637,2.209,2.6571,2.3561,,0,,,100,
2021/12/17,6.3651,2.151,2.302,2.3581,,0,,,100,
2021/12/20,6.3933,2.121,2.3004,2.3548,,100,,,100,
2021/12/21,6.3729,2.087,2.3564,2.349,,100,,,100,
2021/12/22,6.3703,2.012,2.226,2.3286,,100,,,100,
2021/12/23,6.3651,2.023,2.36,2.2892,,100,,,100,
2021/12/24,6.3692,1.943,2.2816,2.2349,,100,,,100,
2021/12/27,6.3686,2.312,2.4131,2.1867,,400,,,500,
2021/12/28,6.3728,2.245,2.498,2.5573,,1900,,,2000,
2021/12/29,6.3735,2.25,2.6074,2.8862,,1900,,,2000,
2021/12/30,6.3674,2.321,2.6172,3.2161,,900,,,1000,
2021/12/31,6.3757,2.271,2.4761,3.5717,,900,,,1000,
2022/1/4,6.3794,2.099,2.3392,3.5411,,-2600,,,100,
2022/1/5,6.3779,2.148,2.323,3.1828,,-2000,,,100,
2022/1/6,6.3728,2.042,2.4325,2.8629,,-1000,,,100,
2022/1/7,6.3742,2.103,2.3703,2.5522,,-1000,,,100,
2022/1/10,6.3653,2.093,2.2446,2.2355,,100,,,100,
2022/1/11,6.3684,2.131,2.4288,2.1736,,0,,,100,
2022/1/12,6.3658,2.098,2.3182,2.1702,2.759,0,,,100,
2022/1/13,6.3542,2.202,2.5824,2.1694,,0,,,100,
2022/1/14,6.3677,2.213,2.3927,2.1978,,0,,,100,
2022/1/17,6.3599,2.183,2.471,2.2432,,900,,,1000,
2022/1/18,6.3521,2.088,2.4732,2.2736,,900,,,1000,
2022/1/19,6.3624,2.127,2.3672,2.2857,,900,,,1000,
2022/1/20,6.3485,2.113,2.6286,2.2922,,900,,,1000,
2022/1/21,6.3492,2.112,2.4811,2.2945,,900,,,1000,
2022/1/24,6.3411,2.132,2.4907,2.3006,,500,,,,
2022/1/25,6.3418,2.093,2.6164,2.3317,,500,,,,
2022/1/26,6.3246,2.088,2.5264,2.3398,,1000,,,,
2022/1/27,6.3382,2.12,2.5203,2.3394,,1000,,,,
2022/1/28,6.3746,2.25,2.5414,2.4183,,1000,,,,
2022/1/29,,2.251,2.2834,2.457,,1000,,,,
2022/1/30,,2.272,2.3221,2.4179,,1000,,,,
2022/2/7,6.358,2.102,2.6299,2.4072,,-1300,,,200,
2022/2/8,6.3569,2.087,2.3133,2.3964,,-1300,,,200,
2022/2/9,6.3653,2.01,2.2794,2.317,,-1800,,,200,
2022/2/10,6.3599,1.965,2.4497,2.2286,,-1800,,,200,
2022/2/11,6.3681,2.021,2.1817,2.1661,,-1800,,,200,
2022/2/14,6.3664,2.023,2.3251,2.1064,,-2100,,,100,
2022/2/15,6.3605,2,2.2418,2.0652,,-100,,,100,
2022/2/16,6.3463,2.057,2.2805,2.0452,2.75,-100,,,100,
2022/2/17,6.3321,2.002,2.5281,2.0465,,-100,,,100,
2022/2/18,6.3343,2.098,2.3197,2.055,,-100,,,100,
2022/2/21,6.3401,2.14,2.5127,2.0834,,0,,,100,
2022/2/22,6.3487,2.191,2.3868,2.1213,,900,,,1000,
2022/2/23,6.3313,2.176,2.2917,2.2079,,1900,,,2000,
2022/2/24,6.328,2.187,2.4142,2.2779,,1900,,,2000,
2022/2/25,6.3346,2.322,2.3409,2.3513,,2900,,,3000,
2022/2/28,6.3222,2.249,2.6591,2.4248,,2900,,,3000,
2022/3/1,6.3014,2.029,2.2888,2.4671,,-500,,,500,
2022/3/2,6.3351,2.046,2.2621,2.4012,,-1900,,,100,
2022/3/3,6.3016,2.005,2.434,2.3291,,-1900,,,100,
2022/3/4,6.3288,2.048,2.1568,2.2458,,-2900,,,100,
2022/3/7,6.3478,2.068,2.3219,2.1566,,-2900,,,100,
2022/3/8,6.3185,2.114,2.3124,2.0928,,-400,,,100,
2022/3/9,6.3178,2.059,2.2889,2.0855,2.8129,0,,,100,
2022/3/10,6.3105,2.082,2.4983,2.0908,,0,,,100,
2022/3/11,6.3306,2.102,2.2679,2.1075,,0,,,100,
2022/3/14,6.3506,2.104,2.4062,2.1293,,0,,,100,
2022/3/15,6.376,2.122,2.3686,2.1565,,0,,,100,
2022/3/16,6.38,2.115,2.3553,2.1971,,0,,,100,
2022/3/17,6.3406,2.083,2.4392,2.2267,,700,,,800,
2022/3/18,6.3425,2.073,2.3576,2.2396,,200,,,300,
2022/3/21,6.3677,2.104,2.4217,2.2369,,200,,,300,
2022/3/22,6.3664,2.073,2.3123,2.2368,,100,,,200,
2022/3/23,6.3558,2.074,2.3449,2.222,,100,,,200,
2022/3/24,6.364,2.056,2.5198,2.2115,,-600,,,200,
2022/3/25,6.3739,2.207,2.2828,2.2007,,700,,,1000,
2022/3/28,6.3732,2.188,2.3938,2.3693,,1200,,,1500,
2022/3/29,6.364,2.145,2.4665,2.5448,,1300,,,1500,
2022/3/30,6.3566,2.171,2.418,2.7295,,1300,,,1500,
2022/3/31,6.3482,2.197,2.8907,2.9014,,1300,,,1500,
2022/4/1,6.3509,2.017,2.2112,2.9689,,-900,,,100,
2022/4/2,,1.837,1.998,2.7851,,100,,,100,
2022/4/6,6.3799,2.004,2.3648,2.5219,,-4400,,,100,
2022/4/7,6.3659,2.051,2.3721,2.3526,,-1400,,,100,
2022/4/8,6.3653,1.985,2.1564,2.1876,,0,,,100,
2022/4/11,6.3645,1.947,2.1193,2.0639,,0,,,100,
2022/4/12,6.3795,2.04,2.372,2.0371,,200,,,200,
2022/4/13,6.3752,1.966,2.1911,2.0594,,0,,,100,
2022/4/14,6.354,1.905,2.3243,2.0257,,0,,,100,
2022/4/15,6.3896,1.822,2.0559,1.9949,,0,11.25,,100,
2022/4/18,6.3763,1.876,2.0571,1.9632,,0,,,100,
2022/4/19,6.372,1.801,2.1794,1.9418,,-100,,,100,
2022/4/20,6.3996,1.937,2.1141,1.915,2.8075,0,,,100,
2022/4/21,6.4098,1.804,2.2202,1.8869,,0,,,100,
2022/4/22,6.4596,1.7,1.8677,1.8539,,0,,,100,
2022/4/24,,1.809,1.9573,1.818,,100,,,100,
2022/4/25,6.4909,1.712,1.8479,1.7956,,0,,11.25,100,
2022/4/26,6.559,1.681,1.8573,1.8123,,0,,,100,
2022/4/27,6.5598,1.743,1.8451,1.824,,0,,,100,
2022/4/28,6.5628,1.88,1.961,1.8495,,0,,,100,
2022/4/29,6.6177,2.006,2.0449,1.9165,,0,,,100,
2022/5/5,6.5672,1.903,2.2191,1.9644,,-400,,,100,
2022/5/6,6.6332,1.789,1.9343,1.9508,,0,,,100,
2022/5/7,,1.699,1.8805,1.9315,,100,,,100,
2022/5/9,6.6899,1.814,1.9198,1.863,,100,,,100,
2022/5/10,6.7134,1.63,1.9934,1.8218,,100,,,100,
2022/5/11,6.729,1.708,1.889,1.7643,,100,,,100,
2022/5/12,6.7292,1.714,2.0896,1.7219,,0,,,100,
2022/5/13,6.7898,1.671,1.8303,1.6881,2.76,0,,,100,
2022/5/16,6.7871,1.714,1.8283,1.6814,,-100,,,100,
2022/5/17,6.7854,1.584,1.8691,1.6565,,0,,,100,
2022/5/18,6.7421,1.647,1.8208,1.6484,,0,,,100,
2022/5/19,6.7524,1.654,2.063,1.6513,,0,,,100,
2022/5/20,6.7487,1.665,1.8315,1.6585,,0,,,100,
2022/5/23,6.6756,1.693,1.7865,1.6692,,0,,,100,
2022/5/24,6.6566,1.681,1.9129,1.6716,,0,,,100,
2022/5/25,6.655,1.785,1.7439,1.6703,,0,,,100,
2022/5/26,6.6766,1.765,1.8538,1.7186,,0,,,100,
2022/5/27,6.7387,1.777,1.7407,1.7634,,0,,,100,
2022/5/30,6.7048,1.814,1.8118,1.7896,,0,,,100,
2022/5/31,6.6607,1.898,2.0982,1.8296,,0,,,100,
2022/6/1,6.6651,1.652,1.8466,1.8575,,0,,,100,
2022/6/2,6.7095,1.674,1.979,1.8147,,0,,,100,
2022/6/6,6.6691,1.701,1.835,1.7711,,-100,,,100,
2022/6/7,6.6649,1.708,1.8982,1.7427,,0,,,100,
2022/6/8,6.6634,1.689,1.8544,1.7095,,0,,,100,
2022/6/9,6.6811,1.707,2.0403,1.6813,,0,,,100,
2022/6/10,6.6994,1.675,1.7597,1.677,,100,,,100,
2022/6/13,6.7182,1.7,1.8155,1.6666,,0,,,100,
2022/6/14,6.7482,1.656,1.8854,1.661,,0,,,100,
2022/6/15,6.7518,1.708,1.8477,1.6543,,0,,,100,
2022/6/16,6.7099,1.688,2.079,1.6512,,0,,,100,
2022/6/17,6.6923,1.737,1.7971,1.6566,,0,,,100,
2022/6/20,6.712,1.829,1.9392,1.6718,,0,,,100,
2022/6/21,6.6851,1.796,1.994,1.6864,,0,,,100,
2022/6/22,6.7109,1.783,1.9483,1.7109,2.7387,0,,,100,
2022/6/23,6.7079,1.755,2.214,1.7308,,0,,,100,
2022/6/24,6.7,1.85,1.9286,1.7367,,500,,,600,
2022/6/27,6.685,1.992,2.0499,1.8655,,900,,,1000,
2022/6/28,6.693,1.98,2.1274,2.0066,,1000,,,1100,
2022/6/29,6.7035,2.025,2.187,2.1331,,900,,,1000,
2022/6/30,6.7114,2.2,2.9849,2.2735,,700,,,800,
2022/7/1,6.6863,1.798,1.9039,2.4581,,-500,,,100,
2022/7/4,6.7071,1.624,1.8186,2.3199,,-970,,,30,
2022/7/5,6.6986,1.669,1.8571,2.1635,,-1070,,,30,
2022/7/6,6.7246,1.641,1.8411,2.0232,,-970,,,30,
2022/7/7,6.7143,1.626,2.068,1.8786,,-770,,,30,
2022/7/8,6.7098,1.651,1.7875,1.7038,,-70,,,30,
2022/7/11,6.696,1.627,1.8035,1.6738,,0,,,30,
2022/7/12,6.7287,1.621,1.8375,1.6584,,0,,,30,
2022/7/13,6.7282,1.617,1.8538,1.6445,,0,,,30,
2022/7/14,6.7265,1.629,2.0478,1.6319,,0,,,30,
2022/7/15,6.7503,1.593,1.766,1.6243,,0,,,30,
2022/7/18,6.7447,1.646,1.7914,1.6165,,90,,,120,
2022/7/19,6.7451,1.629,1.8689,1.6197,,40,,,70,
2022/7/20,6.7465,1.679,1.8168,1.6185,2.7577,0,,,30,
2022/7/21,6.762,1.679,2.0671,1.6191,,0,,,30,
2022/7/22,6.7522,1.635,1.7488,1.6203,,0,,,30,
2022/7/25,6.7543,1.639,1.7085,1.6121,,-70,,,50,
2022/7/26,6.7483,1.632,1.712,1.6517,,-20,,,50,
2022/7/27,6.7731,1.613,1.6797,1.6763,,-10,,,20,
2022/7/28,6.7411,1.546,1.771,1.6865,,-10,,,20,
2022/7/29,6.7437,1.705,1.6938,1.6914,,-10,,,20,
2022/8/1,6.7467,1.56,1.7188,1.7126,,-30,,,20,
2022/8/2,6.7462,1.526,1.742,1.667,,-30,,,20,
2022/8/3,6.7813,1.385,1.5853,1.6245,,0,,,20,
2022/8/4,6.7636,1.381,1.7919,1.5773,,0,,,20,
2022/8/5,6.7405,1.384,1.5516,1.5359,,0,,,20,
2022/8/8,6.7695,1.391,1.5592,1.4874,,0,,,20,
2022/8/9,6.7584,1.409,1.6063,1.465,,0,,,20,
2022/8/10,6.7612,1.43,1.566,1.4516,,0,,,20,
2022/8/11,6.7324,1.404,1.7845,1.4565,,0,,,20,
2022/8/12,6.7413,1.413,1.5636,1.4575,2.69,0,,,20,
2022/8/15,6.741,1.425,1.5547,1.4589,,0,,,20,
2022/8/16,6.773,1.392,1.5982,1.4634,,0,,,20,
2022/8/17,6.7863,1.467,1.5869,1.4685,,0,,,20,
2022/8/18,6.7802,1.479,1.7602,1.4894,,0,,,20,
2022/8/19,6.8065,1.509,1.6688,1.5124,,0,,,20,
2022/8/22,6.8198,1.5089,1.6502,1.5332,,0,,,20,
2022/8/23,6.8523,1.499,1.7375,1.5483,,0,,,20,
2022/8/24,6.8388,1.445,1.6095,1.5551,,0,,,20,
2022/8/25,6.8536,1.515,1.6431,1.5453,,0,,,20,
2022/8/26,6.8486,1.745,1.7114,1.5826,,0,,,20,
2022/8/29,6.8698,1.639,1.7511,1.6381,,0,,,20,
2022/8/30,6.8802,1.649,1.7479,1.687,,0,,,20,
2022/8/31,6.8906,1.78,1.9072,1.7336,2.6,0,,,20,
2022/9/1,6.8821,1.497,1.7853,1.755,,0,,,20,
2022/9/2,6.8917,1.51,1.6299,1.7138,,0,,,20,
2022/9/5,6.8998,1.409,1.6331,1.67,,0,,,20,
2022/9/6,6.9096,1.449,1.701,1.6237,,0,,,20,
2022/9/7,6.916,1.524,1.6866,1.5794,,0,,,20,
2022/9/8,6.9148,1.502,1.7635,1.5572,,0,,,20,
2022/9/9,6.9098,1.476,1.6158,1.5591,,0,,,20,
2022/9/13,6.8928,1.521,1.7396,1.5586,,-20,,,20,
2022/9/14,6.9116,1.557,1.6964,1.5674,2.6305,0,,,20,
2022/9/15,6.9101,1.547,1.8664,1.5832,,0,,,20,
2022/9/16,6.9305,1.643,1.8188,1.5977,,0,,,20,
2022/9/19,6.9396,1.699,1.8108,1.6182,,120,,,20,
2022/9/20,6.9468,1.687,1.9579,1.6492,,240,,,20,
2022/9/21,6.9536,1.726,1.8813,1.6898,,190,,,20,
2022/9/22,6.9798,1.646,1.9372,1.7146,,160,,,20,
2022/9/23,6.992,1.608,1.8175,1.7239,,210,,,20,
2022/9/26,7.0298,1.84,1.9647,1.7174,,1330,,,420,
2022/9/27,7.0722,1.697,2.1837,1.7357,,1730,,,1130,
2022/9/28,7.1107,1.747,2.1633,1.7566,2.7034,1980,,,1330,
2022/9/29,7.1102,2.015,2.5101,1.7847,,1800,,,1050,
2022/9/30,7.0998,2.055,2.1322,1.9213,,1840,,,1280,
2022/10/8,,1.699,1.9322,2.0209,,-5940,,,170,
2022/10/9,,1.616,1.8155,1.9645,,20,,,20,
2022/10/10,7.0992,1.497,1.6683,1.8585,,-910,,,20,
2022/10/11,7.1075,1.621,1.8106,1.7943,,-600,,,20,
2022/10/12,7.1103,1.611,1.7589,1.6965,,-650,,,20,
2022/10/13,7.1101,1.638,2.1928,1.6228,,-750,,,20,
2022/10/14,7.1088,1.594,1.6637,1.6271,,-560,,,20,
2022/10/17,7.1095,1.558,1.7063,1.648,,-190,,,20,
2022/10/18,7.1086,1.53,1.7711,1.6412,,0,,,20,
2022/10/19,7.1105,1.547,1.6989,1.6243,2.677,0,,,20,
2022/10/20,7.1188,1.581,2.115,1.6163,,0,,,20,
2022/10/21,7.1186,1.682,1.7837,1.6131,,0,,,20,
2022/10/24,7.123,1.726,1.8347,1.6283,,80,,,100,
2022/10/25,7.1668,1.876,2.1596,1.6655,,2280,,,2300,
2022/10/26,7.1638,1.995,2.1468,1.9194,,2780,,,2800,
2022/10/27,7.157,2.013,2.176,2.0789,,2380,,,2400,
2022/10/28,7.1698,1.963,2.0377,2.1744,,880,,,900,
2022/10/31,7.1768,1.952,2.0124,2.1998,,600,,,700,
2022/11/1,7.2081,1.829,1.9407,2.2133,,-2150,,,150,
2022/11/2,7.2197,1.771,1.8931,2.0787,,-2620,,,180,
2022/11/3,7.2472,1.718,2.2168,1.9612,,-2330,,,70,
2022/11/4,7.2555,1.702,1.8316,1.8528,,-870,,,30,
2022/11/7,7.2292,1.786,1.8738,1.7921,,-680,,,20,
2022/11/8,7.215,1.812,1.9309,1.7472,,-130,,,20,
2022/11/9,7.2189,1.855,1.9593,1.7643,,-100,,,80,
2022/11/10,7.2422,1.938,2.261,1.812,,20,,,90,
2022/11/11,7.1907,1.888,2.0442,1.8565,,90,,,120,
2022/11/14,7.0899,1.846,2.022,1.8803,2.8,30,,,50,
2022/11/15,7.0421,1.929,2.1191,1.899,,1700,,,1720,
2022/11/16,7.0363,1.998,2.1382,1.931,,630,,,710,
2022/11/17,7.0655,1.863,2.2923,1.9673,,1230,,,1320,
2022/11/18,7.1091,1.791,1.9116,2.0122,,90,,,210,
2022/11/21,7.1256,1.675,1.8872,1.9901,,-20,,,30,
2022/11/22,7.1667,1.665,1.8985,1.9656,,-1700,,,20,
2022/11/23,7.1281,1.673,1.7827,1.9172,,-690,,,20,
2022/11/24,7.1201,1.769,1.949,1.8605,,-1240,,,80,
2022/11/25,7.1339,1.744,1.8394,1.9027,,-130,11,,80,
2022/11/28,7.1617,1.881,1.9271,1.9555,,520,,,550,
2022/11/29,7.1989,1.865,1.9711,1.9982,,780,,,800,
2022/11/30,7.1769,1.915,2.0627,2.0492,2.8892,1680,,,1700,
2022/12/1,7.1225,1.729,1.9992,2.1381,,20,,,100,
2022/12/2,7.0542,1.693,1.8576,2.0688,,-60,,,20,
2022/12/5,7.0384,1.689,1.8567,1.9978,,-530,,11,20,
2022/12/6,6.9746,1.677,1.9129,1.933,,-780,,,20,
2022/12/7,6.9975,1.663,1.8086,1.8764,,-1680,,,20,
2022/12/8,6.9606,1.71,2.0136,1.8005,,-80,,,20,
2022/12/9,6.9588,1.759,1.9397,1.8046,,0,,,20,
2022/12/12,6.9565,1.61,1.7791,1.819,,0,,,20,
2022/12/13,6.9746,1.748,1.9822,1.8354,,0,,,20,
2022/12/14,6.9535,1.669,1.8738,1.8795,,0,,,20,
2022/12/15,6.9343,1.626,1.8815,1.9656,,0,,,20,
2022/12/16,6.9791,1.752,2.0187,2.0001,,390,,,410,
2022/12/19,6.9746,1.8,1.9896,2.0492,,830,,,90,
2022/12/20,6.9861,1.807,2.113,2.0814,,1440,,,50,
2022/12/21,6.965,1.687,1.8811,2.0978,2.8251,1580,,,190,
2022/12/22,6.9713,1.579,1.9351,2.0746,,1550,,,40,
2022/12/23,6.981,1.687,1.8847,2.0636,,1640,,,20,
2022/12/26,6.9825,1.961,2.1899,2.0295,,2070,,,1730,
2022/12/27,6.9546,2.004,2.3459,2.4461,,2030,,,1940,
2022/12/28,6.9681,2.019,2.4058,2.9331,,1830,,,1890,
2022/12/29,6.9793,2.261,2.6234,3.3575,,2010,,,2050,
2022/12/30,6.9646,2.223,2.4214,3.5417,,1810,,,1830,
2022/12/31,,,,3.5899,,0,,,,
2023/1/3,6.9475,1.92,2.1061,,,-5340,,,500,
2023/1/4,6.9131,1.582,1.8436,3.1759,,-3270,,,30,
2023/1/5,6.8926,1.388,1.8605,2.7055,,-3560,,,20,
2023/1/6,6.8912,1.58,1.8323,2.2808,,-3840,,,20,
2023/1/9,6.8265,1.729,1.8832,2.0406,,-410,,,20,
2023/1/10,6.7611,1.933,2.0729,1.9191,,-620,,,20,
2023/1/11,6.7756,1.996,2.1675,1.9714,,710,,,650,
2023/1/12,6.768,1.992,2.4698,2.0976,,1150,,,650,
2023/1/13,6.7292,1.94,2.1077,2.1741,,1300,,,550,
2023/1/16,6.7135,2.054,2.3125,2.1665,,1540,,,820,
2023/1/17,6.7222,2.195,2.6541,2.2159,,5040,,,2050,
2023/1/18,6.7602,2.135,2.4845,2.2781,2.8733,5150,,,1330,
2023/1/19,6.7674,2.281,2.7967,2.2788,,4670,,,650,
2023/1/20,6.7702,1.988,2.0346,2.3107,,3260,,,620,
2023/1/28,,1.915,2.1844,2.2842,,-4760,,,2220,
2023/1/29,,1.854,1.9069,2.1971,,1280,,,1280,
2023/1/30,6.7626,2.05,2.1876,2.0868,,990,,,1730,
2023/1/31,6.7604,2.121,2.6178,2.0641,,1700,,,4710,
2023/2/1,6.7492,2.045,2.2493,2.0735,,-2920,,,1550,
2023/2/2,6.713,1.959,2.3313,2.1051,,-4010,,,660,
2023/2/3,6.7382,1.85,1.9886,2.1292,,-2960,,,230,
2023/2/6,6.7737,2.007,2.1872,2.111,,-3730,,,1500,
2023/2/7,6.7967,2.086,2.3783,2.1107,,-780,,,3930,
2023/2/8,6.7752,2.194,2.5615,2.1576,,4860,,,6410,
2023/2/9,6.7905,2.198,2.6195,2.2672,,3870,,,4530,
2023/2/10,6.7884,1.961,2.1347,2.3429,,1800,,,2030,
2023/2/13,6.8151,1.923,2.1023,2.3422,,-1040,,,460,
2023/2/14,6.8136,2.007,2.1394,2.3089,,-3020,,,910,
2023/2/15,6.8183,1.996,2.24,2.2616,,-4380,,,2030,
2023/2/16,6.8519,2.095,2.434,2.1965,,340,,,4870,
2023/2/17,6.8659,2.198,2.4813,2.1683,,6320,,,8350,
2023/2/20,6.8643,2.104,2.3572,2.3153,,2240,,,2700,
2023/2/21,6.8557,2.136,2.4387,2.36,,590,,,1500,
2023/2/22,6.8759,2.158,2.4972,2.3807,,970,,,3000,
2023/2/23,6.9028,2.163,2.5734,2.4757,,-1870,,,3000,
2023/2/24,6.8942,2.243,2.4297,2.526,2.88,-3650,,,4700,
2023/2/27,6.9572,2.177,2.4868,2.5059,,660,,,3360,
2023/2/28,6.9519,2.352,2.8516,2.5685,,3310,,,4810,
2023/3/1,6.94,2.09,2.2753,2.7131,,-1930,,,1070,
2023/3/2,6.8808,1.993,2.3517,2.6198,,-2270,,,730,
2023/3/3,6.9117,1.931,2.073,2.525,,-4520,,,180,
2023/3/6,6.8951,1.816,2.0057,2.3989,,-3290,,,70,
2023/3/7,6.9156,1.873,2.1583,2.2734,,-4780,,,30,
2023/3/8,6.9525,1.915,2.1569,2.1144,,-1030,,,40,
2023/3/9,6.9666,1.921,2.3631,2.0799,,-700,,,30,
2023/3/10,6.9655,2.013,2.2054,2.0733,,-30,,,150,
2023/3/13,6.9375,1.959,2.2025,2.1027,,340,,,410,
2023/3/14,6.8949,2.055,2.3415,2.1424,2.832,260,,,290,
2023/3/15,6.868,2.089,2.3564,2.193,,1000,,,1040,
2023/3/16,6.9149,2.177,2.5291,2.249,,1060,,,1090,
2023/3/17,6.9052,2.086,2.3242,2.3045,,1650,10.75,,1800,
2023/3/20,6.8694,2.163,2.3522,2.3386,,-110,,,300,
2023/3/21,6.8763,2.198,2.5226,2.356,,1530,,,1820,
2023/3/22,6.8715,2.078,2.3559,2.3827,,-370,,,670,
2023/3/23,6.8709,1.937,2.356,2.3902,,-450,,,640,
2023/3/24,6.8374,1.703,1.9979,2.3445,,-1730,,,70,
2023/3/27,6.8714,2.117,2.5906,2.2578,,2250,,10.75,2550,
2023/3/28,6.8749,2.028,2.6419,2.4553,,960,,,2780,
2023/3/29,6.8771,2.157,2.5723,2.6755,,1330,,,2000,
2023/3/30,6.8886,2.144,2.5904,2.903,,1750,,,2390,
2023/3/31,6.8717,2.215,2.6612,3.2423,,1820,,,1890,
2023/4/3,6.8805,1.924,2.1368,3.5365,,-2530,,,20,
2023/4/4,6.8699,1.87,2.136,3.2616,,-2760,,,20,
2023/4/6,6.8747,1.978,2.4098,2.9856,,-4310,,,80,
2023/4/7,6.8838,1.997,2.2777,2.7452,,-1720,,,170,
2023/4/10,6.8764,2.004,2.2213,2.4642,,160,,,180,
2023/4/11,6.8882,1.985,2.29,2.2203,,30,,,50,
2023/4/12,6.8854,1.997,2.1755,2.2294,,70,,,70,
2023/4/13,6.8658,1.998,2.4116,2.2233,,10,,,90,
2023/4/14,6.8606,2,2.1975,2.2068,,-20,,,150,
2023/4/17,6.8679,2.048,2.26,2.18,,20,,,200,
2023/4/18,6.8814,2.078,2.3772,2.2099,,330,,,380,
2023/4/19,6.8731,2.097,2.2891,2.2236,,250,,,320,
2023/4/20,6.8987,2.101,2.6157,2.2294,,250,,,340,
2023/4/21,6.8752,2.199,2.4205,2.2429,,730,,,880,
2023/4/23,,2.096,2.3288,2.3228,,890,,,890,
2023/4/24,6.8835,2.117,2.3555,2.3067,2.7887,950,,,1150,
2023/4/25,6.8847,2.022,2.2079,2.3818,,1270,,,1700,
2023/4/26,6.9237,2.062,2.1158,2.4196,,630,,,950,
2023/4/27,6.9207,2.211,2.4116,2.4375,,590,,,930,
2023/4/28,6.924,2.3,2.3681,2.438,,770,,,1650,
2023/5/4,6.9054,1.963,2.3079,2.4488,,-5240,,,330,
2023/5/5,6.9114,1.815,1.9377,2.344,,-1620,,,30,
2023/5/6,,1.745,1.8428,2.2378,,20,,,20,
2023/5/8,6.9158,1.795,1.9981,2.095,,20,,,20,
2023/5/9,6.9255,1.825,2.2042,2.0168,,20,,,20,
2023/5/10,6.9299,1.902,2.054,1.9563,,20,,,20,
2023/5/11,6.9101,1.803,2.1474,1.9289,,-310,,,20,
2023/5/12,6.9481,1.829,1.9689,1.9173,,-10,,,20,
2023/5/15,6.9654,1.874,2.0217,1.9391,,-20,,,20,
2023/5/16,6.9506,1.766,2.1448,1.9352,,0,,,20,
2023/5/17,6.9748,1.844,2.0347,1.9473,,0,,,20,
2023/5/18,6.9967,1.76,2.1628,1.9704,,0,,,20,
2023/5/19,7.0356,1.91,2.0308,1.9843,,0,,,20,
2023/5/22,7.0157,1.897,2.0279,1.9873,,0,,,20,
2023/5/23,7.0326,1.824,2.1437,1.9799,,0,,,20,
2023/5/24,7.056,1.762,1.9288,1.9568,2.67,0,,,20,
2023/5/25,7.0529,1.908,1.9598,1.9199,,50,,,70,
2023/5/26,7.076,1.992,2.0203,1.9675,,30,,,50,
2023/5/29,7.0575,1.937,2.0253,2.0148,,230,,,250,
2023/5/30,7.0818,1.993,2.0824,2.0553,,350,,,370,
2023/5/31,7.0821,2.058,2.2436,2.1088,,110,,,130,
2023/6/1,7.0965,1.848,2.1481,2.1416,,-50,,,20,
2023/6/2,7.0939,1.814,1.9872,2.0878,,-30,,,20,
2023/6/5,7.0904,1.847,1.9894,2.0408,,-230,,,20,
2023/6/6,7.1075,1.767,2.096,1.9947,,-350,,,20,
2023/6/7,7.1196,1.855,2.0394,1.9409,2.6507,-110,,,20,
2023/6/8,7.128,1.85,2.1092,1.9047,,0,,,20,
2023/6/9,7.1115,1.826,1.9332,1.8994,,0,,,20,
2023/6/12,7.1212,1.83,1.9691,1.8991,,0,,,20,
2023/6/13,7.1498,1.84,2.0899,1.9073,,0,,,20,
2023/6/14,7.1566,1.846,2.0388,1.9338,,0,,,20,
2023/6/15,7.1489,1.839,2.1432,1.9446,,0,,,20,
2023/6/16,7.1289,1.925,2.0687,1.9438,,400,,,420,
2023/6/19,7.1201,1.984,2.2243,1.9714,,870,,,890,
2023/6/20,7.1596,2.043,2.3531,2.027,,1800,,,1820,
2023/6/21,7.1795,2.009,2.2028,2.0859,,1430,,,1450,
2023/6/25,,1.95,2.465,2.138,,1520,,,1960,
2023/6/26,7.2056,1.867,2.1684,2.1507,,1550,,,2440,
2023/6/27,7.2098,1.851,2.272,2.2733,,320,,,2190,
2023/6/28,7.2101,1.867,2.3548,2.3821,,690,,,2140,
2023/6/29,7.2208,1.884,2.152,2.5066,,1980,,,1930,
2023/6/30,7.2258,2.063,2.4949,2.6304,,1030,,,1030,
2023/7/3,7.2157,1.795,2.0256,2.8346,,-4350,,,50,
2023/7/4,7.2046,1.758,2.0291,2.7125,,-2170,,,20,
2023/7/5,7.1968,1.808,1.9817,2.5752,,-2120,,,20,
2023/7/6,7.2098,1.763,2.0161,2.3927,,-1910,,,20,
2023/7/7,7.2054,1.779,1.9608,2.2128,,-1010,,,20,
2023/7/10,7.1926,1.726,1.9512,2,,-30,,,20,
2023/7/11,7.1886,1.744,1.9922,1.9461,,0,,,20,
2023/7/12,7.1765,1.781,1.9341,1.9117,2.6135,0,,,20,
2023/7/13,7.1527,1.782,2.1465,1.9028,,30,,,50,
2023/7/14,7.1318,1.806,2.03,1.9027,,180,,,200,
2023/7/17,7.1326,1.86,2.023,1.9199,,310,,,330,
2023/7/18,7.1453,1.892,2.0497,1.9446,,130,,,150,
2023/7/19,7.1486,1.872,2.0291,1.9595,,230,,,250,
2023/7/20,7.1466,1.832,2.1705,1.9628,,210,,,260,
2023/7/21,7.1456,1.826,1.9808,1.9585,,-70,,,130,
2023/7/24,7.1451,1.808,2.0051,1.9389,,-190,,,140,
2023/7/25,7.1406,1.843,2.0116,1.9139,,290,,,440,
2023/7/26,7.1295,1.853,1.9205,1.9622,,790,,,1040,
2023/7/27,7.1265,1.818,1.9613,2.0044,,880,,,1140,
2023/7/28,7.1338,1.826,1.9243,2.0349,,520,,,650,
2023/7/31,7.1305,1.963,1.9762,2.0392,,170,,,310,
2023/8/1,7.1283,1.806,2.0742,2.0488,,-360,,,80,
2023/8/2,7.1368,1.777,1.9439,1.9924,,-950,,,90,
2023/8/3,7.1495,1.671,2.0135,1.9353,,-1110,,,30,
2023/8/4,7.1418,1.64,1.8228,1.8715,,-630,,,20,
2023/8/7,7.138,1.737,1.8504,1.8187,,-280,,,30,
2023/8/8,7.1565,1.775,1.951,1.781,,-20,,,60,
2023/8/9,7.1588,1.782,1.9179,1.7757,,-70,,,20,
2023/8/10,7.1576,1.758,2.0496,1.7722,,20,,,50,
2023/8/11,7.1587,1.777,1.9297,1.7803,,0,,,20,
2023/8/14,7.1686,1.832,1.9163,1.7945,,30,,,60,
2023/8/15,7.1768,1.886,2.0724,1.8135,,1980,,,2040,
2023/8/16,7.1986,1.831,1.9993,1.8452,,2970,,,2990,
2023/8/17,7.2076,1.868,2.1615,1.8767,,1630,,,1680,
2023/8/18,7.2006,1.886,2.1289,1.9122,,960,,,980,
2023/8/21,7.1987,1.875,2.0828,1.9528,,280,,,340,
2023/8/22,7.1992,1.824,2.0128,1.9696,,-930,,,1110,
2023/8/23,7.1988,1.81,1.9881,1.9715,,20,,,3010,
2023/8/24,7.1886,1.795,2.0991,1.9699,2.52,-1070,,,610,
2023/8/25,7.1883,1.896,1.9716,1.9504,,1230,,,2210,
2023/8/28,7.1856,2.056,2.0908,1.9814,,2980,,,3320,
2023/8/29,7.1851,2.091,2.1856,2.0401,,2740,,,3850,
2023/8/30,7.1816,2.235,2.2466,2.12,,810,,,3820,
2023/8/31,7.1811,2.103,2.5531,2.2217,,1480,,,2090,
2023/9/1,7.1788,1.814,1.9887,2.2885,,-1200,,,1010,
2023/9/4,7.1786,1.728,1.9317,2.2458,,-3200,,,120,
2023/9/5,7.1783,1.733,2.0091,2.1682,,-3710,,,140,
2023/9/6,7.1969,1.795,1.9119,2.0715,,-3560,,,260,
2023/9/7,7.1986,1.904,2.2501,1.9722,,1210,,,3300,
2023/9/8,7.215,1.835,2.0635,1.9372,,2620,,,3630,
2023/9/11,7.2148,1.955,2.131,1.9507,,2030,,,2150,
2023/9/12,7.1986,1.931,2.2342,1.9837,,1950,,,2090,
2023/9/13,7.1894,1.874,2.0617,2.0155,,390,,,650,
2023/9/14,7.1874,1.917,2.379,2.0304,,-2200,10.5,,1100,
2023/9/15,7.1786,1.9,2.1452,2.0349,,-2240,,10.5,1050,
2023/9/18,7.1736,1.891,2.1177,2.0322,,290,,,1840,
2023/9/19,7.1733,1.925,2.2313,2.0361,,590,,,2080,
2023/9/20,7.1732,1.961,2.1819,2.068,2.6436,2260,,,2050,
2023/9/21,7.173,1.951,2.4282,2.109,,1410,,,1690,
2023/9/22,7.1729,1.988,2.4347,2.1212,,970,,,,
2023/9/25,7.1727,2.005,2.5688,2.168,,1350,,,,
2023/9/26,7.1727,1.969,3.047,2.2208,,1700,,,,
2023/9/27,7.1717,1.848,2.8759,2.2695,,4120,,,2000,
2023/9/28,7.1798,2.195,2.5844,2.2945,,4400,,,1010,
2023/10/7,,1.831,2.113,2.3865,,-6250,,,2000,
2023/10/8,,1.764,1.8471,2.2795,,200,,,200,
2023/10/9,7.1789,1.801,1.9583,2.1567,,-2990,,,200,
2023/10/10,7.1781,1.861,2.1016,2.0886,,-3110,,,670,
2023/10/11,7.1779,1.895,2.1243,2.0608,,-3150,,,1020,
2023/10/12,7.1776,1.889,2.3617,2.0037,,-3460,,,1620,
2023/10/13,7.1775,1.893,2.0683,2.0492,,950,,,950,
2023/10/16,7.1798,1.793,2.0758,2.08,,-1340,,,1060,
2023/10/17,7.1796,1.844,2.1569,2.0754,,40,,,710,
2023/10/18,7.1795,1.899,2.1128,2.0571,,30,,,1050,
2023/10/19,7.1795,1.929,2.5039,2.0628,,1820,,,3440,
2023/10/20,7.1793,2.103,2.6249,2.164,,7330,,,8280,
2023/10/23,7.1792,1.933,2.3941,2.3899,,7020,,,8080,
2023/10/24,7.1786,1.988,2.825,2.4783,2.7103,5220,,,5930,
2023/10/25,7.1785,2.006,2.3792,2.6169,,3950,,,5000,
2023/10/26,7.1784,2.045,2.3569,2.803,,800,,,4240,
2023/10/27,7.1782,2.053,2.1847,2.7711,,-3290,,,4990,
2023/10/30,7.1781,2.041,2.256,2.6468,,-1500,,,6580,
2023/10/31,7.1779,1.965,2.4152,2.6245,,190,,,6120,
2023/11/1,7.1778,1.889,2.4168,2.6473,,-1090,,,3910,
2023/11/2,7.1797,1.837,2.2197,2.5789,,-2300,,,1940,
2023/11/3,7.1796,1.742,1.9449,2.4633,,-4560,,,430,
2023/11/6,7.178,1.752,2.0089,2.3294,,-6400,,,180,
2023/11/7,7.1776,1.817,2.2216,2.2183,,-2590,,,3530,
2023/11/8,7.1773,1.822,2.0698,2.085,,830,,,4740,
2023/11/9,7.1772,1.824,2.147,1.9932,,80,,,2020,
2023/11/10,7.1771,1.826,2.1044,1.9954,,1600,,,2030,
2023/11/13,7.1769,1.84,2.0525,2.0194,,950,,,1130,
2023/11/14,7.1768,1.967,2.2265,2.0454,,710,,,4240,
2023/11/15,7.1752,1.896,2.1933,2.0988,,210,,,4950,
2023/11/16,7.1724,1.951,2.3456,2.1431,,1750,,,3770,
2023/11/17,7.1728,1.9622,2.3023,2.1853,,1490,,,3520,
2023/11/20,7.1612,1.962,2.185,2.2238,,920,,,2050,
2023/11/21,7.1406,1.961,2.2806,2.2415,,-1050,,,3190,
2023/11/22,7.1254,1.997,2.2089,2.2388,,-350,,,4600,
2023/11/23,7.1212,1.949,2.2964,2.2541,,1420,,,5190,
2023/11/24,7.1151,2.195,2.4375,2.2599,2.67,3120,,,6640,
2023/11/27,7.1159,2.094,2.335,2.4259,,2960,,,5010,
2023/11/28,7.1132,2.051,2.4175,2.6035,,910,,,4150,
2023/11/29,7.1031,2.076,2.3815,2.7821,,-170,,,4380,
2023/11/30,7.1018,2.166,2.808,2.9815,,1440,,,6630,
2023/12/1,7.1104,1.795,2.0485,3.0042,,-5450,,,1190,
2023/12/4,7.1011,1.759,2.0284,2.7958,,-4340,,,670,
2023/12/5,7.1127,1.816,2.0986,2.5933,,-2050,,,2100,
2023/12/6,7.114,1.763,1.9647,2.4267,,-1980,,,2400,
2023/12/7,7.1176,1.755,2.3277,2.2463,,-3000,,,3630,
2023/12/8,7.1123,1.798,2.0643,2.1743,,780,,,1970,
2023/12/11,7.1163,1.855,2.1173,2.2018,,2180,,,2850,
2023/12/12,7.1174,1.839,2.1578,2.2562,,2040,,,4140,
2023/12/13,7.1126,1.789,2.0649,2.2867,,250,,,2650,
2023/12/14,7.109,1.763,2.2124,2.2863,,-1010,,,2620,
2023/12/15,7.0957,1.753,2.0398,2.2793,,-1470,,,500,
2023/12/18,7.0933,1.818,2.0054,2.2539,,-410,,,1840,
2023/12/19,7.0982,1.767,2.0193,2.2279,,-1130,,,1190,
2023/12/20,7.0966,1.784,2.0373,2.1887,2.5936,200,,,1340,
2023/12/21,7.1012,1.801,2.1928,2.1802,,1590,,,1950,
2023/12/22,7.0953,1.762,2.0255,2.1811,,2810,,,400,
2023/12/25,7.101,1.822,2.1737,2.1627,,2870,,,3810,
2023/12/26,7.0965,1.844,2.164,2.5966,,3440,,,3830,
2023/12/27,7.1002,1.864,2.1423,3.1011,,2920,,,4210,
2023/12/28,7.0974,1.937,2.3153,3.3757,,1790,,,3740,
2023/12/29,7.0827,1.867,2.2594,3.4436,,1550,,,1950,
2023/12/31,,,,3.3508,,0,,,,
2024/1/2,7.077,1.786,2.0689,,,-8690,,,1370,
2024/1/3,7.1002,1.805,1.9824,2.9552,,-5580,,,140,
2024/1/4,7.0997,1.783,2.0277,2.5462,,-5850,,,150,
2024/1/5,7.1029,1.77,1.9842,2.2879,,-4110,,,750,
2024/1/8,7.1006,1.772,1.9244,2.1645,,-400,,,500,
2024/1/9,7.101,1.79,2.1275,2.145,,-1570,,,650,
2024/1/10,7.1055,1.797,2.1055,2.1607,,60,,,200,
2024/1/11,7.1087,1.799,2.2667,2.1664,,120,,,270,
2024/1/12,7.105,1.846,2.081,2.1693,,-100,,,650,
2024/1/15,7.1084,1.862,2.1593,2.1666,,390,,,890,
2024/1/16,7.1134,1.934,2.1832,2.1857,,6950,,,7600,
2024/1/17,7.1168,1.943,2.2373,2.2127,2.4802,5270,,,5470,
2024/1/18,7.1174,1.819,2.2727,2.2483,,730,,,1000,
2024/1/19,7.1167,1.831,2.0422,2.2366,,60,,,710,
2024/1/22,7.1105,1.844,2.0211,2.2181,,330,,,1220,
2024/1/23,7.1117,1.807,2.1348,2.2002,,-2950,,,4650,
2024/1/24,7.1053,1.84,2.1599,2.1786,,-840,10,,4630,
2024/1/25,7.1044,1.872,2.3177,2.1627,,3660,,,4660,
2024/1/26,7.1074,1.899,2.2504,2.2405,,3900,,,4610,
2024/1/29,7.1097,1.863,2.1326,2.3241,,3780,,,5000,
2024/1/30,7.1055,1.959,2.2123,2.3612,,980,,,5630,
2024/1/31,7.1039,1.829,2.1239,2.3773,,810,,,5440,
2024/2/1,7.1049,1.809,2.3097,2.3847,,-4230,,,430,
2024/2/2,7.1006,1.846,2.1778,2.3318,,-3640,,,830,
2024/2/4,,1.958,2.2697,2.2812,,430,,,,
2024/2/5,7.107,1.946,2.3053,2.1961,,-4000,,10,,
2024/2/6,7.1082,1.966,2.5535,2.154,,-2240,,,,
2024/2/7,7.1049,1.947,2.35,2.0976,,-1480,,,,
2024/2/8,7.1063,1.791,2.242,2.0478,,3020,,,900,
2024/2/9,7.1036,1.857,1.9199,1.9605,,530,,,440,
2024/2/18,,1.817,2.3251,1.9307,,-860,,,1050,
2024/2/19,7.1032,1.785,2.0042,1.8889,,-680,,,320,
2024/2/20,7.1068,1.787,1.9351,1.9132,,-2980,,,410,
2024/2/21,7.103,1.819,1.9312,1.9097,,-3470,,,490,
2024/2/22,7.1018,1.815,2.3672,1.9391,,-1970,,,580,
2024/2/23,7.1064,1.816,2.0516,1.9686,2.35,1550,,,2470,
2024/2/26,7.108,1.883,2.0593,2.023,,1920,,,3290,
2024/2/27,7.1057,1.904,2.0654,2.0491,,3430,,,3840,
2024/2/28,7.1075,1.8178,1.8992,2.087,,2750,,,3240,
2024/2/29,7.1036,1.775,2.3813,2.1009,,590,,,1170,
2024/3/1,7.1059,1.806,2.0501,2.0991,,-2370,,,100,
2024/3/4,7.102,1.811,2.0216,2.0686,,-3190,,,100,
2024/3/5,7.1027,1.855,2.193,2.0445,,-3740,,,100,
2024/3/6,7.1016,1.822,2.0204,2.0281,,-3140,,,100,
2024/3/7,7.1002,1.827,2.1901,2.0187,,-1070,,,100,
2024/3/8,7.0978,1.848,2.0434,2.0093,,0,,,100,
2024/3/11,7.0969,1.853,2.0467,2.0062,,0,,,100,
2024/3/12,7.0963,1.853,2.1058,2.0025,,0,,,100,
2024/3/13,7.093,1.882,2.066,1.9955,,-70,,,30,
2024/3/14,7.0974,1.88,2.3635,1.9913,2.3126,-70,,,30,
2024/3/15,7.0975,1.89,2.135,1.9954,,30,,,130,
2024/3/18,7.0943,1.854,2.0253,1.9926,,0,,,100,
2024/3/19,7.0985,1.87,2.2165,1.9923,,-50,,,50,
2024/3/20,7.0968,1.844,2.0829,1.9946,,0,,,30,
2024/3/21,7.0942,1.834,2.3096,2.0002,,-10,,,20,
2024/3/22,7.1004,1.845,2.0219,2.0174,,-110,,,20,
2024/3/25,7.0996,1.898,2.1001,2.0375,,400,,,500,
2024/3/26,7.0943,1.957,2.1977,2.1029,,1450,,,1500,
2024/3/27,7.0946,1.972,2.1176,2.1741,,2470,,,2500,
2024/3/28,7.0948,1.948,2.2928,2.2552,,2480,,,2500,
2024/3/29,7.095,1.967,2.1246,2.3106,,1480,,,1500,
2024/4/1,7.0938,1.857,2.1002,2.4663,,-480,,,20,
2024/4/2,7.0957,1.833,2.115,2.4136,,-1480,,,20,
2024/4/3,7.0949,1.821,2.0182,2.3481,2.2606,-2480,,,20,
2024/4/7,,1.805,2.6551,2.2489,,-3980,,,20,
2024/4/8,7.0947,1.815,2.0653,2.1295,,0,,,20,
2024/4/9,7.0956,1.816,2.0757,1.9912,,0,,,20,
2024/4/10,7.0959,1.817,2.0761,1.957,,0,,,20,
2024/4/11,7.0968,1.815,2.2367,1.9308,,20,,,20,
2024/4/12,7.0967,1.82,1.9998,1.9202,,20,,,20,
2024/4/15,7.0979,1.797,2.005,1.9246,,-20,,,20,
2024/4/16,7.1028,1.805,2.0651,1.9128,,0,,,20,
2024/4/17,7.1025,1.816,2.0946,1.9122,,0,,,20,
2024/4/18,7.102,1.836,2.1908,1.914,,0,,,20,
2024/4/19,7.1046,1.87,2.0076,1.9174,,0,,,20,
2024/4/22,7.1043,1.831,2.0176,1.918,,0,,,20,
2024/4/23,7.1059,1.824,2.1273,1.9165,,0,,,20,
2024/4/24,7.1048,1.855,1.9804,1.9161,,0,,,20,
2024/4/25,7.1058,1.885,1.9969,1.921,,0,,,20,
2024/4/26,7.1056,1.912,1.9845,1.9313,,0,,,20,
2024/4/28,,1.951,1.9737,1.9444,,20,,,20,
2024/4/29,7.1066,2.08,2.0745,1.9566,,0,,,20,
2024/4/30,7.1063,2.109,2.1355,1.9981,,4380,,,4400,
2024/5/6,7.0994,1.874,2.0962,2.028,,-80,,,20,
2024/5/7,7.1002,1.845,2.003,2.0158,,-4380,,,20,
2024/5/8,7.1016,1.867,2.0211,1.9926,,20,,,20,
2024/5/9,7.1028,1.822,2.1639,1.9732,,20,,,20,
2024/5/10,7.1011,1.836,1.9279,1.9346,,20,,,20,
2024/5/11,,1.85,1.9341,1.8957,,20,,,20,
2024/5/13,7.103,1.836,2.0495,1.8799,,0,,,20,
2024/5/14,7.1053,1.837,2.0293,1.8767,,0,,,20,
2024/5/15,7.1049,1.808,1.9481,1.8651,,0,,,20,
2024/5/16,7.102,1.801,2.1292,1.8503,,0,,,20,
2024/5/17,7.1045,1.808,1.8861,1.8397,,0,,,20,
2024/5/20,7.1042,1.803,1.9972,1.8283,,-20,,,20,
2024/5/21,7.1069,1.847,2.0551,1.8185,,0,,,20,
2024/5/22,7.1077,1.838,1.9699,1.8247,,0,,,20,
2024/5/23,7.1098,1.829,2.148,1.8333,,0,,,20,
2024/5/24,7.1102,1.818,1.9369,1.8347,2.27,0,,,20,
2024/5/27,7.1091,1.888,1.8611,1.8363,,0,,,20,
2024/5/28,7.1101,1.885,1.8407,1.8638,,0,,,20,
2024/5/29,7.1106,1.897,1.8691,1.8865,,2480,,,2500,
2024/5/30,7.1111,1.903,1.868,1.9102,,2580,,,2600,
2024/5/31,7.1088,1.851,1.8187,1.9339,,980,,,1000,
2024/6/3,7.1086,1.811,1.9949,1.9335,,0,,,20,
2024/6/4,7.1083,1.785,1.9725,1.9098,,0,,,20,
2024/6/5,7.1097,1.776,1.8804,1.8868,,-2480,,,20,
2024/6/6,7.1108,1.78,2.0381,1.8621,,-2580,,,20,
2024/6/7,7.1106,1.751,1.8768,1.8413,,-980,,,20,
2024/6/11,7.1135,1.802,2.0022,1.8351,,-20,,,20,
2024/6/12,7.1133,1.796,1.8931,1.8352,2.2392,0,,,20,
2024/6/13,7.1122,1.817,2.0023,1.833,,0,,,20,
2024/6/14,7.1151,1.813,1.9062,1.833,,0,,,20,
2024/6/17,7.1149,1.862,1.9081,1.8339,,40,,,40,
2024/6/18,7.1148,1.882,2.0852,1.8423,,840,,,860,
2024/6/19,7.1159,1.861,1.9631,1.8592,,2760,,,2780,
2024/6/20,7.1192,1.89,2.1018,1.8771,,180,,,200,
2024/6/21,7.1196,1.939,2.0427,1.8946,,80,,,100,
2024/6/24,7.1201,2.008,1.9965,1.9387,,460,,,500,
2024/6/25,7.1225,2.014,2.0856,2.0381,,2140,,,3000,
2024/6/26,7.1248,2.083,2.1128,2.1162,,-280,,,2500,
2024/6/27,7.127,2.028,2.1494,2.1894,,800,,,1000,
2024/6/28,7.1268,2.099,2.0675,2.263,,400,,,500,
2024/7/1,7.1265,1.802,1.9358,2.3406,,-480,,,20,
2024/7/2,7.1291,1.796,1.9877,2.2547,,-2980,,,20,
2024/7/3,7.1312,1.8,1.8855,2.1588,,-2480,,,20,
2024/7/4,7.1305,1.811,2.0473,2.0648,,-980,,,20,
2024/7/5,7.1289,1.807,1.8894,1.9748,,-480,,,20,
2024/7/8,7.1286,1.82,1.939,1.8771,,0,,,20,
2024/7/9,7.131,1.804,1.9694,1.8636,,0,,,20,
2024/7/10,7.1342,1.8,1.8897,1.8631,2.2287,0,,,20,
2024/7/11,7.1339,1.803,2.005,1.8613,,0,,,20,
2024/7/12,7.1315,1.801,1.879,1.8573,,0,,,20,
2024/7/15,7.1313,1.821,1.9085,1.8518,,1270,,,1290,
2024/7/16,7.1328,1.894,2.0272,1.8522,,6740,,,6760,
2024/7/17,7.1318,1.885,1.9994,1.8708,,2680,,,2700,
2024/7/18,7.1285,1.893,2.1323,1.8866,,470,,,490,
2024/7/19,7.1315,1.855,1.9468,1.8977,,570,,,590,
2024/7/22,7.1335,1.715,1.8437,1.9076,,-708,,,582,
2024/7/23,7.1334,1.751,1.9184,1.8952,,-4087,,,2673,
2024/7/24,7.1358,1.742,1.8894,1.88,,-2039,,,661,
2024/7/25,7.1321,1.871,1.8886,1.869,,1861,,,2351,
2024/7/26,7.127,1.913,1.8079,1.9,,2990.5,,,3580.5,
2024/7/29,7.1316,1.895,1.8507,1.9182,,2433.7,,,3015.7,
2024/7/30,7.1364,1.814,1.8451,1.9422,,-510.3,,,2162.7,
2024/7/31,7.1346,1.772,1.717,1.9548,,1855.7,,,2516.7,
2024/8/1,7.1323,1.7,1.9181,1.9549,,-2247.3,,,103.7,
2024/8/2,7.1376,1.7,1.7783,1.9176,,-3568.8,,,11.7,
2024/8/5,7.1345,1.694,1.7844,1.8817,,-3009,,,6.7,
2024/8/6,7.1318,1.687,1.8955,1.8504,,-2156.5,,,6.2,
2024/8/7,7.1386,1.708,1.8145,1.8292,,-2516.7,,,,
2024/8/8,7.146,1.763,1.8893,1.8201,,-32.7,,,71,
2024/8/9,7.1449,1.795,1.8682,1.8272,,117.3,,,129,
2024/8/12,7.1458,1.893,1.9881,1.842,,738.3,,,745,
2024/8/13,7.1479,1.828,2.0936,1.871,,3850.8,,,3857,
2024/8/14,7.1415,1.869,1.9646,1.8995,,3692,,,3692,
2024/8/15,7.1399,1.814,1.9361,1.9138,,5706,,,5777,
2024/8/16,7.1464,1.811,1.8595,1.9218,,1249,,,1378,
2024/8/19,7.1415,1.722,1.8424,1.915,,-224,,,521,
2024/8/20,7.1325,1.761,1.9958,1.8931,,-2366,,,1491,
2024/8/21,7.1307,1.808,1.8949,1.8765,,-1112,,,2580,
2024/8/22,7.1228,1.821,1.9219,1.8711,,-2184,,,3593,
2024/8/23,7.1358,1.825,1.8988,1.8746,2.11,2415,,,3793,
2024/8/26,7.1139,1.936,1.81,1.8882,,4189,,,4710,
2024/8/27,7.1249,1.869,1.8462,1.9325,,3234,,,4725,
2024/8/28,7.1216,1.758,1.7612,1.9519,,193,,,2773,
2024/8/29,7.1299,1.628,1.6947,1.9474,2.17,-2084,,,1509,
2024/8/30,7.1124,1.647,1.7134,1.9201,,-3492,,,301,
2024/9/2,7.1027,1.689,1.8099,1.9009,,-4675,,,35,
2024/9/3,7.1112,1.68,1.8844,1.8639,,-4713,,,12,
2024/9/4,7.1148,1.67,1.8197,1.8447,,-2766,,,7,
2024/9/5,7.0989,1.68,1.8051,1.8433,,-876,,,633,
2024/9/6,7.0925,1.676,1.8491,1.8522,,1114,,,1415,
2024/9/9,7.0989,1.833,1.9364,1.8588,,880,,,915,
2024/9/10,7.1136,1.834,2.0672,1.8772,,1848,,,1860,
2024/9/11,7.1182,1.776,1.9036,1.8977,,2093,,,2100,
2024/9/12,7.1214,1.794,1.8979,1.9085,,975,,,1608,
2024/9/13,7.103,1.806,1.9219,1.9124,,947,,,2362,
2024/9/14,,1.746,1.8207,1.9234,,1387,,,1387,
2024/9/18,7.087,1.86,2.0185,1.8608,,807,,,5682,
2024/9/19,7.0983,1.947,2.0567,1.8678,,3628,,,5236,
2024/9/20,7.0644,1.929,2.0784,1.9049,,3357,,,5719,
2024/9/23,7.0531,1.859,2.057,1.942,,959,,,1601,
2024/9/24,7.051,1.92,1.941,1.9621,2.0147,4600,,,,
2024/9/25,7.0202,1.873,1.9037,2.0224,,-3717,,,,
2024/9/26,7.0354,1.838,1.919,2.023,,-2313.5,,,,
2024/9/27,7.0101,1.661,1.854,2.0295,,-2939,9.5,9.5,,
2024/9/29,,1.727,1.8414,2.0155,,1820,,,1820,
2024/9/30,7.0074,1.522,1.6246,2,,520,,,2121,
2024/10/8,7.0709,1.697,1.9272,1.9548,,-8869,,,417,
2024/10/9,7.0568,1.803,2.1465,1.9796,,-1355,,,610,
2024/10/10,7.0742,1.7,1.9655,2.0831,,-1420,,,1500,
2024/10/11,7.0731,1.526,1.7869,2.0799,,-1838,,,942,
2024/10/12,,1.511,1.6801,2.0413,,232,,,232,
2024/10/14,7.0723,1.587,1.7613,1.9465,,195,,,195,
2024/10/15,7.083,1.517,1.7941,1.9116,,266,,,683,
2024/10/16,7.1191,1.59,1.8209,1.8112,,5814,,,6424,
2024/10/17,7.122,1.549,1.8373,1.7961,,-174,,,1326,
2024/10/18,7.1274,1.568,1.7725,1.801,,142,,,1084,
2024/10/21,7.0982,1.584,1.7785,1.8438,,1662,,,2089,
2024/10/22,7.1223,1.579,1.8557,1.8432,,901,,,1584,
2024/10/23,7.1245,1.595,1.8272,1.8498,,1503,,,7927,
2024/10/24,7.1286,1.596,1.8743,1.8524,2.1217,6663,,,7989,
2024/10/25,7.109,1.703,1.7138,1.8528,,1844.8,,,2926,
2024/10/28,7.1307,1.658,1.7162,1.8826,,327,,,2416,
2024/10/29,7.1283,1.75,1.8521,1.8876,,2244,,,3828,
2024/10/30,7.139,1.656,1.6928,1.895,,-3617,,,4310,
2024/10/31,7.125,1.656,1.677,1.8967,,-4713,,,3276,
2024/11/1,7.1135,1.507,1.7174,1.8923,,-2755,,,171,
2024/11/4,7.1203,1.496,1.6631,1.8514,,-2243,,,173,
2024/11/5,7.1016,1.5,1.767,1.8224,,-3645,,,183,
2024/11/6,7.0993,1.5,1.6895,1.7937,,-4137,,,173,
2024/11/7,7.1659,1.555,1.7794,1.7722,,-3084,,,192,
2024/11/8,7.1433,1.645,1.8067,1.7632,,-49,,,122,
2024/11/11,7.1786,1.655,1.8036,1.7736,,1164,,,1337,
2024/11/12,7.1927,1.687,1.9395,1.7991,,1072,,,1255,
2024/11/13,7.1991,1.644,1.8264,1.8282,,2157,,,2330,
2024/11/14,7.1966,1.674,1.831,1.8502,,3090,,,3282,
2024/11/15,7.1992,1.685,1.8271,1.8622,,9688,,,9810,
2024/11/18,7.1907,1.697,1.8166,1.8627,,389,,,1726,
2024/11/19,7.1911,1.693,1.9238,1.8553,,1628,,,2883,
2024/11/20,7.1935,1.684,1.8254,1.8431,,691,,,3021,
2024/11/21,7.1934,1.659,1.8318,1.8348,,1419,,,4701,
2024/11/22,7.1942,1.653,1.7972,1.8288,2.04,-3459,,,6351,
2024/11/25,7.1918,1.727,1.7062,1.8218,,767,,,2493,
2024/11/26,7.191,1.723,1.7782,1.8347,,110,,,2993,
2024/11/27,7.1982,1.7,1.7071,1.8314,,-338,,,2683,
2024/11/28,7.1894,1.726,1.6836,1.8255,,-2786.7,,,1903,
2024/11/29,7.1877,1.631,1.6899,1.8268,,-1561,,,4790,
2024/12/2,7.1865,1.591,1.7163,1.8219,,-2160,,,333,
2024/12/3,7.1996,1.601,1.8166,1.7909,,-2480,,,513,
2024/12/4,7.1934,1.588,1.702,1.7783,,-2270,,,413,
2024/12/5,7.1879,1.688,1.8183,1.7726,,-1530,,,373,
2024/12/6,7.1848,1.686,1.8181,1.7762,,-2881,,,1909,
2024/12/9,7.187,1.736,1.8382,1.79,,138,,,471,
2024/12/10,7.1896,1.784,1.9945,1.8185,,903,,,1416,
2024/12/11,7.1843,1.722,1.8345,1.8539,1.8039,373,,,786,
2024/12/12,7.1854,1.635,1.8435,1.8691,,288,,,661,
2024/12/13,7.1876,1.758,1.866,1.8842,,142,,,2051,
2024/12/16,7.1882,1.762,1.8753,1.8967,,7060,,,7531,
2024/12/17,7.1891,1.787,2.0241,1.9137,,2138,,,3554,
2024/12/18,7.188,1.776,1.8795,1.9565,,3090,,,3876,
2024/12/19,7.1911,1.627,1.8129,1.9586,,145,,,806,
2024/12/20,7.1901,1.62,1.7346,1.9335,,-1035,,,1016,
2024/12/23,7.187,1.525,1.6495,1.8928,,-6435,,,1096,
2024/12/24,7.1876,1.489,1.7519,1.8399,,-2913,,,641,
2024/12/25,7.1868,1.516,1.4868,1.7696,,-1953,,,1923,
2024/12/26,7.1897,1.533,1.6048,1.7949,,269.5,,,1063,
2024/12/27,7.1893,1.74,1.7726,1.859,,62,,,1078,
2024/12/30,7.1889,1.95,1.9406,1.9424,,-205,,,891,
2024/12/31,7.1884,1.966,,2.0318,,936,,,1577,
2025/1/2,7.1879,1.643,1.7606,2.1295,,-2738,,,248,
2025/1/3,7.1878,1.67,1.7735,2.0812,,-885,,,193,
2025/1/6,7.1876,1.596,1.6982,2.0168,,-750,,,141,
2025/1/7,7.1879,1.541,1.8212,1.912,,-1506,,,71,
2025/1/8,7.1887,1.58,1.6639,1.7969,,11,,,11,
2025/1/9,7.1886,1.632,1.7141,1.6918,,-207,,,41,
2025/1/10,7.1891,1.692,1.7847,1.6697,,-148,,,45,
2025/1/13,7.1885,1.96,2.0505,1.6781,,107,,,248,
2025/1/14,7.1878,2.162,2.5274,1.7845,,479,,,550,
2025/1/15,7.1883,2.117,2.3452,2.0062,,9584,,,9595,
2025/1/16,7.1881,2.192,2.6575,2.2277,,3364,,,3405,
2025/1/17,7.1889,2.039,2.5063,2.7856,,1005,,,1050,
2025/1/20,7.1886,2.013,2.3267,3.0149,,982,,,1230,
2025/1/21,7.1703,1.906,2.3683,2.9829,,2010,,,,
2025/1/22,7.1696,1.813,2.3689,2.8985,1.6161,1980,,,,
2025/1/23,7.1708,1.995,2.3803,2.7999,,1395,,,,
2025/1/24,7.1705,2.078,2.72,2.5835,,1790,,,,
2025/1/26,,1.864,2.1061,2.6435,,1557.2,,,,
2025/1/27,7.1698,1.715,1.9557,2.5468,,1750,,,,
2025/2/5,7.1693,1.844,2.0281,2.403,,-7165,,,6970,
2025/2/6,7.1691,1.785,1.926,2.3269,,-2045,,,2755,
2025/2/7,7.1699,1.732,1.851,2.1525,,-1003,,,1837,
2025/2/8,,1.634,1.7155,1.9175,,140,,,140,
2025/2/10,7.1707,1.729,1.8225,1.8512,,-2340,,,2150,
2025/2/11,7.1716,1.838,2.026,1.8364,,330,,,330,
2025/2/12,7.171,1.845,1.9481,1.8305,,-1390,,,5580,
2025/2/13,7.1719,1.763,1.8648,1.8353,,-1497,,,1258,
2025/2/14,7.1706,1.894,1.9962,1.834,1.61,-852,,,985,
2025/2/17,7.1702,1.999,2.0857,1.8977,,-385,,,1905,
2025/2/18,7.1697,2.209,2.4783,1.9596,,4562,,,4892,
2025/2/19,7.1705,1.934,2.0765,2.0844,,-191,,,5389,
2025/2/20,7.1712,1.992,2.1238,2.1152,,-8,,,1250,
2025/2/21,7.1696,2.139,2.2158,2.1718,,840,,,1825,
2025/2/24,7.1717,1.941,1.9183,2.2253,,1020,,,2925,
2025/2/25,7.1726,2.128,2.0702,2.2864,,-1707,,,3185,
2025/2/26,7.1732,2.131,1.9721,2.2645,,98,,,5487,
2025/2/27,7.174,2.24,1.862,2.2996,,900,,,2150,
2025/2/28,7.1738,2.093,1.7382,2.3521,,1058.7,,,2845,
2025/3/3,7.1745,1.812,1.9427,2.3056,,-1955,,,970,
2025/3/4,7.1739,1.718,1.9034,2.1999,,-2803,,,382,
2025/3/5,7.1714,1.751,1.8222,2.0842,,-1955,,,3532,
2025/3/6,7.1692,1.748,1.8249,1.9837,,-1105,,,1045,
2025/3/7,7.1705,1.718,1.8476,1.8753,1.7582,-995,,,1850,
2025/3/10,7.1733,1.78,1.8839,1.8217,,-5,,,965,
2025/3/11,7.1741,1.786,1.9748,1.8074,,-5,,,377,
2025/3/12,7.1696,1.78,1.8513,1.8143,,-1778,,,1754,
2025/3/13,7.1728,1.774,1.858,1.8184,,-686,,,359,
2025/3/14,7.1738,1.742,1.8643,1.8205,,-43,,,1807,
2025/3/17,7.1688,1.819,1.9407,1.8246,,3845,,,4810,
2025/3/18,7.1733,1.903,2.0817,1.8482,,2356,,,2733,
2025/3/19,7.1697,1.856,1.9742,1.8846,,1205,,,2959,
2025/3/20,7.1754,1.778,1.9035,1.935,,2326,,,2685,
2025/3/21,7.176,1.754,1.8658,1.9586,,-877,,,930,
2025/3/24,7.178,1.745,1.8502,1.943,,-3460,,,1350,
2025/3/25,7.1788,1.815,1.8989,1.9138,,1046,,,3779,
2025/3/26,7.1754,1.9,1.9626,1.9729,,1630,,,4554,
2025/3/27,7.1763,2.004,2.1066,2.0289,,-500,,,2185,
2025/3/28,7.1752,1.936,2.0163,2.1028,,-145,,,785,
2025/3/31,7.1782,2.023,2.1422,2.1818,,317,,,1667,
2025/4/1,7.1775,1.807,1.9811,2.2652,,-3130,,,649,
2025/4/2,7.1793,1.805,1.89,2.2058,1.7858,-2255,,,2299,
2025/4/3,7.1889,1.689,1.774,2.126,,49,,,2234,
2025/4/7,7.198,1.694,1.8035,2.0084,,-1517,,,935,
2025/4/8,7.2038,1.725,1.8819,1.9121,,1025,,,1674,
2025/4/9,7.2066,1.703,1.8096,1.8454,,-1110,,,1189,
2025/4/10,7.2092,1.681,1.7668,1.8252,,-1575,,,659,
2025/4/11,7.2087,1.619,1.7146,1.7982,,285,,,285,
2025/4/14,7.211,1.665,1.7701,1.7828,,-505,,,430,
2025/4/15,7.2096,1.695,1.8015,1.776,,-29,,,1645,
2025/4/16,7.2133,1.696,1.7764,1.7507,,-144,,,1045,
2025/4/17,7.2085,1.652,1.7368,1.7348,,1796,,,2455,
2025/4/18,7.2069,1.654,1.7462,1.7274,,2220,,,2505,
2025/4/21,7.2055,1.68,1.777,1.7273,,1330,,,1760,
2025/4/22,7.2074,1.67,1.7824,1.725,,560,,,2205,
2025/4/23,7.2116,1.644,1.7207,1.7243,,35,,,1080,
2025/4/24,7.2098,1.69,1.6115,1.7163,,-275,,,2180,
2025/4/25,7.2066,1.638,1.615,1.7292,,-910,,,1595,
2025/4/27,,1.641,1.7893,1.7146,,900,,,900,
2025/4/28,7.2043,1.723,1.6215,1.7143,,1030,,,2790,
2025/4/29,7.2029,1.748,1.6874,1.7303,,1200,,,3405,
2025/4/30,7.2014,1.762,1.7389,1.7544,,4228,,,5308,
2025/5/6,7.2008,1.707,1.7735,1.7726,,-6820,,,4050,
2025/5/7,7.2005,1.661,1.7312,1.7851,,-3353,9,,1955,
2025/5/8,7.2073,1.594,1.6658,1.7773,,1586,,,1586,
2025/5/9,7.2095,1.519,1.5979,1.7445,,770,,,770,
2025/5/12,7.2066,1.496,1.5585,1.6949,,430,,,430,
2025/5/13,7.1991,1.49,1.5543,1.6385,,-2250,,,1800,
2025/5/14,7.1956,1.501,1.5648,1.596,1.65,-1035,,,920,
2025/5/15,7.1963,1.497,1.5496,1.5662,,-941,,9,645,
2025/5/16,7.1938,1.545,1.6098,1.5493,,295,,,1065,
2025/5/19,7.1916,1.562,1.6311,1.5632,,920,,,1350,
2025/5/20,7.1931,1.556,1.6277,1.5832,,1770,,,3570,
2025/5/21,7.1937,1.549,1.6112,1.5941,,650,,,1570,
2025/5/22,7.1903,1.523,1.577,1.6,,900,,,1545,
2025/5/23,7.1919,1.552,1.613,1.6026,1.67,360,,,1425,
2025/5/26,7.1833,1.579,1.4566,1.6051,,2470,,,3820,
2025/5/27,7.1876,1.598,1.518,1.6225,,910,,,4480,
2025/5/28,7.1894,1.578,1.5735,1.6398,,585,,,2155,
2025/5/29,7.1907,1.602,1.5211,1.6606,,1115,,,2660,
2025/5/30,7.1848,1.617,1.5844,1.6921,,1486,,,2911,
2025/6/3,7.1869,1.515,1.5893,1.703,,-3755,,,4545,
2025/6/4,7.1886,1.543,1.5974,1.676,,-6,,,2149,
2025/6/5,7.1865,1.534,1.5814,1.651,,-1395,,,1265,
2025/6/6,7.1845,1.5,1.571,1.6244,1.6875,-1561,,,1350,
2025/6/9,7.1855,1.497,1.5506,1.5898,,1738,,,1738,
2025/6/10,7.184,1.496,1.5594,1.5626,,-2559,,,1986,
2025/6/11,7.1815,1.502,1.5587,1.554,,-509,,,1640,
2025/6/12,7.1803,1.521,1.5659,1.5528,,-72,,,1193,
2025/6/13,7.1772,1.508,1.5859,1.5577,1.626,675,,,2025,
2025/6/16,7.1789,1.51,1.584,1.5643,,682,,,2420,
2025/6/17,7.1746,1.508,1.5678,1.5664,,-13,,,1973,
2025/6/18,7.1761,1.505,1.5614,1.5665,,-77,,,1563,
2025/6/19,7.1729,1.524,1.5797,1.5698,,842,,,2035,
2025/6/20,7.1695,1.529,1.6114,1.5759,,-413,,,1612,
2025/6/23,7.171,1.497,1.5617,1.5788,,-215,,,2205,
2025/6/24,7.1656,1.629,1.5925,1.5777,,2092,,,4065,
2025/6/25,7.1668,1.671,1.6432,1.6407,,2090,,,3653,
2025/6/26,7.162,1.67,1.7359,1.703,,3058,,,5093,
2025/6/27,7.1627,1.668,1.6951,1.7704,,3647,,,5259,
2025/6/30,7.1586,1.763,1.8054,1.8329,,1110,,,3315,
2025/7/1,7.1534,1.53,1.6044,1.9142,,-2755,,,1310,
2025/7/2,7.1546,1.497,1.5576,1.8554,,-2668,,,985,
2025/7/3,7.1523,1.456,1.526,1.7853,,-4521,,,572,
2025/7/4,7.1535,1.423,1.4884,1.7006,1.6188,-4919,,,340,
2025/7/7,7.1506,1.458,1.5167,1.617,,-2250,,,1065,
2025/7/8,7.1534,1.455,1.5248,1.532,,-620,,,690,
2025/7/9,7.1541,1.464,1.5174,1.5132,,-230,,,755,
2025/7/10,7.151,1.474,1.522,1.5029,,328,,,900,
2025/7/11,7.1475,1.475,1.528,1.5052,,507,,,847,
2025/7/14,7.1491,1.515,1.5674,1.5085,,1197,,,2262,
2025/7/15,7.1498,1.546,1.6209,1.518,,2735,,,3425,
2025/7/16,7.1526,1.504,1.5638,1.5367,,4446,,,5201,
2025/7/17,7.1461,1.504,1.5632,1.5401,,3605,,,4505,
2025/7/18,7.1498,1.494,1.537,1.5412,,1028,,,1875,
2025/7/21,7.1522,1.477,1.5299,1.5377,,-555,,,1707,
2025/7/22,7.146,1.462,1.5278,1.5272,,-1277,,,2148,
2025/7/23,7.1414,1.463,1.5155,1.5081,,-3696,,,1505,
2025/7/24,7.1385,1.545,1.5997,1.5032,,-1195,,,3310,
2025/7/25,7.1419,1.62,1.4721,1.5227,,6018,,,7893,
2025/7/28,7.1467,1.596,1.5472,1.5665,,3251,,,4958,
2025/7/29,7.1511,1.545,1.5048,1.5911,,2344,,,4492,
2025/7/30,7.1441,1.501,1.4316,1.6117,,1585,,,3090,
2025/7/31,7.1494,1.497,1.2885,1.6276,,-478,,,2832,
2025/8/1,7.1496,1.446,1.5205,1.62,,-6633,,,1260,
2025/8/4,7.1395,1.436,1.4872,1.5768,,490,,,5448,
2025/8/5,7.1366,1.432,1.4803,1.545,,-2885,,,1607,
2025/8/6,7.1409,1.442,1.4751,1.5159,,-1705,,,1385,
2025/8/7,7.1345,1.434,1.4783,1.4916,,-1225,,,1607,
2025/8/8,7.1382,1.4356,1.495,1.4761,,-40,,,1220,
2025/8/11,7.1405,1.432,1.467,1.4692,,-4328,,,1120,
2025/8/12,7.1418,1.433,1.4713,1.4645,,-461,,,1146,
2025/8/13,7.135,1.434,1.4681,1.4637,,-200,,,1185,
2025/8/14,7.1337,1.426,1.4668,1.4642,,-320,,,1287,
2025/8/15,7.1371,1.465,1.5202,1.464,,1160,,,2380,
2025/8/18,7.1322,1.483,1.5152,1.4708,,1545,,,2665,
2025/8/19,7.1359,1.517,1.5675,1.4811,,4657,,,5803,
2025/8/20,7.1384,1.534,1.5853,1.5027,,4975,,,6160,
2025/8/21,7.1287,1.495,1.5404,1.5253,,1243,,,2530,
2025/8/22,7.1321,1.463,1.4979,1.5354,1.83,1232,,,3612,
2025/8/25,7.1161,1.484,1.3745,1.5301,,219,,,2884,
2025/8/26,7.1188,1.467,1.357,,,-1745,,,4058,
2025/8/27,7.1108,1.491,1.3519,,,-2361,,,3799,
2025/8/28,7.1063,1.526,1.3534,,,1631,,,4161,
2025/8/29,7.103,1.51,1.32,,,4217,,,7829,
2025/9/1,7.1072,1.438,1.4954,,,-1057,,,1827,
2025/9/2,7.1089,1.431,1.4675,,,-1501,,,2557,
2025/9/3,7.1108,1.433,1.4577,,,-1508,,,2291,
2025/9/4,7.1052,1.437,1.4737,,,-2035,,,2126,
2025/9/5,7.1064,1.427,1.468,,,-5946,,,1883,
2025/9/8,7.1029,1.438,1.4931,,,88,,,1915,
2025/9/9,7.1008,1.467,1.5075,,,-87,,,2470,
2025/9/10,7.1062,1.449,1.4889,,,749,,,3040,
2025/9/11,7.1034,1.466,1.4956,,,794,,,2920,
2025/9/12,7.1019,1.46,1.4968,,,417,,,2300,
2025/9/15,7.1056,1.47,1.5229,,,885,,,2800,
2025/9/16,7.1027,1.475,1.512,,,400,,,2870,
2025/9/17,7.1013,1.519,1.5485,,,1145,,,4185,
2025/9/18,7.1085,1.528,1.5574,,,1950,,,4870,
2025/9/19,7.1128,1.488,1.5396,,1.8321,1243,,,3543,
2025/9/22,7.1106,1.466,1.5245,,,2605,,,2405,
2025/9/23,7.1057,1.462,1.5163,,,-109,,,2761,
2025/9/24,7.1077,1.59,1.5947,,,-170,,,4015,
2025/9/25,7.1118,1.584,1.6519,,,-35,,,4835,
2025/9/26,7.1152,1.501,1.565,,,4115,,,1658,
2025/9/28,,1.497,1.6334,,,1817,,,1817,
2025/9/29,7.1089,1.523,1.6494,,,481,,,2886,
2025/9/30,7.1055,1.405,1.4781,,,-339,,,2422,
2025/10/9,7.1102,1.495,1.5282,,,-14513,,,6120,
2025/10/10,7.1048,1.451,1.5011,,,-1910,,,4090,
2025/10/11,,1.403,1.4179,,,1160,,,1160,
2025/10/13,7.1007,1.447,1.4862,,,1378,,,1378,
2025/10/14,7.1021,1.423,1.4719,,,910,,,910,
2025/10/15,7.0995,1.414,1.451,,,435,,,435,
2025/10/16,7.0968,1.419,1.4569,,,-3760,,,2360,
2025/10/17,7.0949,1.415,1.4575,,,-2442,,,1648,
2025/10/20,7.0973,1.418,1.4642,,1.8204,-648,,,1890,
2025/10/21,7.093,1.426,1.4631,,,685,,,1595,
2025/10/22,7.0954,1.422,1.4508,,,947,,,1382,
2025/10/23,7.0918,1.417,1.4579,,,-235,,,2125,
2025/10/24,7.0928,1.414,1.4531,,,32,,,1680,
2025/10/27,7.0881,1.542,1.3892,,,1483,,,3373,
2025/10/28,7.0856,1.53,1.4684,,,3158,,,4753,
2025/10/29,7.0843,1.512,1.4439,,,4195,,,5577,
2025/10/30,7.0864,1.484,1.4029,,,1301,,,3426,
2025/10/31,7.088,1.439,1.2983,,,1871,,,3551,
2025/11/3,7.0867,1.412,1.4652,,,-2590,,,783,
2025/11/4,7.0885,1.415,1.4528,,,-3578,,,1175,
2025/11/5,7.0901,1.423,1.4516,,,-4922,,,655,
2025/11/6,7.0865,1.421,1.4512,,,-2498,,,928,
2025/11/7,7.0836,1.422,1.463,,,-2134,,,1417,
2025/11/10,7.0856,1.478,1.5207,,,416,,,1199,
2025/11/11,7.0866,1.501,1.5336,,,2863,,,4038,
2025/11/12,7.0833,1.474,1.4975,,,1300,,,1955,
2025/11/13,7.0865,1.474,1.491,,,972,,,1900,
2025/11/14,7.0825,1.468,1.4993,,1.78,711,,,2128,
2025/11/17,7.0816,1.514,1.548,,,1631,,,2830,
2025/11/18,7.0856,1.518,1.5379,,,37,,,4075,
2025/11/19,7.0872,1.487,1.514,,,1150,,,3105,
2025/11/20,7.0905,1.46,1.4796,,,1100,,,3000,
2025/11/21,7.0875,1.417,1.4593,,,1622,,,3750,
2025/11/24,7.0847,1.447,1.3716,,,557,,,3387,
2025/11/25,7.0826,1.433,1.3438,,,-1054,,,3021,
2025/11/26,7.0796,1.453,1.3763,,,-972,,,2133,
2025/11/27,7.0779,1.425,1.3626,,,564,,,3564,
2025/11/28,7.0789,1.437,,,,-737,,,3013,
数据来源：Wind,,,,,,,,,,
