text,label
防止发生系统性金融风险是金融工作的永恒主题。,1
（七）进一步改进外汇管理 继续深化外汇管理体制改革，努力改善国际收支平衡状况。,0
房价环比涨幅略升，但同比涨幅回落。,0
（三）居民消费价格涨幅提高 [NUM] 年以来，CPI同比涨幅逐月提高。,0
受国际经济金融形势 变化等因素的影响，下半年工业经济运行下行压力加大，全年呈现“前 高后低”走势。,1
全球金融市场仍然不稳，大宗商品价格波动存在不确定性。,1
股票市场指数下行，成交量增加，筹资额 减少。,1
为提振经济增长，一些新兴市场经济 体则放宽了货币政策。,0
四是增强自主创新能力，培育自主品牌。,0
高铁建设加速发展，运载 能力不断提高。,0
新兴经济体货币政策分化。,0
固定资产投资增速稳中有升，制造业投资和民间投资增速持续回 升。,0
中国人民银行第一季度企业家问卷调查显示，反映海外需求的出 口订单指数跌幅虽有所收窄，但仍较上季下跌了 [NUM] 个百分点。,1
（二）债券发行利率下行，发行量增加 债券发行利率总体下行。,1
持续释放贷款市场报价利率（LPR）改革红利。,0
三是加强流动性风险管控，控制杠杆水平。,1
外汇市场会员进一步扩大。,0
引导汽车消费信贷健康发展。,0
培育和发展住房租赁市场，既是构建房地产新发展模式的重要一环，也有助 于促进房地产市场的平稳健康发展。,0
商品房销售大幅回升，增速超过 [NUM] 年的历史同期最高水平。,0
其次，产能释放压力上升。,1
持续提升金融支持科技创新。,0
灵活开展公开市场操作。,0
在经济总体增速有所放缓、结构调整不断深化的大背景下，信息 产业对国民经济和社会发展的支撑作用不断增强。,0
二是持续开展法规清理。,0
鼓励商业银行发行双创金融债券。,0
食品价格大幅上涨是推动CPI 上涨的主要原因。,0
资金实力显著增强，支农服务力度进一步加大。,0
PPI 在高基数影响下 保持低位运行。,1
要采用资源节约型和环境友好型的发展模式，在提高经济增长水平的 同时提高经济发展的质量。,0
欧洲等地能 源供给紧张可能进一步加剧企业和居民生产生活困难，抑制经济复苏 进程。,1
从发展阶段、发展条件、发展优 势等方面综合考量，我国发展前景仍长期看好，要保持定力、稳中求 进，坚定不移深化改革、扩大开放，更加注重有力有效实施宏观政策 调控，扎实推动经济高质量发展，同时保持合理的经济增速。,0
 [NUM] 、GDP 缩减指数继续回落。,1
三是明确了风险防控与处置机制，要求基金管理人及相关市场主体制 定合理有效的风险应对预案，证监会会同人民银行等相关部门建立信 息共享机制，规定不同风险情形下基金管理人自有资金、风险准备金 等风险处置资金来源。,1
加强外汇监测分析与风险防范。,1
"同比增速为可比口径数据,为年增速。",0
但近来国际资本 市场的波动给这个计划带来了不确定性。,1
二是继续支持 绿色低碳、科技创新等领域发展。,0
价格走势值得关注。,0
改制银行的市场影响力进一步增强。,0
进一步推动证券产品业务创新。,0
总体上，盘活存量贷款、优化新增贷款投 向对支撑经济增长同等重要。,0
市场预期不稳或进一步加剧市场 波动，相关风险值得警惕。,1
继续完善民生金融和区域经济 协调发展的金融服务工作。,0
全年大致 分为两个阶段：第一阶段为年初至 [NUM] 月份，国债收益率曲线整体震荡 下行。,1
与此同时，长期利率不升反降。,1
大力培育和发展机构投资者，进一步完善 做市商和经纪商制度。,0
对以诈骗 敛财为目的非法集资、转贷谋利、洗钱和暴力催收导致的人身伤害等违法犯罪行 为，公安司法机关应该介入，严厉打击。,1
债市收益率震荡下行。,1
加强系统性风险监测评估。,1
第一季度票据市场利率略有下行。,1
（七）行业分析 工业企业利润增速转正。,0
 [NUM] 专栏 [NUM] ：贷款季节波动分析 我国金融机构贷款投放存在比较明显的季节波动。,1
农村信用社改革取得重要进展和阶段性成果。,0
上半年，银行间市场国债收益率曲线整体下行。,1
GDP 平减指数同比上涨。,0
在工业品出厂价中，生产资料涨幅高于生活资料。,0
稳妥退出对产能过剩、长期资不抵债、经营亏损企业 的贷款。,1
首先，金融机构资产 负债期限结构失配加剧，潜在的流动性风险更加突出。,1
投资增速稳步回升，高技术产业投资增长较快。,0
各类贷款快速增长有利于促进经济平稳较快发展。,0
食品价格回落和基 期因素影响减弱是居民消费价格涨幅继续回落的主要原因。,1
一是会形成一定的 价格上涨压力。,1
政治和地缘政治风险上升制约经济增长。,1
三是外部输入型风险将继续冲击国内经济。,1
二是对金融衍生产品的过度依赖和风险控制不当。,1
通胀回落速度可能不及预期。,1
由于一些评级公司对该类产品的风险定价低估，误导了投资者，助长了 市场对该类产品的过度乐观情绪，使房贷衍生产品在政府托管基金、养老金等保 守型基金中广为销售，埋下了较大的风险隐患。,1
金融机构超额准备金率为 [NUM] 。,0
全球物 价水平稳步回落。,1
金融机构信贷投放节 奏把握适度，保持了支持实体经济的连续性、稳定性、可持续性，增 强了服务高质量发展的后劲。,0
同时，持续改革完善 LPR，着重提高 LPR 报价质量，更好发挥利 率自律机制作用，维护理性有序竞争秩序，畅通利率传导渠道，为经济回升向好 和高质量发展营造良好的货币金融环境。,0
欧元区经济复苏。,0
信贷紧缩情况依然明显，但降速有所放缓。,1
出口产品结构改善推动外贸持续复苏。,0
受疫情影响，主要经济体第一季度经济增速下滑。,1
强化跨行业、跨市场、跨境金融风险的监测评估，防 范实体经济部分地区、行业、企业风险及非正规金融风险向金融体系 传导。,1
专栏 [NUM] ：推动商业银行设立基金管理公司 目前，我国直接融资比例过低，间接融资比重过高，全社会的融资风险过度 集中在银行体系。,1
三是关注部分行业和领域可能出现投资效率下降和产能过剩加剧的问题。,1
引导金融机构优化信贷结构，支持实体 经济发展和结构调整。,0
地缘政 治紧张局势抬头、部分国家间经贸摩擦日益深化。,1
 [NUM] ．房地产销售市场活跃。,0
金融市场产品创新不断推出，市 场制度性建设获得较大进展，运行机制进一步完善。,0
日本信用评级被调低，经济复苏前景仍待观察。,0
资源价格偏低是我国经济内外失衡的重要诱因。,1
指导和督促 金融机构以完善创新担保方式为突破口，积极探索适合服务产业发展 特点的信贷产品和服务方式。,0
对安全边际内的 [NUM] [NUM] 级机构，继续定期开展银行风险监测预警。,1
二是健全考核工作机制。,0
国际上，油价不断走高。,0
当前，“存 差”这一概念已缺乏明确的内涵和政策指向，因此不宜过分强调。,1
通胀总体下行但有所分化。,1
二是盘活存量、优化增量，支持经济结构调整和转型升级。,0
尽管劳动力市场改善， 但工业生产和出口仍较疲软，投资低迷，制造业 PMI 连续放缓。,1
五是有效应对外部冲击风险。,1
企业可以根据对外经济活动的结算货币汇率的走向提前 或推迟结算，规避汇率风险。,1
西班牙、爱尔兰房价也出现较大幅度下跌。,1
资金实力明显增强。,0
英国房价则连续几个月出现下跌趋势，德国、葡萄牙 房地产市场依然低迷。,1
金融风险严重危及金融稳定的， [NUM] 可以按照规定使用金融稳定保障基金。,1
 [NUM] 美欧通胀见顶回落，但仍处高位。,1
主要发达经济体和多数新兴市场经济体股指上行。,0
人民币对欧元、日元等其他国际主要货币汇率双向波动。,1
欧元区经济微弱复苏，通缩风险上升。,1
经过集中攻坚，我国金融体系积累的突出风险点得到有效处置，制度短板 逐步补齐。,1
国际货币基金组织的数据显示，半 数的低收入国家已经陷入债务危机或处在高风险状态。,1
南非经济仍较低迷，失业率居高不下。,1
粮食生产再获丰收，生猪生产较快恢复。,0
此外，完善保险营销员管理体制。,0
债券指数小幅波动。,1
人民币贷款增速有所反弹。,0
从宏观上看是投资效率下降，从微观上看是企业利润率降 低。,1
各经济体面临保持增长和抑制通货膨胀的两难选 择。,1
贷款利率继续下行。,1
全球金融潜在风险逐步累积。,1
亚洲新兴经济体随着内需和 外需进一步改善，复苏势头明显。,0
劳动报酬快速增长。,0
金融领域持续助力新型消费模式下的快递行业高质量发展。,0
全球主要股市持续上行。,0
二是通胀预期较强。,0
国际金融市场波动加剧。,1
三是绿色转型加快，绿色船舶产品体系 供应能力进一步提升，绿色供应链体系建设不断健全完善。,0
强化风险源头防控和监测预警，实现风险早识别、早 预警、早暴露、早处置。,1
新兴市场经济体金融市场总体稳定， 股指有所上涨。,0
上半年，我国国际收支状况良好。,0
一系列政策措施成效显著。,0
截至 [NUM] 月 [NUM] 日，印尼盾和印度卢比汇率分别较 [NUM] 月末贬值 [NUM] 和 [NUM] ；同期俄罗斯卢布和南非兰特对美元汇率低位震荡，与 [NUM] 月末基 本持平。,1
股票市场指数高位波动。,1
进口价格同比继续上涨。,0
受益于消费、出口的改 善，亚洲新兴经济体复苏势头明显。,0
但另一方面，投 资率偏高、消费率偏低也会给经济带来一定的负面影响。,1
短期内，新冠肺炎疫情等因素可能对物价形成扰动，应继续密切监测 分析。,1
食品价格同比上涨 [NUM] ，涨幅比上季度高 [NUM] 个百分点， 拉动 CPI 上涨约 [NUM] 个百分点；非食品价格同比上涨 [NUM] ，涨幅比 上季度高 [NUM] 个百分点，拉动 CPI 上涨约 [NUM] 个百分点。,0
中央银行主动供给和调节流动性的 能力进一步增强。,0
二是疫情走势尚不明朗、各国应对力度参差不齐，全球经 济面临极大不确定性。,1
企业和居民定期存款偏好增强。,0
进一步完善消费信贷政策，促进个人住 房、汽车和助学贷款等消费信贷业务健康发展。,0
二是近年 来商业银行不良贷款剥离与核销力度加大。,1
农村信用社改革试点工作取得了重要进展和阶段性成果。,0
商品房上涨 [NUM] ，其中普通住宅销售价 格上涨 [NUM] ，豪华住宅上涨 [NUM] 。,0
提高了金 融市场流动性，活跃了债券市场报价。,0
 [NUM] 二是美联储货币政策不确定性上升，加息节奏存在变数。,1
继续做好互联网金 融风险专项整治工作。,1
三是生产资料价格涨 幅高于生活资料。,0
境内外币存贷款利率继续下行。,1
"同比增速为可比口径数据,为年增速。",0
稳健的货币政策要灵活适度、精准有效。,0
适时调整外汇风险准备金率。,1
伦敦同业拆借市场美元 Libor 低位波动。,1
进一步加强 外汇储备经营和风险管理。,0
受国际大宗商品价格总体上涨影响，进口价格涨幅由负转正。,0
日本受严重地震海啸灾害冲击，经济 出现衰退后略有反弹。,1
银 行间市场国债收益率曲线整体下移。,1
粮食种植结构调整，全国夏粮有望获得较好 收成。,0
关闭境内虚拟货币交易和代币发行融资平台。,1
日本经济受出口减速和内需下滑影响，增速放缓。,1
（三）消费价格温和上涨 居民消费价格涨幅有所上升。,0
当前，宏观调控成效初步显现，但国际收支不平衡持续发展，银行流动性总 体宽裕，需要继续加强流动性管理。,0
从外部看，一是国际地 缘政治局势紧张，不仅扰动全球粮食、能源供给，造成大宗商品价格 大幅波动，而且导致供应链和国际贸易受阻，全球化进程面临挫折。,1
增加 [NUM] 年以来，全球经济保持较为强劲的增长势头。,0
进一步健全市场利率定价自律 机制，提高金融机构自主定价能力。,0
二是保持对地下钱庄违法犯罪活动及 其交易对手的高压打击态势，严厉打击网络炒汇违法犯罪活动，联合 多部门合力打击外汇违法违规行为。,1
 [NUM] 年 [NUM] 、 [NUM] 月份，受“非典”疫情的影响， 始终平稳增长的消费需求出现了大幅度的下滑。,1
票据融资波动中有所增长，票据市场利率总体走低。,1
严格控制对高耗能、高排放行业和产能过剩行业的贷款。,1
LPR 利率期权业务稳步发展。,0
这些问题 都值得进一步深入研究。,0
结构调整 取得积极进展，工业结构有所改善。,0
石油价格、能源安全和主要货币间汇率波动等不确 定因素仍是近期的主要风险。,1
全球主要股指波动较大。,1
统筹好对绿色 发展和传统能源转型的金融支持，持续推动绿色债券市场高质量发 展。,0
持续助推绿色金融更好发展。,0
三是社会领域投资回升。,0
股票市场指数波动，成交量增加。,1
 [NUM] 投资规模持续扩大，高技术产业投资增长较快。,0
二是进一步完善 水价形成机制。,0
金融 市场波动较大，投资者对预期变动比较敏感，一些消息面的冲击容易 [NUM] 引发市场的大幅波动。,1
国内金 价持续高于国际金价，但价差逐渐减小。,0
影响套利交易的因素主要有利率、汇率和风险 偏好等。,1
三是加大了通货膨胀压力。,1
同比增速为可比口径数据，为年增速。,0
商品房销售回暖加速。,0
保险业总资产增长继续减缓。,1
加大对有市场 发展前景的先进制造业、战略性新兴产业、现代信息技术产业和信息 消费、文化产业、服务业、传统产业改造升级以及绿色环保等领域的 资金支持力度。,0
 [NUM] 实到位，农村合作金融机构资产质量明显改善。,0
更为重要的是，要加快推进经济结构调整，转变发展方式，拓展资金运用空间。,0
加强银行风险监测预警，针对预警银行苗头性问 题及时纠偏，推动大部分银行异常指标回归至行业正常水平，实现风 险早发现、早处置。,1
硅谷银行等事件使得美联储加息计划面 临两难，继续加息不排除更多中小银行陷入困境，威胁金融稳定；而 暂缓加息可能导致高通胀时间延长。,1
第四，表外融资同比大幅少增。,0
储蓄意愿止跌回升。,0
八是坚持 做好助学、农民工、民族地区等薄弱环节和弱势群体金融服务。,1
一是保监会发布《关于进一步加强保险业 风险防控工作的通知》和《关于强化保险监管 打击违法违规行为 整 治市场乱象的通知》，针对当前保险业风险较为突出的领域提出防控 风险的具体要求，着力整治股东虚假出资、公司治理失衡、违规投资 等乱象。,1
发展消费信贷，支持扩大内需。,0
部分独联体和拉美国家受地缘政治风险、外 需增长放缓、大宗商品价格波动以及结构性因素制约，经济下行压力 加大。,1
债券发行利率有所波动。,1
我国偏低的资 源价格不能及时和充分地反映市场供求和资源稀缺程度，缺乏对投资者、经营者 和消费者的激励和约束作用，这在一定程度上加剧了资源的过度开发、过度需求 [NUM] 和过度浪费。,1
发达经济体是本次危机的发源 地，受危机冲击最重，经济下滑程度也最大。,1
二是主权债务危机逐渐演变为银行危机。,1
防范跨行业、跨市场风险，防范非正规金融及其 他相关领域风险向金融体系传导。,1
跨境人民币业务范围进一步扩大。,0
商品房销售面积增速继续放缓，销售额增速提高。,0
欧元区经济稳步增长。,0
继续推进产品与业务创新。,0
GDP 缩减指数小幅回落。,1
二是完善绿色金融债券监督管理。,0
GDP 缩减指数略有回落。,1
二是 行业具有一定的行政垄断、市场竞争不完善等问题，制约了行业发展 [NUM] 活力。,1
伦敦金属交易所铜现货当季平均价格 同比下跌 [NUM] ，跌幅比上个季度收窄 [NUM] 个百分点；伦敦金属交易 所铝现货当季平均价格同比下跌 [NUM] ，跌幅比上个季度收窄 [NUM] 个 百分点。,1
进口价格大幅上涨。,0
预计 [NUM] 年全球经济增长速度将高于去年，国际贸易增速回升。,0
固定资产投资增速高位回稳，第三产业投资增速较高。,0
成熟的市场经济体系具有相对完善的“区别对待”的调 节机制。,0
三是积极做好中小微企业复工复产金融服务。,0
主要新兴市场经济体和发展中国家（地区）经济出现复苏迹象。,0
人民币汇率小幅升值，市场供求的基础性作用进一步发挥。,0
 [NUM] 年上半年，中国经济总体运行平稳，供给侧结构性改革深入 推进，转型升级步伐加快，经济发展的稳定性、协调性和可持续性增 强。,0
第三季度我国经济保持恢复态势，发展韧性持续显现，GDP 同 比增长 [NUM] ，两年平均增长 [NUM] 。,0
 [NUM] 外汇市场交易主体进一步扩展。,0
展望未来，信贷增长将与我国经济从高速增长转向高质量发展进程相适应， 更加重视总量稳、结构优。,0
美国的纳斯达克指数仍处于下挫势头，一 季度下挫了约 [NUM] 。,1
改善收入分配结构，提高居民部门收入占比，进一 步提高社会保障水平。,0
三是充分运用中央银行贷款，支持春耕和农村经济发展。,0
投融资货币功能持续深化。,0
受债务危机影响，希腊经济再次陷入萎缩，通缩风险 加剧，失业率一度升至近 [NUM] ，位居欧元区各成员国之首。,1
利率市场化取得显著进展。,0
引导大型银行服务重心下沉，推动中小银行 聚焦主责主业，增强金融市场的活力与韧性，健全具有高度适应性、 竞争力、普惠性的现代金融体系。,0
二是居民消费意愿加快恢复。,0
由于经济增长缓慢，加上美伊战争带来的不确定因素，一季度国际金融市场 动荡加剧。,1
进出口逐步恢复，贸易赤字攀升。,0
历史上看，我国 PPI 波动相对较大。,1
加强市场基础性建设，为经济结构调整和转型升级提供高效的 投融资市场。,0
完善保险公司分支机构市场准入管理。,0
存款增速稳步回升。,0
大宗货物运输明显升温，外贸货物增速低于总体增速。,0
畅通货币政策传导机制，丰富完善货币政策工具箱， 提高资金使用效率。,0
截至 [NUM] 月 [NUM] 日，日本地价在一年内平均下跌 [NUM] ，其中住宅用地价格平均 下跌 [NUM] ，商业用地价格平均下跌 [NUM] 。,1
存贷款市场的利率传导效率受损影响调控效果，制约货币政策空间。,1
M [NUM] 增速趋稳，与名义 GDP 增速大体相当。,0
今年以来，在银行业风险事件等冲 击下，美欧股市波动一度加大，之后随着市场情绪修复震荡走高。,1
优化碳减排支持工 具的政策安排，建立健全绿色金融服务美丽中国建设工作机制，持续 推动绿色债券市场高质量发展。,0
四是进一步发展货币市场，优化金融资源配置。,0
农民出售农产品收入增速 小于工资性收入和经营性收入的增速，农户投资增速低于非农户投资 增速。,0
经济发展模式转型、经济结构调整短期内可能会对经济增长产生 一定影响，但要看到，我国经济基本面坚实，市场广阔、经济韧性强、 潜力大等有利条件并未改变。,0
全年粮食增产丰收，畜牧业稳定增长。,0
中小企业贷款担保体系不完善。,1
收入分配结构持续改善。,0
进一步发挥信贷资产证券化盘活存量的积极作用，推动经济提质增效 和转型升级。,0
利率互换交易活跃。,0
二是创新发展引 领固定资产投资保持增长。,0
居民消费价格继续低位增长。,1
 [NUM] （三）物价总体有所回升 居民消费价格涨幅扩大。,0
密切跟踪系统重要性银 行经营边际变化，加强对典型风险和薄弱环节的监测分析。,1
 [NUM] .电力行业 电力对国民经济发展起重要的支撑作用。,0
商品房价格继续上涨，但涨幅趋缓。,0
加大对有市场发展前景的先进制造业、战略性新兴 产业、现代信息技术产业和信息消费、文化产业、服务业、传统产业 改造升级以及绿色环保等领域的资金支持力度。,0
GDP 平减指数继续回落。,1
从国际上 看，全球经济总体延续复苏态势，近期国际货币基金组织（IMF）等 进一步上调了今明两年全球经济增速预期。,0
持续 稳慎推进人民币国际化，进一步扩大人民币在跨境贸易和投资中的使 用，深化对外货币合作，发展离岸人民币市场。,0
实施降准提供长期流动性。,0
出 口产品结构改善推动外贸持续复苏。,0
日本经济温和复苏。,0
近期美国主要 经济数据略有走低，市场对美联储加息时点的预期已较前期有所推 后。,1
PPI回升一定程度上反映了去产能取得积极进展、经济景气回升，也 有助于防止通缩预期，改善企业利润。,0
展望未来，新能源发展前景仍非常广阔，需要进一步推动新能源 的有效利用，助力我国新型能源体系高质量发展再上新台阶。,0
指导有关金融基础设施机构 落地便利投资一揽子措施。,0
 [NUM] 年 第四季度，受欧洲主权债务危机加剧、市场避险情绪上升等因素影响， 外汇占款出现波动。,1
二是随着经济复苏曲线进一步上行，供给与需求、就业与收入有望形成相互支撑 的良性互动。,0
其中，生活资料价格涨幅大体稳定，生产资料价格涨幅大 幅提高。,0
长期宽松的货币政策也助长了金融脆弱性的累积。,0
加大对“热钱”流入打击力度，有效抑制违法违规资金流入。,1
国内发生汶川大地震等严重自然灾害， 国际上美国次贷危机加剧，并在 [NUM] 月中旬急剧恶化为百年难遇的国际金融危机。,1
 [NUM] 年 [NUM] 月 [NUM] 日，美国新世纪金融公司申请破产保护，标志着次贷危机正式拉开帷幕。,1
二是市场担心主 权债务危机可能向欧元区核心国家蔓延，西班牙、意大利等国的风险 溢价骤升。,1
 [NUM] 月份起，沪、深股市出现下滑。,1
固定资产投资缓中趋稳，制造业投资和民间投资增速持续回升。,0
部分中小企业出现经营困难和资金短缺，主要是面临供给层面的成本约束， 包括原材料、劳动力、资源等成本因素。,1
我国农 [NUM] 业基础设施较为落后，土地产出率、资源利用率和劳动生产率较低。,1
六是引导企业和金融机构树立“风险中性”理念。,1
五是县域金融服务仍存在薄弱环节。,1
宏观杠杆率因疫情应对出现阶段性上升，不良贷款 上升等信用风险可能滞后显现，区域性金融风险隐患仍然存在。,1
四 是全球经济贸易增长乏力，保护主义和地缘政治紧张局势抬头，再加 上新冠肺炎疫情冲击，全球范围内的民航运输服务竞争和博弈更加激 烈。,1
另一方面，金融机构、住户、企业部门 通过违约、破产等手段也进行了自我调整。,1
由于石油等大宗商品价格回升，俄罗斯经济逐步企稳，但通胀 略有回升。,0
指导金融机构按照“有保有控”的原则，加大对“三农”、中小企业、灾后重建 等国民经济重点领域和薄弱环节的信贷支持，严格控制对高耗能、高污染和产能 过剩行业企业的贷款，密切监测地方融资平台贷款可能潜藏的系统性金融风险隐 患。,1
房价上涨的城市个数增多。,0
全 球经济增长面临的下行风险有所增加，但总体仍保持平稳增长。,1
第二，改善市场条件，提高二级市场流动性。,0
第二，利率调整的信号作用进一步增强。,0
三是表外融资有所恢复。,0
国有企业资产负债率过高，资本严重不足，使信贷 资金的合理配置受到制约，不利于发挥货币政策作用。,1
产业结构调整和转型升级取得新进展，高新技术产业增加值增速高出 规模以上工业平均增速 [NUM] 个百分点，规模以上企业单位工业增加值 能耗下降幅度大于预期目标。,0
欧元区主权债务危机形势依然严峻，经济下行风险依然较大。,1
同业存单市场发展趋于平稳，大额存单业务进一步发展。,0
进一步统筹推进证券化工作，推动证券化市场规范化发展。,0
支持贸易新业态健康发展。,0
利率衍生产品快速发展。,0
GDP 缩减指数有所回落。,1
建立完善绿色金融政策体系，大力发展绿色信贷。,0
消费较快增长，投资增速加快，国内需求稳步提高；农业形势 总体稳定，工业生产逐步企稳；社会信心提振，市场预期改善。,0
持续做好养老金融服务。,0
另一方面，避险情绪加大跨 境资本流动波动，资金向美国等主要发达经济体回流，其他国家特别 [NUM] 是新兴经济体资本流出压力上升，一些外债负担较重的经济体面临偿 债压力加大的严峻挑战，全球金融市场不稳定性风险明显上升。,1
健全系统性金 融风险的防范预警和评估体系，加强对地方政府融资平台、产能过剩 行业和房地产行业贷款信用违约风险的监测，防范部分地区、行业、 [NUM] 企业风险及非正规金融风险向金融体系传导。,1
目前，农民收入增长缓慢是影响消费需求的一大因素。,1
房地产价格持续上涨。,0
债券市场规模稳定增 长，利率水平总体下行。,1
互联网金融风 险专项整治工作顺利完成，近 [NUM] 家P [NUM] P 网贷机构全部停业。,1
钢铁需求继续减弱。,1
新兴经济体央行继续降息。,0
制造人才缺 乏导致工业机器人三大核心零部件的瓶颈难以突破，应用人才短缺导 致工业机器人操作、维修和应用面临制约，装机量增长受限，系统集 成人才不足导致工业机器人产业改造升级受阻，发展较为迟缓。,1
其中，发达经济体股市大幅上 涨，多次创历史新高。,0
利率互换交易活跃。,0
日本经济 持续复苏，但尚未彻底摆脱通货紧缩的困扰。,0
总的说来，目前我国流动资金紧张主要是我国融资结构和企业资产负债结构 不合理造成的，但这种不合理状况有其历史原因，并不是短期就能改变的。,1
四是继续推动金融市场健康发展，深化金融企业改革。,0
投资者对欧债危机蔓延的担忧进一步加剧，金融市场出现新一轮动 荡。,1
一季度，人民币对美元汇率小 幅贬值。,1
（四）股票市场指数下行，成交量和筹资额同比减少 股票市场指数下行。,1
中长期看，要通过深化改革和加快结构调整，提 升我国经济增长潜力，实现可持续发展。,0
 [NUM] 国际金融市场震荡加大。,1
各部门负债一般指通过金融市 场或金融机构形成的负债。,1
当前的宏观调控： [NUM] 年，国民经济运行中出现了粮食供求关系趋紧，固 定资产投资增长过猛，货币信贷投放过多，煤电油运供求紧张等问题。,1
随着股票市场持续震荡走低，上年股 票价格过快上涨的风险逐步释放。,1
（二）债券市场发行利率明显回落，国债收益率曲线总体下移 国债收益率曲线总体下移并呈陡峭化趋势。,1
进一步发展消费金融。,0
当前，部分地区 经济下行与金融问题相互交织，经济金融循环不畅，信贷增长较为缓慢。,1
 [NUM] 年 [NUM] 月主要发达经济体金融市场 一度陷入恐慌，风险资产和一些传统避险资产遭抛售，多国股市数次 熔断，美元流动性快速收紧，新兴经济体汇率贬值，资本大幅流出。,1
支持跨境融资业务发展。,0
五是未贴现银行承兑汇票降幅明显缩小。,1
加快发展外汇市 场，推动汇率风险管理工具创新。,0
进一步健全市场利率定价自律 机制，提高金融机构自主定价能力。,0
 [NUM] 、生产价格(PPI) [NUM] 高位回落。,1
下半年经济持续恢复有坚实基础，一是经济循环不断 畅通。,0
银行间市场利率有 [NUM] 所上升，债券价格略有下跌，但幅度有限。,1
一是部分高耗能产品 产量增幅回落。,1
进一步健全市场利率定价自律 机制，提高金融机构自主定价能力。,0
资源价格偏低 是我国经济内外失衡的重要诱因。,1
新兴业态快速增长，居住类消费回暖，节能智能消费 日趋旺盛。,0
二是低利率的环境促使投资者增 持高风险、低流动性的证券，导致更大的风险敞口。,1
人民币对欧元、日元等其他国际主要货币汇率多数贬值。,1
防范跨行业、跨市场风险，防范实体经济部 分地区、行业、企业风险及正规金融体系外的各类融资活动风险向金 融体系传导。,1
定期对 [NUM] 多家银行 业金融机构开展央行金融机构评级，建立分级分类管理框架，对评级 为 [NUM] [NUM] 级的机构，选取扩张性风险、同业风险、流动性风险、信用风 险等指标体系，组织早期预警，防范其劣变为高风险机构。,1
今年以来，我国克服了伊拉克战争和“非典”疫情带来的负面影响，保持了 经济增长的趋势。,1
而受内需乏力、债务水平整体较高等因素影响，主要发达经济体中期 内通胀下行压力依然存在。,1
另一方面， 更多的新兴市场经济体为提振经济增长放宽了货币政策。,0
三是改善金融 服务，促进经济结构调整。,0
 [NUM] 年，国际金融形势仍然严峻，世界经济发展不确定性较大：一是区域 政治局势动荡。,1
稳步推动债券市场双向开放，完善相关政策 制度安排，进一步完善“债券通”等市场基础设施跨境合作，给境外 发行人和投资人创造更加友好、便利的制度环境。,0
受近两年我国采取的一系列 调整进出口结构，抑制贸易顺差过快增长政策的影响，下半年顺差增 速有所下降，年末顺差出现回落。,1
从储蓄视角看，根据“储蓄缺口=贸易缺口”的宏观经济恒等式，全球失衡 问题可以用储蓄缺口联系起来，即：美国贸易逆差 = 美国储蓄负缺口 = 其他地 区储蓄缺口 = 其他地区贸易顺差。,1
受此影响，主 要发达经济体经济放缓已成定局。,1
贷款加权平均利率创有统计以来新低。,1
近期的风险主要是石 油价格和能源安全问题。,1
IV [NUM] 年第一季度以后，全球经济复苏和增长势头进一步加强。,0
其中，美国经济增速下调至 [NUM] ；欧元区经济增速下调至 [NUM] ； 日本经济增速上调至 [NUM] ；新兴市场和发展中经济体增速下调至 [NUM] 。,0
一是资产质量明显改善。,0
进一步 发挥信贷资产证券化盘活存量的积极作用。,0
当然，若总量收缩过快也 可能对整体经济产生不利影响。,1
房地产投资增幅回落。,1
 [NUM] 、 [NUM] 两月，随着加息预期减弱，贷款利率总体较为平稳。,1
Shibor总体有所上行。,0
一季度，主要新兴市场经济体仍 维持较强的增长势头。,0
总的来看，在全球通 胀压力上升的背景下，更需关注食品等涨价向一般消费品传导的风 险。,1
我国防范疫情输入和国际经济金融风险的压力 仍然较大。,1
 [NUM] 至 [NUM] 月份，受西班牙地区银行危 机加剧及希腊形势恶化影响，全球主要股市下行。,1
 [NUM] 月，受欧元区经济数据疲弱及欧债危机加剧影响，欧元兑主要货币 [NUM] 大幅下滑。,1
信贷结构持续优化。,0
启动商业健康保险税收优惠试点。,0
大力发展消费信贷，落实好房地产信贷政策，加大对结构调整、 自主创新、兼并重组、产业转移、区域经济协调发展的融资支持。,0
三是日本经济下行压力增加。,1
总体看，通货膨胀风险不可忽视。,1
国际原油价格上涨对世界 经济和我国经济的影响值得进一步关注。,0
完善上市公司退市制度，推动上市公司健康发展。,0
展望未来，全球经济可 能面临以下风险： 全球经济增长动力不足，货币政策空间有限。,1
部分 国家财政风险上升，也可能向金融风险转化。,1
此后，美欧经济数据不及预期和全球经济增长前景黯淡等因素加 剧市场恐慌情绪，全球主要股市在低位宽幅震荡。,1
下半年，随着货币 市场利率逐步走高，票据市场利率持续上扬，特别是第四季度票据市 场利率上升幅度较大。,0
国债收益率上行，曲线进一步平坦化。,0
同时，加快结构调整，着力扩大内需。,0
年内物价大幅上扬的可能性不大。,0
企业有效融资需求有所下降，金融机构 风险偏好下降，自身也受到一定约束。,1
债券指数小幅波动。,1
建设现代中央银行制 度要求健全现代货币政策框架，支持经济高质量发展，加快构建新发展格局。,0
进出口好于预期，贸易结构继续改善。,0
 [NUM] 月份希腊政府未达欧盟 及国际货币基金组织的援助条件，希腊国债违约风险加大。,1
二是盘活存量、优化增量，支持经济结构调整和转型升级。,0
贸易和投资保护主义风险仍需警惕，地缘政治局势不容乐观。,1
二是吸纳就业能力不断增强。,0
利率过低还会导致“资源错配”“脱实向虚”等诸多负面影响。,1
完善金融风险监测、评估、预警和处置体系 建设，全面排查风险隐患，关注实体经济特别是产能过剩行业、房地 产、地方政府性债务等领域风险。,1
 [NUM] 、生产价格（PPI）同比涨幅有所反弹，原材料、燃料、动力购 进价格上涨幅度仍高于工业品出厂价格。,0
货币政策主要是熨平经济运行中 出现的总需求波动，避免经济大起大落对生产要素和社会财富的破坏。,1
进入第二季 度，尽管失业率继续保持低位，但多数经济指标显示经济形势并不稳 固。,1
各经济体面临及时减少负债的挑战。,1
创设新工具，平滑流动性季节性波动。,1
固定资产投资增长总体稳定，制造业投资和民间投资增速回升。,0
灵活操作，保持流动性合理充裕。,0
（四）股票市场指数回落，成交额和筹资额明显下降 股票市场指数有较大幅度回落。,1
鼓励地 方积极创新扶持方式，支持民营企业的健康发展。,0
美元贬值幅度较大。,1
房地产价格持续上涨。,0
一是便利和规范贸易活动。,0
新兴经济体货币政策分化。,0
持续推动债券二级市场发展，不断优 化交易、清算和结算等相关制度安排，完善做市商制度等市场化评价 体系建设，提升债券市场流动性，为市场参与者创造更加友好、便利 的投资环境。,0
但缺点是不能反映价格的短期变动，存 在一定滞后性。,1
上半年中 国还曾出现经济下行压力，呈现出经济与金融不同步的复杂形势。,1
二是旅客运输量和货邮运输量 [NUM] 持续回升。,0
欧元区经济持续复苏。,0
各国经济指标继续改 善促使美元避险需求减弱，而美国财政赤字的急剧扩大又加大了投资 者对美元稳定性的担忧，美元持续贬值。,1
期货经营机构监管规则进一步健全。,0
二是财政赤字和债务问题长 期困扰经济增长。,1
进一步完善扶贫贴息贷款的运行模式。,0
欧元区经济继续改善。,0
随着“非典”疫情的减弱，消费需 求开始回升。,1
石油生产增速显著回调。,0
房屋销售价格继续快速上涨，但涨幅趋缓。,0
稳健的货币政策要灵活适度、精准有效。,0
今年以来，交通运输行业延续转好复苏，货运市场表现活跃、 客运快速回暖。,0
日本经 济增长放缓，一季度 GDP 环比折年率萎缩 [NUM] ，为 [NUM] 年四季度以 来经济首次萎缩。,1
商业性房地产贷款余额增速继续回升。,0
居民总体受益。,0
拉美经济则在经历了一季度的高速 增长之后有所减缓。,1
在地区发展方面，东部发展远远快于中部和西部。,0
稳妥有序推进重点风险项目和重点领域风险处置，按照市场化、 法治化原则，支持中小银行风险处置。,1
但随着一大批建材新生产线建成投产， 产能增加，市场竞争压力加剧。,1
主要新兴经济体的生产、贸易规 模已接近或超过危机前水平，但受国内紧缩政策、国际金融动荡和发 达经济体复苏放缓等事件交替影响，跨境资本流动无序波动的风险上 升，政策制定难度加大。,1
对预警银行苗头性问题及时纠偏，实现风险“早识别、早预 [NUM] 警、早暴露、早处置”。,1
加快发展商业养老保险，对于完善养老保障体系、推动养老服 务业发展、促进经济提质增效升级具有重要意义。,0
进一步优化贸易外汇管理。,0
企业利润增幅同比回落。,1
进出口好于预期，贸易结构持续优化。,0
规范地方政 府举债行为。,1
 [NUM] 保险业资产增长有所放缓。,1
信贷结构持续优化。,0
消费稳定增长，投资增速放缓，进出口降幅收窄。,1
三是 加强和改进保险监管。,0
推动建立健全产业扶贫利益联结 机制，促进金融支持与产业扶贫有效融合；鼓励金融机构将新增资金、 新增项目、新增服务优先投向深度贫困地区。,0
健全 系统性金融风险的防范预警和评估体系，动态排查风险隐患，继续加 强对地方政府性债务、房地产市场、产能过剩行业、各类影子银行业 务、企业互保联保等风险领域的监测分析，督促金融机构及有关方面 做好各种情景下的应对预案。,1
三是产能过剩行业中 长期贷款增速回落。,1
地震巨灾保险 制度正式实施。,1
第三季度随着 通货膨胀预期减弱和中央银行合理把握宏观调控力度、节奏，市场利 率稳中小幅回落。,1
城乡居民收入的稳步提高支撑了消费的 持续增长。,0
房地产开发投资继续回落。,1
在当前经济下行 压力加大、国际贸易形势复杂多变的背景下，加快补齐农业农村短板、 做好“三农”工作具有特殊重要性。,1
失业率仍处于 [NUM] 的高水平。,0
投资需求依然旺盛。,0
各主要央行大幅降息，并 向金融市场注入大量额外的流动性。,0
房地产贷款增速回升。,0
发布推进期货行业创新发展意见。,0
 [NUM] 月份美股大幅下跌四次触发熔断机制， [NUM] 月 [NUM] 日国际原油期货结算价历史上首 次跌至负值，金融风险与实体经济低迷叠加共振。,1
但也 要看到，我国经济回升的基础还不稳固，国际金融危机蔓延导致外部 需求持续萎缩，经济下行压力仍然较大。,1
继续加强外汇、外债管理，及时完善相关政策和监管手段。,0
人民币对国际主要货币汇率有升有贬，双向浮动。,1
五是大力培育和发展金融市场。,0
一是降低金 融资源配置的效率，会加剧结构扭曲。,1
人民币对欧元、日元等其他国际主要货币汇率双向波动。,1
维护外汇市场健康发展。,0
（四）股票市场成交活跃 受国民经济形势良好、股权分置改革取得重大进展等因素影响， 股票市场信心明显增强，成交活跃，指数明显回升。,0
短期融资券市 场稳步发展。,0
随后西亚和北非局势动荡、日本地震导致避险需求 [NUM] 增加，收益率逐步回落。,1
总体而言，与经济复苏态势背离的低通胀现象的背后成因复杂，各方仍存在 较大争议。,1
货币总量增长从上年高位总体回落。,1
加强对企业自主创新的金融服务。,0
“弃房价、稳汇率”的一种逻辑是紧缩货币，从而挤出 资产泡沫，并以高利率来稳定汇率，这会导致危机式的被动去杠杆，代价很大， 过程比较痛苦，汇率实际上也很难稳住；“弃汇率、稳房价”则是放松货币来支 持房价，试图以低利率刺激通胀和房价，这同样会加剧结构扭曲和债务积累，导 致调整的时间更长、代价更大。,1
 [NUM] 、厂商开发能力弱，制约了新产品的发展。,1
农产品生产价格涨幅低于农业生产资料价格涨 幅。,0
一季度，全球各大股市受美国 经济强劲恢复影响一度上行。,0
欧元区陷入成立以来首次衰退。,1
财政刺激加码和经济复苏预期增强是通胀预期和实际利率上升 的共同动因。,0
三是法人治理取得 初步成效。,0
服务业持续恢复，现代服务业增势较好。,0
由于担心危机可能向欧元区核心国家蔓延、担心主权 债务危机演变为银行危机，国际金融市场出现新一轮动荡。,1
发达经济体通 胀压力总体缓解，继续回落的速度或不及预期。,1
对安全边际内的 [NUM] [NUM] 级银行， 开展风险早期预警，及时提示风险。,1
消 费品价格涨幅回升，服务价格涨幅回落。,0
受英国脱欧安排不确定性等影响， [NUM] 欧元区同业拆借利率Euribor继续走低。,1
（四）股票市场指数和成交均大幅回升，筹资额增加较多 股票市场指数全面回升。,0
一是居民收入增长有所恢复，消费场景改善， 消费倾向回升，就业形势总体稳定，内需潜力将进一步释放。,0
欧元区经济下行风险增加。,1
三是表外融资有所恢复。,0
同比增速为可比口径数据，为年增速。,0
二是盘活存量、优化增量，支持经济结构调整和转型升级。,0
节能减排工作初见成效。,0
人民币对欧元、日元等其他国际主要货币汇率双向波动。,1
（二）经济效益有所改善，需进一步树立和落实科学的发展 观 企业实现利润继续大幅增长。,0
只有赋予金融机构通过风险溢价覆盖高 风险贷款损失的权利，才能使金融机构对中小企业、农业贷款有积极性。,1
一是深入开展金融精准扶贫。,0
加强 对银行体系涉及外汇潜在风险的监测和提示。,1
在文化自信及消费升级带动下，老牌国货和新国货 成为新的消费潮流。,0
同时，着 力于供给端，加速淘汰落后产能，完善汽车“僵尸企业”的退出机制， 禁止核准新建传统燃油汽车生产企业投资项目，严格控制现有汽车企 业扩大传统燃油汽车产能。,1
坚持综合施策，有效处置金 融风险点，防范道德风险，牢牢守住不发生系统性风险的底线。,1
 [NUM] 年上半年，随着市场对希腊债 务危机恶化以及全球经济复苏前景的担忧加剧，避险需求上升，主要 国债收益率震荡走低。,1
债券市场指数小幅上行。,0
企业盈利能力有所下降。,0
风险控制。,1
在地价方面， 不少地区为招商引资，压低征地补偿费。,1
货币市场利率中枢下行，交易 量增加。,1
（一）全球经济增速放缓，增长动能不足，贸易摩擦与地缘政治 等不确定性形成拖累 全球经济增速放缓趋势明显。,1
日本经济陷入衰退。,1
但也 存在结构不合理、增长方式粗放、安全事故多发、资源浪费严重、环 境治理滞后等突出问题。,1
进 一步完善个人住房信贷政策，支持居民自住和改善型住房需求，促进 房地产市场平稳健康发展。,0
如果是全 年CPI，则至少有半年的滞后期，会对物价形势的判断产生误导，不利于适时适 度进行宏观调控。,1
生产者价格指数（PPI）涨幅高于去年。,0
商品房销售增速有所下降。,0
能源等受益于石油价格上扬的企业股价涨 幅较大。,0
放宽首套住房贷款利率下限。,0
股票市场指数震荡下行，成交量和筹资额同比减少。,1
货币市场利率波动中明显上升。,1
一是资产质量继续改善， 可持续发展能力显著增强。,0
一是在主权债务危机、经济低迷和监管标准提升的背景下，银行存在较为严 重的资本缺口问题。,1
加快发展外汇市场，推动汇率风险管理工具创新。,0
票据市场在规范中进一步平稳发展。,0
二是需 求面指标同比放缓。,1
国际金融危机以来，受外需严重萎缩影响，我国高 耗能行业出口急剧下降，产能过剩问题更加突出，生产放缓，投资下 降。,1
当前就 业压力较大，居民对未来收入的预期也不乐观，可能对消费需求产生 不利影响。,1
跨境人民币业务保持稳定发展。,0
农村信用社改革试点工作取得重要进展和阶段性成果。,0
利率期权业务平稳发展。,0
同期“外币对”交易额快速增长。,0
 [NUM] 年以来，消费者信心指数回升，显 示内需改善。,0
贸易摩擦等带来的不确定性以及对全球供应链的扰乱 已逐渐显现，企业与居民信心受损并推迟投资或降低消费，导致全球 总需求不足，全球经济增长动能总体偏弱。,1
由于美伊战争和宏观经济状况因素作用，美元第一季度 和第三季度曾经出现两次较大的反弹，但是总体保持跌势，第二季度和第四季度 跌幅再度加剧。,1
这一问题是经济供求失衡和结构矛盾的 综合反映，是我国企业制度和融资结构不合理以及商业银行改革滞后制约了货币 政策的传导，需要企业、银行、政府和社会共同配合，实行综合治理，逐步解决。,1
从外部环境看，全球经济持续复苏的稳定 性有所增强，外需有望继续改善。,0
生产资料价格下降拖累生产价格涨幅由正转负。,1
（三）完善保险市场基础性制度建设 进一步规范保险业务。,0
进一步完善“三档两优”存款准备金框架，建立健全银行增 加小微企业贷款投放的长效机制。,0
积极开展存款保险宣传和业务培训。,0
全球股市总体上涨。,0
商品房销售持续改善。,0
除了地缘政治 冲突、能源短缺、通胀高企外，货币政策收紧对经济下行也有影响， 主要发达经济体快速加息的紧缩效应具有滞后性和累积效应，对全球 经济增长的拖累可能超出预期。,1
四是我国金融体系自主性和稳定性更强，人民币资产吸引力增强。,0
包括：金融机 构资本充足率，金融机构不良贷款比率，金融机构内控机制状况、发生重大违规 及风险情况，金融机构支付能力明显恶化及发生可能危害支付系统安全的风险情 况。,1
二是盘活存量、优化增量，支持经济结构调整和转型升级。,0
三是贸易摩擦对物价的滞后影响需全面分析。,1
今年年初以来监管当局整顿和规范股票市场的 一系列政策措施陆续出台，对二级市场交易起到一定的降温作用。,1
中长期贷款平稳增长，个人住房贷款增速回升。,0
GDP缩减指数低于上年。,1
美国经济复苏态势增强， 多项指标表现好于市场预期。,0
一是 企业融资环境持续改善。,0
健全金融风险问责机制，对重大金融风险严肃追责 问责，有效防范道德风险，坚决守住不发生系统性金融风险的底线。,1
企业投资增长仍显乏力。,1
金融机构在利润压力、监管套利等因 素作用下，利用同业、理财等短借长贷，资产负债结构对利率风险敞 [NUM] 口十分灵敏，对货币市场高度依赖，也是加大市场流动性波动的主要 原因。,1
钢铁生产总量过剩。,1
继续发挥 再贷款精准滴灌和正向激励作用，支持巩固脱贫攻坚成果同乡村振兴 有效衔接。,0
流动资金贷款比例明显提高。,0
国际主要债券收益率在 [NUM] 年上半年稳步上升，下半年开始出 现缓慢下行走势。,1
增大对“三农”、灾后恢复重建、小 企业、服务业、自主创新、节能环保等的信贷支持力度。,0
《规划》提出金融机构破产问题，强调建立适合中国国情的 金融机构破产法律体系，规范金融机构市场退出程序，建立存款保险制度。,1
继续加强真实性合规性审核。,0
展望未来，由于全球主权债务危机尚未得到有效遏制，部分经济 体财政赤字严重，主要经济体失业率居高不下，危机损失尚未完全暴 露以及全球对“退出”政策预期的影响，全球经济复苏过程可能出现反 复。,1
受希腊债务危机影响，避险需求上升，欧元长 期国债收益率震荡下行。,1
总体来讲，美元贬值增加了全球经济的不确定性，在日本和欧元区等发达经济体 同时陷入衰退之际，不利于世界经济整体复苏。,1
房屋销售价格继续回升。,0
美国扩大减税计划增 加了削减赤字的难度；欧元区部分国家的银行业仍较脆弱，可能需要进一步财政 救助，欧央行加息也将加重有关国家的债务负担；日本大地震后的巨额重建资金 需求将加剧其债务问题。,1
一季度，人民币 对美元汇率小幅升值。,0
上半年，食品价格 上涨 [NUM] ，拉动 CPI 上涨 [NUM] 个百分点；非食品价格上涨 [NUM] ，拉动 CPI 上涨 [NUM] 个百分点。,0
当年 GDP 增速从上年的 [NUM] 提高到 [NUM] ，CPI 涨幅稳定在 [NUM] 。,0
在农村固定资产投资中，农户投资增速持续低于非农户投资增速。,0
实践证明，过量的货币供应不会导致经 济增长无限加快，只会导致物价上涨，而高通胀后惯常发生的萧条及通货紧缩会 对经济产生巨大的破坏。,1
继续推进农业产业结构调整，构建农村一二 三产业融合发展体系，积极培育农业绿色发展的经营与服务主体。,0
一是打造跨国公司 外汇资金运营管理改革“升级版”。,0
进出口增速由负转正。,0
 [NUM] 、GDP 缩减指数继续回落。,1
未来这一增 收因素可能难以为继。,1
第三季度，利率互换曲线整体下移。,1
黄金市场制度性建设逐步推进。,0
中期借贷便利采取招标方式， [NUM] 年中标利率有所上行， 其中第一季度中标利率上行两次，第四季度中标利率上行一次， [NUM] 年 期利率分别上行 [NUM] 个、 [NUM] 个和 [NUM] 个基点，最后一期操作 [NUM] 年期中标 利率为 [NUM] 。,0
 [NUM] 月份，沪、深股市出现下滑。,1
对于当前期限错配和货币错配问题要有正确认识。,1
进一步发挥开发性金融对棚户区改造的支持作用。,0
进一步落实好差别化住房信贷政策，对符合 条件的保障性住房建设项目及时发放贷款，促进房地产市场健康平稳 发展。,0
提高证券期货业统计数据质量。,0
回购业务平稳发展。,0
（二）消费平稳增长，投资增速稳步回升 消费总体平稳，网上零售保持快速增长。,0
 [NUM] 月 [NUM] 日，日本东北部发生强烈地震并引发海啸和核泄漏 事故。,1
完成对全国 [NUM] 多家银行业金 融机构的压力测试，及时进行风险提示，引导金融机构稳健经营。,1
从实施效果看，信贷结构变化较好地支持了经济结构调整和转型 升级。,0
引导金融机构更好地用好增量、盘活存量，探索创新组织架构、 抵押品、产品和服务模式，将更多信贷资金配置到重点领域和薄弱环 节，促进国民经济提质增效和持续健康发展。,0
改进完善金融精准扶贫信息系统， 推动贫困户基础信息和金融扶贫信息对接共享。,0
今年二季度以来，受新冠肺炎疫情 及经济下行压力的影响，企业尤其是中小微企业经营困难增多，信贷 需求转弱，贷款增长一度有所放缓。,1
南 非经济仍较低迷，一季度 GDP 同比仅增长 [NUM] ，通胀水平有所上升， 失业率居高不下。,1
加快发展外汇市场，推动汇率风险管理工具创新。,0
主要 发达经济体陷入全面衰退，信心疲弱和出口大幅下滑使得新兴市场经 济体在面对金融市场压力时更加脆弱。,1
外债规模继续稳步增长。,0
二是涉农贷款增速继续高 于各项贷款平均增速。,0
二是提高价格透明度。,0
国民经济运行总体平稳，生产稳定增长，需求持续恢复，就业物价总 体稳定，居民收入持续增加，新动能加快成长，高质量发展取得新进 展。,0
日 本下半年来经济有所放缓，三季度 GDP 环比折年率转负至 [NUM] ，制 造业 PMI 震荡下行。,1
房屋销售价格涨势平稳，但部分地区房价涨幅较高。,0
此外， [NUM] 受国际油价持续下跌等影响，日本物价水平再次面临较大下行压力， 实现通胀目标的难度加大。,1
一 是全球生产率增长乏力。,1
针对 [NUM] 年中人民币汇率外部压力较大 的情况，综合采取措施，加强预期管理，防范大起大落。,1
此外，地缘政治冲突多点爆发，恐怖主义抬头，风险因素和不确 [NUM] 定性加速累积，对经济金融的影响加大。,1
引导和督促金融机构加强内部风险控制，合 理把握信贷资金投放节奏，防止产生新的信贷风险。,1
利率管制的基本放开，为推动金融机构转型发展注入新的动力。,0
市场经济的供求关系客观上决定了每个借款项目风险大小的不同，因此成为 贷款定价重要的风险预警指标。,1
而受生产率增长长期低迷、政治不确定性、人口增长 放缓及企业债务高企等因素影响，全球投资前景亦承压。,1
银行间国债收益率曲线显著下行。,1
五是进一步完善房地产信贷政策，支持居民自住和 改善型住房需求。,0
乱收费和繁杂的购车手续抑制了个人购车的积极 性，阻碍了汽车需求增长。,1
农业生产形势稳定，全年粮食产量有望连续六年增产。,0
存款保 险机制平稳运行，有效发挥存款保险防范挤兑、早期纠正、风险处置 等核心功能。,1
工业生产者出厂价格降幅加深。,1
然而，也必须清醒地认识到，当前农村 信用社仍存在许多困难和问题，主要表现是：经营管理粗放，约束机 制不健全；省级联社行政化管理倾向严重，农村信用社法人治理结构 不完善；地方政府落实扶持政策不到位，农村信用社历史包袱化解低 于预期。,1
 [NUM] 政策性、开发性金融机构改革取得突破性进展。,0
大力发展资产管理机构，壮大多元化机构投资者队伍。,0
此外，地缘政治冲突多点爆发，风险因素和不确定性加速累积， 对经济金融的影响加大。,1
（六）外汇市场稳步发展，人民币掉期交易活跃 银行间即期外汇市场运行平稳，询价交易的主导地位进一步突 出，市场供求的基础性作用进一步发挥。,0
英格兰银行两次降 息，把利率从 [NUM] 降至 [NUM] ，降幅为 [NUM] 个百分点。,1
主要发达经济体股市大幅上涨，多数新兴市场经济体股市波动性 加大。,0
总体看，要实现改革目标，任务仍然十分艰巨。,1
 [NUM] 利率互换交易快速增长。,0
第四，对我国汇率水平的影响。,0
新冠肺炎疫情暴发后，餐饮业受到较大冲击。,1
当前物价处于低位的根本原因在于实 体经济需求不足、供求失衡，而不是货币供给不够。,1
部分重要商品国内外差价较大， 资源能源价格扭曲矛盾仍在继续累积。,1
 [NUM] （四）股票市场持续回暖，成交量同比增加 股票市场指数回升。,0
改变单纯依赖信贷资产扩张的局面，进一步优 化存量资产经营方式，提高增量资产配置效率，加快发展中间业务，全面提高竞 争能力和持续盈利能力。,0
一是进一步完善跨国公司外汇资金集 中运营管理，便利其利用资金满足境内经营。,0
债券发行量增加，利率总体下行。,1
促进优质企业便利化政策扩面提质。,0
欧洲移民潮危机、 恐怖主义抬头、叙利亚危机升级、朝鲜半岛局势紧张、英国脱欧风险 增加等因素为世界经济复苏蒙上阴影，有可能拖累全球经济增长。,1
加大对仓 储物流企业金融支持力度，助推流通业态提质增效。,0
三是绿色发 展方面，快递企业将节能减排纳入核心考量范畴，随着节能减排技术、 环保包装材料以及废弃物回收利用的普及和应用，有助于实现快递行 业可持续发展。,0
加大对结构调整、自主创新、兼并重组、产业转移、民族 区域经济协调发展的融资支持。,0
人民币贷款增长放缓。,1
人民币汇率有贬有升，双向浮动。,1
一是完善管理，打击转口贸易、内保外 贷等领域的虚假、欺骗性交易。,1
根据《钢 铁工业“十二五”发展规划》的要求，钢铁行业应以结构调整、转型 升级为主攻方向，以自主创新和技术改造为支撑，提高质量，扩大高 性能钢材品种，加快实现由注重规模扩张向注重品种质量效益转变； 优化区域布局，引导兼并重组，严格控制产能扩张，进一步提高产业 集中度，推进节能降耗，强化资源保障，有效满足经济社会发展需要。,0
而前一段时期消费物价回落，也与铺张浪费活动受到抑制及疫病 传播等特殊因素有关。,1
五是积极发展直接融资。,0
第三，受股票市场活跃的影响，股票融资同比显著 上升。,0
消费需求对经济增长的拉动作用强劲，民间投资增速回升，贸易顺差 [NUM] 收窄。,0
与传统金融业相比，互联网金融 业的风险主要集中在消费者信息安全和风险管控等方面。,1
一是稳健的货币政策更加灵活适度、精准导向。,0
劳动力市场复苏相对偏慢。,0
四是农业 产地环境逐步改善，绿色发展成效卓越。,0
疫情引发全球多地出现 劳动力供应紧张，部分岗位“招工难”现象加剧，多个主要港口货物 积压，供应链摩擦明显加大。,1
当贷款利率不能弥补贷款风险成本和支出时，银行将无法充分计 提各项损失准备，信贷资产的损失会直接侵蚀银行资本，威胁其持续经营。,1
房地产业是国民经济的重要支柱产业，对于拉动钢铁、建材及家 电家居用品等产业发展举足轻重，对金融业稳定和发展至关重要，对 于推动居民消费结构升级、改善民生具有重要作用。,0
欧元区经济稳步增长。,0
稳妥处置高风险集团风险，有序压降重点区域、 重点领域金融风险。,1
（二）债券发行利率下行，发行量和交易量增加 国债和金融债发行利率回落。,1
 [NUM] 货币市场利率在波动中明显回落。,1
欧元区经济形势依然严峻，多数成员国工业生 产仍在下滑，估计一季度欧元区经济增长有可能接近零或轻度负增长。,1
专栏 [NUM] ：我国资源价格存在的问题及影响分析 受计划经济体制的影响，我国资源价格水平长期偏低，这不仅导致了资源浪 费和粗放型经济增长，而且还导致了高耗能、高污染和资源性产品的出口，扩大 了贸易顺差，夸大了人民币升值的压力。,1
第三季度，货币市场利率在波动中有所回落。,1
但是，经济运行中也存在着固定 资产投资增长过快、货币信贷投放仍然过多、国际收支不平衡加剧、 能源消耗过多、环境压力加大等突出矛盾和问题。,1
进口价格涨幅扩大。,0
三大攻坚战开局良好， 供给侧改革深入推进，改革开放力度加大，人民生活持续改善，保持 了经济持续健康发展和社会大局稳定，经济增长具有潜力和韧性。,0
四是投资结构不合理。,1
（一）主要经济体经济和金融市场概况 经济增长放缓。,1
一是供需缺口扩大。,1
推动金融机构健全运用 LPR定价机制，持续释放 LPR改革潜力。,0
增强价格杠杆调控作用。,0
四是通胀预期增强，对 价格形成进一步的上涨压力。,0
提前或推迟结算。,1
货币市场利率有所上行后趋于稳定。,0
其中， [NUM] 、 [NUM] 月份，固定资产投资增速回升。,0
受债务危机影 响，西班牙、意大利、爱尔兰等欧元区国家的房地产价格出现下跌。,1
（二）国际金融市场继续动荡 [NUM] 年，在世界经济恢复乏力、地区政治危机、美国经济恢复不稳定、公 司利润萎缩、大公司丑闻频频曝光等因素影响下，国际金融市场继续动荡多变， 市场风险加大并出现市场信心危机。,1
稳步推进养老金融发展。,0
其次，Shibor 产品创新取得进展，应用范围不断扩大。,0
进出口增速回升，结构优化。,0
三是以自主创新和技术改造为支撑，提高产品质量，扩大高性能 钢材品种，进一步推进节能减排。,0
资产管理公司转型改制工作取得新进展。,0
初级产品价格跌幅较大，投资品跌幅大于消费品。,1
最终消 费对 GDP 增长的贡献超过 [NUM] ，第三产业比重达到 [NUM] ，新兴产业、 新兴业态和新商业模式蓬勃发展。,0
然而，光伏产业目前仍处于明显的产能过剩和大面积亏损之中， 发展形势严峻。,1
疫情对全球经济运行产生明显影响。,1
英国脱欧看起来是“黑天鹅”事件，其实背后早有渊源。,1
加快发展外汇市 场，推动汇率风险管理工具创新。,0
一是核心技术创 [NUM] 新能力不强。,1
引导金融机构合理均衡放 款，防止贷款过度波动。,1
主要发达经济体增长动能放缓，货币政策面临两难。,1
投资快速增长。,0
一是生产和销售快速增长。,0
通胀水 平较上季度略有回升，但可持续性仍待观察。,0
这可能带来两方面的风险。,1
加快发展外汇市场，推动汇率风险管理工具创新。,0
要稳定大局，推动高质量发展，提高全要素生产率，更加 积极主动地推进改革开放。,0
工业生产者出厂价格降幅与上年持平。,1
商品房销售面积增速回升。,0
人民 币汇率总体稳定，双向浮动弹性提升，外部金融风险冲击得到了有效 防范。,1
第三季度，服务业增加值同比增长 [NUM] ，增速由负转正。,0
受近期资本市场波动较大和赔付支出较多影响，保险业总资产增 长速度略有减缓。,1
施工和新开工项目增 长放缓。,1
房地产业的健康发展，对于巩固 和发展宏观调控成果，保持国民经济平稳较快发展，具有重要意义。,0
继续完善民生金融和 区域经济协调发展的金融服务工作。,0
保险业资产增速回升，投资类资产占比继续提高。,0
目前，中小企业反映贷款难，商业银行反映难贷款。,1
美欧通胀有所回落，但仍处历史高位。,1
阿根廷、土耳其受金融市场动荡影响，第一季度 GDP 均为负增长。,1
信贷结构持续优化。,0
货物贸易顺差大幅增加，民营企业对出口贡献较大。,0
城乡居民收入的稳步提高支撑了消费的 持续增长。,0
二是发达经济体传统产业竞争力相对 弱化，受金融危机严重冲击后，经济复苏缓慢，财政收入增长难以弥补应对危机 有关的巨额财政支出缺口。,1
加快小城镇建设对于汽车和房地产业持续快速增长，促进产业结构调整、增 加就业、加快农村剩余劳动力转移、提高农民收入、开拓农村消费品市场，促进 国民经济实现可持续发展具有重要的战略意义。,0
全球股市相继下跌。,1
多目标之间的权衡增加了货币政策 操作上的难度。,1
证券期货经营机构监管规则进一步健全。,0
收入分配结构持续改善，农村居民人均可支配收入名义增速和 实际增速均快于城镇居民 [NUM] 个百分点。,0
二是运输能力大幅提升。,0
④ “—”表示数据缺失或者有关业务量很小。,1
生产价格降幅有所收窄。,1
引导企业树立“风险中性”的 财务理念，通过外汇衍生品管理汇率风险。,1
前三季度，进出口总额为 [NUM] 万亿元，同比下降 [NUM] ，降幅比上半年收窄 [NUM] 个百分点（以美元 计价，进出口总额为 [NUM] 万亿美元，同比下降 [NUM] ，降幅比上半年 收窄 [NUM] 个百分点）。,1
目前影 响全球经济增长的主要风险是：全球贸易失衡和贸易摩擦加剧，贸易 保护主义趋势加强，国际原油价格持续高位波动，股市和房地产泡沫 风险增大，通货膨胀压力加大。,1
三是贸易赤字激增。,0
重点支持民生工程尤其是保障性安居工程、欠发达地区、科技创新、 节能环保、战略性新兴产业、企业技术改造等。,0
完善相关政策制度安排，持续推动债券市场对外开放。,0
进一步发挥信贷资产证券化盘活存量的积极作 用，推动经济提质增效和转型升级。,0
Shibor 总体有所上行。,0
欧元利率小幅波动。,1
三是政府的短期政绩、形象工程；开发商的暴利；房改 政策的需要等，都在诱导商业银行信贷资金投向房地产领域。,1
此外，未贴现银行承兑汇票波动较大。,1
促 进改善金融生态环境，引导商业银行增强应对经济景气变化的能力， [NUM] 健全贷款的激励和约束机制。,0
外商投资预期和信心稳定趋好，资金向高技术产业聚集。,0
三是随着经济下行风险加大，部分经济体的政策应对面临一定挑 战。,1
三是投资资金充裕。,0
鼓励各商业银行从非公有制经济 特点出发，改进信贷管理方式，开展金融产品创新，完善金融服务。,0
 [NUM] 通货膨胀压力依然较大。,1
股票市场筹资额大幅减少。,0
全球股市波动幅度较大。,1
二是加强金融风险监测、预警，充分发挥 存款保险制度的早期纠正和市场化风险处置平台作用。,1
完善中期借贷便利操作模式，采取招投标方式，提高操作效率。,0
健全证券期货业监管规则。,0
长期积累的风险隐患有所暴 露，经济仍面临下行压力。,1
图 [NUM] ：主要货币汇率走势 伦敦同业拆借市场美元 Libor 低位波动。,1
欧元区 和日本经济下行风险增加。,1
稳妥处置高风险集团风险，防范化解中小银行风 险，有序压降重点区域、重点领域金融风险。,1
全球主要股指波动较大。,1
如阐明能源资源价格形成机制改革 主要是为了理顺价格关系，促进资源节约利用和节能减排，为发展生产力、提高 人民群众生活水平创造良好的价格环境，并不意味整体价格的上涨。,0
保险业资产增速回升。,0
 [NUM] 月 [NUM] 日，证监会发布《关 于进一步推进期货经营机构创新发展的意见》，从努力增强期货经营 机构竞争力、适时放宽行业准入、逐步推进期货经营机构对外开放和 [NUM] 加强投资者保护等八个方面明晰了下一步期货业发展的目标及相应 的政策配套措施，有利于推动期货行业的创新发展，进一步提升其在 服务实体经济、促进经济结构转型升级方面的作用。,0
当前全球经济金融调整是长期积累的失衡矛盾最终释放的必然 结果，对我国经济的影响不可低估。,1
三是推动建立“银行业联盟”，提振市场对银行业信心。,0
贷款质量明显提高。,0
美国和日本经济同时陷入衰退， 欧元区经济加速下滑。,1
美国经济增长大幅下滑、股市大幅回落，这是多年来高速增长所掩盖的经济 泡沫的暴露。,1
俄乌冲突升级风险仍存，西方继续对 俄实施大规模制裁，能源等大宗商品市场还可能遭受冲击。,1
此外，也有观点认为，风险 共担机制虽然减少了欧央行的风险，强化了各成员国风险责任，但也可能会降低 危机国家主权债券对市场的吸引力，弱化“欧版”量化宽松政策的可信度和政策 效力。,1
同时，进一步建立健全央行政策利率调控机制，培育完善市场基准利率体系， 疏通利率传导渠道。,0
（一）消费拉动作用增强 消费拉动作用增强，新兴业态消费增长较快。,0
一是受地缘政治冲突影响，能源、金属 等大宗商品价格剧烈震荡。,1
加大金融精准扶贫力度，大力发展普惠金融，着力支持贫困地 区经济社会持续健康发展和贫困人口脱贫致富。,0
欧元区经济复苏动力减弱，国别增速进一步分化。,0
（六）进一步完善人民币汇率形成机制，促进国际收支平衡 进一步完善人民币汇率形成机制，促进国际收支平衡。,0
财政赤字问题仍然十分严重。,1
此外，国际经济金融运行 III 的不确定性增大也增加了国内经济的潜在风险。,1
既要防止金融风险蔓延，也要防止 出现道德风险，守住不发生区域性系统性风险的底线。,1
国际金融市场波动加大。,1
继续深化大型商业银行改革，推动其不 断完善公司治理，逐步健全现代金融企业制度，加快转变发展方式和 盈利模式，提高创新发展能力和国际竞争力。,0
促进优质企业便利化政策扩面提质。,0
伦敦同业拆借市场美元 Libor 总体下行。,1
日本经济稳步回升。,0
做好化解产能严重过剩矛盾的金融服务工作，支持 对整合过剩产能的企业定向开展并购贷款，对产能严重过剩行业中有 [NUM] 市场有效益的企业不搞“一刀切”。,1
（四）股票市场指数下跌，成交量小幅增加 股票市场指数下跌。,1
欧美日需求锐减，外需低迷。,1
一是流动性收紧加剧金融市场的 调整，带动资产价格大幅波动，养老金、保险公司、对冲基金等非银 行金融机构压力加大，部分财务状况较差的市场主体面临冲击。,1
 [NUM] 房价上涨城市增多，且涨幅扩大。,0
进一步扩大金融业对外开放。,0
生产价格降幅收窄。,1
欧洲房地产市场不容乐观。,1
房地产开发投资增速加快。,0
一是统筹规划，促进光伏产业 转型升级。,0
劳动力市场有所降温。,1
协作主要内容包括构建信息交换机制、风 险预警机制、共同风险控制机制和联合调查机制等。,1
一是家电业 等产品产能相对过剩。,1
客、货运增速均明显高于经济增速。,0
但 [NUM] 月中旬以后钢材市场供大于求，价格明显回落。,1
前三季度，票据承兑余额持续 增长， [NUM] 月末达到 [NUM] 万亿元，再创历史新高。,0
直接融资比重大幅下降应引 起重视。,0
开发性、政策性金融机构改革取得突破性进展。,0
三是集中整治金融乱象，严厉打击金融违法犯罪活动。,1
进一步推动信贷资产证券化市场健康持续发展。,0
（一）主要经济体经济形势 美国经济增长势头有所回升，通胀、就业形势略有改善。,0
东亚和拉美地区主要股市亦出现不同程度的下跌。,1
 [NUM] 月 [NUM] 日，北交所正式开市，进一步健全多层 次资本市场体系，打造服务创新型中小企业主阵地。,0
营商环境持续改 善，境外投资者投资人民币资产的便利性进一步提高。,0
国内经济恢复基础尚不牢固，居民消费 仍受制约，投资增长后劲不足，中小微企业和个体工商户困难较多， 稳就业压力较大。,1
就业状况指数也 较上季提高，自年初以来持续好转。,0
农村信用社改革取得重要进展和阶段性成果。,0
疫情、通胀和发达经 济体货币政策调整仍是全球经济的三大不确定性。,1
近年来，随着人民币国际化程度持续提高，货币政策调控环境又发生了新的 变化。,0
美国股市创下 “ [NUM] · [NUM] ”以来最大跌幅，三大股指日跌幅均在 [NUM] 以上；欧洲股市跌 幅也超过 [NUM] ；亚洲股市普遍下跌 [NUM] 以上，俄罗斯更因油价暴跌引发 股票抛售狂潮，监管部门被迫暂时中止股市交易。,1
特 别是随着电子商务的发展，市场的开放竞争促使快递业务快速增长， 呈现出较强活力，助推了消费结构升级。,0
有 些政府部门对资产评估收费过高。,1
（六）外汇市场平稳发展，人民币掉期交易活跃 银行间外汇市场会员进一步扩大，即期外汇市场运行平稳，询价 交易的主导地位进一步显现，人民币掉期交易活跃，“货币对”交易 量下降较多。,0
出口增速由降转升，一般贸易比重提高。,0
开展万能险专项检查，规范险资举牌， 暂停相关机构的万能险业务和股权投资。,1
一是微观金融主体不健康。,1
（四）全球经济面临的主要风险 未来几个季度，全球经济前景存在较高不确定性，主要风险包括： 一是欧洲债务危机尾部风险可能威胁全球经济复苏。,1
同比增速为可比口径数据，为年增速。,0
 [NUM] 年以来，全国商品房销售面积同比增 速持续回升，并于 [NUM] 月份由负转正。,0
中长期看，要通过深化改革和加快结构调整，提升我国 [NUM] 经济增长潜力，实现可持续发展。,0
推动创业投资高质量发展。,0
增强结构性货币政策工具的精准滴灌作用， 提高政策直达性。,0
全球经济延续低增长态势。,1
近期，新冠肺炎疫情和乌克兰危机导致风险挑战增多，我国经济 发展环境的复杂性、严峻性、不确定性上升。,1
一是大力发展智 慧零售。,0
LPR 利率期权业务稳步发展。,0
一是股市走低。,1
五是有效防范系统性金融风险，维护金融体系稳定。,1
（七）黄金价格弱势震荡 上海黄金交易所黄金价格弱势震荡，小幅收高。,1
同比增速为可比口径数据，为年增速。,0
受次贷危机影响，海外资金大量撤出 日本房地产市场，其国内金融机构融资态度也变得谨慎，再加上国内 经济出现衰退迹象，第三季度日本房地产市场明显降温。,1
从完善市场法律制度体系、加强基础设施建设、进一步完善债 券交易会计制度、完善市场运行架构、提高市场流动性、不断改进和完善收益率 曲线等方面加快金融市场基础性建设，进一步推动金融市场产品和工具的创新。,0
欧元区经济恢复的势头要弱于和滞后于美国。,1
“日元套利交易”及平 仓行为仍存在较大的不确定性，可能影响国际金融市场。,1
拉美和亚洲新兴市场经济体总体保持了强劲 的增长。,0
灵活开展公开市场双向操作。,0
（三）值得关注的问题和趋势 一是疫情防控和复工复产需要更好的平衡。,0
股票市场止跌回升，成交量同比增加。,0
今年以来，美欧银行业危机叠加美债违 约风险同步发酵，对全球金融市场带来冲击。,1
股票融资大幅增加。,0
鼓励发展消费信贷，落实好房地产 信贷政策。,0
第 一季度，人民币对美元汇率年化波动率为 [NUM] 。,1
日本房地产市场略显降温迹象。,1
引导大型银行服务重心下沉，推动中小银行 聚焦主责主业，增强金融市场的活力与韧性，健全具有高度适应性、 竞争力、普惠性的现代金融体系。,0
本轮国际金融危机后，由于美元低利率政策等原因，美元也逐渐成为套利交 易中的融资货币，并就在其中扮演重要角色。,1
进出口较快增长，贸易顺差收窄，外贸结构优化。,1
二是盘活存量、优化增量，支持经济结构调整和转型升级。,0
二是商业银行房地 产贷款不良率不容忽视。,1
全球疫情 演进还存在不确定性，多国已出现疫苗接种人群感染变种病毒的案例。,1
在一般情况下，如果流动性得不到补充，商 业银行的流动性会存在一定缺口。,1
经济结构调整的亮点逐步显现。,0
三是服务质量和管理水平有待提 升。,1
展望未来，全球经济主要面临以下风险：一是美国等发达经济体 失业率居高不下，将抑制全球需求。,1
要进一步 优化商品结构、市场结构，积极促进加工贸易转型升级。,0
 [NUM] （五）保险业总资产增速稳步回升 保费收入增长好于预期。,0
在信用风险加快暴露 情况下，部分中小金融机构风险偏好下降。,1
其中，新建住宅销售 价格同比上涨 [NUM] ，环比上涨 [NUM] ；二手住宅销售价格同比上涨 [NUM] ，环比上涨 [NUM] 。,0
此外，地缘政治冲突多点爆发，风险因素和不确定性加速累积， 对经济金融的影响加大。,1
加 强市场基础设施建设，提高市场运行效率。,0
从国内情况看，各 地推动城镇化、工业化和区域协调发展的热情很高，中西部发展步伐 加快，产业结构升级和服务业发展空间广阔，经济长期保持平稳较快 增长的基本面没有发生变化。,0
加大消费信贷产品创新力度。,0
三是高精尖技术持续突破。,0
二是促进结构优化，支持经济结构调整和转型升级。,0
跨境人民币业务制度进一步完善。,0
投资持续稳定恢复，结构不断调整优化。,0
在制造业转 型升级的同时，通过放开准入限制和解除价格管制等方式，进一步促进服务业发 展，增强经济发展韧性和就业吸纳能力。,0
随着我国转向高 质量发展阶段，发展方式转向更多依靠创新驱动，实体经济发展所需要的货币增 速应与名义经济增速更趋适应，以适度的货币增长支持高质量发展。,0
完善经常项目核 销制度，健全非现场核查体系，进一步便利企业和个人用汇。,0
保险业总资产继续快速增长。,0
第一，增加债券市场的供应。,0
主要经济体股市继续上行。,0
大多数银行上年度信贷支农支小 情况满足定向降准标准，可以继续享受优惠准备金率；部分此前未享 [NUM] 受定向降准的银行达到了定向降准标准，可以在新年度享受优惠准备 金率；部分银行不再满足定向降准标准，将不能继续享受优惠准备金 率。,0
拉美和亚洲新兴市场经 济体总体保持强劲的增长。,0
出口商品进一步向价值链高端迁移。,0
当前旱情较重，秋粮生产形势有不确定性。,1
二是进一步扩大保险业对外开放。,0
 [NUM] 、GDP 缩减指数低于上年同期。,1
新兴经济体货币政策分化。,0
一些地方财政收支矛盾突出，区域性金融风险隐患 仍然存在。,1
下半年进口价格增长较快，涨幅高于出口价格涨幅。,0
居民消费价格涨幅继续扩大。,0
国际社会普遍认为，多数金融危机时期实施的非常规措施将逐步终止。,1
 [NUM] 年下半年以来，全球经济增长动能减弱，主要发达经济体增 长势头略有放缓。,1
由 于日元套利交易受利率和汇率预期以及风险溢价变化的影响，有时会 发生较大规模的平仓行为，对国际金融市场带来一定风险。,1
我国经济发展具有强大韧性、巨大潜力和有力支撑。,0
深入落实房地产信贷调控的政策措施，促进房地产业健康发展。,0
IMF等国际组织在 [NUM] 月份调低了 [NUM] 年全球经济增长的预测值，并认为未来全球金融市场的不确定性有所加大，房地 产市场疲软、信贷市场趋紧以及国际汇市波动加剧的状况将会持续一段时间。,1
国际大宗商品价格有所下跌。,1
第二， [NUM] 年积聚起来的巨大资产泡沫的破灭是导致经济下滑 的主要原因。,1
强化合规性监管，整顿和规范外 汇市场秩序。,1
无线通信基站、宽带网 络设施建设不够全面深入，选址难、建设难等问题比较突出，“光纤 到户”还面临诸多困难。,1
存货投资占GDP的比重虽然较小，但却是加剧宏观经济波动的重要因素，这 在衰退期尤为如此。,1
一、 续改善。,0
三是国内季节性购汇 需求扩大外汇供求缺口。,1
服务业继续恢复，现代服务业发展良好。,0
受美联储暂停加息、国际金融市场利率走低等因素影响，境内美 元贷款、大额存款利率水平有所下降。,1
二是近期贸易 摩擦风险有所缓和，但不确定性犹存。,1
电煤供应紧张，截至 [NUM] 月末，国家电网内缺煤停机 [NUM] 万千瓦。,1
拉美和亚洲新兴市场经济体保持了强劲的增长。,0
同时，加强反洗钱工作，整顿和 规范外汇市场秩序。,1
存款增速稳步回升。,0
一些领域金融风险恐加快暴露。,1
（二）债券利率整体回落，市场规模稳定增长 债券发行利率回落。,1
农业生产再获丰收。,0
日本通货紧缩和就业状况无明显改善，增长动力减弱。,1
四是外部不确定性较大，外贸部门结构性就 业压力可能加大。,1
七是健全金融风险预防、预警、处置、问责制度体系。,1
保持房地产业的持续、稳 定、健康发展，对国民经济健康发展至关重要。,0
"进一步整合行业优势,有序推动区域转移。",0
三是科技创新成为新亮点。,0
 [NUM] . 汽车行业 [NUM] 年，我国汽车行业积极应对疫情扰动和芯片短缺等供应链冲 击，总体运行态势平稳。,1
对石油出口国而言，油价下跌会使收入 减少，财政和国际收支平衡面临压力，本币贬值。,1
外汇市场交易主体进一步扩展。,0
房地产业和汽车产业成为国民经济发展的主要支柱。,0
受欧债危 机困扰，前三季度各季欧元区实际 GDP 环比为零或负增长。,1
主要原因是后一部分企业市场销售情况不 好、负债率高、信誉低，其中相当多处于停产半停产状态。,1
人民币对欧元、日元等其他国际主要货币汇率双向波动。,1
出口商品进一步向价值链高端迁移。,0
第一，积极支持国有企业改革。,0
GDP缩减指数持续上涨。,0
也要看到，当前外部环境错综复杂，经济下行压力持续加大，部 分企业经营困难较多。,1
国际大宗商品价格低位震荡，部分经济体通缩风险依然存在。,1
灵活开展公开市场操作。,0
继续培育市场基准利率和完善国债收益率曲线，健全市场化的利 率形成机制。,0
外汇市场交易主体进一步扩展。,0
房价下降城市个数增加，但部分城市降幅有所收窄。,1
GDP 缩减指数降幅缩小。,1
受连续大规模注入流动性 及经济刺激计划影响，目前全球货币条件较为宽松，一旦信心恢复， 初级产品和资产价格也可能较快反弹。,0
一是科技金融的政策框架持续健全。,0
一是受成本上升挤压，行业利润 同比有所下降。,1
未来交通运输业有望迎来新的发展机遇，由“大”向“强”不断 迈进。,0
研究改进和完善中央银行再贴现的政策措施，促进票据市 场的规范发展。,0
国际大宗商品价格总体上行。,0
工业生产增速回升。,0
中美经贸磋商重启， 有助于稳定市场信心。,0
提高居民个人因私购汇指导性限额，大幅简化有关凭证要求，进一步 便利居民个人用汇。,0
从人民币存款部门分布看，住户存款平稳增长，非金融企业存款 增速回升。,0
债券市场发行利率逐步走高。,0
房地产信贷增幅继续回落。,1
欧元区经济出现好转迹象。,0
本次降 准后，金融机构加权平均存款准备金率从 [NUM] 降至 [NUM] 。,1
针对受疫情影响暂时困难的企业，给予临时性延期还本付息安排，不 [NUM] 盲目抽贷、断贷、压贷。,1
居民通货膨胀预期提高。,0
二是促进结构优化，支持经济结构调整和转型升级。,0
 [NUM] 月，欧元区制造 业 PMI 下滑至 [NUM] ，连续 [NUM] 个月位于收缩区间。,1
继续完善做市商制度，提高债券市场流动性，为培育有 效的收益率曲线夯实基础。,0
大力发展资本市场是完善货币政策传导机制的重要方面。,0
投资者应结合自身风险承受能力选择投资产品。,1
当前，我国已转向高质量发展阶段，继续发展具有多方面优势和 条件。,0
城镇化和消费结构升级对经济增长的拉动作用也有望进一步增强。,0
生产价格降幅有所收窄。,1
从用电结构看，部分 高耗能行业过快增长加剧了能源供需矛盾。,1
利率互换交易活跃。,0
GDP 平减指数有所回落。,1
全年人民银行监管的各类金融机构不良贷款减少 [NUM] 亿元，不良贷款比率下降 [NUM] 个百分点。,1
居民消费价格涨幅有所扩大。,0
同时，得益于经济结构调整步伐加 快、居民收入逐步提高等因素，消费在拉动经济增长中的贡献度总体 呈上升趋势。,0
伦敦金属交易所铜现货当季平均价格比上年 同期下跌 [NUM] ，比上个季度下跌 [NUM] 。,1
通货膨胀是指价格总水平的持续上涨。,0
大力发展监管科技，提高监管的专业性、有 效性和严肃性。,0
部 分新兴市场经济体经济增速大幅下降，经济脆弱性凸显。,0
随着贷款效益、贷款质量的提高，金融机构经济效益有所提高。,0
（五）大力培育和发展金融市场 建立多层次市场体系，加快发展直接融资，推动债券市场发展， 依靠市场主体的积极性和创造性，以金融产品创新为重点，加强市场 基础建设，完善市场功能。,0
CPI 虽在低位运行，但通胀压力仍需关注。,1
票据市 场利率小幅波动，总体呈下行趋势。,1
欧洲主权债务危机给欧洲新兴经济体增长蒙上了阴影。,1
国际大宗商品价格总体上行。,0
信贷结构持续优化。,0
房屋销售价格涨幅趋于平稳，但部分城市房价上涨依然较快。,0
股票指数有所下跌。,1
世界经济政治形势更加错综复杂，主要发达经济体货币政策正常 化存在不确定性，地缘政治风险依然较大，这些都可能对金融市场运 行和资本流动等造成冲击。,1
外币贷款增长有所放缓。,1
未来一段时期，应进一步充分发挥铁路骨干运输优势，推动铁路 事业更好地服务国家战略和经济社会发展。,0
新兴市场经济体表现分化。,0
日本经济复苏步伐加快，但中长期前景仍待观察。,0
灵活精准开展逆回购操作。,0
同时，进一步完善省级自律机制。,0
至此，我国大型国有银行股份制改革基本顺利完成。,0
货币市场利率中枢下行， 成交活跃度上升。,1
另一方面，部分经济 体收紧货币政策以应对国内通胀压力，减少美联储加息带来的冲击， 减轻本币贬值和资本外流压力。,1
目前美、欧、日经济面临衰退风险，新兴经济体经济下行风险也 较大，这对我国外需可能产生较大影响。,1
（二）稳步推动黄金市场创新发展 根据市场需求积极推进黄金市场产品创新。,0
同比增速为可比口径数据，为年增速。,0
四是资产规模不断扩大，支农资金实力有所增强。,0
从价格形势看，近期仍有下行压力。,1
引导货币市场利率中枢下行。,1
但受日本经济疲弱的拖累，房地产价格持续走 低。,1
一系列利率政策取得显著成效，利率传导效果明显增强。,0
其中高技术制造业、高技术服务业投资分别增长 [NUM] 、 [NUM] 。,0
产业结构调整积极推进。,0
（二）债券发行利率回落，发行量和交易量增加 债券发行利率回落。,1
市场物价仍在低位运行。,1
助力贸易新业态创新发展。,0
（一）主要经济体经济状况 美国经济复苏动能增强。,0
一是局部地缘 政治风险可能加剧。,1
目前，我国 CPI 虽然出现回落，但价格上涨的压力依然存 在。,1
据工业和信息化部统计， [NUM] 年我 国铁矿石对外依存度已经接近 [NUM] ，目前，全球铁矿石的定价权掌握 在巴西、澳大利亚等少部分国家，资源垄断加剧严峻，我国钢铁企业 定价话语权较弱。,1
全面推进农村金融 体制改革，进一步完善农村金融服务体系，深化农村信用社改革，真 正建立起产权清晰、财务健康、监管到位、有可持续发展能力、主要 为农村服务的金融企业。,0
全球贸易和投资面临不确定性。,1
对新兴市场和发展中经济体而言，金融危机的影响正日益扩大和 深化，外需放缓、汇率和资本市场剧烈波动、资本外流加剧等将增大 其经济的不确定性和不稳定性，部分外部依赖程度高、外汇储备和贸 易盈余较少的经济体可能受到更大冲击。,1
收入分配结构持续改善， [NUM] 城乡居民人均收入比缩小。,0
外汇市场交易主体进一步扩展。,0
畅通货币政策传导机制，更好把握 存量与增量的关系，注重盘活存量金融资源，提高资金使用效率。,0
秋粮播种面积稳中有增，秋粮生产有望丰收。,0
固定资产投资增速由负转正，高技术产业和社会领域投资持续回 升。,0
收益率曲线整体下移并略有陡峭化趋势。,1
中国人民银行将进一步加快推进农村金融改革， 不断改善农村金融服务，支持“三农”发展。,0
推动债券市场高质量对外开放。,0
美联储 加息之后，新兴市场经济体宏观经济政策与发达经济体协同的难度进 一步增加，一些经济体面临着应对资本外流和国内经济下行压力的两 难选择。,1
三是 WTO 多哈谈判取得进展，全球贸易和投 资环境将进一步改善。,0
抓紧补齐监管制度短板，有效 控制宏观杠杆率和重点领域风险，积极化解影子银行风险，稳妥处置 各类金融机构风险，全面清理整顿金融秩序，守住不发生系统性风险 的底线，坚决打赢防范化解重大金融风险攻坚战。,1
进一步规范中介机构行为。,0
要鼓励创新，拓宽助学贷款发放渠道。,0
着力完善存款保险制度功能。,0
受各种不利因素的影响，国际金融市场动荡加剧。,1
水价过低致使我国水资源利用相对粗放，用水效率不高，用水浪 费严重。,1
一是稳健的货币政策更加灵活适度、精准导向。,0
M [NUM] 增速 [NUM] 、 [NUM] 月份持续于 [NUM] 以上 的较高水平运行，均超过 [NUM] 月末增速，近期货币总量增速有所抬头的 态势值得关注。,0
房价上涨的城市个数增加，涨幅扩大。,0
一季度，受国内外需求拉动和国际铁矿 石合约价格上涨 [NUM] 的影响，钢材价格持续攀升。,0
国内有效需求不足，经济运行出 现分化，重点领域风险隐患仍然较多，新旧动能转换存在阵痛。,1
二是欧元区面临低通胀或通缩风险。,1
科技创新能够催生新产 业、新模式、新动能，当前推动经济高质量发展，核心是要提高全要素生产率， 科技创新是关键。,0
要继续大力淘汰 [NUM] 落后产能，坚决遏制低水平重复建设和盲目发展，严格控制“两高一 资”产品出口。,1
钢铁行业应化挑战为机遇，加大结构调整和转型升级力度。,0
五是继续加强产业转型升级的金融 支持，持续完善区域发展金融政策引导。,0
从价格走势看，未来我国价格走势虽然存在不确定因素，但上 行风险大于下行风险，通货膨胀压力有所加大。,1
银行间债券市场指数小幅下行。,1
对“三农”的信贷支持 进一步增强。,0
科技创新动力不断增强，绿色转型稳步推进，消费市场逐步回暖升级。,0
（二）债券发行利率下行，发行量增加 债券发行利率总体下行。,1
信贷结构持续优化。,0
GDP 平减指数同比上涨。,0
欧元区经济有所好转。,0
大多数新兴市场经济全面放缓， 并笼罩在一种低迷的阴霾之中。,1
近两年来，农民工务工收入水平有所提高。,0
工业生产恢复较快。,0
部分欧洲新兴 经济体由于财政负担过重，金融系统脆弱，对外资吸引力下降，经济 增长的不确定性加大。,1
日本货币政策进一步宽松。,0
第三，对流入我国外资的影响。,0
因此，不宜简单比较不同经济体货币总量/GDP 的高低来评 估货币条件和通胀压力等问题。,1
（一）货币市场利率回升，市场交易活跃 货币市场利率有所回升。,0
欧元区经济 持续复苏，日本经济稳步回升。,0
进口价格涨幅高于出口价格涨幅。,0
由于上半年欧元区通货膨胀率逐步回落，下半年欧央行升息压力会 有所减弱。,1
三是债券市场 评级体系滞后。,1
二是银行卡受理环境持续改善。,0
一是产业链供应链安全和稳定性亟待提升。,1
第四季度，受美联储出台第二轮量化宽松政策、 经济数据有所好转、上市公司盈利水平改善等因素影响，美日股市震 荡上扬。,0
实施平均法考核的主要目的是提高金融机构管理流动性的灵活性 和便利性，并非增强透支能力。,0
国际货币基金组织（IMF）总裁拉加德近日表示，在 全球经济下行风险加大的背景下，负利率对经济的影响总体而言利大于弊，但需 密切关注负利率可能带来的“副作用”。,1
Shibor短端保持平稳， 中长端有所下行。,1
印度经济保持较快增长，第一季度 GDP 增长 [NUM] ，但也面临 银行坏账率较高、私人投资疲软等挑战，改革效果也有待观察。,1
加强风险监测与评估，完善风险预警和应急处置机制，做好风 险应对预案。,1
在美联储加息 不确定性较大、地缘政治冲突加剧等背景下，投资者避险情绪上升， 部分新兴市场经济体金融市场波动增大，汇率大幅贬值，其中巴西雷 亚尔和土耳其里拉贬值幅度尤其明显。,1
进一步扩大保险业对外开放。,0
二是加大了主要货币汇率 波动的不确定性。,1
通胀回落 速度放缓也增大了未来货币政策的不确定性。,1
同时，危机后发达经济体的公共 债务和财政赤字居高不下，宽松货币政策也有利于降低公共债务融资成本。,1
国债和企业债券发行利率回落，债券发行量增加。,1
目前，美国次按风波的未来走势仍不明朗。,1
新兴经济体由于疫苗接种相对有限，疫情冲击较严重，被迫采 取封锁措施，生产受阻，经济复苏放缓。,1
外债总规模降幅放缓，偿债风险可控。,1
但在目前流动性过剩导致的通货膨胀和经济增长放缓带来 衰退的共同威胁下，包括美联储在内的主要货币当局普遍面临艰难的二元选择。,1
用好政策工具促进房地产市场平稳健康发展。,0
房地产贷款增速持续回落。,0
金融危机进而对实体经济产生了巨大影响，“泡沫经济”随之破灭， 日本实际经济增长停滞，陷入了为期十年的经济萧条。,1
 [NUM] 年后，受次贷危机 影响，试点一度处于停滞状态。,1
二是法人治理取得初步成效，可持续发展机制基本建立。,0
商品房销售额略有回升。,0
展望未来，全球贸易延续低迷、发达经济体宏观政策不确定性、地缘 政治风险等对经济增长的影响仍需关注。,1
初级产品价格跌幅较大，投 资品价格跌幅大于消费品。,1
金 融风险总体趋向收敛，牢牢守住了不发生系统性金融风险的底线。,1
国内金价持续高于国际金价，价差大幅增加。,0
 [NUM] 年，我国经济受到新冠肺炎疫情、国际局势变化等多重超 预期因素冲击，需求收缩、供给冲击、预期转弱的三重压力持续演化， 同时国际地缘冲突加剧，世界经济下行风险加大，发展环境的不确定 性上升。,1
工业生产者价格降幅继续收窄。,1
进一步发展消费金 融。,0
中小企业贷款难问题需要综合治理，逐步加以解决。,1
严格控制对高耗 能、高排放行业和产能过剩行业的贷款。,1
六是持续推进农村金融服务。,0
二是促进养老服务业健康发展。,0
（四）股票市场指数回升，成交量增加，筹资额同比减少 沪深指数大幅回升。,0
企业库存管理水平提高。,0
房屋销售价格涨幅趋于平稳。,0
因此，进一步解决好“三农”问题，加快农业和农村经济发展是保持国民 经济持续快速健康发展的必然要求。,0
生产价格降幅有所加深。,1
一季度，货币市场利率先升后降。,1
此外，地缘政治风险有所上升。,1
四是债券市场基础设施建设亟待加强。,1
全球股市在波动中呈现出不同程度的上升势头。,1
实施好适度宽松的货币政策。,0
高技术制造业和 高技术服务业实际使用外资大幅增长，同比分别增长 [NUM] 、 [NUM] 。,0
二是防范保险机构激进 投资和投资过于集中的风险。,1
下一阶段，要多措并举推动新能源汽车产业健康发展。,0
固定资产投资需求持续高增长，更新改造投资增速明显加快。,0
由于市场担忧欧洲银行体系对欧洲主权债务的风险 暴露， [NUM] 年以来，欧洲银行股普遍弱于大市，大部分银行股已跌至三年低点。,1
在相对宽松的货币条件下，若 市场信心恢复，国际商品价格就可能重拾涨势。,0
中长期看，我国处于经济恢复和产业转型升级的关键 期，供需条件有望持续改善，货币条件合理适度，居民预期稳定，不 存在长期通缩或通胀的基础。,0
推动 落实《全球系统重要性银行总损失吸收能力管理办法》有关要求，发 行总损失吸收能力非资本债券，夯实风险抵御能力。,1
五是鼓励银 行业金融机构优化对高质量制造业和科技创新领域的金融服务，加强 对制造业关键领域和转型升级的资金支持。,0
债券市场指数有所上涨。,0
部分农村信用社进一步明晰产权关系、完善法人治理 结构，健全内控管理制度，有效提高了经营管理水平。,0
相比第二产业，第三产业具有更 强的吸纳就业能力，有利于解决更多就业。,0
在“稳”的基础上，人民银行创新和运用结构性货币政策工具，为高质量 发展增强“进”的动力。,0
 [NUM] （五）大力培育和发展金融市场 加强金融市场制度性建设，加快发展直接融资，改善金融资产结 构，丰富市场层次与产品种类，培育和发展机构投资者，推动金融市 场的协调发展。,0
外币贷款增长放缓。,1
农村信用社改革试点进展顺利，并取得了明显成效。,0
农产品生产价格涨幅高于农业生产 资料价格涨幅。,0
在经 济持续复苏、上市公司利润改善等提振下，发达经济体股市小幅上涨。,0
 [NUM] 一方面，坚持供给侧结构性改革，扩大高技术制造业投资，推动高技 术制造业向高附加值环节升级，以创新驱动、高质量供给引领和创造 新需求。,0
外汇市场交易主体进一步扩展。,0
农民收入持续 增长，增收渠道日益多样化。,0
积极推动债券市场产品创新，完善制 度建设，进一步完善金融债券发行管理机制，优化债券及衍生品交易 机制。,0
同时还对报价行的报价质量按年考核、实行末位淘汰。,1
 [NUM] 年，世界经济受到“大萧条”以来最严重的国际金融危机 冲击，形势复杂多变，高度的不确定性使各国政策制定者面临历史罕 见的巨大挑战。,1
 [NUM] .煤炭行业 长期以来，煤炭行业的发展有效满足了工业化、城镇化发展的能 源需求，有力支撑了经济持续快速增长。,0
密切关注地方政府融资平台债务存量和增 量的变化情况，加强信贷风险预警提示。,1
保监会发布了《关于进一步加强保险 业风险防控工作的通知》，指出当前保险业风险较为突出的九个领域： 流动性风险、资金运用风险、战略风险、新型保险业务风险、外部传 递性风险、群体性事件风险、底数不清风险、资本不实风险、声誉风 险等，并提出防控风险的具体要求。,1
服务业较快增长，主要行业增速回升。,0
受消费 乏力影响，一季度日本经济陷入负增长，GDP 环比折年率下降 [NUM] 。,1
这两次调整存款准备金率，对 于抑制当时经济过热、物价上涨过快和货币投放过多的状况起到了积极作用。,1
中小企业规模小，收益不稳定，抗风险 能力差，缺乏合格抵押担保品，也在很大程度上影响了银行对中小企业的贷款支 持力度。,1
四是继续研究中小企业融资问题、支持中小企业健康发展。,0
一是深入开展金融精准扶贫。,0
十是完善绿色金融政策体系， [NUM] 大力发展绿色信贷。,0
积极支持中小企业发展。,0
保险专业中介机构和保险公司的分支机构不断 设立，市场竞争增强。,0
二是 PPI 与 CPI 之间的缺口明显扩大。,1
外汇市场会员进一步扩大。,0
前三季度，人民币对美元汇率年化波动率为 [NUM] 。,1
三是物价水平持续攀升。,0
房地产开发投资增速加快。,0
更为重要的是，要通过推进结构性调整和改革，进一步增 强市场信心和经济的内生活力，促进经济持续健康稳定发展，并扩展金融资源有 效配置的空间。,0
若经济放缓或贸易摩擦等因素引发全球金融市场恐慌情绪， 可能造成全球金融环境突然收紧，加剧偿债及再融资风险，放大各经 济体的脆弱性。,1
就业压 力较大、企业利润及居民收入增长放缓等，都可能对未来的消费需求 产生不利影响。,1
第一季度经济增速大幅反弹，但随后 受 [NUM] 月 [NUM] 日消费税率上调等因素影响，增速明显回落。,0
全年看，票据融资波动较大。,1
目前，金融机构存款活期化和贷款中长期化趋势明显，短存长 贷使得金融机构资产负债期限结构错配加剧，应注意防范由此引致的相关风险。,1
稳健的货币政策更加灵活适度、精准导向，更好适应经济高质量 发展的需要，更加注重金融服务实体经济的质量和效益。,0
 [NUM] 年前三季度，非金融性公司及其他部门贷款利率水平回落 后保持低位平稳运行。,1
股票市场成交量有所回升。,0
（二）工业持续高速增长 受投资、出口快速增长和汽车、通信等消费热点的共同拉动，我国工业生产 持续高速增长。,0
保险业资产保持快速增长。,0
限制对高耗能、高排放和 产能过剩行业劣质企业的贷款。,1
此外，劳动力等要素成本上升 [NUM] 也较快。,1
（三）价格上涨压力仍然较大 居民消费价格涨幅高位有所回落，通货膨胀压力依然较大。,1
一方面，房地产市场供求关系发 [NUM] 生重大转变，地方债务风险防控加强，过去靠房地产、地方融资平台等债务驱动 的经济增长模式难以持续。,1
农村信用社改革 取得重要进展和阶段性成果。,0
生产价格降幅逐月扩大。,1
六是培育经济新动能。,0
全力做好助 学、大学生村官、民族地区等薄弱环节和弱势群体金融服务。,1
当前外 部环境复杂多变，全球经济复苏充满挑战和变数，对我国经济产生外 溢影响，同时，国内需求不足，部分企业生产经营困难，群众就业增 收面临压力，风险隐患仍然较多。,1
通货膨胀压力依然较大。,1
欧元区经济持续复苏。,0
虽然目前日本并未见到因资产价格上涨而引发的实质风险，但需谨慎防范潜 在风险，必须汲取以往的教训。,1
当然，经济运行中面临的矛盾和问题依然突出。,1
债券市场品种进一步丰富。,0
由于需求不振、资金外流，日本新房开工数量持续 萎缩，单月同比降幅不断扩大，第三季度各月新房开工数同比降幅分 别为 [NUM] 、 [NUM] 和 [NUM] 。,1
遭受“非典”重创的行业主要是旅游、客运、商业、住宿和餐饮业等。,1
随着国民对健康发展的日益重视和市场需求的不断涌现，健康服务业 发展较快，服务能力和效率有所提升，健康服务相关支撑产业规模不 断扩大。,0
受油价走低和内需乏力等因 素影响，主要发达经济体面临通胀下行压力，通胀水平仍然大幅低于 政策目标。,1
部分新兴市场经济体经济状况有所改善，但仍面临调整与转型压 [NUM] 力。,0
构建防范跨境资本流动冲击的体制机制。,1
另一方面，疫情防控 [NUM] 能力有限、经济复苏放缓、债务积压较重、全球流动性收敛等多重压 力叠加，发展中国家偿债能力面临考验，跨境资本流动、金融市场调 整等金融安全问题同样不容忽视。,1
第三，部分信贷资金流入股市。,0
农村信用社改革进展顺利，成效显著。,0
国家开发银行改革取得重大进展。,0
一是金融危机导致各国经济 增长停滞、财税收入减少，偿债能力未能有效提高。,1
一是移动支付便利性 进一步提升。,0
保险业保费 收入增速回升，资产增速提高。,0
上半 年，票据市场利率先升后降，总体平稳。,1
利率互换交易活跃。,0
 [NUM] 年以来，普惠小微贷款、制造业中长期贷款、 绿色贷款等增速持续高于全部贷款增速。,0
上半年，人民币对美元汇率有所 升值。,0
对远期售汇征收风险准备金。,1
大型商业银行改革稳步推进。,0
外币存贷款利率在国际金融市场利率波动、境内外币资金供求变 化等因素的综合作用下，低位小幅波动。,1
欧元区经济持续缓慢复苏。,0
健全高效联通的多层次市场体系，培育多元化的合格投资者队伍。,0
随着市场情绪缓解，全球股市逐渐企稳，恢复 上行态势。,0
另一方面， [NUM] 年国际金融危机以来，各经济体对货币政策过 度依赖，而急需的结构性改革措施却迟迟难以落实。,1
（一）加强证券市场制度建设，增强金融服务民营企业能力 科创板正式落地，相关规则进一步细化。,0
一是融资环境持续改善。,0
进一步改进和完善信贷政策导向效果评 估。,0
消费对经济增长的拉动作用增强，就业稳中向好，消费价格 温和上涨。,0
这是当前买方市场格局的特征和供求关系失衡的重要原因。,1
劳动报酬增速加快。,0
一 方面，为应对汇率贬值、资本外流和通胀压力等问题，多个经济体逐 步收紧货币政策。,1
一季度各月 M [NUM] 增速均在 [NUM] 以上，超过名义 GDP 增速较多。,0
支农服务力度进一步加大。,0
完善金融支持创新 体系，围绕创新链和产业链打造资金链，形成金融、科技和产业良性 循环和三角互动。,0
明确对导致金融风险发生、蔓延的违法 违规行为予以问责，依法追究法律责任。,1
拉美经济保持稳步增长态势。,0
目前，扶贫再贷款政策实施进展顺利，引导提高金融助推脱 贫攻坚取得初步成效。,0
"二 是中西部地区贷款增速持续高于东部地区,信贷资金持续向中西部倾 斜。",0
随后市场利率止跌企稳。,0
活期存款的上升说明货币的流动性增强，经济 的活跃程度提高。,0
完善境外人民币清算安排。,0
一是严格规范保险 销售行为，防止片面不实宣传，要求保险机构和人员不得夸大产品功 能、虚假承诺、错误解读监管政策。,1
Shibor短端保持平稳，中长端有所下行。,1
人民币对欧元、日元等其他国际主要货币汇率双向波动。,1
"同比增速为可比口径数据,为年增速。",0
 [NUM] 月下旬以来，监管加强预期减弱， 资金面趋稳，国债收益率有所回落。,1
债券市场指数有所上涨。,0
钢材顺差也从 [NUM] 月份开始回落。,1
国债、黄金等避险资产大涨。,0
伊拉克战争结束后，由于美国巨大的贸易逆 差和财政赤字，美元持续贬值。,1
根据欧洲中央 银行预测，欧元区 [NUM] 年经济增长将降至 [NUM] [NUM] ％之间，有陷入新 一轮衰退的可能。,1
市场品种进一步丰富。,0
外汇市场交易主体持续扩展。,0
人民币对欧元、日元等其他国际主要货币汇率双向波动。,1
中国仍处 于经济扩张和转型阶段，一直以来经济主体对资金的需求都比较强。,0
二是加强建筑节能绿色改造，推动绿色 建筑规模化发展。,0
另一方面，国内经济活力和信心也逐步 增强，地方加快发展和扩大投资的热情较高，投资扩张动力较大。,0
继第一季度多次震荡后，股票市场从 第二季度开始快速下行，第三季度在波动中有所回升。,1
财政支出逐步回升。,0
近年来，金融有力支持船舶制造业高质量发展。,0
二是资源性产品之间比价关系不合理。,1
要 提高创新意识，加大业务创新、服务创新和产品创新力度，通过业务品种、金融 产品、收益渠道多元化来调整盈利结构，积极发展中间业务，拓展新的盈利增长 点，增强盈利能力。,0
人民币对欧元、日元等其他国际主要货币汇率双向 波动。,1
GDP 缩减指数低于上年同期。,1
 [NUM] 年，国际经济金融形势较为复杂，主要发达经济体央行快 速加息，全球外汇市场波动加剧。,1
 [NUM] 月，美国密歇根大学消费者信心指数降至 [NUM] ， 创有历史记录以来新低；制造业 PMI 降至 [NUM] ，创两年来新低。,1
货币市场利率有所波动。,1
一是加大了未来全球通货膨胀的风 险。,1
充分发挥市场机制的作用，对于严重过剩、没有效益、没有潜力的 “僵尸企业”和项目，通过市场出清减少扭曲和无效资金占用。,1
房屋销售价格涨幅有所回升，部分城市房价涨幅较高。,0
下半年，居民消费价格下 降幅度减缓，全年消费价格总水平约为 [NUM] 左右。,1
组织银行业金融机构进行压力测试， 及时进行风险提示，引导金融机构稳健运营。,1
（一）“ [NUM] ”事件对美国经济和世界经济的冲击 在“ [NUM] ”事件之前，美国经济就已滑近衰退的边缘。,1
房价上涨城市有所增加，部分城市涨幅扩大。,0
支持房地产平稳健康发展。,0
全球经济复苏前景仍缺乏亮点支撑。,0
 [NUM] 月份，欧洲中央银行和 美联储相继降息，进一步刺激了股市的上涨。,0
二是经济效益稳定恢复。,0
压力 受疫情影响，中小微企业普遍出现资金周转困难的问题。,1
（五）就业基本稳定 城镇新增就业持续增长，居民就业感受指数持续回升。,0
国际原油价格先跌后升，黄金价格高位震荡。,1
三是高精尖技术突破，行业持续向高 端化发展。,0
投资者宜审慎评估资管产品投资风险和收益。,1
一是运输生产稳步恢复。,0
这些都增大了宏观政策面临的挑战和实施的难度。,1
货物进出口快速增长。,0
上半年进口价格总体下跌 [NUM] ，降幅 比第一季度收窄 [NUM] 个百分点；出口价格总体下跌 [NUM] ，降幅比一 季度减少 [NUM] 个百分点。,1
各期限 Shibor 总 体波动下行。,1
二是房租、人工 成本、原材料成本等各类成本上升压力较大，加之进入门槛较低，市 场竞争激烈，压缩了企业利润空间。,1
三是政策效应持续显现。,0
企业经营面临挑战，但出口形势有所好转，盈利能力有所增强。,0
另一方面，部分经济体收紧货币政策 以应对国内通胀压力，减少美联储加息带来的冲击。,1
农村信用社 经营财务状况持续改善，农村金融服务主力军作用明显提升。,0
当前，国际金融市场动荡加剧，全球经济增长明显放缓，国际经 济环境中不确定不稳定因素明显增多。,1
国际原油价格从 [NUM] 月下旬的高点回落。,1
第四，区别对待、分类管理。,0
投放............................................................... [NUM] [NUM] 年以来，中国经济下行压力有所加大，价格涨幅保持低位， 来自外部的不确定性冲击也明显增多。,1
房地产开发资金充足，利用外资快速增长。,0
再次，同业存单市场回暖。,0
日本经济陷入衰退。,1
此外， 澳大利亚央行 [NUM] 月暂缓加息， [NUM] 月和 [NUM] 月累计加息 [NUM] 个基点；加拿 大央行 [NUM] 月和 [NUM] 月连续两次暂缓加息， [NUM] 月加息 [NUM] 个基点；韩国央 行第二季度维持基准利率不变。,1
精准支持科技创新和制造业转 型升级，持续提升科技金融服务能力、强度和水平。,0
工业生产恢复加快，装备制造和高技术制造业较快发展。,0
农村信用社改革进展顺利，成效显著。,0
三是文旅企业经营持续恢复。,0
 [NUM] 一些地方炼油企业为避免巨额亏损纷纷采取了停产或者减产。,1
第一季度，广义货币供应量 M [NUM] 增速呈持续上升态势，主要是由 于同期贷款快速增长。,0
根据形势发展变 化，研究进一步改进宏观审慎评估体系，丰富和完善调控工具。,0
继续完善做市商制度，提高债券市场流动性，为培育有 效的收益率曲线夯实基础。,0
二是产业生态尚不健全。,1
推动保险业高质量发展。,0
持续强化便利化试点正向激励。,0
维护外汇市场健康秩序。,0
 [NUM] 发达经济体增速同步放缓，呈现“低增长、低通胀、低利率”态 势。,1
五是继续推动金融市场产品创新，保持金融市场健康发展。,0
但受 国内紧缩政策和国际市场风险上升等事件交替影响，近期跨境资本流 动的波动性上升。,1
（四）股票市场指数企稳，股票融资大幅减少 股票市场指数企稳。,0
票据融资 余额持续下降，但票据市场交易总体活跃。,0
外汇储备降幅逐渐收窄，个别月份还有所增加。,1
进入 [NUM] 年， 次贷危机引发的信用问题不断加剧，杠杆系数高且主要依赖短期融资的金融机构 先后受到重创，贝尔斯登被摩根大通收购。,1
（三）居民消费价格温和上涨，生产价格涨幅扩大 居民消费价格温和上涨。,0
相反，如果 疫情控制不力，力度再大的宏观政策也无法从根本上抵消经济面临的冲击。,1
外汇市场快速发展。,0
对预警银行苗头性问题及时纠偏，实现风险 早发现、早处置。,1
但国别分 化依然明显，除德国外其他主要国家的工业产出与危机前仍有较大差 距，结构化改革有待继续推进。,1
近年来，M [NUM] 增速与名义 GDP 增速趋近，以适度的货币增长支持了高质量发 展。,0
随着市场对加息的预期减弱以及资本市场资金回流等因素影响， 债券市场筹资成本有所降低。,1
股票市场成交量大幅增长。,0
量化宽 松货币政策退出时机和方式等存在不确定性，将在一定程度上影响金 融市场稳定。,1
欧元区经济稳步增长。,0
货币市场利率春节前后有所波动，之后平稳下行。,1
严格控制对高耗能、 高排放行业和产能过剩行业的贷款。,1
健全金融风险问责机制，对重大金融风险严肃追责问责，有效防范道 [NUM] 德风险。,1
创业板的推出有利于 多层次资本市场体系建设进一步完善，对于我国资本市场乃至经济社 会持续健康发展都具有重要的意义。,0
四是我国国际收支和跨境资金流动也存在不确定性。,1
严格非标准化债权类资产投 资要求，禁止资金池，防范影子银行风险和流动性风险。,1
总的看，若经济保持正常增长态势，CPI 阶段性回落的影响不宜夸大。,1
受乌克兰危机和经济下行影响，俄罗斯股市显著下行， 全年跌幅高达 [NUM] 。,1
初级产品价格跌幅较大，投资品价格 [NUM] 跌幅大于消费品。,1
（一）主要经济体经济发展 美国经济保持了较为强劲的增长势头。,0
英国经济持续低速增长，脱欧带来的不确定性加大。,1
农村信用社改革进展顺利，成效显著。,0
但是，民间借贷游离于正规金融之外，存在着 交易隐蔽、监管缺位、法律地位不确定、风险不易监控，以及容易滋生非法融资、 [NUM] 洗钱犯罪等问题，需要制定相应的法规予以引导和规范。,1
创新和完善结构性 货币政策工具体系，精准设计激励相容机制，引导金融机构加大对符 合新发展理念相关领域的支持力度。,0
总体看，当前中长期贷款快速增长，有利于拉动需求和推进经济结构调整， 对于实现我国经济全面协调可持续发展具有重要意义。,0
欧央行推出应对疫情的紧急长期再融资操作。,1
进一步完善支持西部开发和少数民族地区经济发展的金融制度与措 施。,0
但在全球货币 [NUM] 条件较为宽松的大背景下，伴随经济持续回升，市场信心逐步增强， 存在价格走势趋升的可能性。,0
但也要看到，未来物价上涨的压力仍然 存在。,1
进一步丰富基金产品。,0
货币市场基金作为新兴的货币市场机构投资人， 对货币市场发展的影响值得进一步关注。,0
票据融资余额下降，票据市场利率小幅震荡。,1
 [NUM] 土地开发投资快速增长，但土地购置面积持续下降。,0
继续加强短期外债 管理。,0
持续推动金融风险防范化解。,0
（一）消费、投资平稳增长，进出口增速由负转正 城乡居民收入继续增加，消费拉动作用增强，新兴业态消费增长 较快。,0
改善收入分配结构，增强中低收入人群的消费能力。,0
汇率弹性增强促使企业加大研发和创新力度，提高产品质量， 加快产品升级换代，以增强在国际市场的竞争力。,0
商品房销售增幅回落。,1
二是盘活存量、优化增量，支持经济结构调整和转型升级。,0
而美国在本次国际金融危机后，金融机构、住户、企业部门通过违约、破 产等手段进行了痛苦而迅速的调整。,1
受国际地缘政治冲突、经贸摩擦等因素 影响，油价波动较大。,1
M [NUM] 增速趋稳，与名义 GDP 增速大体相当。,0
房地产贷款增速总体平稳。,0
但是，储蓄高增长在一定程度上制约了最终消费的实现，使银行体系运行的 压力和风险加大。,1
一方面，要从严掌握商业银行风险计量， 根据业务真实属性和风险状况，及时、足额计提资本和风险准备。,1
欧洲房地产市场下滑明显。,1
在 WTO 等国际框架下健全农业绿色发展的支持政策，加快构建可持续的 农业绿色发展金融服务体系。,0
受英国脱欧以及欧央行负利率政 策影响，欧元区同业拆借利率Euribor继续走低。,1
食品价格涨幅由负转正，非食品价格温和上涨。,0
二是长期低利率环境可能扭曲资产价格，降低风险溢价，造成风险累积，不利于 金融稳定。,1
同 时，密切监测地方投融资平台贷款可能潜藏的系统性金融风险隐患。,1
近年来铁路发展成效显著。,0
健全系统性金融风险的防范预警和评估体系，强化跨 行业、跨市场、跨境金融风险的监测评估，防范实体经济部分地区、 行业、企业风险及非正规金融风险向金融体系传导。,1
外汇市场交易主体进一步扩展。,0
下一步，人民银行将继续完善气候风 险敏感性压力测试方法，拓展测试覆盖行业范围，并探索开展气候风险宏观情景 压力测试。,1
加强系统性风险防范。,1
日本经济继续衰退，股市下跌，不良贷款 [NUM] 万亿美元，相当于全年的 GDP。,1
投资依然是拉动当前经济快速增长的首要因素，物价 总水平持续回升。,0
新兴经济体货币政策有所分化。,0
第三季度，进口价格涨幅低于出口价格涨幅，贸易条件有 比较明显改善。,0
 [NUM] 月下旬以来，债券收益率出现明显回落，国债 收益率曲线有所下移，但短端下行幅度有限。,1
三是专业人才供需矛盾较为突出。,1
（七）黄金价格整体震荡下行 [NUM] 年，黄金市场价格震荡下跌。,1
二是既有建筑与新建建筑规模大，建筑本身排放压力 较大。,1
主要工业国家的股市将在第三 季度强劲反弹和稳定性有所增强的基础上进一步活跃，但脆弱性依然 存在。,0
前瞻操作稳定春节资金面。,0
目前日本经济继续恶化，金融市场 剧烈动荡。,1
 [NUM] 年以来，希腊与债权人谈判一波三折，一 度陷入危机。,1
油价下跌对各经济体影响存在差异。,1
二是高端化、智能化、数字化 进一步发展，高端船舶装备领域技术研发持续强化，船舶制造业技术 水平和产业竞争力不断提升。,0
严 格控制对高耗能、高排放行业和产能过剩行业的贷款，促进产能过剩 矛盾化解。,1
日本经济波动较大，存在通胀下行压力。,1
人民银行、银保监会会同有关部门 指导商业银行开展压力测试，积极制定疫情冲击下不良贷款上升应对 预案，支持、鼓励商业银行动态考虑形势变化，采取前瞻性措施，合 理运用财务资源，加大不良贷款损失准备计提力度及核销处置力度， 妥善应对疫情冲击下未来不良贷款上升风险，提高风险抵御能力和服 务实体经济能力。,1
而企业利用外汇贷款进口设备和原材料，与本币购汇相比会面 临资产负债和现金流的双重币种错配风险。,1
 [NUM] 上述观点夸大了各自领域的风险，而且也都不是好的做法。,1
工业企业经济效益进一步改善。,0
二是普惠小微 贷款发力，助企惠民成效显著。,0
 [NUM] 年上半年，在复杂多变的国内外宏观环境下，我国外汇 净流入压力有所加大，外汇储备增长较快。,1
金融体系脆弱性不断积累，潜在风险不容忽视。,1
稳健的货币政策要灵活适度、精准有效。,0
利率互换市场有序发展。,0
二是盘活存量、优化增量，支持经济结构调整和转型升级。,0
（四）股票市场指数震荡下行，成交量和筹资额同比减少 [NUM] 股票市场主要指数回落。,1
完善资本市场制度建设。,0
改善和优化融资结构和 信贷结构，更有力地支持经济结构调整和转型升级。,0
主要新兴市场和发展中国家（地区）继续保持强劲增长势头。,0
中国人民银行进一步完善宏观审慎政策框架，更好地发挥逆周期 调节作用。,0
房地产贷款增速有所回升。,0
严格控制对高耗能、高污染行业和产能过剩行业的 贷款。,1
统一同类产品的杠杆率，合理控制股票市场、债券市场杠 杆水平，抑制资产泡沫。,1
持续推动《关于金融支持巩固拓展脱贫攻坚成果 全面推进乡村振兴 的意见》落地见效，督促指导金融机构严格落实“四个不摘”要求， 继续支持脱贫地区和脱贫人口发展。,0
保险业总资产增速回升。,0
 [NUM] 年 [NUM] 月国际金融危机全面爆发以来，我国经济受到较为严重的冲击。,1
完善银行补充资本的市场环境和配套 政策，健全可持续的资本补充体制机制。,0
总体看，财政、货币、产业、就业等政策持续发力，协同 合力进一步显现，经济金融良性循环进一步畅通，我国经济将继续向 常态化运行轨道回归，预计全年 [NUM] 左右的增长目标能够顺利实现。,0
但由于出口增速持 续高于进口增速，贸易顺差继续扩大。,0
美国 [NUM] 年期国债收益率跌至四年新低，日 本、德国国债收益率跌至零以下。,1
引导 企业树立“风险中性”的财务理念，以锁定外汇成本、降低生产经营 不确定性为目的，通过外汇衍生品管理汇率风险。,1
（四）股票市场指数整体下行，股票融资有所减少 股票市场指数整体下行。,1
通过健全金融机构体系和市场体系、增强金融服务能 力，进一步加大金融支持科技创新和经济结构调整的力度，支持国家创新体系建 设，促进新能源、新材料等战略性新兴产业创新发展。,0
票据融资活跃有 利于拓宽企业融资渠道，支持中小企业发展。,0
地缘政治存在较大不确定性。,1
煤电油运供应紧张状况缓解，但总体仍然偏紧。,1
改善服务贸易外汇管理，支持服务业 的对外开放和健康发展。,0
农村信用 社资产质量明显改善。,0
由于担心欧美需求疲软，加上国 际能源署于 [NUM] 月 [NUM] 日宣布释放 [NUM] 万桶原油储备，国际油价近期有 所回落，但能源价格波动加大了金融市场和实体经济风险。,1
美联储没有调整利 率，但在 [NUM] 月份指出存在经济下滑的风险。,1
（一）主要经济体经济发展 美国经济继续保持较强增长势头。,0
“非典”疫情的滞后影响主要集中在出口、就业和农民收入三个方面。,1
改革以来贷款利率明显下行，为了与资产收益相匹配，银行会适 当降低其负债成本，高息揽储的动力随之下降，从而引导存款利率下行。,1
（四）促进外汇市场健康发展 推动外汇市场业务创新，规范个人本外币兑换特许业务发展。,0
进一步完善了鼓励高校毕业生到西部地区和边远地区就业 的相关政策，促进国家助学贷款发展。,0
银行间市场利率总体呈下行走势。,1
出口降幅收窄，进口持续低迷。,1
一是提高技术创新能力。,0
疫情反弹加剧全球经济分化。,1
货币市场利率维持低位， [NUM] 天与隔夜品种利差收窄。,1
对 外投资合作平稳有序。,0
房地产贷款增速略有回升。,0
部分新 兴市场经济体增长放缓，金融市场动荡，面临的风险上升。,1
I 专栏 表 表 [NUM] [NUM] 年前三个季度金融机构回购、同业拆借资金净融出、净融入情况 图 II 当前全球经济调整步伐加快，国际金融危机影响加剧，国内经济 运行的不确定性增加，经济下行风险增大，宏观调控面临复杂多变的 局面。,1
三是进一步完善再贴现制度管理。,0
五是建立市场化法治化的风险处置机制。,1
近两年来， 货币市场利率与公开市场操作利率的偏离程度明显收窄。,1
金融控股公司持续监管和制度建设取得重要进展。,0
也要看到，当前我国经济发展面临需求收缩、供给冲击、预期转 弱三重压力，外部环境更趋复杂严峻和不确定。,1
三是市场投机因素的影响。,1
新兴市场经济体经济复苏喜忧参半。,0
组织银行业金融机构进行压力测试，及时进行风险 提示，引导金融机构稳健运行。,1
同时，在贸易摩擦加剧、主要经济体货币政策收紧等背景下，也需注 意本外币政策的协调。,1
三是加强和改进对中小企业的金融服务，促进中小企业健康发展。,0
日本 央行加码量化宽松近 [NUM] 万亿日元。,0
秉承“事前防范金融风险过度积累，事中事后 快速高效处置风险”的原则，主动防范化解金融风险。,1
各类债券发行利率均明显回落。,1
对于商业银行来说，更应当加强自我约束和风险控制，积极采取措施促进贷 款均衡增长。,1
我们估计日本今年内仍 然不会摆脱市场需求疲软、金融动荡的困扰，周期性经济下滑可能会加速，年度 经济增长率将低于 [NUM] 。,1
分类别看，二手住房销售价格涨幅高于 新建商品住房。,0
定期开展央行评级，对 [NUM] 存量高风险机构推动各方形成合力，采取多种措施压降，对增量高风 险机构，有序开展硬约束早期纠正试点工作，防止风险淤积。,1
一季度对 美国出口增幅同比回落 [NUM] 个百分点，对日本出口回落 [NUM] 个百分点。,1
持续稳慎推进人民币国际化，进一步扩大 人民币在跨境贸易和投资中的使用，深化对外货币合作，发展离岸人 民币市场。,0
当前外部需求依然疲弱，国内经济 回升基础还不稳固，在内外部不确定性较大的环境下，需求不足仍可 能构成价格下行的压力。,1
进出口大 幅萎缩，贸易逆差继续减少。,1
农业生产资料价格降幅大于农产品生产价格降幅，农 产品生产价格下降 [NUM] ，农业生产资料价格下降 [NUM] 。,1
年初，美元相对欧元、日元等主要货 币加速贬值， [NUM] 月中下旬后，贬值趋势略有改变。,1
暂停实施熔断机制。,1
但当前经济生活中仍存 在不少矛盾和问题，农业基础还不稳固，固定资产投资规模仍然偏大， [NUM] 物价上涨面临较大压力。,1
二是新开工项目过多。,1
利率期权业务平稳发展。,0
开展互联网金融风险专项整治， 规范民间融资，加大非法集资打击力度。,1
房价上涨城市数量较上年末有所增加，房价环比涨幅回落、同比 涨幅提高。,0
第三季度后，由于危机扩散导致流动性紧缩 和经济衰退风险显著上升，通货膨胀压力明显放缓，欧洲中央银行三 次下调基准利率累计 [NUM] 个基点，主要再融资利率由 [NUM] 降至 [NUM] 。,1
第三，商业汇票的推广使用丰 富了货币市场工具。,0
未来应以推进信息产业转型升级 为主线，完善创新环境，强化企业主体地位，促进信息产业发展向创 新驱动型转变。,0
二 是全球化背景下的全球失衡直接催生了全球流动性过剩。,1
三是资源、环境约束对产业发展形成较大制约。,1
泡沫经济破灭后，日 [NUM] 数据来源：美国商务部普查局。,1
二是大力推动绿色可持续发展。,0
"加大金融精准扶贫工作力度,聚焦深度贫困地区金融服务。",0
迫于国内外压力， [NUM] 月 [NUM] 日，帕潘德里欧在召 开紧急内阁会议后宣布取消公投。,1
GDP 缩减指数继续上升。,1
回顾历史可见，美国自上世纪 [NUM] 年代后期以来大体经历了 [NUM] 轮加息 周期，有 [NUM] 次在加息期间或加息后出现了经济衰退。,1
全球就业形势普遍恶化。,1
二是国内需求具 有较大改善潜力。,0
此外，居民通货膨胀预期提高值得关注。,0
主要原因，一是土地使用结构不合理，住宅用地比例偏 低。,1
推进外汇管理便利化改革，支持实体经济健康发展。,0
受国际金融市场利率走势及境内资金供求关系变动等因素影响， 美元存贷款利率总体波动下行。,1
欧债危机对核心国家和实体经济的影响继续深 化，欧元区经济较为疲弱。,1
（四）股票市场波动中大幅走低 受市场信心不足、国际金融危机对我国影响不断加剧、上市公 司利润下滑等多种因素影响， [NUM] 年股票市场在波动中大幅回调，成 [NUM] 交量明显萎缩。,1
农村信用社改革成果显现。,0
GDP 缩减指数同比大幅回落。,1
扎实推进养老金融发展。,0
利率期权业务平稳发展。,0
收入增幅明显回落，主要 是受经济增长放缓、企业效益下滑以及结构性减税政策等因素影响。,1
在此背景下，风险因素可能导致避险情绪骤升 冲击金融体系稳定，并影响全球经济增长。,1
劳动力市场恶化。,1
一是稳健的货币政策要灵活精准、合理适度。,0
伦敦同业拆借市场美元Libor和欧元区同业拆借利率Euribor保 持低位波动。,1
专栏 [NUM] 欧洲主权债务危机的最新进展 近期，希腊经济快速衰退、处于债务违约边缘，西班牙、意大利等国主权债 务风险上升。,1
近年来，随着能源、环境、交通等约束进一步收紧，节能环保低碳和 发展绿色制造已成大势所趋。,0
但也需关注以下风险，一是全球疫情持续时间及负面影响可能超预期。,1
汽车消费市场高速发展。,0
新兴市场经济体货币政策分化。,0
在一揽子经济刺激政策的带动下，固定资产投 资增速快速回升。,0
二是 盈利状况相对稳定。,0
美国经济增长稳固，通货紧缩压力降低。,1
继续深化大型商业银行改革，推动其不 断完善公司治理，健全现代金融企业制度，加快转变发展方式和盈利 模式，提高创新发展能力和国际竞争力。,0
 [NUM] 年 [NUM] 月，中国人民银行 会同中国银保监会发布《关于支持商业银行发行创新创业金融债券的 意见》，鼓励商业银行发行双创金融债券增加双创领域信贷投放，有 助于发挥各类创新主体的创造潜能，支持经济结构调整和产业升级。,0
进一步完善便利外籍人员在华旅游、支付的 新举措，切实打通来华旅游堵点。,0
国债收益率曲线整体有所下移。,1
贸易顺差进一步扩大。,0
IV 专栏 表 图 V [NUM] 年，我国有效应对复杂严峻的内外部挑战，顺利实现了全 年经济社会发展主要目标任务，经济运行展现出强大的韧性，高质量 发展扎实推进，社会信心有效提振。,0
总体看内需保持着持续发展的动力。,0
专栏 [NUM] 巴塞尔银行委员会流动性管理新规 国际金融危机暴露了银行流动性管理的重大缺陷，凸显了流动性对金融市场 及银行体系正常运转的重要性。,1
三是非金 融企业股票融资大幅增加拉动直接融资占比明显提高。,0
完善公开市场工具 和操作方式。,0
印度经济增速有所回升。,0
推进普惠保险高质量发展。,0
以创新驱动、高质量供给引领和创造新需求，加快 形成以国内大循环为主体、国内国际双循环相互促进的新发展格局。,0
四是农民收入增长相对缓慢。,1
提高直接融资比重，促进多层次资本市 场健康发展，更好地为实体经济服务。,0
受全球需求增长放缓以 及日元升值的不利影响，日本出口动能出现减弱迹象。,1
当然，也要看到，货币市场利率上升 过快也有一定的负面影响，如不利于控制短期外汇流入。,1
房地产开发投资稳步回升。,0
农业生产继续稳定发展，粮食连续第五年增产。,0
五是有效防范系统性金融风险，维护金融体系稳定。,1
坚定不移加强知识产权保护， 创造公平竞争的市场环境，加强国际交流与合作，促进我国工业机器 人产业持续健康快速发展。,0
尽管也面临增长放缓压力， 但一些发展中经济体迫于通胀和货币贬值压力而不得不加息。,1
美国经济增长强劲，欧元区 经济缓慢复苏，日本经济复苏势头明显，亚洲和拉美地区的主要新兴 市场经济体依然保持较旺盛的增长势头。,0
地缘政治冲突多点爆发，风险因素加速累积。,1
美国经济低速增长。,1
加快发展外汇市场，推动汇率风险管理 工具创新。,0
（五）保险业总资产增速回升 保费收入增长减缓。,0
着力提高贸易投资便利化。,0
价格形势比较复杂，通胀预期管理仍需加强。,1
二是盘活存量、优化增量，支持经济结构调整和转型升级。,0
 [NUM] 日本经济复苏迹象逐步明朗。,0
"也要看到，当前经济运行稳中有变，外部环境发生深刻变化，经 济下行压力有所加大，部分企业经营困难较多，长期积累的风险隐患 有所暴露,一些政策效应有待进一步释放。",1
煤电油 运生产快速增长。,0
本国货币政策过于宽松容易导致本币贬值压力。,1
近年来，金融领域持续加大对高技术制造业发展的支持力度。,0
保险公司资产结构进一步多元化。,0
当前PPI与CPI之间缺口较大。,1
农村合作金融机构改革试点工作取得重要进展和阶段性成果。,0
得益于消费者 [NUM] 和联邦政府支出增加及住房市场的持续改善，第三季度 GDP 增速有所 回升，环比折年率增长 [NUM] 。,0
采取措施有效减缓银行结售汇顺差和外汇储备过快增长。,1
阿根廷受金融市场动荡影响，二、三季度 GDP 同比连 续收缩。,1
但经济运行中仍然 存在着固定资产投资规模偏大，煤电油运供求偏紧，CPI 回落而通胀 压力犹存等问题。,1
总结经验，根据宏观调控需要不断改进和完善 MPA。,0
第一季 度，洲际交易所布伦特原油期货当季平均价格比上年同期下跌 [NUM] ， 比上个季度下跌 [NUM] 。,1
但塞浦路斯 救助等问题使欧债危机一度再现阴霾，欧元区经济前景仍不容乐观。,1
受美欧制裁和国际油价大跌影响， [NUM] 至 [NUM] 月卢 布对美元汇率大跌 [NUM] ，成为全球跌幅最大的货币。,1
二是完善外汇市场基础设施。,0
LPR 利率期权业务稳步发展。,0
投资稳定增长，结构调整优化。,0
货币市场利率低位波动。,1
部分经济体央行采取加息等措施抑制通货膨胀。,1
国内外经济都处于调整期，国内经济下行压力较大。,1
针对金融深化和创新发展，进一步完善调控模式，疏通 传导机制，通过增加供给和竞争改善金融服务，提高金融运行效率和 服务实体经济的能力。,0
美联储实际加息路径受到多重不确定性因素制约，可能会增大 [NUM] 未来全球经济和金融市场的波动性。,1
现在净值 越高，意味着是在更高的价格位置投资，未来的损失风险可能越大。,1
深入 推进金融精准扶贫，加强易地扶贫搬迁信贷资金筹集、投放和管理工 作，完善金融精准扶贫信息系统，改进金融精准扶贫政策效果评估制 度，着力支持贫困地区经济社会持续健康发展和贫困人口脱贫致富。,0
LPR 利率期权业务稳步发展。,0
要落实和完善促 进合理住房消费的政策措施，促进房地产市场平稳健康发展。,0
我国产业结构调整和优化升级正在加快，电子、通讯、信息、房地产等新兴 行业已成为国民经济增长的强劲动力。,0
汇率作为本外币的比价， 具有商品和资产的双重属性，后者意味着汇率波动可能触发投资者“追涨杀跌” 的心理，导致外汇市场出现顺周期波动，进而扭曲与基本面相一致的合理市场供 求，放大供求缺口。,1
日本房地产市场下滑风险加大。,1
 [NUM] 年以来，全球经济继续平稳增长，通胀压力有所减缓。,1
为应对国内通胀压力、资本外流和汇 率贬值风险，部分新兴经济体继续加息。,1
当然， 部分民企治理机制不健全，财务制度不规范，过度融资投资、过度多元化，也导 致企业财务杠杆较高，抗风险能力较弱。,1
GDP 平减指数涨幅扩大。,0
进一步便利跨境投融资。,0
外债总规模增速略有回升。,0
新兴市场经济 体经济下行压力加大，部分国家政局不稳，金融市场动荡，风险上升。,1
银行体系流动性过剩不仅是一个简单的国内问题。,1
从内部需求看，国内经济活力和信心逐步增 强，地方加快发展和扩大投资的热情较高，投资扩张动力较大，城镇 化和消费结构升级对经济增长的拉动作用正在增强，内需有望继续保 持较快增长。,0
需进一步完善相关配套政策措施。,0
境外宽松货币政策的溢出效应值得关注。,0
鼓励金融机构创新组织、机制、产品 和服务模式，完善相应的考核和激励机制，科学合理地考核银行经营 绩效，优化金融组织体系，进一步改善金融服务。,0
稳步扩大债券市场高水平对外开放。,0
我们 估计今年欧元区经济增长率难以超过 [NUM] 。,1
世界 经济政治形势更加错综复杂，部分发达经济体财政政策、贸易政策、 货币政策存在不确定性，可能对全球经济、资本流动造成冲击，同时 地缘政治风险仍然较大，国际金融市场波动性可能加大。,1
（二）工业保持快速增长，经济效益继续提高 [NUM] 年一季度，全国工业生产实现快速增长。,0
一是政治不确定性和金融市场潜 在风险对经济的负面影响仍不容忽视。,1
防范化解银行业不良资产风险，控制不良 贷款增量。,1
三是长期负利率环境可能加剧“银行脱媒”，影响金融体系的稳定运 行。,1
深化对外货币金融合作。,0
四是推动金融市场健康发展。,0
二是恐怖主义继续破坏世界经济恢复的环境。,1
此外，针对国际金融市场动荡加剧的新情况，研究创设了短期 招标工具（TAF），及时为流动性出现暂时困难的境内金融机构提供 [NUM] 资金支持。,1
进一步完善市场价格发现机制。,0
PPI波动较大在全球也都是普遍现象。,1
进一步提高外汇储备 使用效益，努力实现保值增值。,0
但煤电油运瓶颈制约尚未根本缓 解。,1
此外，美国和日本潜在的财政风险也 不容忽视。,1
建全风险早期纠正硬约束制度，筑牢有效防控系统性风险的金融 稳定保障体系。,1
工业生产加快回升，企业利润降幅减缓。,1
二 是坚决打击各种外汇违规行为。,1
市政债的广泛应用并非偶然。,0
图 [NUM] 进出口增速与贸易差额 （二）农业生产形势较好，工业生产增速回升 第三产业增加值增长快于第二产业。,0
国际建材贸易正 不断扩大，特别是中东、非洲建材市场前景广阔。,0
服务业继续恢复，现代服务业发展良好。,0
在实体经济和宏观政策分化的推动下，全球资本可能在更大范围 和更大规模上进行重新配置，从而导致汇率走势和跨境资本流动方向 多变、波动加大，这将对部分经济和金融体系较为脆弱的经济体形成 压力，并增大有效实施宏观政策的难度。,1
上半年，中国人民银行监测的企业商品价格（CGPI）同比下 降 [NUM] ，比上季度回落 [NUM] 个百分点。,1
未来，虽然主要经济体重新陷入 衰退的可能性不大，但是金融领域风险尚未完全消除，全球经济复苏 之路难以一帆风顺，国际资本跨境流动可能出现较大波动。,1
 [NUM] 汽车产业发展迅速。,0
"引起资产价格变动的非基本 面因素至少来自两个方面：一是金融监管不到位，导致政府实施过多的金融担保， 从而推动贷款的过度增长和金融资产价格的过分膨胀并导致随后的崩溃；二是投 资者的非理性行为，如过度乐观主义、短视主义、羊群行为,导致金融资产价格 频繁地大起大落。",1
中长期贷款增量占比回落。,1
各类债券发行利率均明显回落。,1
资产质量明显改善。,0
农村信用社改革进展顺利。,0
国债收益率曲线平坦化下行，超长端下行幅度较大。,1
企业债券发展平稳。,0
房地产投资结构也不尽合理。,1
在此背景下，国际上大量的短期 资本在不断寻找投机套利的可能性。,1
如果欧盟国家不能及时落实已达成的共识以取信于市场，将 加剧已存在的主权债务危机、银行危机和经济下滑的恶性循环。,1
八是全力做好助学、大学生村官、民族地区等薄弱环节和弱 势群体的金融服务。,1
稳妥有序推进包商银行风险处置。,1
坚持市场化、法治化处置风险， 一些突出金融风险得到稳妥处置。,1
日 元急剧贬值，对我国出口造成了压力。,1
第一季度，欧元区制造业 PMI 持续走低， [NUM] 月制造业 PMI 降至一年来最低水平。,1
主要经济体货币政策的分化及其相互影响，将会激 发全球资产配置的调整和风险的重新定价，进而加剧跨境资本流动的 波动。,1
股票市场筹资额大幅增加。,0
一是经济结构和经济增长方式亟待调 整。,1
制造业投资和民间投资增速回升，经济增长对基建投资依赖下降。,0
受金融危机影响，外资撤出日本 房地产市场，企业、居民对房屋的需求下降，日本房价持续回落。,1
GDP 缩减指数继续下降。,1
积极支持证券公司做优做强，增强 证券期货经营机构竞争力。,0
第二季度日本实 际GDP下跌 [NUM] ，跌幅较前两个季度略有收窄。,1
推动金融控股公司规范发展。,0
一是生产增速在工业各行业中保持领先水平。,0
二是灵活的财政政策。,0
这些都在一定程度上显示 出市场需求比较旺盛，内需拉动作用较强。,0
美国经济仍保持较强劲的增长势头，就业状 况继续改善。,0
对外贸易平稳增长，但出口增速仍高于进口增速，贸易顺差继续 扩大。,0
在国际金融市场利率不断走低、境内外币资金供求变动等因素的 综合作用下，外币存贷款利率低位小幅波动。,1
房地产开发投资平稳增长，新开工有所回落。,1
为应对国内通胀压力和资本外流风 险，部分新兴经济体继续加息。,1
利率互换交易活跃。,0
资金实力明显增强。,0
国际主要债券收益率波动下行。,1
培育市 场基准利率体系，完善利率形成机制，提高中央银行对市场利率引导 的能力。,0
下一步，要按照高质量发展要求，加快推动高技术制造业发展。,0
支持房地产市场平稳健康发展。,0
商品房销售降幅持续收窄。,1
 [NUM] 信贷结构持续优化。,0
增量政策力度大、针对性强，随着政策效果逐步显现，四 季度经济有望延续企稳回升态势。,0
展望未来，全球经济主要面临以下风险：一是主权债务危机正向 整个欧元区蔓延，一旦失控，将引发新一轮全球经济系统性风险。,1
做好新增澳门元 挂牌工作。,0
从供给看，疫情已覆盖全球价值链的大部分重要节 点，导致生产停滞、产业链中断。,1
欧元区经济仍较为疲弱。,1
长期内，保护主义会阻碍资本和劳动力流动，影响 [NUM] 资源的有效配置，抑制全球价值链参与者的竞争，拖累生产率的提升 和经济增长，加剧金融市场动荡。,1
但目前我国IT产业基础较为薄弱。,1
市场供求的基础性作用进一步发挥，人民币汇率总体走升。,0
分类统一负 债和分级杠杆要求，消除多层嵌套，抑制通道业务。,1
欧元区和日本经济稳步增长。,0
广义货币增 速已连续 [NUM] 个月回落。,1
非银行金融机构脆弱性突出，流动性错配明显， 一旦金融市场剧烈波动，可能面临较大抛售压力，并向银行体系传导。,1
疫情三年 居民收入放缓，资产负债表受到一定程度冲击，居民存款能否更多转化为消费尚 待观察，未来疫情演进的复杂性也需关注。,1
人民币直接交易稳步发展的好处逐步显现。,0
三是日本经济仍存在下行压力。,1
GDP 缩减指数持续回落。,1
第三季度，美欧债务问 题恶化加剧了市场的恐慌情绪，加之全球经济复苏趋缓，全球主要股 市暴跌后在低位宽幅震荡。,1
生产资料价格上涨带动生产价格涨幅小幅回升。,0
加快推进农村信用社改革步伐，努力促进农村信用社健康可持续 发展。,0
（四）财政收入降幅收窄，就业形势总体改善 财政收入降幅收窄。,1
必须加大结构改革力度，尽快在 平衡增长的治本方面取得新进展、新突破。,0
另一方面，服务业吸纳就业潜力不断释放，有望成为新增就业重要支柱。,0
国际油价的持续攀升，带动国内油价再度上调。,0
引导企业树立“风险中性”的财务理念，通过 外汇衍生品管理汇率风险。,1
考虑到金融周期和经济周期往往不 完全同步，银行信贷风险暴露需要一段时间，应有一定的财力准备和风险缓冲。,1
第二 [NUM] 季度，美国经济增长势头强劲，GDP 环比折年率大幅增长 [NUM] 。,0
一是进一步完善事中事 后管理。,0
严格控制对高耗能、高排放行业和产能过剩行业的贷款，促进产 能过剩矛盾化解。,1
继续推动资产管理公司转型发展。,0
（二）发行利率总体回落，债券现券交易量、发行量上升 国债收益率曲线下移。,1
一是全社会物流运行效率偏低。,1
稳妥有序推进包商银行风险处置。,1
中国人民银行监测的企业商品价格 （CGPI）同比下降 [NUM] ，降幅比上年收窄 [NUM] 个百分点。,1
失业率依然处于 [NUM] 的高水平。,0
外汇市场交易主体进一步扩展。,0
 [NUM] 生产价格降幅有所收窄。,1
图 [NUM] 进出口增速与贸易差额 （二）农业生产稳定发展，工业生产增速回落 第一、三产业增速略有提高。,0
水价偏低一方面不利于节约用水和防止水污染，另一方面导致水 价不能完全涵盖污水处理成本和水资源费，水的生产与供应行业经营 效益低下，很多企业出现亏损，影响了水的生产和供应。,1
近几年来， 这一汇率制度经受住了多轮冲击的考验。,1
外币贷款增长有所放缓。,1
继续完善多层次资本市场体系，积极发展债券市场，着力完善股票 市场，推动发展期货市场和金融衍生品市场。,0
四是增大了经济运行的潜在风险。,1
（一）主要经济体经济状况 美国经济复苏迹象显现。,0
加强宏观审慎管理，强化对顺周期、跨行业、 跨市场风险及风险传染的分析研判。,1
制造业加快向中高端迈进。,0
同时，保护主义、单边主义上升，地缘政治紧张局势抬头， 部分国家间经贸摩擦日益深化，全球产业链供应链受非经济因素严重 冲击，经济复苏进程的不稳定性不确定性较大。,1
大型商业银行经营业绩平稳。,0
产权改革进展顺利， 法人治理架构初步建立。,0
由于外部需求增长减弱，国内市场需 求将受到一定抑制，可能对投资产生影响。,1
（七）黄金价格震荡下行，交易规模保持增长 黄金价格震荡下行。,1
夏粮丰收已成定局。,0
短端 Shibor 波动向下，波幅较上个季度有所缩小。,1
 [NUM] 年以来，流动性持续 充裕，货币市场及债券市场收益率走低，商业银行资金运用压力较大；对于部分 境内外资银行法人来说，在其母行遭受金融危机冲击情况下，信贷持续负增长， 资金运用压力更大。,1
少数非洲经济体仍在加息，安哥拉和尼日利亚央行分别 加息 [NUM] 个和 [NUM] 个基点。,1
信贷结构持续优化。,0
对外贸易持续大幅下降，贸易顺差有所减少。,0
但与此同时，钢铁行业发展的资源、环境等制约因素逐步增多，行业 利润不断下滑，结构性矛盾依然突出。,1
着力完善存款保险制度功能。,0
建立健全市场化利率形成机制。,0
事实上，中小金融机构的承压能力更弱、 脆弱性更明显，同样有可能在风险积累和市场恐慌中酿成系统性风险。,1
工业化、城市化、国际化以及 产业和消费结构升级仍然继续推进。,0
人民币贷款增长略有放缓。,1
当然也要看到，经济运行面临的风险和挑战不少。,1
进一步加 强政策协调，疏通货币政策传导，创新货币政策工具和机制，进一步 提高金融服务实体经济的能力和意愿。,0
收入分配结构持续改善，农村 居民收入增速高于城镇 [NUM] 个百分点。,0
（五）国际经济形势展望 [NUM] 年第二季度，美国经济复苏疲软、欧元区主权债务风险上 升、日本地震海啸灾害、西亚北非地区政局动荡等不利因素导致全球 经济和金融市场动荡加剧，全球经济面临的下行风险增加。,1
进出口价格继续呈回落态势。,1
提前筹划、稳妥应对疫情冲击下未来银行业不良贷款上升风险。,1
随着全球经济不确定性 增加，避险情绪普遍上升，主要发达经济体的家庭、政府和企业等部 门可能同步去杠杆化，加大经济下行风险。,1
 [NUM] 、劳动报酬增加较快，劳动力成本增加。,1
资金实力显著增强。,0
在 供求的共同作用下，PPI涨幅出现回升。,0
在次贷风波导致金融市场 持续动荡，同时通胀上行风险加重的局势下，中央银行面临在抑制通 胀和维持必要的经济增长中做出选择的两难局面，货币政策的决策难 度不断加大。,1
全球主要股市大幅反弹。,0
中长期贷款增速逐步提升。,0
同时加强对市场的预测， 防范金融风险。,1
加强对异常资金流入的检查。,1
其中，新建住宅销售价格同比上涨 [NUM] ，环比上涨 [NUM] ％；二手住宅 销售价格同比上涨 [NUM] ，环比上涨 [NUM] 。,0
（一）主要经济体经济状况 美国经济显现复苏迹象，但复苏内在动力不足，就业形势尚未 好转。,0
前三季 度，人民币对美元汇率弹性增强，小幅升值。,0
下半年起，受金融危机影响， 海外资金撤出、国内金融机构紧缩信贷，房地产市场明显降温。,1
人民币对国际主要货币汇率有升有贬， 双向浮动。,1
多年以来，我国资源性产品价格偏低，只反映采掘、运输等开发成本， 忽略了资源稀缺性和环境损害成本。,1
四是建立市场成员不良记录登记制度。,1
国债收益率整体下行，期限利差小幅收窄。,1
进一步发挥开发性金融作 用，支持棚户区改造。,0
流动性陷阱和 接近零利率的境地使货币政策在反通缩中收效甚微，受到财政赤字上限要求等制 约，采取反通缩政策的空间有限。,1
加强银贸合作，进一步完善出口退税账户托管贷款业务。,0
 [NUM] 年 [NUM] 月份 以来，受国际金融危机冲击影响，主要价格指标急剧回落。,1
 [NUM] 年以来，尽管各主要货币当局多次加息，目前利率仍保持在相对较低 的水平。,1
OECD 综合领先指数已连续多月回升。,0
财政支出放缓。,1
从基本面和发展优势看，我国经济持续增长仍有较大潜力。,0
再次，非常规政策还加大了部分经济体债务负担。,1
展望未来，全球经济“双速复苏”的趋势仍将持续。,0
三是有序开展准入管理。,0
交通运输行业仍然面临一些困难。,1
健全现代货币政策框架，提高货币政策透明度。,0
三是聚焦能源科技创新。,0
全球经济下行压力加大。,1
对保险企业实施税收优惠。,0
全球主要股市震荡大幅下跌。,1
保险业总资产增长有所减缓。,1
为应对通胀压力、资本外流和汇率贬 值风险， [NUM] 年主要新兴经济体多次加息。,1
生产价格降幅大于居民消费价格。,1
外汇市场交易主体进一步扩展。,0
灵活有力开展公开市场操作。,0
进一步增强人民币汇率 浮动弹性。,0
但要 看到，这些是发展中、转型中的问题，既要坚持底线思维，也要坚定 发展信心。,0
切实支持巩固拓展脱贫攻坚成果。,0
这些成员国 未能重视财政赤字扩大的风险，过度发债，最终造成了被动的局面。,1
 [NUM] 月下旬至 [NUM] 月上旬，受标普 下调美国主权信用评级及欧债危机前景恶化拖累，全球主要股市暴 跌。,1
负利率债券范围扩 大，持续时间放长。,1
但失业率仍居 高不下，通胀依然维持低位。,1
 [NUM] （四）股票市场指数显著回升，成交量大幅增加 股票市场指数显著回升。,0
深化对外货币金融合作。,0
继续完善做市商制度，提高债券市场流动性，为培育有 效的收益率曲线夯实基础。,0
货币政策不确定性增大。,1
总的来看，人民币正式入篮是人民币国际化的一个重要里程碑，是对中国经 济发展成就和金融业改革开放成果的充分肯定，增强了SDR的代表性、稳定性和 吸引力，有利于国际货币体系改革向前推进。,0
这种高投入、高消耗的粗放型经济增长 方式对我国资源的合理利用和环境保护造成严重的负面影响，难以为继。,1
主要金融市场 呈现震荡态势。,1
坚持市场化、法治化处置风险， 一些突出金融风险得到稳妥处置。,1
严格控制对 高耗能、高排放行业和产能过剩行业的贷款，支持对整合过剩产能的 企业定向开展并购贷款。,1
在国际金融市场利率波动、境内外币资金供求变化等因素的综合 作用下，外币存贷款利率小幅波动。,1
市场机制在资源配置中的基础性作用得不到发挥，由此形成的经济 增长方式也是粗放的，资源产出效率低。,1
外汇市场交易主体进一步扩展。,0
加强系统性风险监测评估。,1
四是高杠杆和沉重债务负担可能使消费和投资增长承压。,1
欧元区经济出现下滑。,1
（七）黄金价格整体震荡下跌 黄金价格整体呈震荡下跌态势。,1
健全货币政策和宏观审慎政策 双支柱调控框架，增强调控前瞻性、针对性和有效性。,0
未来一段时间， 全球贸易增速放缓对经济增长的拖累，能源价格对通胀走势的扰动， 以及全球高债务、高利率可能诱发的金融风险仍需关注。,1
上半 年，人民币对美元汇率年化波动率为 [NUM] 。,1
完善资本市场服务科技创新制度体系。,0
集中行业优势力量解决“卡 脖子”问题，加快关键性前沿技术赶超，改变高端供给“不充分”局 面，助力产业链上下游协同发展。,0
投资稳步增长，结构调整优化。,0
四是消除多层嵌套，抑制通道业务。,1
着力完善存款保险制度功能。,0
从国际环境看，世界经济 政治形势更加错综复杂，地缘政治风险依然较大，主要发达经济体货 币政策正常化存在不确定性，贸易摩擦给未来出口形势带来较大不确 定性，可能造成外需对经济的边际拉动作用减弱，还可能冲击投资者 情绪，加剧金融市场波动。,1
在结 构矛盾突出、国际收支继续双顺差的背景下，控制货币信贷过快增长 的任务仍然比较艰巨。,1
否则，政策退出过快，可能给复苏带来压力；退出过慢，则可能引 发新一轮资产价格泡沫和恶性通胀。,1
民间投资增势较好， 国有企业投资增长乏力。,1
股票市场筹资额大幅减少。,0
推动金融市场发展及产品创新，加快 培育市场基准利率体系，优化市场化利率传导渠道。,0
 [NUM] 年第 四季度，美联储、欧央行和英格兰银行均暂缓加息，但三家央行表态 出现分化。,1
农业生产形 势良好，工业生产增速企稳回升，投资、消费稳定增长，消费价格涨 幅和就业基本平稳。,0
同时，房地产销售逐步回暖，地 方政府债务置换力度加大，M [NUM] 增速持续回升，总需求企稳并有所回升，PPI与货 物周转量、发电量增速变化等相关性较高，也表明由房地产、基建拉动的重化工 业回暖可能是推升PPI回升的重要原因，PPI回升后企业加速补库存又进一步放 大了需求。,0
加强系统性风险监测评估。,1
加强市场基础性建设，为经济结构调整和转型升级提供高效的 投融资市场。,0
提高数据透明度。,0
宏观审慎政策 本质上采用的是宏观、逆周期、跨市场的视角，以防范系统性风险为 主要目标，着力于减缓金融体系的顺周期波动和跨市场风险传染对宏 观经济和金融稳定造成的冲击。,1
全国房屋新开工面积 [NUM] 亿平方米，同比下降 [NUM] ，降 幅比第一季度收窄 [NUM] 个百分点。,1
二是 汇率改革促进外贸结构调整和产业升级的效应初步显现。,0
受国际大宗商品价格总体下跌影响，进口价格降幅有所扩大。,1
要减少对月度货币信贷高频数据的过度关注。,1
发展消费信贷，支持扩大内需。,0
进一步健全市场利率定价自律 机制，提高金融机构自主定价能力。,0
刚性兑付背离资产管理业务的本质特征，不但使风 险在金融体系累积，也抬高了无风险收益率水平，加剧了道德风险。,1
全球大多数经济体货币对美元贬值。,1
尽管也面临增长放缓压力，但一些经济体迫于通胀和货币 贬值压力而加息。,1
国债收益率整体下行，期限利差走扩。,1
消费升级类商品和网上零售持续较快增长。,0
五是继续推动金融市场健康发展，深化金融企业改革。,0
有序压降重点区域、重点领域金融 风险。,1
钢材市场价格波动较大。,1
（一）货币市场交易量增速回升，市场利率有所下降 银行间回购交易量增速大幅回升，拆借交易量降幅收窄。,0
财政支出逐步回升。,0
东京股市和伦敦股市也处于低迷之中。,1
当前投资呈现以下几个特征：一是制造业投资增速回升。,0
引导金融机构运用存款 利率差别定价，加强主动负债管理，约束资产过度膨胀。,1
个人住房贷款增长进一步加快。,0
GDP 缩减指数低于上年同期。,1
欧元区经济出现企稳迹象。,0
近两年来，直接 融资（不含国债）的比重连续下降，这不利于形成合理的企业资本结 构，也不利于防范系统性金融风险。,1
一是直播电商蓬勃发展。,0
固定资产投资稳步回升，高技术产业投资增长较快。,0
企业转型升级动力增强，出口商品结构持 续优化。,0
外汇市场交易主体进一步扩展。,0
一是完善公开市场业务体 系，灵活开展公开市场操作。,0
工业生产增速略有回升。,0
美日的高债务问题 也可能降低其潜在经济产出并加剧中长期通胀和货币贬值压力。,1
欧债危机形势一波三折，对实体经济的影响日益加深。,1
此外，地缘政治冲突多点爆发，风险因素和不确定性加速累积， 对经济金融的影响加大。,1
美元指数波动下行。,1
主要货币间汇率剧烈波动。,1
目前美国经 济运行面临的不确定性因素增多。,1
主要发达经济体 [NUM] 年第二季度 GDP 大幅 下降，第三季度回升，第四季度复苏有所分化。,0
伦敦金属交易所铜现货当季平均价格比上季 度下跌 [NUM] ，比上年同期下跌 [NUM] ；铝现货当季平均价格比上季 度下跌 [NUM] ，比上年同期下跌 [NUM] 。,1
土地交易价格同比上涨 [NUM] 。,0
一是部分高耗能行业虽然仍在高位运 行，但生产和出口增幅均有所回落。,1
国家开发银行股份有限公司正式挂牌，商业化转型取得突破性 进展。,0
以创新驱动、高质量供给引领和创造新需求，加 快形成以国内大循环为主体、国内国际双循环相互促进的新发展格局。,0
二是既要做好减法，也要做好加法，避免非理性 收缩。,1
此外，进一步完善信贷政策导向效果评估工作机制，进一步推进信贷 资产证券化，以改革创新盘活存量资金。,0
在我国，很多企业在生产经营活动中不太考虑外部不 经济，也不对自身制造的污染付成本，因此往往低估生产成本而进行过度投资。,1
地缘政治博弈激化成为全球经济的风险之一。,1
部分新兴经济体和发达经济体央行继续上调基准利率。,0
加强市场基础性建设，为经济结构调整和转型升级提供高效的 投融资市场。,0
促进优质企业便利化政策扩面提质。,0
全 球经济增长面临的下行风险有所增加，但总体仍保持平稳增长。,1
由于人们担心 美国经常账户进一步恶化，以及美国资产的吸引力降低，在外汇市场上，美元兑 日元和欧元的汇率呈下降趋势，波动加剧。,1
LPR利率期权业务稳步发展。,0
尽管我国高技术制造业发展取得了巨大成果，但仍面临诸多挑战。,0
英国房 地产市场好转。,0
普通生产能力超出市场 预期需求，产品结构不合理，高能耗、高污染、低质量问题十分严重。,1
继 续推动资产管理公司转型发展。,0
这一理论认为，价格水平下降是形成循 环的核心，而债务负担会放大通缩带来的影响，使得经济系统更为脆弱从而增大 引发恶性循环的可能。,1
有序推进中小金融机构风险处置和改革重组。,1
日本房地产市场降温迹象明显。,1
进一步发 挥开发性金融作用，支持棚户区改造。,0
一是努力完善农村金融服务。,0
二是警惕因部分地区、部分行 业盲目投资、不合理重复建设可能加剧经济结构的失衡。,1
引导民间融资健康发展。,0
近年来，随着国内外有色金属需求的大幅增长，有色金属市场价 格涨势迅猛，由此也拉动了我国有色金属工业的生产、投资和进出口 快速增长，行业经济效益创历史新高。,0
此外，着力推动改革和结构调整，促进经济平稳可持续发展。,0
进一步理顺外汇供求关系，促进国际收支平衡。,0
四是对产能过剩行业贷款严控。,1
信贷结构进一步改善，体现了“有保有压”。,0
劳动力市场接近充分 就业，失业率保持低位，但也存在老龄化、劳动人口短缺等结构性问 题。,1
二是全球化走向不明朗。,1
二是盘活存量、优化增量，支持经济结构调整和转型升级。,0
一是保险机构不断发展。,0
一是宏观风险得到有效控制。,1
消费市场中新兴业态、绿色环保消费等增长良好。,0
农村老龄化、 空心化拉低农村劳动力教育水平，加之农业基础设施和物质装备水平 较低，农业自主研发能力不强，制约农业科技成果的应用和推广。,1
实体部门获得感明显增强，生产生活快速恢复， 就业形势持续改善。,0
指导商业银行运用利率定价手段改进 住房金融服务和风险管理，促进房地产市场健康发展。,0
工业生产持续发展，高技术制造业和装备制造业增长较快。,0
生产资料价格和生活 资料价格降幅均有所收窄。,1
深化对外货币金融合作。,0
 [NUM] 显增强，支农力度进一步加大。,0
二是完善监管配套规则。,0
三是资源价格扭曲会带来国际收支失衡和汇率上升的压 力。,1
股市下挫，负财富效应对消费增长也会产生不利影响。,1
（四）股票市场沪深指数下跌，成交量小幅增加 股票市场沪深指数下跌，创业板指数继续上升。,1
引导金融机构盘活存量、优化增量，支持经济结构调整和转型升 级。,0
日本房地产市场降温迹象明显。,1
“可操作性”，即明确支持具有显著碳减排效应的 重点领域，包括清洁能源、节能环保和碳减排技术。,0
实施降准提供长期流动性。,0
二是出口持续 走强。,0
全球主要股指波动较大。,1
二是需求复苏 潜力巨大。,0
对受疫情影响较 [NUM] 大的批发零售、住宿餐饮、物流运输、文化旅游等行业，以及有发展 前景但暂遇困难的小微企业，不得盲目抽贷、断贷、压贷。,1
引导商业银行转变过分依赖信贷业务的发展模 式，抓紧发展中间业务，拓展新的利润增长点，增强持续盈利能力。,0
目前，公众对通货膨胀的预期比较稳定。,0
股票市场成交量大幅增长。,0
石油价格、能源安全以及地 缘政治紧张是近期影响世界经济稳步增长的风险因素，这些因素也在 一定程度上加剧了通货膨胀压力。,1
针对金融深化和创新发展，进一步完善调控模式，疏 通货币政策向实体经济的传导渠道，着力解决突出问题，提高金融运 行效率和服务实体经济的能力。,0
此外，物流服务的组织化和集约化程度有待提 高。,1
某些行业和 地区盲目投资和低水平重复建设问题相当严重。,1
受 [NUM] 年下半年以来国际金融危机的扩散 和蔓延冲击，我国钢铁产业出现了产需陡势下滑、价格急剧下跌、企 业经营困难、全行业亏损的局面。,1
持续稳慎推 进人民币国际化，深化对外货币合作，发展离岸人民币市场。,0
大力发展外汇市场，完善人民币汇率市场化形成机制。,0
与更低的实际中性利率和低通胀相适应，部分发达经济体实施了零利率甚 至负利率政策，但从政策效果看，低利率政策效果不及预期，作用还有待观察。,1
 [NUM] 、产业结构调整是实现长期、持续、稳定的经济增长的关键。,0
四是全球通货紧缩风险依然存在。,1
信贷结构进一步优化，普惠小微贷款快速增长。,0
利率期权业务平稳发展。,0
一是餐饮、零售、旅游等接触型消费转弱，部分领域投 资仍在探底；二是一些企业出现停产减产，市场主体困难明显增加； 三是货运物流和产业链供应链运转出现摩擦，经济循环畅通遇到制约。,1
新兴及发展中经济体增速继续快于发达经济体，部分新兴经济体 主动收紧宏观政策保持经济平稳增长。,0
货币市场利率总体有所回落。,1
严格控制对高耗能、高排放行业和产能 过剩行业的贷款。,1
（一）消费增速加快，投资增幅仍处高位，贸易顺差继续扩 大 居民收入进一步提高，国内消费需求持续旺盛。,0
在商业银行加强风险控制时，信息披露不充分、担保体系不完善的中小企业相对 难以获得贷款。,1
由 于缺乏宏观审慎管理手段，难以通过实施反周期的宏观经济政策来熨平经济周 期，也缺乏手段来减少出现问题的系统重要性机构对整体经济的冲击，保持市场 稳定。,1
商业性房地产贷款全年持续快速增长，但第四季度增速已明显减 缓。,0
进一步发挥开发性金融作用，支持棚户区改造。,0
国际贸易将逐渐恢复增长。,0
构建危机管理和风险处置框架，推进存款 保险制度建设。,1
三是全球金融市场波动的风险隐患上升。,1
稳妥有序推进包商银行风险处置。,1
利率期权业务平稳发展。,0
日本经济稳步回升。,0
货币市场利率回升，市 场交易活跃程度提升。,0
六是全力做好助学、农 民工、民族地区等薄弱环节和弱势群体金融服务。,1
人民币升值增加了人民币资产的对外购买力，居民总体受益。,0
债券指数走高。,0
展望未来，国内文旅行业竞争力和影响力将进一步增强，要支持 文旅业高质量发展，将其培育成国内经济支柱产业之一。,0
总体债务杠杆还在上升，国内区域经济分化较为明显，经济 金融领域风险暴露有所增多。,1
新兴经济体货币政策分化。,0
新冠病 毒尚在变异发展，疫情反弹的可能性持续存在。,0
加快发展外汇市场，推动汇率风险管理工 [NUM] 具创新。,0
大型国有银行改革基本完成，成效显著。,0
积极规范发展多层次资本市场，促进资本市场稳定健康发展。,0
保障房信贷增长放缓。,1
 [NUM] 年底以来按季对央行金融机构评级 [NUM] [NUM] 级的银行开展 风险监测预警，及时识别苗头性风险并采取措施促使大部分银行异常指标回归至 行业正常水平。,1
交通运输业投资快速增长。,0
此外，金融机构过度依赖抵押担保、激 励考核机制不完善、尽职免责落实不到位等体制因素也加剧了民企融资难问题。,1
此外，地缘政治冲突多点爆发，风险因素和不确定性加速累积， 对经济金融的影响加大。,1
其次是表外表内业务交叉风险。,1
欧元区经济微弱增长。,1
一是资产质量明显 改善。,0
受经济预期放缓影响，三季度以来，美 国股市出现高位回落。,1
货币政策在保持流动性合理适度的同时，也更 加注重抑制资产泡沫和防范经济金融风险。,1
国际金融 危机以来全球经济趋于再平衡，经济正在经历一个相对放缓、自我调 整的过程。,1
贷款加权平均利率处于有统计以来低位。,1
债券发行利率下行，发行量增加。,1
货币流动性依然较强，M [NUM] 增速继续保持自 [NUM] 年 [NUM] 月份开始的 高于 M [NUM] 增速的态势。,0
贸易和投资增长压力较大。,1
二是促进结构优化，支持经济结构调整和转型升级。,0
粮食价格回落直接驱 动食品价格回落，进而驱动 CPI 下行。,1
一是深入开展金融精准扶贫。,0
第三季度，食品价格同比上涨 [NUM] ，涨幅比上个季度高 [NUM] 个 百分点，拉动 CPI 上涨约 [NUM] 个百分点；非食品价格同比上涨 [NUM] ， 涨幅与上个季度持平，拉动 CPI 上涨约 [NUM] 个百分点。,0
稳妥有序推进包商银行风险处置。,1
农村信用社改革取得重要进展和阶段性成果。,0
指导有关金融基础设施机构 落地便利投资一揽子措施。,0
生产价格降幅加深。,1
二是部分新兴市场经济体可能面临严峻的经济下行压力。,1
尽管失业率已连续小幅走低，但地震后能否延续回 落态势有待观察。,1
部分企业负债和杠杆水 平上升较快，一些地方平台融资渠道更加复杂，融资成本上升。,1
进口商品价格攀升。,0
债券市场发行规模大幅增加。,0
从全球经济增长的风险来看，主要体现在以 下几个方面： 一是主要经济板块间可能继续呈现分化加大、震荡加剧的格局。,1
第三，社会化中介服务不足。,0
改革对企业外币资产、负债的影响不大。,1
有序推进人民币国际化，进一步扩大人民币在跨境贸易 和投资中的使用，深化对外货币合作，发展离岸人民币市场。,0
劳动力市场结构性供给短缺仍存，需求也边际放缓。,1
由于企业的外部成本很低，大量未经过处理的或不达标的废污水 直接或间接排入江河湖泊，引起水质恶化，加剧了水资源的紧缺，每 年排放的工业和生活废水从 [NUM] 年的 [NUM] 亿吨增长到 [NUM] 年的 [NUM] 亿吨，累计增幅为 [NUM] 。,1
二是资产质量明显提高。,0
积极 鼓励和督促金融机构加强信贷结构调整，注重以技术为基础的创新，提高对中小 企业的金融服务水平。,0
三是导致经济“脱实向虚”。,1
但过度的套利 交易可能对金融市场产生冲击，特别是大规模的套利交易平仓通常会引起全球资 产价格剧烈波动，甚至引发区域性金融危机。,1
过去 我国贷款增速长期保持在两位数以上的较高水平，与当时的发展阶段相适应，为 经济发展创造了适宜的环境。,0
二是在技术不断创新和全球对高技术产 品需求增长的带动下，高技术制造业市场规模也将进一步扩大。,0
（三）居民消费价格温和上涨，生产价格涨幅较高 居民消费价格温和上涨。,0
加强风险监测预警，着力防范化解重点领域风险，完善金融安全 防线和风险应急处置机制。,1
保险业资产增速提高。,0
加强对外汇资金流 入的检查和非法外汇交易的打击力度。,1
公开市场操作利率适当上行。,0
拉美经济则在经历了一季度的高速增长之 后有所减缓。,1
统筹 推进农村金融体制改革，进一步完善农村金融服务体系，努力构建农 村信用社健康可持续发展的长效机制。,0
进一步规范证券市场信息披露。,0
进出口价格上升，进口价格涨幅远高于出口价格涨幅。,0
国际大 宗商品价格大幅上涨和我国对原油、铁矿石等资源和能源进口依赖度 较强是进口价格大幅上升的主要原因。,0
具体看本轮物价上涨，还与以下两个因素密不可分。,1
股价和地价开始暴跌，企业的资 金周转状况恶化、流动性不足。,1
另外，由于我国商业银行，特别是国 有独资商业银行经营策略和机制的问题，金融服务方面还存在缺陷，也加剧了上 述矛盾。,1
三是全球银行体系风险增加，“去杠杆化”形势严峻，可能对实 体经济造成冲击。,1
出口增速高位回落，进口增速明显加快，但出口增速仍高于进口 增速，贸易顺差继续扩大。,0
推动重点领域保险高质量发展。,0
当前出现的局部电力供应紧张问题，既 受短期因素影响，也受制于一些结构性问题，如电源结构不合理、电 网建设相对滞后、市场在电力资源配置中的基础性作用发挥不够等。,1
 [NUM] 年第一季度，影响银行体系流动 性供求的不确定性因素较多，特别是春节因素的扰动较大。,1
一方面，高杠杆和 沉重债务负担可能使未来消费和投资增长承压，加剧贫富差距，增加 潜在的经济金融风险。,1
（三）票据承兑业务回落，票据融资稳中有降 票据承兑业务回落。,1
"（一）消费对经济增长贡献较高，制造业、民间投资增速持续回 升 消费对经济增长贡献保持高位,网上消费增速加快。",0
信贷结构持续优化。,0
随着我国经济回升向 好和世界经济企稳回升，煤炭产量和价格上升。,0
贸易摩擦带来的不 确定性、加征关税对通胀及对全球供应链的影响已逐渐显现，企业选 择推迟投资决策或考虑调整供应链，部分供应链上下游经济体面临外 部需求放缓等冲击，贸易摩擦亦可能通过对信心的冲击加剧全球范围 金融市场的波动。,1
四是账户服务持续优化。,0
房地产开发投资回落，特别是土地投资得到抑制。,1
（一）多方面促进提高债券市场流动性 进一步完善做市商制度。,0
二是技术、绿色含量相对较低。,1
一是完善政策框架，强化协同发力。,0
主要特点一是初级和 中间产品价格涨幅高于最终产品。,0
货币市场利率波动较大，总体呈上升态势。,1
南非经济第三季度略有起色，但失业 率仍居高不下。,1
推进经济结构调整、体制改革和增长方式转变，促进经济 持续快速协调健康发展。,0
严格控制对高耗能、 高污染行业和产能过剩行业的贷款。,1
进一步规范商业银行代理保险业务。,0
信贷结构继续改善，中长期贷款增速回升，对小微企业、“三农” 的信贷支持力度较强。,0
继续加强真实性合规性审核。,0
在汇市方面，美元仍将维持强势，日元汇率将有所振荡，欧元仍将低位运行。,1
综合来看，受美日经济不景气的影响，我国出口需求将明显回落，汇率稳定 将面临日元贬值压力。,1
债券市场指数略有上涨。,0
中国劳动力绝对量持续大规模增长势头正在逐步发生 转变。,0
大力培育和发展金融市场，深化金融企业改革，进一步改进外汇管理。,0
日本经济增长走出低谷，但增长乏力。,1
 [NUM] 出口增速高位回落，进口增速明显加快，但出口增速仍高于进口 增速，贸易顺差继续扩大。,0
这些迹象表明，美国经济正在接近衰退的边缘。,1
但票据融资余额降幅较大。,1
负利率对汇率的作用存在不确定性。,1
近期重要的外部风险 之一是日元大幅贬值可能引发亚洲地区的货币竞相贬值，将给我国出口产生一 定的压力。,1
主要经济体国债收益率普遍下行。,1
GDP 平减指数涨幅扩大。,0
目前不顾客观条件，盲目新建汽车项目的势头仍然存在，使有限的资源得不 到有效利用。,1
 [NUM] 银行间债券市场功能的不断深化，得益于选择了正确的发展模式。,0
票据市场利率总体平稳，呈先升后降趋势。,1
国务院采取紧缩信贷和紧缩财政的宏观调控措施，以抑制经济过热的势头。,1
上半年，人民币对美元汇率小 幅贬值。,1
Shibor 整体有所下行。,1
持续增强债 券市场功能和服务实体经济能力。,0
三是劳动力成本上升。,1
一是资产质量改善。,0
二 是企业面临偿付能力不足的问题，可能引起破产潮、降级潮。,1
三是物流基础 设施能力不足，尚未建立布局合理、衔接顺畅、能力充分、便捷高效 的综合交通运输体系。,0
日本银行货币政策进一步宽松。,0
若在未充分计提资本的情况下，商业银行过度参与 一些高风险领域，可能会超出其风险管理能力。,1
秋粮生长形势较好，有望再获丰收。,0
高通 胀背景下，主要发达经济体货币政策面临的“偏松易引发通胀预期发 散、偏紧易加大经济硬着陆风险”两难困境更加凸显。,1
一是加大对逃汇、非法套汇、非法买 [NUM] 卖外汇、虚假交易等性质恶劣违规行为查处力度。,1
产权改革进展顺利，法人治理结 构初步建立。,0
工业生产加快，企业效益持续改善。,0
但从第二季度开始，在 制造业和服务业保持扩张势头、消费增速回升、房地产市场回暖等因 素的共同驱动下，经济出现明显反弹。,0
房地产开发投资高位缓慢回落。,1
围绕“创新、发展、规 范、协调”四个方面，推动金融市场发展。,0
坚持差异化信贷政策，支持优势企业技术改造、结构 调整、绿色发展。,0
近一年来，中国绿色金融蓬勃发展。,0
市场对未来利率上升预期进一步增强。,0
债市收益率上行。,0
全国 房屋竣工面积为 [NUM] 亿平方米，同比下降 [NUM] ，降幅较上半年收窄 [NUM] 个百分点。,1
持续做好制造业和科技创新金融服务工作。,0
货币市场流动性充足，交 易活跃，短期债券收益率止跌回升，中长期债券收益率稳中趋降。,0
严格控制对高耗能、高排放行业和产能过剩行业的贷款。,1
 [NUM] 年上半年，受国际环境复杂多变、国内疫情散发等超预期因 素影响，我国经济下行压力加大。,1
危及区域稳定，且穷尽市场化手段、严格落实追赃挽损仍难以化解风 险的，依法动用地方公共资源。,1
如果欧盟国家不能及时落实已达成的共识以取信于市场，将加剧 业已存在的主权债务危机、银行危机和经济下滑的恶性循环。,1
债券市场指数小幅上行。,0
三次产业均 较快增长，经济效益继续提高，人民生活进一步改善。,0
（六）行业分析 工业利润同比下降，降幅有所收窄。,1
网上零售增势强劲。,0
从历史数据来看，两者或多或少会有偏离。,1
 [NUM] . 高技术制造业 高技术制造业是推动我国经济高质量发展、提升全球竞争力的重 要力量，近年来保持快速发展。,0
开展高环境风险行业环境污染强制责 任保险试点。,1
今年以来，主要发达经济体通胀回落速 度边际放缓。,1
但需注意的是，新兴经济体需求增 长尚不足以弥补发达经济体的需求缺口，未来全球增长速度在较长时 期内还难以恢复至危机前水平。,1
公司信用类债券市场取得跨越式发展。,0
目前， [NUM] 发达经济体货币政策趋于正常化，一旦全球流动性紧缩步伐超出市场 预期，可能导致资产价格骤降，金融市场波动加剧。,1
一是保险机构不断发展。,0
中央银行必须增强货币 政策和金融宏观调控的前瞻性和科学性。,0
严格执行差别化信贷政策，限制信贷 流向投资投机性购房。,1
建立风险预警指标体系，加强对系 统性风险的监测与管理。,1
对安全边际内的 [NUM] [NUM] 级银行，继续开展银行风险监测预 警；对 [NUM] [NUM] 级的高风险银行，区分增量和存量，对存量高风险机构 推动各方形成合力，采取多种措施压降，对增量高风险机构，建立硬 约束早期纠正机制，防止风险淤积。,1
全年经济将保持高增长、低通胀的趋势。,1
全年工业生产者购进价格指数（PPIRM）同比下降 [NUM] ，降 幅比上年收窄 [NUM] 个百分点。,1
股票市场筹资额大幅增加。,0
国际大宗商品价格出现上涨。,0
三 [NUM] 是汽车出口保持快速增长。,0
（四）财政支出增长较快 财政收入增长放缓。,1
持续稳慎推进人民币国际化，进一步扩大人民币在跨境贸易 和投资中的使用，深化对外货币合作，支持离岸人民币市场健康有序 发展。,0
美国经济增势强劲。,0
近几年随着服务业加快发展、 经济结构调整优化，就业弹性有所回升。,0
进口价格继续上涨，涨幅高于出口价格。,0
日本经济持续低迷，通胀下行压力犹存。,1
二是需求复苏偏慢。,0
（四）财政收入降幅收窄，就业形势总体稳定 上半年，全国一般公共预算收入 [NUM] 万亿元，同比下降 [NUM] ， 降幅比第一季度收窄 [NUM] 个百分点。,1
（三）完善证券市场基础性制度建设 进一步完善上市公司内幕信息管理制度。,0
 [NUM] 月失业率降至 [NUM] ，就业形势稳定。,1
中国人民银行 [NUM] 年第一季度企业家问卷 调查显示，企业家对下季度宏观经济偏冷的担忧有所减弱。,1
国际金融市场将继续保持稳定，但全球性贸易失衡加剧对长期金 融稳定潜藏威胁。,1
美元仍 会保持强势地位，欧元仍在低位运行，日元有可能在震荡中下调。,1
大力培 育和发展机构投资者，调动市场主体的积极性和创造性，鼓励金融产 品与金融工具创新，发展金融衍生产品，满足市场多样化需求。,0
持续做好支持民营经济发展壮大的金融服务， 推动畅通民营企业信贷、债券、股权融资渠道。,0
服务业持续恢复，市场预期向好。,0
（四）股票市场指数走跌，成交量和融资额减少 股票市场指数走跌。,1
随着经济结构调整和服务业发 展加快，单位 GDP 增长对就业的吸纳能力也在增强。,0
一方面，推高通胀与压低市场 利率可能存在矛盾。,1
而本次应对新冠肺炎疫情冲击过程中，全 球流动性回流主要发达经济体的规模减少。,1
股票市场成交量大幅增加。,0
人民币对欧元、日元等其他国际主要货币汇率双向波动。,1
 [NUM] [NUM] 、当前世界经济增长减缓，下半年很难改观。,1
境内外币利率先升后降。,1
农业生产再获丰收，夏粮单产创历史新高。,0
新兴市场经济体仍维持强劲的增长势头。,0
基于上述理论研究和实践发展，中央银行不断改进和完善沟通。,0
（二）主要经济体货币政策 主要发达经济体加息节奏放缓，但货币政策延续收紧态势。,1
四是 积极培育和发展外汇市场。,0
（二）供给分析 工业生产快速增长。,0
国债收益率整体下行，期限利差小幅扩大。,1
贷款加权平均利率维持在较低水平，企业贷款利率继续下行。,1
但在宏观紧缩环境下，一些企业和银行宁 愿削减流动贷款也不愿放弃长期投资项目，导致流动资金紧张。,1
 [NUM] 月底 以来美元已有较大贬值，但美国经常账户赤字不减，特别是美国财政赤字加大。,1
规范和引导民间金融 健康发展。,0
三是低通胀环境也可能压缩货币政策空间。,1
推动债券市场高质量对外开放。,0
一 是有效供给尚待进一步提高。,0
二是进一步推动 LPR 运用。,0
总体看，国民经济将保持平稳较快增长，但要高度关注固定资产 投资增长过快、货币信贷投放过多、国际收支不平衡、能源消耗过多、 环境压力加大以及潜在通胀压力上升可能对我国经济带来的风险。,1
严格控制对高耗能、 [NUM] 高排放行业和产能过剩行业的贷款。,1
同时，银行业危机与主权债务危机间也存在恶性循环。,1
四是地方债发行 有所放缓，地方政府存量债务置换对贷款的替代作用减弱。,1
关停封堵境内外互联网外 汇交易平台。,1
工业 服务业较快增长，投资增速稳步回升。,0
一是 经济、就业形势严峻。,1
完善金融支持创新体系，促进新 技术产业化规模化应用，围绕创新链和产业链打造资金链，形成金融、 科技和产业良性循环和三角互动。,0
但从更深层 次来看，这也与欧盟缺乏对各国财政政策的有效约束有关。,1
发达经济体财政 政策和货币政策紧密结合，规模巨大，推动全球资产价格上涨，与实 体经济相脱离，金融风险隐患不断增加，未来是否会通过主权债务风 险、高通胀、汇率利率波动、股市债市估值调整等造成风险转移，需 要密切关注。,1
完善金融控股公司监管制度。,0
稳妥有序开展金融控股公司准入管理和持续监管。,0
在国家节能汽车补贴政策和优惠措施等的引导下，汽车消费向经 济型、节能型方向转变，微型车、紧凑型车辆市场占有率大幅提高， 节能环保型小排量汽车市场占有率节节攀升。,0
加强对各类型投保机构的 风险监测与核查，依法采取风险警示和早期纠正措施。,1
一是基础研发投入偏低，关键核心技术短缺，产业结构总体仍处于全 球价值链中低端，自主创新能力亟待加强。,1
进一步推动外汇市场发展，鼓励商业银 行为不同需求的企业设计针对性更强的汇率避险产品。,0
其中，哈 萨克斯坦坚戈贬值幅度在 [NUM] 以上，阿根廷比索、巴西雷亚尔贬值幅 度在 [NUM] 以上，南非兰特、俄罗斯卢布均贬值 [NUM] 以上，马来西亚林吉 [NUM] 特、墨西哥比索、印尼盾均贬值 [NUM] 以上。,1
 [NUM] 月以来，全球贸 易摩擦等风险因素不确定性逐步升高，打击全球商业和投资信心。,1
土耳其连 续两个季度经济萎缩。,1
国际疫情仍处于 较长的高峰平台期，地缘政治紧张局势抬头、部分国家间经贸摩擦日 益深化，不稳定性不确定性较大。,1
进出口降幅收窄，贸易结构优化。,1
国际金融市场将继续动荡。,1
继续深化大型商业银行改革，推动其不 断完善公司治理，逐步健全现代金融企业制度，深化内部治理和风险 管理，加快发展方式转型，提高创新发展能力和国际竞争力。,0
经济结构不断优化，新兴动能加快成长，质量效益明显提高。,0
钢铁企业整体亏损。,1
进口价格涨幅高于出口价格涨幅。,0
信贷结构持续优化。,0
④“—”表示数据缺失或者有关业务量很小。,1
（三）消费价格温和上涨 居民消费价格涨幅略有扩大。,0
二是进一步加大金融创新步伐， 鼓励金融机构发展并创新中小企业贸易融资手段和信贷产品，进一步提高中小企 业贷款覆盖率。,0
稳健的货币政策要灵活适度、精准有效。,0
一是快递业务量稳步 扩增。,0
二是强化保险公司资 产负债匹配管理。,1
高质量发展阶段，评判经济发展不只是看经济增速， 评判金融支持也不能“唯信贷增量”。,0
外币贷款增速有所回升。,0
三是基础设施建设仍显滞后。,1
危机 前，金融机构资本和拨备严重不足，财务信息披露不充分，“影子银行”业务逃离 监管之外等现象普遍存在。,1
投 资结构有所改善。,0
目前，我国的价格上涨具 有上游产品价格涨幅大大高于下游产品价格涨幅的特征，具体表现就是生产价格 中初级和中间产品价格涨幅高于最终产品、购进价格涨幅高于出厂价格、生产资 料价格涨幅高于消费资料价格。,0
若仅靠量化宽松货币政策和日元贬值等措施，而缺乏有效 的结构性改革，则可能产生负面溢出效应，并加剧全球大规模资本流动的风险。,1
保持季末流动性合理充裕。,0
部分农村信用社 在构建多种产权制度和组织形式、明晰产权关系、完善法人治理方面 进行了有益探索，取得了初步成效。,0
 [NUM] 中国人民银行继续探索和发挥信贷政策的信号和结构引导作用， 支持经济结构调整和转型升级。,0
第三季度，全球经济延续复苏态势，经济持续扩张，通胀总体温 和。,0
一是提升供给侧结构性改革和制造业 高质量发展金融服务。,0
保险业资产增速提高。,0
推动贸易便利化试点扩容提质。,0
受能源价格下跌和上年同期高基数影 响，工业生产者出厂价格（PPI）同比降幅逐月扩大。,1
前三季度，消费品价格上涨 [NUM] ，拉动CPI上涨 [NUM] 个百分点；服务价格上涨 [NUM] ，拉动CPI上涨 [NUM] 个百分点。,0
在国际金融市场利率波动、境内外币资金供求变化等因素的综合 作用下，外币存贷款利率小幅波动。,1
美元指数震荡上涨，日元、欧元对美元贬值。,1
目前的融资体制和金融产品的格局， 不利于动员社会资金，也不利于商业银行信贷资产的安全。,1
利率互换交易活跃。,0
严格控制对高耗能、高排放行 业和产能过剩行业的贷款。,1
第二季度，受上年基数略高影响，工业 生产者出厂价格（PPI）同比下降 [NUM] ，降幅比上季度扩大 [NUM] 个百 分点，各月分别下跌 [NUM] 、 [NUM] 和 [NUM] ， [NUM] 月跌幅有所收窄。,1
一是可持续发展能力显著增强。,0
（三）居民消费价格水平上涨较快 居民消费价格同比涨幅持续扩大。,0
前期煤价暴涨导致电力企业巨额亏 损，尽管 [NUM] 月以后煤价迅速下跌，但由于电力需求锐减，电力行业亏 损进一步加剧。,1
大宗商品价格波动较大。,1
推进保险业参与养老第三支柱建设。,0
专栏 [NUM] 欧日等部分央行的负利率政策 纵观中央银行的历史，负利率政策是近年来出现的新事物。,1
 [NUM] 此外，地缘政治博弈和部分国家政局动荡也可能对全球经济产生 负面影响。,1
英国 房价探底回升。,0
工业生产持续发展，装备制造和高技术制造业较快发展。,0
三是 绿色信贷保持高速增长。,0
日本经济增长有所减缓。,1
近期全球通胀有所回落，但仍处于历史高位。,1
三是对中小企业服务、支持体系不健全。,1
贷款利率进一步降低。,0
（四）股票市场指数下跌，成交量和筹资额同比减少 股票市场指数下跌。,1
股票市场指数波动较大，总体呈先升后抑态势。,1
主要经济体增长缓慢，国际金融市场动荡加剧。,1
公司信用类债券市场的规范快速发展取得显著效果。,0
居民消费价格指数(CPI)同比上涨 [NUM] ， 涨幅比上年提高 [NUM] 个百分点。,0
党的十六届三中全会进一步明确了社会主义市场经济的发展方 向，为经济可持续发展增添了新的动力。,0
上半年，进出口总额同比 下降 [NUM] ，降幅比第一季度收窄 [NUM] 个百分点。,1
随着 疫情防控优化、政策支持力度加大、经济社会恢复发展，交通运输业 持续回暖。,0
物价有望延续温和回升态势。,0
继续保持对违规资金的高压打击态势，加大对大 要案和地下钱庄的打击力度。,1
人民银行监测的企业商品价格 （CGPI）同比下降 [NUM] ，降幅比上个季度收窄 [NUM] 个百分点。,1
三是引导金融机构加大对疫情防控的信贷投放力度。,1
股票市场成交量大幅增长。,0
稳健的货币政策要精准有力。,0
美国经济继续保持较强 劲的增长势头，就业状况继续改善。,0
国际油价在波动中呈上升趋势。,1
（四）股票市场指数和成交均大幅上升，筹资额大幅增加 股票市场指数继续大幅上涨。,0
生产价格涨幅扩大。,0
同时，美联储宽 松货币政策退出的时间和具体方案仍存较大不确定性，这将加大跨境 资本流动、全球汇市、资产价格、大宗商品价格的波动性，未来金融 市场波动将可能加剧，不确定性风险也会增加。,1
居民收入、企业利润和财政收入大幅提高。,0
全球主要经济体国债收益率普遍下跌。,1
受外部需求 增长趋弱等因素影响，国内市场需求将受到一定抑制。,1
生产价格降幅收窄。,1
资源价格偏低和比价关系不合理，对我国经济发展带来诸多不利影响。,1
金融危机以来高耗能行业加大了结构调整力度，淘汰落后产能， 大力推动节能降耗。,1
（七）黄金市场价格震幅较大，交易规模显著增加 黄金价格先涨后跌，波动较大。,1
聚焦重点支持群体和重点 企业，创新开展多种形式的政银企对接活动，提高融资对接有效性、 精准性。,0
上半年，钢铁、有色金属、 水泥行业投资增幅逐月回落。,1
恐怖主义袭击增 多、地缘政治形势紧张等不稳定性因素也为世界经济复苏蒙上阴霾。,1
伦敦同业拆借市场美元 Libor 低位波动。,1
此外，需关注石油相关金 融资产风险，在必要时采取相应措施，防范风险。,1
美国次贷危机已演化成金融危 机并迅速向欧洲甚至全球蔓延，可能给全球实体经济带来较大负面冲 击。,1
加强高风险业务的监测核查。,1
有力推进风险防控体制机制建设，严 肃追责问责，健全金融法治，补齐监管短板，填补监管空白，坚决查处一批市场 [NUM] 影响恶劣的大要案，严厉惩治金融风险背后的监管失守和违法犯罪行为。,1
外币存贷款利率在国际金融市场利率波动、境内外币资金供求变 化等因素的综合作用下低位小幅波动，总体较 [NUM] 月份有所上升。,1
商品房销售创历史新高，但增速趋缓。,0
商品房销售快速增长。,0
今年汽车销售市场进一步走旺。,0
（二）债券市场交易活跃，债券发行规模稳步增长 银行间债券市场现券交易活跃。,0
价格水平继续回落，但 步伐放缓，第二季度各月 CPI 同比分别下降 [NUM] 、 [NUM] 和 [NUM] 。,1
继续做好互联网金融风险专项整治工作。,1
 [NUM] 年上半年，宏观调控的成效进一步显现，国民经济保持了 平稳较快增长。,0
二是促进结构优化，支持经济结构调整和转型升级。,0
硅谷银行的风险处置相当迅速。,1
地震、海啸及核泄漏对日本经济复苏造成严峻挑战，公共债务问 [NUM] 题堪忧。,1
完善偿付能力监管体系。,0
日本经济复苏迹象明显。,0
在固定投资过快增长的同时，消费需求略有启动。,1
外汇市场交易主体进一步扩展。,0
未来随着经 济增速逐步向潜在水平回归，宏观杠杆率有望趋于平稳。,0
（四）全球经济展望及面临的主要风险 未来几个季度，全球经济活动将稳定在较低水平上。,1
银行体系流动性合理充裕。,0
利率互换市场成交额稳步增长。,0
房地产开发贷款增速回升， [NUM] 月末余 额同比增速为 [NUM] ，较上年末高 [NUM] 个百分点。,0
农村信用社改革试点工作取得重要进展和阶段性成果。,0
货币政策对结构调整的支持力度加大，普惠小微贷款快速增长。,0
外汇市场仍将动荡多变，美元总体上仍将处于疲软状态。,1
前三季度，人民币对美元汇率有所贬值。,1
大力发展消费型服务业，促进消费结构升级。,0
新兴经济体面临跨境资本波动和经济过热风险，西亚和北非政局 动荡影响区域及全球经济稳定。,1
 [NUM] 年疫情冲击下，我国经济增长一度明显放缓，宏观杠杆率出现阶 段性上升。,1
 [NUM] 年从年初到年底，对日元和欧元跌幅分别超过 [NUM] 和 [NUM] ， 并继续面临贬值压力，表明市场对美国经济稳定增长仍心存疑虑，国际金融市场 的不确定性很大。,1
工业企业效益有所下 [NUM] 降。,1
三是重启或加码资产购买计 划。,0
从国际 环境看，世界经济形势错综复杂，地缘政治风险依然较大，外部经济 环境总体趋紧。,1
总之，亚洲再次发生类似 [NUM] 年金融危机的可能性不大，但如果美国经济 形势严重恶化，或发生诸如石油价格暴涨之类的外部冲击，东亚国家和地区再次 [NUM] 陷入经济危机的可能性并不能完全排除。,1
图 [NUM] ：主要国债收益率走势 西亚和北非局势动荡拖累欧美股市，地震海啸导致日本股市暴 跌。,1
欧元区经济普遍下滑。,1
全球主要股市震荡走低，较上季度末跌幅均超过 [NUM] 。,1
进一步推动信贷资产证券化市场健康持续发 展。,0
固定资产投资增幅有所回落，但仍居高位。,1
短期看，全球经济存在诸多不确定性，面临一定的下行风险。,1
同时，在基数效应消退的推动下，PPI 同比降幅有所收窄。,1
日本经济稳步回升。,0
上半年，对若 干家资本充足率较低、信贷增长过快、顺周期风险隐患增大的金融机 构实施差别准备金要求。,1
引导市场利率围绕央行政策利率波动。,1
四是贸易保护主义、地缘政治风险等。,1
积极规范发展多层次 [NUM] 资本市场，促进资本市场稳定健康发展。,0
我 国城镇化尚有较大发展空间，将拉动一系列相关产业持续发展。,0
完善巨灾保险制度建设。,0
部分农村信用社在明晰产权关系、完善法人治理方面 进行了有益探索，取得了初步成效。,0
从下行风险看，由于近年来我国消费品产能不断 扩大，消费品供大于求的局面在短期内难以改变，消费品，特别是耐 用消费品价格存在继续下降的风险；钢铁、电解铝、水泥等产能过剩 行业的产品价格将继续面临一定的下降压力，会导致 PPI 下行；粮价 走势存在不确定性，可能会成为 CPI 下行的因素。,1
新兴经济体虽未直接受到危机影响， 但因外部市场萎缩，经济也出现了严重的下滑。,1
债券市场指数有所波动。,1
专栏 [NUM] 应对国际金融危机 加强宏观审慎管理 国际金融危机爆发以来，虽然就危机成因还有一些不同认识，但在金融机 构行为、金融体系顺周期性以及缺乏对系统性风险的防控是导致危机重要原因这 一点上，各方均已达成共识。,1
建设创新引领、协同发展的产 业体系，提高全要素生产率。,0
美日经济 不景气，促使东亚国家和地区经济增长明显下滑，货币贬值。,1
日本经济复苏。,0
受疫情差异化冲击影响，价格走势分化。,1
房地产开发投资增速提高。,0
（四）促进外汇市场健康发展 一是丰富外汇产品。,0
今年上半年价格指数在 [NUM] － [NUM] 之间波动。,1
进一步健全市场利率定价自律 机制，提高金融机构自主定价能力。,0
欧元区经济继续疲弱。,1
运用多种手段支持农业发展。,0
三是严厉打击各类外汇违规违法活动。,1
输入性因素带动国内石油、有色金属相关行 业价格震荡回落，叠加需求偏弱和供给充足，多数工业品价格弱势运 行。,1
一是进一步完善 “三档两优”存款准备金框架。,0
优化碳减排支持工具的 政策安排，持续推动绿色债券市场高质量发展。,0
由于外部融资环境及本地区经济前景恶化，中 东欧部分国家一度陷入严重的债务困境。,1
适时调整外汇风险准备金率。,1
伦敦同业拆借市场美元 Libor 震荡 下行。,1
M [NUM] 增速连续 [NUM] 个月高于 M [NUM] ，货币流动性仍相 对较强。,0
电子信息产业结构调整步伐加快。,0
三是日本经济出现反复，通胀形势仍不明朗。,1
一是完善外币现钞管理。,0
 [NUM] 今年以来，货币信贷快速增长有力地支持了国民经济发展。,0
继续发挥 再贷款精准滴灌和正向激励作用，支持巩固脱贫攻坚成果同乡村振兴 有效衔接。,0
此外，地缘政治冲突多点爆发，风险因素和不确定性加速累积， 对经济金融的影响加大。,1
促进人身保险扩面提质稳健发展。,0
在流动性充裕的大 背景下，随着经济逐步企稳回升，容易形成持续的通胀预期，富余资 金必然寻找各种途径和出口。,0
粗略估计，这部分资金规模达到数 百亿美元。,1
三是进一步完善居民阶梯电价制度，对相关制度规定进行了补充 和完善。,0
三是产品创新有序推进。,0
继续完善做市商制度，提高债券市场流动性，为培育有 效的收益率曲线夯实基础。,0
落 实政策性、开发性金融机构改革方案，科学建立资本约束机制，健全 治理结构，完善财税扶持政策，构建符合中国特色、能更好地为经济 发展服务、可持续运营的开发性和政策性金融机构。,0
可见，由于传统 加工性行业生产能力过剩，大企业也存在贷款难的情况。,1
年初以来，国债收益率曲 线整体下移。,1
居民消费价格（CPI）同比上涨 [NUM] ， 涨幅与上年持平。,0
四是深入开展金融精准扶贫。,0
 [NUM] 年金融危机后，各国普遍加强了对 系统重要性金融机构的评估和监管，而对中小型金融机构的关注相对有限。,1
“十三五” 期间，钢铁行业着力推动供给侧结构性改革，持续化解过剩产能、促 进创新发展和绿色发展。,0
美国次级抵押贷款风波导致全球性金融市场震荡。,1
生产价格降幅收窄。,1
在外需 和国内房地产等重要行业需求下滑的情况下，企业的存货调整一定程 度上加剧了近期国内工业生产、能源消耗以及进口贸易的下行。,1
农村信用社改革取得重要进展和阶段性成果。,0
继续完善做市商制度，提高债券市场流动性，为培育有 效的收益率曲线夯实基础。,0
引导商业银行着力调整 信贷结构，对盲目投资、低水平重复建设行业的建设项目强化信贷风险管理。,1
商品房销售快速回升。,0
房地产贷款增速基本持平。,0
当前国际初级产品价格总 体仍处于低位，加之外需减弱可能加剧国内产能过剩，在总需求萎缩 的大背景下，目前推动价格上行动力较弱，下行压力则相对较强，通 货紧缩风险较大。,1
中长期贷款过快增长的势头得到控制。,1
资金支持政策实施进展 顺利，对支持和推进改革发挥了重要的正向激励作用，农村信用社资 产质量明显提高。,0
工业生产快速回升，企业效益大幅增加。,0
三是加大对新消费、服务业 等领域的金融支持，加快培育经济发展新动力。,0
受煤炭、原油和钢材价格涨幅不断扩大的影响，工业品价格加速 上扬。,0
外汇市场交易主体进一步扩展。,0
一是指导 政策性银行补足区域短板。,1
一是进一步完善铁路设施 网络。,0
 [NUM] 年初，基于对国际金融危机教训的总结，中国人民银行引 入差别准备金动态调整机制。,1
通胀依然保持低位，劳动力市场喜忧参半。,1
办好城市商业银行，吸引民间资本向城市商业银行入股。,0
第三季度以来，股市大幅波动，加之经济下行压力较大， 市场避险需求上升，推动国债中长端收益率显著下行。,1
（五）能源和交通供求矛盾突出 [NUM] 年以来，受工业超高速增长和投资规模过大的影响，煤电油运供给紧 张，进入四季度紧张程度进一步加剧，成为制约新一轮经济增长的瓶颈。,1
要在更高水平上实现可持续发展，纺织行业需尽快转变发展方式，推 动行业转型升级。,0
当前我国货币信贷存量较大， 增速也保持在较高水平，不宜依靠大幅扩张总量来解决结构性问题。,0
越来越多的新兴经济体和发达经济体央行上调基准利率。,0
保持外币资产与负债的币种匹配。,1
四是创新并运用定向中期借贷便利（TMLF）。,0
进一步发挥银行服务实体经济的作用，畅通经济金融良性循环。,0
企业的存货调整有可能会加剧经 济和价格的波动，降低生产和进口速度，导致周期转换时的产出波动强于真实需 求波动。,1
美联储宽松货币政策退出的影 响存在较大不确定性，上半年美国金融市场波动率降至历史低位，市 场担忧宽松货币政策退出节奏过慢导致“自满”的市场情绪，可能推 高风险容忍度，鼓励风险行为，威胁金融稳定。,1
工业生产者 购进价格（PPIRM）同比下降 [NUM] ，降幅较一季度收窄 [NUM] 个百分点。,1
但钢铁行业依然存在生 产增长过快、出口总量过大、生产成本快速上升等问题，而且部分产 能落后的钢铁企业规模小、效率低、污染重，对资源和生态环境构成 严重威胁。,1
加强银行风险监测预警，针对预警银行苗头性问题及时纠偏，促使大 部分银行异常指标回归至行业正常水平，推动风险早发现、早处置。,1
疫情扰动和地缘冲突冲 击全球产业链供应链，目前我国物流行业仍缺乏自主可控的国际运力 保障，海外仓等境外物流节点和属地化服务网络建设滞后，制造业供 应链向国际延伸的过程中面临国际物流通道不畅的制约。,1
国际原油价格总体先升后降。,1
三是新兴产业发展动力 不断增强。,0
一是部分发达经济体复苏陷入停滞，财政风险和金融风险交替上 升，经济中的不稳定、不确定因素增加。,1
进一步发挥信贷资产证券化盘活存量的积极作用， [NUM] 推动经济提质增效和转型升级。,0
股票市场成交量大幅增长。,0
外汇市场交易主体进一步扩展。,0
继续加大对“热钱”流入检查和打击力度。,1
全球经济逐步复苏，疫苗接种加快，市场对经济前景的预期趋于 乐观，通胀预期有所升温。,0
储备货币功能逐渐显现。,0
一是加强商业银行 [NUM] 存贷期限错配预警监测分析，合理控制中长期贷款，扩大流动资金贷 款。,1
第六、完善汇率形成机制，继续保持人民币汇率稳定。,0
人民币汇率有贬有升，双向浮动。,1
总体看，造成目前部分行业利润减少或亏损的原因是多方面的，其中价格 扭曲是一个重要因素。,1
发展养老金融是促进中国特色金融和养老事业高质量发展良性循环的关键 着力点。,0
企业盈利水平不高，钢铁生产成本上升，价格回落。,1
新兴业态消费快速增长，休闲娱乐等服务消费需求持续增长。,0
城乡居民收入的稳步提高支撑了消费的持续增长。,0
新兴市场经济体增长普遍放缓，部分国家遭遇金融市场动荡。,1
三是货币信贷总量和结构调控难度加大。,1
为企业有序复工复产提供低成 本、普惠性的资金支持，切实解决企业复工复产面临的债务偿还、资 金周转和扩大融资等迫切问题。,0
主要经济体股市普遍上涨。,0
一方面，商品价格下降是此前通胀回落的主要驱动因素，但今年 以来地缘政治形势高度敏感，供应链阻滞、海运成本增加等问题可能 [NUM] 影响商品价格的回落。,1
工业生产持续发展。,0
行业监管体系加快完善。,0
此外，三季度国际油价自高位明显回落，布 伦特原油期货价格当季下跌 [NUM] 。,1
同时，主要发达经 济体政策空间有限，积极的财政政策可能加剧财政赤字和国债增发， 带动利率上行并最终产生较大挤出效应；主要经济体央行资产负债表 规模庞大，利率水平整体偏低，货币政策的空间也非常有限。,1
生产价格低位运行。,1
总体看，今年以来货币政策主动应对，靠前发力，增强前瞻性、精准性、自 主性，金融服务实体经济质效不断提升。,0
工业增速明显加快，企业经营景气持续上升。,0
房地产贷款增速总体平稳。,0
二是核心 CPI 由负转正，但通缩趋势犹存。,0
加强外汇市场 基础建设，进一步改进货币兑换服务。,0
四是鼓励金融创新。,0
不断增强 近年来，中国人民银行等金融部门出台了多项支持中小企业发展的政策措 施，进一步改进和加强中小企业金融服务。,0
主要新兴市场和发展中国家继续保持 强劲增长势头。,0
二是期限错配。,1
外汇市场进一步发展。,0
过去一段时间，由于部分市场主体忽视风险， 过度发展同业业务，导致金融体系内部风险不断累积，压力持续增大。,1
受国际油价波动影响，国内能 源价格有所下行，一季度均值与去年同期持平。,1
引导金融机构针对疫情风险分区分 级提供差异化金融服务。,1
当然，未来一段时间国内外疫情演进及防控措施对 供求两端的冲击还有不确定性，仍需对短期物价走势保持密切关注。,1
超出此限度的，超出部分的利息不予保护。,1
钢材生产成本上升幅度较大。,0
西班牙房地产市场下滑明显， [NUM] 月房 价跌幅达 [NUM] ，住房买卖交易量和房屋抵押贷款发放额同比分别下跌 [NUM] 和 [NUM] 。,1
一是进一步完善成品油价格形成 机制，并对油品质量升级实行优质优价政策。,0
资产购买规模频繁大幅扩容，还面临新政府要求进一步加码 的压力，这已接近于无限量宽松。,0
中小企业融资难问题长期存在，一方面受制于我国直接融资不发达、金融机 构体系不完善，另一方面也与中小企业的自身特点有关。,1
不少人困惑于为什么在广义 货币M [NUM] 数量庞大的同时市场上会感到所谓“钱紧”。,1
有经济学家提出了“资产负债表衰退”的概念，认为资产价格暴跌 引发了资产负债表收缩，促使企业行为发生变化，由于资产价格大幅缩水导致债 务负担急剧上升，企业不得不将主要精力集中在最大限度地降低负债而不是扩大 投资上，进而形成需求收缩，导致恶性循环。,1
 [NUM] 月失业率维持在 [NUM] ，通胀维持低位。,1
加强对保险公司管理，促进保险业健康发展。,0
经济增长保持了韧性， 但下行压力仍然较大。,1
同时，加强对 地方政府融资平台的放贷管理，严格控制对高耗能、高排放行业和产 能过剩行业的贷款。,1
股票市场融资量大幅增加。,0
商品房销售持续回暖。,0
利率期权业务平稳发展。,0
金融机构一般贷款加权平均利率小幅下行。,1
二是支持科技创新的金融政策工具更加完善和精 准。,0
PPI 与 CPI 之间保持 了较大缺口。,1
经营财务状况持续改善。,0
不断加大对小微民营、科技创新、绿色发展等支持 力度，大力支持培育经济内生增长动能。,0
其中，生猪产能去化和看涨预期偏强，推动 猪肉价格涨幅扩大，部分地区高温降雨导致鲜菜价格超季节性上涨， 食品价格涨幅由负转正，由二季度下降 [NUM] 转为三季度上涨 [NUM] 。,0
全球主要股指波动较大。,1
由于货币政策难以解决人口老龄化、投资需求和融资需求不足等导致日本经 济长期低迷的结构性问题，如果新的经济增长战略缺乏关键的结构性改革措施， [NUM] 或者落实不坚决、不到位，宽松货币政策带来的效果可能难以持久，甚至引发资 产泡沫、财政状况恶化、全球竞争性贬值等问题。,1
主要新兴市场和发展中国家继续保持强劲增长 势头。,0
推动建设全国碳排放权交易市场，设计好与碳交易相关的金融 产品和交易机制，在碳排放约束下促进市场发现合理的碳价格。,1
保障房贷款继续快速增长。,0
部分新兴经济体货币政策也趋于进一步宽松。,0
保险业市场乱象整治“回头看”。,1
就业状况仍无改善。,1
促进“资本下乡”，发挥政策合力，加大涉农信贷的支持范围和力度， 放宽社会资本准入限制条件，鼓励社会资本合作模式的创新。,0
外需疲弱，出口增速回落。,1
保险业总资产稳步增长。,0
国际地缘 政治局势不确定性加剧，可能拖累全球贸易和投资增长。,1
外汇市场交易主体进一步扩展。,0
国债收益率普遍下行。,1
首先，各国采取了封城、停工、隔离等 措施，基本停止了必需品生产以外的经济活动，经济陷于停滞。,1
图 [NUM] 进出口增速与贸易差额 （二）农业生产形势良好，工业生产增速企稳回升 第三产业比重首次超过第二产业。,0
二是邮政储蓄快速增长。,0
保险 业保费收入增速回升，资产增速提高。,0
对保险企业实施税收优惠。,0
市场供求的基础性作用进一步发挥，人民币汇率总体走升。,0
严格控制对 高耗能、高排放行业和产能过剩行业的贷款。,1
第三季度，受全球经济形势的复杂多变 影响，主要发达经济体股市一波三折。,1
大型商业银行和政策性金融机构改革进一步推进。,0
（四）股票市场指数下行，成交量同比增加，筹资额减少 股票市场指数下行。,1
保险业资产增速提高。,0
重点对新冠肺炎疫情可能引发的跨境资金流 动风险开展监测与分析。,1
民粹主义往往与民族主义、孤立主义、去全球化、贸易保护 主义等紧密联系在一起，对于国际政策协调、贸易自由化、资本和劳 动力流动等都可能产生较大影响，进而拖累全球经济增长并加剧金融 市场动荡。,1
一是经济发展的潜能和空间依然较大，各方面 发展热情很高，仍有内在扩张的动力，东中西部经济有较大的互补和 回旋余地，尤其是经过多年快速发展，人力资本持续积累、基础设施 [NUM] 大幅改善、工业生产和配套能力也有较大提升，有利于提高生产效率、 降低交易成本。,0
工业生产增速回升。,0
加强和改进保险监管。,0
进一步推进金融机构改革。,0
存单业务有序发展。,0
大宗商品价格整体止跌回升。,0
信贷结构持续优化。,0
日本经济依然疲弱，处于通缩状态。,1
债券一级市场融资活跃，市场品种进一步丰富。,0
当前外部环境更趋复杂严峻，国内经济内生动力还不强、需求仍 然不足。,1
 [NUM] 年，金融市场继续健康发展，各项改革和发展的政策措施 稳步推进，金融市场对促进经济转型和结构调整的作用进一步发挥。,0
但由于意大利 [NUM] 月初落实削减赤字和提高经济活力 的承诺进展缓慢，投资者开始担忧其债务偿付能力。,1
通胀压力下降和就业 数据疲软加剧投资者对美国经济增长动能放缓的担忧，进一步增强美联储降息预 期，金融市场也有波动。,1
防范跨行业、跨市场风险，防范非正规金融 及其他相关领域风险向金融体系传导。,1
金融危机以来，主要发达 经济体复苏进程一波三折，失业率居高不下，但政府缺乏刺激经济增 长的政策工具和空间，加之一些发达经济体内部政治极化现象日益严 重，民粹主义上升，国际贸易摩擦和投资风险增加。,1
欧元区货币信贷情况有所好转， M [NUM] 增速提高，私人部门信贷增速回稳，银行融资成本和贷款利率下降， 货币政策传导有所改善，有助于实体经济恢复。,0
汇率方面， [NUM] 年以来美元已有较大贬值，但美国经常 账户赤字不减，财政赤字增加，美元仍然存在进一步贬值的风险。,1
外汇市场交易主体进一步扩展。,0
东部地区体制渐与国际接轨，特别是入世后这一进程进一步 加快，先行、先发优势更明显。,0
二是行业效率进一步提升。,0
这在市 场流动性发生波动的情况下，容易受到冲击。,1
完善偿付能力监管体系。,0
 [NUM] 近期企业反映的流动资金紧张问题与投资规模过大密切相关。,1
继续深化大型商业银行改革，推动其不 断完善公司治理，逐步健全现代金融企业制度，加快发展方式转型， 提高创新发展能力和国际竞争力。,0
这些措施改善了农村信用社的 资金和资产状况，使之服务于“三农”的功能进一步得到增强。,0
四是加强财 税、金融方面的行业支持力度，鼓励民间资本及创业与私募股权投资， 培育中小型创新企业发展，为行业转型升级提供保障。,0
近年来，一些发达经济体内部政治极 化现象日益严重，中东地区的政治形势也趋于恶化，东亚地区地缘政 [NUM] 治紧张加剧，可能对双边经贸关系和区域经济合作形成干扰。,1
二 是物价上涨的压力仍未根本缓解。,1
资金持续流入令新兴市场本币大幅升值、资产价格上涨， 亚洲新兴经济体首当其冲。,0
上半年， 国债收益率整体呈下行趋势，短期限品种下行更为明显。,1
此外，受益于房地产去库 存和热点城市供地提速，房地产投资周期仍有上行空间。,0
进出口增速加快，但出口增速继续高于进口增速，贸易顺差扩大。,0
保险业保费收入增速回升，资产增速提高。,0
人民币对欧元、日元等其他国际主要货币汇率双向波动。,1
不断提高对养老家政健康 消费等新消费领域和现代服务业的金融服务水平，加快新旧发展动能 接续转换，推动经济提质增效和转型升级。,0
钢铁产量同比 增速降幅低于消费量降幅，钢铁市场产能过剩现象并未得到明显缓 [NUM] 解。,1
通胀水平延续回落。,1
总的来看，弹性较强、市场出清和 结构调整较快的经济体表现出了更强的复苏势头。,0
黄金交易规模小幅波动。,1
加之受自 身结构性因素制约，一些经济体经济增速放缓，部分国家甚至出现负 增长，如巴西第三季度 GDP 同比下跌 [NUM] ，俄罗斯 [NUM] 年 GDP 同比 萎缩 [NUM] 。,1
一是美元套利交易投资主体和领域更广。,1
二是盘活存量、优化增量，支持经济结构调整和转型升级。,0
 [NUM] 年粮食价格前升后降，前三季度受粮食种植面积调减和灾情严重等因 素导致夏粮和早稻较大幅度减产的影响，粮食价格上升了 [NUM] ％。,1
二是进一步完善境外合格机构 投资者制度。,0
继续完善人民币汇率形 成机制，推动外汇市场发展，鼓励金融机构为企业设计针对性更强的 汇率避险产品。,0
实际上调节好结构有助于控制好总量，结构调节不好，总量可能也 调控不好。,1
二是新股发行重启。,0
此外，疫情 冲击带来的金融风险存在一定时滞，未来不良贷款有上升压力。,1
因此，解决欧洲银行业问题已成为打破“主权债务危机—银行危 机—经济下滑”恶性循环的关键。,1
地震灾害冲击日本经济，贸易和债务情况恶化。,1
人民币对欧元、日元等其他国际主要货币汇率双向波动。,1
进出口形势逐季好转。,0
支持房地产平稳健康发展。,0
欧元区经济持续复苏。,0
 [NUM] .钢铁行业 第一季度，钢铁需求继续减弱，钢铁生产总量过剩，国内市场供 大于求，钢价全面下跌，处于低位盘整阶段，钢铁企业整体亏损。,1
二是盘活存量、优化增量，支持经济结构调整和转型升级。,0
美、德、日国债收益率持续上行。,0
由于投资者担心希腊银行业挤兑的风险扩散至欧 元区其他国家，德国、法国等国家股票市场在 [NUM] 月 [NUM] 日出现普跌。,1
四 是保持高压态势打击地下钱庄，联合多部门合力打击外汇违法违规行 为，加强典型案例通报和宣传警示教育。,1
 [NUM] .高耗能行业 高耗能行业一般是指钢铁、有色、建材、电力、石油加工及炼焦、 化工等六大行业。,1
 [NUM] 年，我国发生了雨雪冰冻和汶川地震两场突如其来的特大自 然灾害，经历了全球经济和金融市场急剧动荡的巨大冲击，经济增长 下行的压力明显加大。,1
出口企业要加强自主创 新能力，不断提高产品的竞争力，同时要积极开拓市场，特别是那些成长性好、 潜力大的新兴市场。,0
M [NUM] 增速回落的主要原因是贷款增 速减缓。,1
保险业资产增速提高。,0
疫情冲击下， [NUM] 各国实体经济遭遇困难，企业部门、金融机构的信用风险和市场风险 不断累积，如果有的国家反应迟钝、应对不当，可能导致金融风险与 实体经济风险叠加共振。,1
欧元区经济形势更趋低迷。,1
进出口继续快速增长。,0
切实维护外汇市场健康秩序。,0
定向降准旨在鼓励中小金融机构服务当地，支持实体经济 健康发展。,0
境内外币存款市场利率有升有降。,1
 [NUM] 完善资本市场服务科技创新制度体系。,0
存款利率市场化 调整机制成效进一步显现。,0
党的十八大以来，我国经济结构转型调整深入推进，脱贫攻坚战取得全面胜利， 居民消费率相应改善，但持续提高既有空间，也有挑战。,0
外汇市场交易主体进一步扩展。,0
投资规模继续扩大，高技术产业投资持续较快增长。,0
Shibor 在利率衍生品交易定价中的作用进一步显现。,0
同时，“自动减赤程序”中的开支削减计划生效时间被延后两个月等。,1
LPR 利率期权业务稳步发展。,0
随着通胀居高不下和经济前景走弱，第 三季度美欧主要股指继续承压，前期表现良好的科技股跌幅明显。,1
CPI 涨幅回落主要是受农产 品价格季节性回落和基期因素（也称翘尾因素）减弱影响。,1
负利率政策对消费、投资和通胀的提振作用有待观察。,1
信贷结构继续改善，中长期贷款增速回升，对小微企业、“三农” 的信贷支持力度较强。,0
（一）消费逐步改善，投资稳步恢复，进出口较快增长 居民收入稳步回升，消费意愿改善。,0
健全央行政策利率体系，增强利率调控能力。,0
持续做好制造业和科技创新金融服务工作。,0
培育市场基准利率体系， 完善利率形成机制，提高中央银行对市场利率引导的能力。,0
力争小企业贷款增速高于全部企 业贷款增速，新增小企业贷款占新增企业贷款的比重有所提高。,0
发放助学贷款，资助困难学生完成学业。,1
货币市场利率总体走高。,0
住房需求依然旺盛。,0
四是 东北地区投资由负转正，全年为 [NUM] ；其他地区投资增速总体稳定。,0
 [NUM] 年以来，人民币跨境使用政策进一步优化，相关基础设施继 续完善，人民币国际化取得新进展。,0
前瞻稳定年底资金面。,0
货币市场利率低位波动。,1
今年以来， 发达经济体货币政策收紧、地缘政治冲突、能源短缺、通胀高企等多 重因素叠加导致全球经济持续承压，累积的紧缩效应可能超出预期。,1
一是行业投资强劲增长。,0
日本经济持续低迷，通胀下行压力依然存在。,1
三是失业率居高不下。,1
引导金融机构做好科技创新、文化产业发展等战略性新兴产业 的金融服务工作，积极发展低碳金融。,0
破获多起地下钱庄、非法网络炒汇等违法犯罪案件，有力打击各 类违法犯罪活动。,1
三是表外融资有所恢复。,0
（二）债券发行利率回落，债券发行量同比增加 债券发行利率回落。,1
价格总水平涨幅得到控制，经济结构调整取得积极成效。,0
二是偏低的资源价格加剧了资源供求紧 张的矛盾。,1
GDP 缩减指数继续回落。,1
房地产开发投资增速加快，开发结构有所改善。,0
食品价格上涨放缓是 CPI 涨幅回落的主要原因。,1
随着汇率市场化改革持续推进，汇率弹性逐步增强。,0
制造业不振， [NUM] 月制造业PMI指数为 [NUM] ， [NUM] 创 [NUM] 个月新低；通胀下行压力大， [NUM] 月消费者调和物价指数同比上升 [NUM] ，虽较 [NUM] 月份的 [NUM] 有所上升，但扣除能源和食品价格的核心通 胀率意外跌至 [NUM] ，显示能源和食品价格疲软可能蔓延到广泛经济领 域。,1
个人住房贷款增长放缓。,1
全球股市遭受重挫，反弹无力，“熊态”与萧条弥漫。,1
（一）消费增速进一步加快，固定资产投资增长依然强劲， 贸易顺差继续扩大 城乡居民收入增幅较大，国内消费需求持续旺盛。,0
货币信贷增长过快的势头有所抑制，与宏观调控的总体要求基本适 应。,1
主要经济体增长缓慢。,1
我国的绿色保险主要是指环境污染责任保险。,1
 [NUM] 主要发达经济体股市小幅上涨，部分新兴市场经济体股市大幅波 动。,0
意大利和西班牙再度受到冲击。,1
前三季度，我国对外非金融类直接投资 [NUM] 亿元人民币，同比 下降 [NUM] ，降幅有所收窄。,1
秋收进展顺利，全年粮食有望再获丰收。,0
生产价格季度降幅扩大。,1
 [NUM] 年，机械工业整体呈现回暖态势，高质量发展稳步推 进。,0
进一步推动外汇市场发展， [NUM] 提高金融机构的自主定价和风险管理能力，鼓励金融机构为企业设计 针对性更强的汇率避险产品。,0
 [NUM] 月份，美欧公布的经济数 据走软，主要股市震荡走低。,1
四是完善期货市场制度建设。,0
下一阶段，应积极推动物流业转型升级和创新发展，加快建立布 局合理、技术先进、便捷高效、绿色环保、安全有序的现代物流体系。,0
农业结构调整取得新进展。,0
按市场化、法治化原则稳定暂遇困难的民营企业融资。,1
当前中小 企业的融资难问题并非单纯的融资困难，既是其经营出现困难导致资金紧张等现 状的反映，也是现阶段我国乃至全球经济调整中诸多矛盾的综合体现。,1
 [NUM] 年 [NUM] 月，由于经济衰退、财政状况恶化，希腊、葡萄牙及西班牙的信 用评级相继被降低，从而引起了市场对欧洲主权债务偿还能力的担忧。,1
规范短期健康保险业务。,0
进一步加强对证券期货业的监管。,0
总的来看，新兴市场经济体基本面较为脆弱，考虑到美联储 QE 退出等不确定性因素，个别经济体短期内风险可能上升。,1
新兴市场经济体货币政策分化。,0
中国人民银行进一步完善宏观审慎政策框架，更好地发挥逆周期 调节作用。,0
GDP 缩减指数明显回落。,1
农村信用社改革取得重要进展和阶段性成果。,0
（一）消费逐步改善，投资、进出口增速由负转正 居民收入实际增速由负转正，消费意愿逐步改善。,0
两项工具取得初步成效，下阶段将不断完善工具设计，更好助力资本市场 高质量发展。,0
加快发展外汇市场，推动汇率风险管理工具创新。,0
地震、海啸和核泄漏灾难对日本生产和出口造成沉重打击。,1
极化政治导致的财政僵局，特别是美国国会两党围 [NUM] 绕 [NUM] 财年政府预算及“债务上限”问题的分歧短期内很难彻底弥 合，可能拖累美经济增长，甚至冲击世界经济复苏。,1
（六）行业分析 行业结构调整进一步推进。,0
一是更加聚焦 自主创新能力。,0
国际贸易和投资显著萎缩。,1
工业生产逐步恢复，企业预期总体改善。,0
上的基本稳定 完善人民币汇率形成机制，进一步理顺外汇供求关系。,0
生猪产能持续恢复。,0
在全球金融危机等多重因素冲击下，未来一段时期世界经济仍可 能趋于下行，复苏尚需时日，我国经济仍将面临严峻的外部环境。,1
金融机构超额 准备金率为 [NUM] 。,0
工业生产快速增长，企业效益继续提高。,0
商业健康保险税收优惠政策正式出台，用 政府和市场的合力更好托举民生。,0
一季度，人民币对美元汇率年化波动率为 [NUM] 。,1
（四）股票市场指数走高，成交量和筹资额同比减少 沪深指数均大幅走高。,0
增强出口议价能力，提高出口产品价格。,0
由于存款同质化高，竞争存款主 [NUM] 要靠价格，为避免无序恶性竞争，目前仍通过行业自律的方式对银行存款利率进 行上限管理。,1
股票市场成交保持活跃。,0
四是助力贸易新业态创新发展。,0
扩大金融风险 处置基金积累，强化存款保险专业化风险处置职能。,1
房屋销售价格涨势平稳，但部分地区房价涨幅较高。,0
二是中国经济发展的优势没有改 变。,0
短期内， 日本经济仍将受到欧债危机、全球经济下滑、日元升值和国内电力供 应短缺等因素的困扰。,1
（四）股票市场指数下跌，成交量和筹资额同比减少 股票市场指数下跌。,1
日本经济稳步回升。,0
大多数国家通货膨胀率下降，全球性通货紧缩压力增大。,1
日本经济缓慢复苏，但日元升值和持续通缩使经济复苏形势不容 乐观。,0
专栏 [NUM] ：五年来中国物价波动变化情况及今后物价走势 综观近五年中国物价的波动变化，中国的物价走势经历了正增长 负增长 正增长 负增长 正增长的历程。,1
利率期权业务稳步发展。,0
一是资金池操作存在流动性风险隐患。,1
继续深化大型商业银行改革，持续改进金融服务 方式，不断提高金融服务品质，切实履行大型商业银行的社会责任。,0
但未来各主要经济体货币政策还存在很多的不确定性。,1
房地产贷款增速上升。,0
引导督促金融机构加强内部风险控制，合理把握信贷 资金投放节奏，防范信贷风险。,1
电力消费需求减缓，发电量、用电量增幅大幅回落。,1
中长期消费和投资增长仍有不确定性。,1
中国经济总体平稳，转型升级有新的进展。,0
这种影响可能跨越今明两年。,0
进出口增速温和反弹。,0
“十一五”时期中国钢铁工业发展速度较快， 节能减排成效显著，有效满足了经济社会发展需要。,0
农 村信用社资金实力增强，支农服务改善。,0
此外，地缘政治冲突多点爆发，风险因素和不确定性加速累积， 对经济金融的影响加大。,1
消费需求有望加快。,0
英国房价持续下跌，Halifax房价指 数在第二季度环比下跌 [NUM] 的基础上，第三季度继续下跌 [NUM] 。,1
受国内外不确定性、不稳定性因素增多等影响，主要经济体之间 政策协调难度依然较大。,1
从投向看，贷款结构进一步改善。,0
不仅个人储蓄率降至零以下，政府财政赤字也不断膨胀。,1
行业结构调整稳步推进。,0
GDP 缩减指数继续上升。,1
外部不经济的一个典型的例子 就是环境污染。,1
欧洲房地产继续疲弱。,1
初级产品价格跌幅较大，投资品价格跌幅大于消费品。,1
四是不断健全金融风险监测、评估、预警体系。,1
构建防范跨境资本流动冲击的体制机制。,1
三是创新和完善结构性货币政策工具体系。,0
消费升级类商品和网上零售持续较快增长。,0
展望未来，疫情形势、通胀走势、发达经济体宏观政 策调整仍有较大不确定性，可能伴生的经济金融风险不容忽视。,1
 [NUM] 胀目标，但环比已呈现明显放缓趋势。,1
 [NUM] 六是大力发展直接融资。,0
债券发行利率上行。,0
二是土地 市场不健全，圈地炒地行为泛滥。,1
四是极端天气频发严重威胁农业 生产。,1
促进优质企业便利化政策扩面提质。,0
上半年，商业 银行大力拓展票据业务，票据融资快速增长，增速快于同期贷款增速。,0
欧洲银行业亦遭受重创，瑞士信贷股价暴跌， [NUM] 月 [NUM] [NUM] 日当周累计下跌 [NUM] ，并拖累 STOXX [NUM] 银行指数跌至近一年 来最低水平。,1
总体看，资金支持政策实施进展顺利。,0
尽管主权信用风险降 低，但欧元区仍面临德法等国家经济增长放缓、实体部门信贷需求疲 弱、银行业去杠杆化等诸多长期性、结构性问题。,1
票据融资稳中有增，利率总体下行。,1
部分新兴市场经济体经济有所企稳，结构调整与转型压力依然存 在。,0
"上 半年，消费品价格上涨 [NUM] ，拉动 CPI 上涨 [NUM] 个百分点;服务价格 上涨 [NUM] ,拉动 CPI上涨 [NUM] 个百分点。",0
专栏 [NUM] ：发达经济体的主权债务问题 [NUM] 年金融危机以来，因房地产泡沫破灭、银行坏账增加、财务状况持续 恶化等原因，冰岛、迪拜、希腊、爱尔兰等经济体相继爆发主权债务危机，引发 金融市场动荡，给全球经济复苏蒙上了阴影。,1
企业资金相对宽松。,0
先行试点地区农村信用社的历史包袱得到明 显化解，总体经营状况有所好转；支农金融服务功能有所增强；增资 扩股进度较快，资本充足率迅速提高。,0
深化对外货币金融合作。,0
 [NUM] .高耗能行业 高耗能行业一般是指钢铁、有色、建材、电力、石油加工及炼焦、 化工等六大行业。,1
一是有效处置重点高风险集团风险。,1
泡沫破灭，资产必然大幅缩水，通过财富效应导 致消费和投资收缩，最终体现为经济下滑。,1
专栏 [NUM] ：全球央行加强协作，共同应对国际金融危机 美国次贷危机逐步演变为国际金融危机，全球金融市场动荡加剧。,1
灵活开展公开市场操作。,0
完善保险公司资本补充机制。,0
（一）消费持续改善，投资稳步回升，对外贸易实现正增长 居民收入持续回升，消费稳步恢复。,0
六是开发商行为不规范，部分房地 产商市场炒作，误导消费者进行不合理的住房投资，推动住宅价格上涨。,1
多渠道资金 供应使企业支付能力进一步增强，企业 存款增长速度明显提高。,0
此外，英国退欧安排及 影响仍有不确定性。,1
高收益对应着高风险，在打 破刚性兑付的环境下，长期看资管产品无法同时兼具“低风险”和“高回报”， 追求高收益的同时要承担高风险。,1
引资结构持续优化。,0
下半年，美国“财 政悬崖”问题、希腊救助计划谈判和日本政局更迭的不确定性使全球 [NUM] 主要股市加剧波动。,1
美联储加息后，墨西哥、智利、沙特等 国跟随加息 [NUM] 个基点，以应对资本外流压力，其中墨西哥是 [NUM] 年 以来首次加息；为缓解外汇储备下行压力和资本外流风险，阿根廷宣 布取消外汇管制措施，允许汇率自由浮动。,1
此外， 部分产能过剩行业仍在以较快的速度增加产能，也会加大物价尤其是 工业品价格下行压力。,1
（一）货币市场交易活跃，市场利率总体平稳 银行间回购交易量增速大幅上升，拆借交易量快速增长。,0
第三季度，票据承兑和贴现余额逐月回落。,1
原材料工业生产恢复较快。,0
随 着生活水平提高和人们健康意识增强，我国医药制造业保持较快发展。,0
住房开工趋势也不容乐观。,1
加强产融信息对接和银证保多方合作，促进制 造业高质量发展。,0
一是严格 控制产能扩张，加快淘汰落后产能，尽早完成工业和信息化部提出的 淘汰炼铁落后产能 [NUM] 万吨和炼钢落后产能 [NUM] 万吨的目标。,1
金融机构普遍认同。,0
增强公开市场操作利率弹性。,0
稳增长、调结构、促改革、惠民生和防风险的任务还十分艰巨。,1
欧洲房地产市场增长乏力。,1
比如说，盘活低效占用的金融资源，虽然不体现为贷款增量，但使用 金融资源的主体效率提高，能为经济高质量发展注入新动力。,0
我国防范疫情输入和世界经济风险的压力仍然较大， 疫情对国内经济运行的冲击仍在，餐饮旅游、文化娱乐等服务业恢复 相对缓慢。,1
受投资者对美国经济悲观预期影响，美元在年初相对欧元、日 元等货币快速贬值。,1
国际主要债券收益率窄幅波动。,1
全球经济总体仍延续 复苏态势，国内供给侧结构性改革持续推进，经济发展具有很大的潜力，韧性较 强，宏观政策效果正在逐步显现。,0
银行间债券市场指数下行。,1
金融机构对受疫情影响行业的信贷投放稳步增加。,1
加强对各类型投保机构的风险监测与核查，做好风险监 测、识别，依法采取风险警示和早期纠正措施。,1
继续做好硬约束早期纠正试点工作。,1
同比增速为可比口径数据，为年增速。,0
人民币国际化稳步推进。,0
二是鼓励和引导金融机构通过机制、体制和工具创新，进一步加 大对“三农”的有效信贷投入，提高对农民工的金融服务水平。,0
美联储根 据经济发展的趋势，也存在降息的可能。,0
夏粮丰收， 农业生产形势较好，工业生产增速回升。,0
三次产业均 较快增长，经济效益继续提高，人民生活进一步改善。,0
日本经济有所好转。,0
继续推动资产管理公司转型发展。,0
货币市场利率有所回落，市场 交易平稳有序。,1
财政整顿滞后带来的政策不确定性影响了 投资和消费的持续增长，经济复苏不稳。,1
"其中，储蓄缺口指储蓄与投资之差,贸易缺口 指出口与进口之差。",1
Shibor 总体有所下行。,1
例如，硅谷银行风险爆发后， 签名银行（Signature Bank）遭遇挤兑， [NUM] 月 [NUM] 日被 FDIC 接管。,1
五是有效防范系统性金融风险，维护金融体系稳定。,1
展望未来， [NUM] 全球经济可能面临以下风险： 一是全球贸易摩擦升级与政策不确定性增加。,1
 [NUM] 推动财产保险业向高质量发展转变。,0
大部分新 兴市场货币对美元贬值。,1
固定资产投资增速回升。,0
国际贸易受阻的状 况短期难以改善，外需可能继续下降，进一步拉低我国经济增速。,1
信贷资金违规进入股市，既可能造成股市泡沫的过度膨胀， 产生过高的市盈率吸引社会资金流入股市，给国民经济运行带来危害，也会使银 行产生不良资产的风险大大增加，并给整个金融系统的运行带来风险。,1
产业升级、区域协调发展、提高住房保障、加大节能减排以及灾 后恢复重建等客观上都会产生投资需求，加之各方面发展热情较高， 可能推动投资保持相对较快增长。,0
分类别看，食品价格上涨 [NUM] ，拉动CPI上涨 [NUM] 个百分点，贡献率为 [NUM] ，是拉动CPI上涨的主要因素；居住类价格上 涨 [NUM] ，对CPI上涨拉动作用也较大。,0
欧元区经济增长势头持续放缓。,0
从国际环 境看，贸易摩擦给未来出口形势带来较大不确定性，可能造成外需对 经济的边际拉动作用减弱，还可能冲击投资者情绪，加剧金融市场波 动。,1
灵活精准开展逆回购操作。,0
二是债市低迷。,1
日本央行为了刺激经济复苏实行了长达 [NUM] 年的超宽松货币政策。,0
展望未来，全球经济可能面临以下风险： 一是短期内全球经济增长动能偏弱，政策应对空间有限。,1
美国经济大幅下滑使日本经济雪上加霜。,1
（二）债券发行利率下行，发行量增加 债券发行利率下行。,1
推动财产保险业向高质量发展转变。,0
（一）完善证券市场基础性制度建设 进一步明晰沪港通交易细则。,0
工业生产稳步回升，企业利润状况持续改善。,0
进口增速快于出口增速，贸易顺差同比有所减少。,0
欧元区经济表现有所改善，但下行风险犹存。,1
 [NUM] 年上半年，全球经济复苏总体缓慢，受欧洲银行业风险暴 露、英国脱欧公投等事件影响，国际金融市场出现几轮震荡，世界经 济金融运行中的不确定性和不稳定性因素增多。,1
二是商业银行出于控制信贷风险考虑并受制于投资渠道狭窄，偏好于发放中 长期贷款。,1
世界经济继续温和复苏。,0
油价下跌会导致物价下行，并可能产生一定的通缩压力，对此影响需客观全 面分析。,1
一是资源环境约束压力大。,1
应 通过气候风险压力测试、环境和气候风险分析等手段，增强金融体系管理转型风 险和气候变化风险的能力。,1
不断提高对养老家政健康消费等新消费领域和现代服务业的 金融服务水平，推进产业结构战略性调整，加快新旧发展动能接续转 [NUM] 换，推动经济提质增效和转型升级。,0
灵活开展公开市场操作。,0
电力行业持续健康发展是转变经济增长方式、促进节能减排和区 域经济协调发展的客观要求。,0
这一方面需要密切关注国际形势发展变化， 及时应对重大变化，另一方面也需要进一步加快以扩大消费内需为核 心的经济结构调整步伐，提高经济发展的质量和水平，采取有效措施 拓展国内市场空间，改善市场交易和发展环境，增强经济发展的协调 性、可持续性和内生动力。,0
做 好投保机构风险监测、识别，依法采取风险警示和早期纠正措施。,1
二是国际货运稳步增长，海外航班 持续恢复。,0
四是主要新兴经济体面临抑制通胀和防止跨境资本波动的挑战， 政策制定难度加大。,1
 [NUM] 年第三季度以来，随着国际金融动荡加剧，国际环境中不 确定不稳定因素增多，国内经济运行中的一些矛盾也比较突出。,1
保险业资产增速持续放缓。,0
日本经济复苏动能积累。,0
发达经济体国债收益率总体维 持低位且波动加剧。,1
受贸易摩擦、美联储加息及经济周 期可能见顶的担忧影响，近期发达经济体股市普遍走跌。,1
在城乡发展方面，城市发展远快于农村，城市居民收入远高于农民收入。,0
目前境内微观经济主体尚未完 全树立财务中性理念，外汇市场容易出现“追涨杀跌”的顺周期行为和“羊群效 应”，加剧市场波动。,1
严禁发放“零首付”个人住房贷款。,1
第三，持续的低利率政策有利于资本市场发展。,0
此外还应看到，国内部分领域的产能过剩也是导致PPI负增长的原因之一。,1
居民消费价格温和上涨。,0
房价同比上涨的城市个数增加，环比上涨的城市个数持续减少。,0
进一步规范保险资产管理产品业务发展。,0
 [NUM] 年经济下 行和社会信用收缩压力一度加大，信用收缩成为制约经济金融运行的主要矛盾， 重要原因之一是受到资本约束。,1
进一步健全市场利率定价自律 机制，提高金融机构自主定价能力。,0
此外，国际社会担忧日元贬值引发全球竞争性贬值。,1
同时， 农村信用社产权制度改革逐步推进，内控管理不断加强。,0
人民币对欧元、日元等其他国际主要货币汇率双向波动。,1
由于异地存款稳定性较 差，积累的流动性风险易快速传染，不利于维护市场竞争秩序和金融体系稳定。,1
主要发达经济体货币政策继续调整，国际金融市场受风险事 件影响出现波动。,1
坚决遏制各类风险反 弹回潮，坚决不让局部风险发展成系统性风险、区域风险演化为全国 性风险。,1
出口产品 结构改善推动外贸持续复苏。,0
房地产贷款增速明显下降。,0
同时加快存款保险制度建设，建立市场化的风险处置机 制，防范系统性风险。,1
前三季度，票据市场利率总体下行。,1
推进高风险金融机构市场 退出工作，研究建立金融风险防范和化解的长效机制。,1
稳步推进养老金融发展。,0
农村信用社改革进展顺利，成效显著。,0
严格控制对高耗能、高排放行业和产能过剩行业的 贷款，促进产能过剩矛盾化解。,1
加强风险监测预警，动态排查风险隐患， [NUM] 加强对企业债务风险、银行信贷资产质量、互联网金融、民间融资及 非法集资、跨境资金流动等领域的风险监测分析，督促金融机构及有 关方面做好各种情景下的应对预案，依法处置信用违约风险。,1
二是监管部门风险监管力度加大。,1
如果投资主 要来源于银行贷款，则可能产生大量新增不良资产甚至酿成金融危机。,1
单纯 靠提高经济增长速度并不能解决这些问题。,0
一方面欧 洲主权债务危机造成全球股市、汇市和债市的大幅波动，尤其是在金融市场信心 相对脆弱的时期，还可能引发系统性风险；另一方面各国同步加强财政整顿的叠 加效应可能加剧欧洲国家的经济困境并制约全球需求的回升。,1
GDP 缩减指数继续回落。,1
提高保险公司透明度。,0
上述问题加剧了欧洲银行业去杠杆化进程，造成比较严重的信贷紧缩。,1
第四，完善中小企业信用信息服务体系， 优化中小企业金融生态环境。,0
同时，加快城市道路交通体系建设，提高城市交通综合管理效率和现 代化水平，促进汽车产业持续、健康、稳定发展。,0
同时人民银行相机使用利率招标和数量招标的方式， 一定程度上减缓了货币市场短期利率的波动。,1
因此，物价低 迷的状况短期内难以扭转，价格上升的压力在未来几个月会继续减弱。,1
与此同时，企业投资依 然低迷，制造业增速低位波动，服务业扩张速度有所放缓，出口较为 [NUM] 疲软。,1
票据市场快速发展。,0
资金支持政策进一步落实。,0
税收收入较快增长，非税收入低增长。,1
图 [NUM] 进出口增速与贸易差额 进出口增速回升，贸易顺差增加。,0
创业板指数有所下行。,1
健全系统性金融风险的防范预警和评估体系，加强对地方政府融 资平台、产能过剩行业和房地产行业贷款信用违约风险的监测，防范 部分地区、行业、企业风险及非正规金融风险向金融体系传导。,1
在 LPR 下行引导下， 贷款利率明显降低，且降幅大于 LPR 降幅。,1
加强对企业债务风险、银行资产质量和流动 性变化情况、房地产市场、互联网金融、跨境资金流动、跨行业跨市 场风险等领域的风险监测和防范。,1
房地产开发投资增速回升。,0
外债总规模增速略有回升。,0
其中， 受油价低迷和国内经济结构单一等因素影响，巴西、委内瑞拉陷入严 重经济困境。,1
试点工作进展顺利。,0
第二， 票据业务的发展促进了商业银行资产结构调整和流动性管理。,0
股票市场成交量同比大幅增长。,0
也要看到，当前 我国经济结构调整、转型升级在加快推进，经济更为轻型化，信贷结构也在优化 升级。,0
三是直接融资大幅增加，存 量增速明显加快，企业债券融资贡献较大。,0
二季度投资不振、消费低迷，欧元升值增加了出口的难 度，经济出现停滞趋势， [NUM] 月份失业率升至 [NUM] ，为 [NUM] 年来最高。,1
资金支持政策实施进展 顺利，对支持和推进改革发挥了重要的正向激励作用。,0
三是完善个人外汇管理。,0
对此还应 持续观察，分析其可能的复苏路径和溢出影响。,0
股票市场指 数下行，成交量和筹资额同比减少。,1
当前外部环境复杂严峻，国内经济运行也面临新的困难挑战。,1
全球主要股市强劲反弹。,0
银行间债券市场指数小幅下行。,1
进、出口价格双双回落。,1
二是涉农金融服务明显改善。,0
要多措并举发展健康服务业。,0
进口价格大幅上涨。,0
农民收入增长缓慢问题变得更 加突出。,1
二是以 Shibor 为基准的金融创新产品成交活跃。,0
供需紧张、美元贬值和期货市场投机是国际油价快速上涨的主要原 因。,1
对于全球而言，英国脱欧造成了金融市场动荡，其在一定程度上是“去 全球化”思潮的反映，加大了全球经济下行风险和未来的不确定性。,1
完善养老保险制度。,0
劳动 力市场趋紧，全年失业率低位下行，至三季度曾低至近 [NUM] 年最低的 [NUM] ， [NUM] 月微升至 [NUM] 。,1
西亚和北非地区政局动荡可能威胁全球复 苏。,1
发达经济体央行重启或加码量化宽松。,0
一是阻止了全球经济陷入更大的萎缩。,1
进一步完善宏观审慎政策框架，更好地发挥逆周期调节作用。,0
四是已出台政策措施持续显现成效，积极的财政政策加力提效， 稳健的货币政策精准有力，服务实体经济力度加大，为供给侧结构性 改革和高质量发展营造了适宜环境。,0
加快外汇市场发展，进一步理顺外汇供求关系。,0
第一，线上流量红利趋于饱和。,0
对经 济持续稳定增长要有耐心、有信心。,0
固定资产投资快速增长。,0
综合各方面情况分析，“非典”对全年经济增长的负面影响是有限的，国民 经济仍将保持良好的发展势头。,1
推动经济高质量发展必须完善科技金融服务体系。,0
欧元区同业拆借利率 Euribor 继续走低。,1
受国际大宗商品价格总体继续下跌影响，进口价格降幅扩大。,1
货币政策有较大空间，但也面临艰巨挑战。,1
其中第一季度上涨 [NUM] ，第二季度上涨 [NUM] ，总体 上呈逐步上涨趋势。,0
影响未来全球经济增长的风险因素主要是贸易保护主义加 剧和全球经济失衡矛盾突出。,1
 [NUM] 新兴市场经济体复苏出现分化。,0
受疫情 影响，美国企业破产数量增加，多家著名企业已申请破产，航空业、 旅游业等行业企业面临经营压力。,1
大型国有银行改革不断深化。,0
当然仅依靠宏观审慎政策，可能还不足以抑制资产泡沫。,1
近几年，全球经济面临的超预期冲击较多，经 济环境和政策效果的不确定性较大。,1
健全金融风险问责机制，对重大金融风险严肃追责问责，有效防 范道德风险，坚决守住不发生系统性金融风险的底线。,1
构建危机管理和风险处置框 架，推进存款保险制度建设。,1
一方面，流动性 收紧加剧金融市场调整，主要发达经济体加息与强势美元效应叠加， 海外资产价格大幅波动，发达经济体国债市场流动性趋紧，房地产价 格出现回调迹象，养老金、保险公司、对冲基金等非银机构压力加大， 部分财务状况较差的市场主体面临冲击。,1
加强跨境资金流动监测分析预警。,1
随着中国经济发展进入新常态， 进一步推动信贷资产证券化市场健康持续发展，有利于盘活存量资金、释放信贷 资源、优化信贷结构、提高资金使用效率，对于促进多层次资本市场发展、推动 商业银行转型、优化金融资源配置、加大金融对实体经济支持具有积极意义。,0
三是社会领域投资回升。,0
与此同时，德国、葡萄牙房地产市场则停滞不前。,1
企业商品价格（CGPI）同比下降 [NUM] ，降幅比上 季度收窄 [NUM] 个百分点。,1
推进个人外汇业务规范创新。,0
为贯彻落实 [NUM] 年 [NUM] 月国务院召开的 钢铁工业关停和淘汰落后产能工作会议的精神，截至 [NUM] 月 [NUM] 日，第一 批签订《关停和淘汰落后钢铁生产能力责任书》的 [NUM] 个省（区、市）， 已累计关停和淘汰落后炼铁能力 [NUM] 万吨、炼钢能力 [NUM] 万吨，分别 完成《责任书》确定的今年任务的 [NUM] 和 [NUM] 。,1
“非典”作为一个突 发事件，对我国经济造成了一定冲击，但其影响是暂时的、局部的，有限的，没 有损害我国经济增长的基本面，没有改变经济较快增长的格局。,1
理财等资管产品规模不断扩大。,0
一季度国际金融市场动荡加剧。,1
当前世界经济增长持续放缓，仍处在国际 金融危机后的深度调整期，全球动荡源和风险点显著增多，应密切关 注和研究。,1
IMF下调了发达经济体增速，上调了新兴市 场和发展中经济体的增速。,0
但下行风险仍 然存在。,1
一是市场担心危机可能向欧 元区核心国家蔓延。,1
工业生产者购进价格（PPIRM）同比下降 [NUM] ，降幅 比上季度收窄 [NUM] 个百分点。,1
前瞻性降准 [NUM] 个百分点。,0
利率期权业务平稳发展。,0
居民收入增长加快，对消费形成较强支撑。,0
深入 推进金融精准扶贫，加强易地扶贫搬迁信贷资金筹集、投放和管理工 作，完善金融精准扶贫信息系统，改进金融精准扶贫政策效果评估制 度，着力支持贫困地区经济社会持续健康发展和贫困人口脱贫致富。,0
票据融资余额回升，票据市场利率震荡下行。,1
信贷结构持续优化。,0
四是汽车行业竞争加剧。,1
劳动力市场降温。,1
三是政府税费高、“有偿服务”过多。,1
全球金融风险还需关注。,1
 [NUM] （一）扩大债券市场主体范围，规范债券市场发展 进一步规范发展债券市场。,0
国际油价快速下行带动能源价格明显回落，扣除能源的工业消费品价 格由涨转跌，旅游出行等服务需求波动走弱，非食品价格涨幅由二季 度的 [NUM] 回落至三季度的 [NUM] 。,1
工业结构调整逐步推进，高技术产业发展态势良好，战略 性新兴工业发展速度进一步加快。,0
加快发展外汇市场，推动汇率风险管理工具创新。,0
新兴经济体央行继续降息。,0
（四）财政收入降幅收窄，就业形势总体稳定 财政收入降幅收窄。,1
外汇市场会员进一步扩大， 人民币掉期交易活跃，成交量大大超过远期交易。,0
大部分新兴经济体保持较强的增长动力。,0
硅谷银行倒闭，瑞士信贷被收购，美欧银行业压力骤升。,1
期货市场对外开放进一步扩大。,0
建立完善绿色金融政策体系，大力发展绿色金融。,0
对资本充足率严重不足、 存贷比较高、备付率偏低和资产负债结构不合理的商业银行，及时进 行风险提示，并适时采取相应的政策措施，以促使商业银行注意贷款 质量，控制贷款进度，防止各类信贷及流动性风险。,1
与发达国家相比，东南亚国家的经济发展普遍高于年初预测。,0
另一方面，经济结构调整正在取 [NUM] 得积极进展。,0
专栏 [NUM] 完善货币政策调控与推进金融体制改革 完善货币政策调控与推进金融改革相辅相成。,0
与此同 时，钢铁行业产能过剩迹象明显。,1
此外，相关政策支持力度不足，存在优化空间， 如商业养老保险税收优惠政策有待进一步完善，为养老保障第三支柱 发展提供更强的激励。,0
收入分配结构持续改善， 农村居民收入增速持续高于城镇。,0
另外，人民币汇率的稳定也为出口增长创造了良好环境。,0
（一）推动债券市场发展 一是推动债券市场产品创新。,0
人民币对欧元、日元等其他货币汇率双向波动。,1
四是支持非公有制经济发展。,0
三是发布《中国证监会关于支持绿色债券发展 的指导意见》，引导证券交易所债券市场进一步服务绿色产业健康有 序发展，助推我国经济发展方式转变和经济结构转型升级。,0
防范化解银行业不良资 [NUM] 产风险，控制不良贷款增量。,1
高耗能行业固定资产投资明显下降。,1
 [NUM] 年二季度以来，受新冠肺炎 疫情及经济下行压力的影响，企业尤其是中小微企业经营困难增多， 信贷需求转弱，贷款增长一度有所放缓。,1
全年公开市场逆回购操作利率两次下行。,1
 [NUM] 当前，国际金融市场剧烈动荡，世界经济受到严重冲击，对我国经济的负面 影响已经显现并日益加重。,1
虽然目前欧 债危机出现一些积极进展，但市场仍担心存在两种尾部风险，一是西 班牙形势逆转并被迫接受全面救助的可能性，二是希腊退出欧元区的 可能性。,1
（七）黄金价格上涨 黄金价格横盘后大幅上涨。,0
第三，农业农村 [NUM] 持续稳步发展压力加大。,0
外汇市场交易主体进一步扩展。,0
工业生产稳步恢复。,0
完善期货市场制度建设。,0
 [NUM] 年以来，全球经济增长动能偏弱，面临下行风险。,1
下阶段，要进一步推动我国新能源汽车产业高质量发展，加快建 设汽车强国，以高质量供给引领和创造需求，有力提振汽车等大宗消 费。,0
欧央行持续加大宽松货币政策力度。,0
（三）票据融资企稳回升，票据市场利率有所上行 票据融资余额企稳回升，票据市场交易活跃。,0
受益于美国经济强劲 增长，拉美新兴市场经济体工业生产和进出口贸易也在快速恢复增长 之中。,0
 [NUM] 一季度宏观经济稳步发展，继续保持上年 增长势头。,0
构建危机管理和风险处置框架，推进存款保险 制度建设。,1
只有增强人民币汇率 弹性，才能帮助对冲外部不稳定性不确定性的冲击，保持货币政策自主性。,1
国际原油和黄金价格出现反弹。,0
资本市场估 值与经济基本面相背离，市场波动风险上升。,1
近期的风险仍然 是石油价格和能源安全问题。,1
东欧一些经济体由于 政府财政负担过重，金融系统脆弱，对外资吸引力下降，其经济回升 势头相对缓慢。,1
居民消费价格温和上涨。,0
近年来， 在国家创新驱动战略的积极引领下，我国高技术制造业提质增效、加 速推进，产业规模不断扩大。,0
四是持续改善营 商环境。,0
一是小微企业贷款增速高于各项贷 款平均水平。,0
房价上涨城市数量增多，涨幅扩大。,0
主要新兴市场经济体和发展中国家（地区）经济整体仍保持较快 增长，但潜在问题增多，经济金融运行不稳定性因素逐步增加，表现 在经济增长负面因素增多、部分经济体发生经济金融动荡、汇率波动 [NUM] 加剧、通货膨胀形势严峻等。,1
新冠肺炎疫情发生以来，交通运输业受到巨大冲击。,1
随着经济景气回升，物价低增长态势有所改善。,0
LPR 利率期权业务稳步发展。,0
各大电商平台和商家积极推动产品更新换代， 精致露营和冰雪运动需求快速增长，绿色家电消费潜力逐步释放。,0
上半 年工业生产者购进价格同比下降 [NUM] ，第二季度平均降幅为 [NUM] ， [NUM] 降幅比上个季度收窄 [NUM] 个百分点。,1
但经济运行中依 然存在着固定资产投资增长过快、对外贸易结构性矛盾突出等问题。,1
从面临的风险和挑战看，影响国内经济运行的不确定性因素较 多。,1
综合治理寿险销售误导和车险理赔难。,1
展望未来，全球经济主要面临以下风险： 第一，主权债务危机仍是全球经济增长面临的主要风险。,1
工业生产增速有所回升，企业经济效益有所下降。,0
此后，能源价格高位波动，金属和农 产品价格明显回落，铜、铝、锌等价格已回落至去年四季度水平。,1
（五）就业基本稳定 城镇新增就业持续增长，居民就业感受指数持续回升。,0
从需求看，疫情直接导致居民和企 业收入下降，对疫情的恐惧和不确定性进一步打击市场信心，消费和 投资萎缩。,1
（六）需关注内外部不确定不稳定因素带来的压力 外部不确定性可能对出口产生滞后影响。,1
利率互换交易活跃。,0
贸易结构进一步优化。,0
第三季度，食品价格 同比上涨 [NUM] ，涨幅比上个季度高 [NUM] 个百分点，拉动CPI上涨约 [NUM] 个百分点，其中，猪肉价格同比上涨 [NUM] ，涨幅比上个季度高 [NUM] 个百分点，拉动CPI上涨约 [NUM] 个百分点；非食品价格同比上涨 [NUM] ， 涨幅与上个季度持平，拉动CPI上涨约 [NUM] 个百分点。,0
三是市场自律性下降与监管不当 的共同作用。,1
商品零售价格继续保持负增长，但与上年相比，降幅趋窄。,1
这充分反映了国际投 资者对于中国经济长期健康发展、金融持续扩大开放的信心。,0
主要发达经济体和多数新兴市场经济体股指上行。,0
人民币对欧元、日元等其他国际主要货币汇率双向波动。,1
股票市场筹资额稳步增长。,0
三是加强国际交流合作，进一步推动铁路“走出去”。,0
另一方面中国经济持续平稳较快发 [NUM] 展，国内市场前景广阔，有望继续吸引国际长期资本流入。,0
欧元区主权债务危机的负面效应向银行体系和实体经济扩散，成 员国经济全面下滑，金融市场动荡加剧。,1
二是欧盟缺乏对各成员国财政政策的有效约束。,1
一是新能源装机规模快速增长。,0
此外，地缘政治冲突及政治不确定性等风险因素加大，对全球经 济金融领域也会产生较大影响。,1
首先是如何看风险和收益。,1
建立健全绿色 金融服务美丽中国建设工作机制，持续推动绿色债券市场高质量发 展。,0
完善保险市场基础性制度建设。,0
前三季度，食品价格上 涨 [NUM] ，拉动CPI上涨 [NUM] 个百分点；非食品价格上涨 [NUM] ，拉动CPI 上涨 [NUM] 个百分点。,0
伯南科认为，货币政策是否应对资产价格波动作出反应，取决于这种资产价 格波动是否给宏观经济产生通胀或通缩的压力。,1
人民币对国际主要货币汇率有升有贬，双向浮动。,1
当前各地发展热情较高， 投资动力较强，消费升级和城镇化都在发展过程中，经济持续增长的 动能较为充足。,0
房地产开发资金较为充裕，利用外资快速增长。,0
进一步完善股份制商业银行的运行机制，稳 步推进中小金融企业改革和重组改造。,0
 [NUM] 全球金融稳定风险上升。,1
主要发展中国家继续保持强劲增长势头。,0
此外，东亚、中东地区政治形势紧张， 特别是埃及和叙利亚局势并不乐观，可能加剧全球大宗商品价格波 动，制约全球经济复苏。,1
IV 专栏 表 图 V 国民经济有望持续好转。,0
市场利率平稳回落。,1
农村信用社改革进展顺利，成效显著。,0
持续做好制造业和科技创新金融服务。,0
长期以来，我国间 接融资比重过高，直接融资不发达，导致市场配置资源的功能弱化，企业财务杠 杆率过高，金融风险过分集中于银行体系，同时也给全社会储蓄转化为投资和金 融机构的资产负债管理、风险控制带来了一定难度。,1
坚持综合施策，有效处置金融风险点，牢牢守住不发生系统 性金融风险的底线。,1
国有商业银行股份制改革工作取得突破性进展。,0
但并不意味着同时退出。,1
提高自主品牌竞 争力，优化产业结构，发展环保节能产品将是汽车产业今后发展的重 要方向。,0
一是加剧了煤电油运供求矛盾。,1
引导市场利率适度下行。,1
出口动能强劲，贸易结构持续优化。,0
进一 步完善信贷管理制度，改进信贷政策实施方式，提高信贷政策实施效 果。,0
上半年“金砖四国”等新兴经 济体复苏强劲，成为拉动全球经济增长的重要动力。,0
进一步完善 外汇储备经营管理，实现外汇储备资产保值增值。,0
中国是一个人口大国，应用内需来带动整个经济的持续健康发展。,0
目前，农村信用社改革试点已经取得了重要进展和阶段性成果，正处于巩固 和扩大改革成果、进一步完善法人治理结构、全面加强内部管理和健全运行机制 的关键时期。,0
在内需和外贸拉动下，亚洲 新兴市场国家经济继续强劲增长。,0
三是完善基础设施体系。,0
中长期贷款增速稳步提升，信贷结构总体改善。,0
受内外需萎缩影响，日本经济下滑。,1
进一步推动大型商业银行完善现代金融企业制度，加快发展 方式转型。,0
但要看到，我国构建新发展格局 的要素条件较为充足，有效需求的恢复势头日益明显，经济韧性强、 潜力大、活力足，长期向好的基本面没有改变。,0
引导市场利率围绕央行政策利率波动。,1
下一步，中国人民银行将继续研究完善存款准备金考核制度，提高金融机构 流动性管理的灵活性，增强货币市场运行的稳健性，健全货币政策传导机制，为 货币政策调控框架转型创造条件。,0
工业生产稳步增长，企业利润明显改善。,0
此外，指数熔断机制公开征求意见。,1
大力培育和发展机构投 资者，发展金融衍生产品，满足市场多样化需求。,0
近期的风险仍在于石油价格和能源安全问 题。,1
节能减排成效继续显现，电源投资结构加快调整。,0
第二产业占 GDP 比重提高，对 GDP 增长贡献扩大。,0
第三季度，进口价格涨幅远高于出口价格涨幅，进出口价 格涨幅差距扩大。,0
政策性、开发性金融机构改革取得突破性进展。,0
国际大宗商品价格总体上涨，进口价格涨幅明显扩大。,0
供给充足和上年基数因素导致多数食品价格走 势偏弱，春节错月和节假日效应加大了猪肉、鲜菜等价格的月度波动， 食品价格同比下降 [NUM] ，降幅比上季度收窄 [NUM] 个百分点。,1
第五，对我国利率水平的影响。,0
货币市场利率先升后降。,1
要进一步提高文化产业的规模化、集约化、专业化水平， 推进文化产业转型升级。,0
受全球贸易摩擦及金融环境变化影响，金 融市场波动有所加大，经济下行风险有所增加。,1
三家银行的资本充足率、 净利润、净资产收益率等绩效指标稳步提升，不良贷款率继续保持较 低水平。,1
（三）值得关注的问题和趋势 一是贸易摩擦仍是拖累全球经济的重要风险。,1
农村信用社改革取得重要进展和阶段性成果。,0
进口价格涨幅创近三年新高。,0
（四）股票市场指数继续上涨，成交量和筹资额大幅增加 股票市场指数总体大幅上涨。,0
欧盟则将成立欧洲系统性风险委员会（ESRC），负责整个欧盟金融市场 系统性风险的评估和预警，并在必要时提出应对建议。,1
推动财产保险业积极开展风险减量服务。,1
针对金融深化和创新 发展，进一步完善调控模式，疏通传导机制，着力解决突出问题，提 高金融运行效率和服务实体经济的能力。,0
加快建立完善养老金融体系，构建养老金融长效机制， 服务银发经济高质量发展。,0
与此同时，在全球流动性过剩背景下，全球性通货膨胀风险持续 上升，各国宏观政策调控的难度加大，各主要经济体央行在加息回收 流动性抑制通货膨胀和降息提供流动性避免经济衰退间面临两难选 择，货币政策操作空间受到进一步挤压。,1
加强市场基础性建设，为经济结构调整和转型升级提供高效的 投融资市场。,0
主要经济体国债收益率波动加大。,1
全球主要股市反弹。,0
高质量发展的主要内涵，就 是从总量扩张向结构优化转变，着力提高供给体系的质量和效益。,0
劳动报酬快速增长。,0
（四）股票市场指数回升，成交量同比大幅提高 股票市场沪深指数回升，创业板指数上升。,0
一是投资增长过快。,1
由于选举尚未结束，国会和政府一直未能达成中期财政整顿计划， 导致美国当局目前不得不面临“财政悬崖”和“债务不可持续”的两 难选择。,1
四是，随着发达国家贸易保护主义势头的加剧，国际贸易摩擦的压力在不断增大。,1
欧债危机恶化导致欧洲经济形势更趋低 迷。,1
四是推动金融市场健康发展。,0
非食品价格同比上涨 [NUM] ，拉动 CPI 上涨约 [NUM] 个百分点。,0
进一步发挥信贷资产证券化盘活存量的积极作用，推动 经济提质增效和转型升级。,0
坚决守住不发生系统性金融 风险的底线。,1
生产价格降幅有所收窄。,1
经济继续快速增长，经济效益 进一步提高。,0
改善收入分配结构，提高居民部门收入占比。,0
但发展外向型 经济与扩大内需并不矛盾，发展外向型经济的要旨在于通过加入国际 分工体系发挥比较优势、提高本国生产率、加快产业升级。,0
掉期交易量大大超过远期交易量，呈快速增长态势。,0
主要经济体通胀水平仍在低位运行。,1
一是当前我国宏观经济体量扩大，韧性更强。,0
进口价格涨幅回落，出口价格涨幅提高。,0
一是经营财务状况明显 改善。,0
鼓励创新，丰富债券市场产品和层次。,0
半年末货币市场利率也保持了平 稳，与公开市场操作利率的偏离较往年明显收窄。,1
固定资产投资保持快速增长态势。,0
贸易结构进一步优化。,0
全球主要经济体增长放缓，美欧通胀回落速度不及预期，硅谷银 行、瑞士信贷等事件引发金融市场剧烈波动，货币政策在物价稳定、 充分就业之外增加了对金融稳定的艰难权衡。,1
健全金融风险问责机制， 对重大金融风险严肃追责问责。,1
保险业资产增速加快。,0
 [NUM] 国际原油价格高位震荡。,1
 [NUM] 月，国务院批准同意长城、东方资产管 理公司转型改制方案，资产管理公司商业化转型进一步推进。,0
通胀回落速度不及预期。,1
三是在建规模过大。,1
外汇市场交易主体进一步扩展。,0
房地产贷款增速稳中趋缓。,0
二季度日本 GDP 同比增长 [NUM] ，与一季度持平，总产出仍未恢复至疫情前水平。,1
全球经济增长预期明显改善。,0
引导、鼓励企业适当降低积累比例， 增加利润分红水平。,0
市场利率止跌企稳，市场流动性充足。,0
继续推动资产管理公司 转型发展。,0
贷款加权平均利率创有统计以来新低。,1
保持政策的连续性和稳定性，提高政策的前瞻性、灵活 性和针对性。,0
这些措施对于抑制各种投机套利资金流入、平抑市场可能产生的波动 发挥了积极作用。,1
受政府财政紧缩等因素影响，英国住 房市场趋冷， [NUM] 月 Halifax 房价指数环比下跌 [NUM] ，该指数第四季 度同比下跌 [NUM] 。,1
以法国为代 表的欧洲其他国家房价也缓慢回落，房屋开工量持续萎缩。,1
组织银行业金融机构进行压力测试，及时进行风 险提示，引导金融机构稳健运行。,1
一季度，欧元区 经济只增长了 [NUM] ，二季度增长仍然缓慢，恢复势头脆弱乏力。,1
 [NUM] 月 [NUM] 日，美联储决定暂停加息，仍将联邦基金目标利率维持在 [NUM] 的水平。,1
同时，要关注价格走势， 加强金融风险防范。,1
四是人身险发展快于财产险。,0
第四季度以来， 房地产销售降幅及部分城市房价降幅有所收窄。,1
三是发展外汇市场，完善人民币汇率形成机制。,0
 [NUM] 下半年，主要经济体降息和减税措施的效果将逐步显现，世界经济增长势头 将略有加快。,0
而受生产率增长长期低迷、政治不确定性、人口增长放缓 及企业债务高企等因素影响，全球投资前景亦承压。,1
国债收益率下行，期限利差缩窄。,1
主要包括：一 是全球企业部门债务负担加剧，脆弱性上升，企业部门高风险债务规 模已占企业部门总债务的三分之一。,1
健全系统 性金融风险的防范预警和评估体系，加强对地方政府债务、银行信贷 风险的监测和管理，强化跨行业、跨市场、跨境金融风险的监测评估， 防范实体经济部分地区、行业、企业风险及非正规金融风险向金融体 系传导。,1
图 [NUM] 主要货币汇率走势 由于市场担忧银行业对欧洲主权债务危机的风险暴露，信用风险 贴水上升，货币市场利率上升。,1
但预算削减以及债务上限问题 悬而未决，缺乏中期财政整顿框架，由此带来的不确定性可能拖累经 济增长；高失业状况未根本改观，可能影响消费复苏的可持续性。,1
钢材价格持续下跌，原材料成本居高不下，钢铁行业亏损面扩大。,1
加强宏观审慎管理，强化对 顺周期、跨行业、跨市场风险及风险传导的分析研判。,1
（四）股票市场指数下跌，成交量增加，筹资额同比减少 受贸易摩擦、国际股市动荡等因素影响，股票市场指数有所波动， 总体下跌。,1
人民币对国际主要货币汇率有升 有贬，双向浮动。,1
对合意贷款和定向降准之间的关系也要合理看待。,0
（一）货币市场交易量增长放缓，市场利率明显回落 银行间回购交易量增长放缓，拆借交易量同比下降。,1
但也要看到， 国际环境更趋严峻复杂，许多经济体宏观政策陷入维护物价稳定和保 持经济增长的两难境地。,1
加大力度盘活存量金融资源，密切关注资金沉淀空转等情况， 促进提高资金使用效率，为经济高质量发展提供更好支撑。,0
二是加大财税政策激励，提高金融机构支小积极性。,0
我国经济 平稳快速增长，效益提高。,0
日本经济恶化会使美国经济雪 上加霜。,1
进口增速快于出口增速，贸易顺差同比略有减少。,0
全国房屋新开工面积 [NUM] 亿平方米，同比下降 [NUM] ，降幅比第一季度收窄 [NUM] 个百分点。,1
生产价格降幅收窄。,1
资本市场建设进一步加强。,0
五是全球经济放缓可能加剧局部地缘政治冲突，气候变化与环境因素 等对经济金融的影响也在加大。,1
前三季度，人民币对美元汇率年化波动率为 [NUM] 。,1
生产价格降幅扩大，上游价格持续回落。,1
（七）黄金价格震荡下行 黄金价格保持震荡下行格局。,1
钢铁行业固定资产投资增速上升，结构调整取得一定进展。,0
图 [NUM] ：固定资产投资增速仍在较高水平 固定资产投资增速仍在较高水平，中西部投资增速明显快于东 部。,0
钢材需求增幅放缓，出口增长部分弥补下游行业需求疲软的影 [NUM] 响。,1
消费不足也会使供给结构产生扭曲，在经济增长过多依赖投资 和出口的压力下，产业结构会形成对重化工业和制造业的依赖，不利于减少资源 消耗和环境污染，实现可持续发展。,1
受债务危机影响，欧元区经济整体疲弱。,1
第三，建立债券评级体系。,0
工业生产者出厂价格涨幅由负转正，生产资料价格涨幅快速上 升。,0
展望未来，全球经济可能面临以 [NUM] 下风险： 一是贸易摩擦与政策不确定性仍为显著风险。,1
工业生产增长放缓，企业利润增速回落。,1
（三）价格总水平同比降幅开始收窄 居民消费价格同比降幅快速收窄。,1
农业发展的好形势，对促进国民经济发展和保持社会稳定发挥了 至关重要的作用。,0
第三季度，国债 各期限品种收益率整体下行。,1
此外， [NUM] 月意大利政府 组阁一波三折，引发市场担忧情绪，金融市场波动加剧。,1
稳步扩大债券市场高水平对外开放。,0
构建危机管 理和风险处置框架，推进存款保险制度建设。,1
实际工资增长超过 GDP 增长。,0
四是金融机构流动性充足。,0
一 是财政状况不佳。,1
在总结美国次贷危机教训的基础 上，《规划》提出金融要服务实体经济，坚决抑制社会资本脱实向虚、以钱炒钱， 防止出现产业空心化现象。,1
新兴及发展中经 [NUM] 济体仍是引领全球经济增长的主要动力，但增速趋缓。,0
一是关于退出时机和力度的把握。,1
市场供求也在改善和优化。,0
（一）消费逐步改善，投资持续恢复，进出口快速增长 居民收入稳定增长，消费意愿有所改善。,0
如，防火墙建设任重道远；银行部门风险不容小觑，银行 业去杠杆化进程依然缓慢，信贷活动疲弱；财政联盟仍需长期推进； 政府债务仍在攀升以及结构性失衡问题短期内难以解决等。,1
第四，城乡、 区域发展不平衡。,0
加强对企业债务风险、银行资 产质量和流动性变化情况、股票市场异常波动、保险资金运用、资产 管理业务、互联网金融等领域的风险监测分析。,1
汽车行业经济效益发展态势良好。,0
受避险需求驱动，主要经济体的国债收益率震荡走低。,1
外汇市场交易主体持续扩大。,0
专栏 [NUM] ：全球金融部门改革进展 全球金融危机暴露出金融部门的较大缺陷。,1
欧洲房地产市场持续调整。,0
二是关于退出工具的选择。,1
信贷结构持续优化。,0
日本经济增 长放缓，连续 [NUM] 个月出现贸易逆差，财政压力加大。,1
目前，从宏观上看，货币信贷总量增长较快；但从微观看，资金结构性矛盾 是客观存在的，中小企业反映贷款难，商业银行反映难贷款。,1
资 金支持政策实施进展顺利，对支持和推进改革发挥了重要的正向激励 作用。,0
 [NUM] 下半年，国内国际环境仍将为经济持续协调健康发展创造有利条 件。,0
推 动国家开发银行商业化转型。,0
三是美国加息时点及跨境资本流动不确定性较大。,1
二是消费稳步改善。,0
构建危机管理和 风险处置框架，推进存款保险制度建设。,1
一是农产品供给能力不断提高，结构持续优化。,0
城乡居民收入的快速增长带动国 内消费需求不断扩大。,0
金融机构超额准备金率为 [NUM] 。,0
聚焦重点支持群体和重点企业，创新开展 多种形式的政银企对接活动，提高融资对接有效性、精准性。,0
其中，出口 [NUM] 万亿元人民币，增长 [NUM] ，出口 [NUM] [NUM] 月持续 负增长，但降幅逐月收窄， [NUM] 月份转为正增长；进口 [NUM] 万亿元人民 币，下降 [NUM] ，降幅比一季度收窄 [NUM] 个百分点。,1
加强跨境资金流动的监测和管理，有效抑制异常外汇资金流入。,1
六是 全力做好助学、农民工、民族地区等薄弱环节和弱势群体的金融服务。,1
股票市场成交量回升。,0
进一步加大科技金融支持。,0
新兴经济体货币政策分化。,0
地缘政治冲突多点爆发，风险因素加速累积。,1
生产价格降幅扩大。,1
五是金融体系风险隐患依然存在。,1
美国经济出现衰退迹象。,1
专栏 [NUM] 全球经济增长疲弱，面临下行风险 近期，诸多迹象显示全球经济增长较为疲弱。,1
"资金实力明显增强,支农服务力度进一步加大。",0
欧债危机经历短暂平静后急剧恶化， “主权债务危机—银行危机—经济下滑”恶性循环加深， [NUM] 月失业率 上升至 [NUM] ，创下欧元区成立以来的新高。,1
通过加强自律促进市场规范健康发展。,0
高投入、高消耗、高污染、低效益的粗放式经营和经济增长过分 [NUM] 依赖投资、出口的拉动，是长期困扰我国经济发展的两大突出问题。,1
经营财务状况持续改善，涉 农信贷投放继续扩大。,0
健全 金融风险问责机制，建立地方党政主要领导负责的财政金融风险处置 机制，对重大金融风险严肃追责问责，有效防范道德风险。,1
黄金价格强势反弹，交易规模快速增长。,0
短期融资券市场正在 快速健康发展。,0
 [NUM] GDP缩减指数明显上升。,1
从消费 品和服务分类看，消费品价格涨幅高于服务价格上涨幅度，上半年消 费品价格上涨 [NUM] ，拉动CPI上涨 [NUM] 个百分点；服务价格上涨 [NUM] ， 拉动 CPI 上涨 [NUM] 个百分点。,0
在固定资产投资的高速增长中，仍有一些高耗能、高污染和 产能过剩行业继续盲目扩张，产品结构趋同现象明显。,1
 [NUM] 年初，中国人民银行指导金融机构实事求是地编制全年信 贷规划，合理安排信贷投放总量和节奏，适当控制基本建设等中长期 贷款，严格限制对高耗能、高排放和产能过剩行业劣质企业的贷款， 加大对“三农”、中小企业等重点领域和薄弱环节的信贷支持。,1
 [NUM] 年以来，受国内需求增长及 大宗商品价格企稳回升影响，亚洲、拉美等地区的新兴及发展中经济 体复苏强劲，成为拉动全球经济增长的主要动力。,0
一方面，供给不足、供求关系偏紧仍 是主要发达经济体劳动力市场的主要矛盾。,1
原油、铜、铝等价格普遍回升，黄金价格也创出历史新高。,0
二是中 央银行票据发行利率适度下行。,1
我国经济体制性、结构性矛盾依然存在，价 格上涨压力较大，国内外不确定性因素较多也增大了经济金融运行的 风险。,1
煤电油运生产明显回升。,0
一是不断提高监测分析前瞻性 和针对性。,0
（三）居民消费价格温和上涨，生产价格涨幅有所扩大 居民消费价格温和上涨。,0
前三季度，人民币对 美元汇率年化波动率为 [NUM] 。,1
欧洲银行业风险仍有不确定性。,1
目前，大多数欧元区银行已开始对部分机构客户 征收负利率，但仍很难对零售客户实施负利率。,1
日本房地产价格走跌。,1
三是资金利率显著下行。,1
三是完善信息披露制度。,0
股票市场指数震荡下跌，成交量保持较快增长。,1
基金将发 挥保险资金长期投资的优势，促进贫困地区经济发展和产业脱贫。,0
Shibor 整体有 所下行。,1
同时，企业和居民的存款定期化趋势加剧。,1
今年以来，世界经济增长前高后低，不确定性增加。,1
 [NUM] 主要经济体股市见顶后下跌。,1
新兴市场经济体或将集体遭遇失速。,1
新冠肺炎疫情暴发后，民航业受到较大冲击。,1
四是推动金融市场健康发展。,0
从国内看，经济发展面临的需求收缩、供给冲击、预期转弱三重压力 依然存在。,1
地震、海啸和核泄漏灾难导致日本生产、出 口和消费下滑，并对全球产业链造成负面影响。,1
落实差别化住房信贷政策， 推动房地产金融健康发展。,0
灵活开展公开市场操作。,0
一方面，为 应对汇率贬值、资本外流和通胀压力等问题，多个经济体逐步收紧货 币政策。,1
日本经济仍然低迷。,1
房地产开发投资增速缓慢回落。,1
农村信用社改革取得重要进展和阶段性成果。,0
出入境旅游业的恢复较为迅速。,0
对金融机构持有债券资产的风险敞口开展压力测试，防范利率风 险。,1
（七）黄金价格强势反弹，交易规模快速增长 黄金价格迎来强势反弹。,0
七是健全金融风险预防、预警、处置、问责制度体系。,1
（一）主要经济体经济形势 美国经济复苏态势增强。,0
 [NUM] 月 [NUM] 日，硅谷银行因挤兑风波倒闭并被接管，成为美国次贷危机后破产的 最大银行。,1
上市公司积极开展市值管理能够向市场传递坚定看好 公司和行业发展前景的信号。,0
各地推动城镇化、 工业化和区域协调发展的热情很高，消费扩张势头较好，服务业潜力 巨大，经济内生动力依然较强。,0
房地产开发投资增速回升。,0
支持区域开放创新。,0
推动北京证券交易所高质量发展。,0
中央财政收入第三 季度增幅明显回升，主要是受经济逐步回暖、贸易形势好转等因素影 响。,0
完善商业车险监管制度。,0
疫情对国内经济社会发展也带来前所未有的冲击。,1
改进外债指标管理。,0
煤炭行业利润继续高速增长，增幅有所回落。,1
股票市场价格恢复性上扬。,0
生产和投资价格指数继续攀升。,0
二是持续推进农村金融服务。,0
（五）保险业资产快速增长，结构变化明显 保险业继续稳步发展，总资产快速增长。,0
不同行业利润率之所以差别巨大，主要是因为部分行业 垄断和资源价格扭曲。,1
严格控制对高耗能、高排放行业和产能 过剩行业的贷款。,1
工业 企业利润状况改善。,0
股票市场筹资额大幅增加。,0
因此，我国防范疫情 输入和国际经济金融风险的压力仍然较大。,1
固定资产投资增速缓中趋稳，制造业投资增速低位回升。,0
债券发行利率总体下行，发行量增加，现券交易量下 降。,1
完善金融风险监测、评估和预警体系建设， 进一步加强重点领域风险排查，关注实体经济特别是产能过剩行业、 房地产、地方政府性债务等领域风险。,1
构建危机管理和风险处置框架，推进存款保 险制度建设。,1
但由于包商银行的损失 缺口巨大，在公共资金承担损失缺口之前，没有战略投资者愿意参与包商银行重 组。,1
产品价格波动加剧。,1
投资、消费和净出口需求旺盛；夏粮喜获丰收，工业结构调整步伐加 快，煤电运支撑条件改善；居民、企业和财政收入继续提高，人民生 活进一步改善；各类价格基本稳定。,0
精准开展公开市场操作。,0
通货膨胀压力仍需关注。,1
随着各项政策 加快落地见效、内需持续改善，物价上行动能将进一步积蓄。,0
信贷结构持续优化。,0
继续加强资本市场基 础制度建设，更好保护投资者利益，促进资本市场平稳健康发展。,0
近年来我国建筑行业积极应对 疫情冲击等挑战，运行态势总体平稳。,1
房屋销售价格涨势平稳，但部分地区房价涨幅较高。,0
更好地平衡增长与通胀之 间的关系，需要改善供给管理、提高生产效率、降低交易费用、改善 收入分配。,0
避险需求压低国际主要债券收益率。,1
（四）促进外汇市场健康发展 完善银行结售汇头寸管理。,0
第二， 国民的风险和保险意识不强，购买积极性不高。,1
五是部分非 金融机构无序开展资产管理业务。,1
图 高技术制造业中长期贷款与科技型中小企业贷款增速 下阶段，要围绕高水平科技自立自强目标完善金融服务体系。,0
股票市场指数回升， 外汇市场交易活跃，黄金成交量显著增长。,0
四是刚性兑付使风险仍停留在 金融体系。,1
着力完善存款保险制度功能。,0
外币贷款增速有所回升。,0
进一步便利市场主体外汇收支和交易。,0
工业生产快速增长，经济效益逐步改善。,0
日本房地产依然低迷。,1
此次人民币权重上调是国际社会对中国改革开放成果的肯定，有助于进一步 提升人民币的国际储备货币地位，增强人民币资产的国际吸引力。,0
集中整治违规同业业 务、违规加杠杆、违规表外业务和违规套利、脱实向虚等金融乱象，持续拆解高 风险影子银行业务，影子银行系统性风险隐患明显减弱。,1
债券利率大幅走低，负利率债券规模快速增加，存贷款利率也受到低利率政 策冲击。,1
这种格局是健康的。,0
推动柜台债券业务扩容和规范 发展，提高金融基础设施服务效率及便利性。,0
外汇市场交易主体进一步扩展。,0
 [NUM] 月下旬之后，国债收益率整体水平进一步上行。,0
另一方面，贸易摩擦和主要经济体货币政策的变化也可能对 全球经济产生向下压力，对外需形成冲击。,1
加强银行风险监测预警，对 [NUM] 多家 银行业金融机构开展压力测试，针对预警银行苗头性问题及时纠偏， 实现风险早发现、早处置。,1
第三季度，印度、马来西亚、泰国、越南等国 相继采取加息和提高存款准备金率等措施，抑制国内通胀压力。,1
汽车行业健康、可持 续发展，事关人民群众的日常出行、社会资源的顺畅流通和生态文明 的全面跃升。,0
高耗能行业的盲目扩张，使能源供应紧张、环境污染和国际贸易 不平衡等问题进一步加剧。,1
挂牌以来，中国银行间外汇市场人民币对新兴市场货币交易健康发展，报价 日益活跃，成交快速增长。,0
全球通胀仍维持高位，主要发达经济体货币政策延续收紧态势， 在稳物价和稳增长之间艰难权衡，叠加地缘政治冲突、疫情蔓延和能 源食品危机等诸多因素扰动，世界经济活动普遍放缓，金融市场大幅 震荡，潜在风险值得高度警惕。,1
当前，必须充分估计困难、风险 和不确定性，切实增强紧迫感，抓实经济社会发展各项工作。,1
全国春耕生产进展顺利，粮食播种面积 稳定增加。,0
但由于货币供应量和经济相关性不断弱化，最终 还是放弃了数量目标。,1
工业品出厂价格涨势平稳，原材料、燃料、动力购进价格涨幅 持续回落，两者涨幅差距进一步缩小。,0
（四）支持资本市场建设，改革投融资体制，整顿金融市场秩序，为实现稳 健的货币政策创造条件 我国企业缺乏资本金来源，过分依赖商业银行贷款。,1
通货膨胀压力 主要来源于成本推动因素。,1
有序推进人民币国际化， 进一步扩大人民币在跨境贸易和投资中的使用，深化对外货币合作， 发展离岸人民币市场。,0
（三）居民消费价格温和上涨 居民消费价格同比温和上涨。,0
三是大力发展信息产业对于转变发展方式具有积极意义。,0
在通胀抬头的背景下，货币政策收 紧存在一定的滞后风险。,1
总之，全球经济因“ [NUM] ”事件而陷入衰退的可能性大 大增加。,1
外汇市场交易主体进一步扩展。,0
保险业资产增速提高。,0
健全系统 性金融风险的防范预警和评估体系，强化跨行业、跨市场、跨境金融 风险的监测评估，防范实体经济部分地区、行业、企业风险及非正规 金融风险向金融体系传导。,1
近年来，随着我国资本项目可兑换的逐步推进和涉外经济的快速发展，跨境 资本流动规模不断扩大。,0
一是长期的低利率政策导致全球风险偏好上 升。,1
主要经济体股市普遍上涨。,0
当前和今后一个时期，我 国发展仍然处于重要战略机遇期，经济潜力足、韧性大、活力强、回 旋空间大。,0
消费、投资平稳增长，进出口增速由负转正。,0
前三季度，人民币汇率小幅贬值，继续保持弹性。,1
二是支农资金实力明显增强，支农信贷投放快速增长。,0
原材料购进价格 [NUM] 个月持续攀升。,0
十是全力做好助学、农民工、 民族地区等薄弱环节和弱势群体的金融服务。,1
三是推动人民币国际化。,0
智利比索、瑞典克朗、 印度卢比等货币对美元汇率升值幅度超过 [NUM] 。,0
短期看政策初见成效。,0
随着经济下行压力加大，企业雇佣意愿回落，失业率面临 自低位上升的压力。,1
 [NUM] 票据融资持续增长，利率略有下行。,1
支持房地产市场平稳健康发展。,0
人民币对欧元、日元等其他国际主要货币汇率双向波动。,1
农村信用社改革取得重要进展和阶段性成果。,0
居民消费价格涨幅与上年持平。,0
（七）黄金价格横盘震荡，交易规模保持增长 黄金价格横盘震荡。,1
前 [NUM] 个月，受新冠肺炎疫情影响，国内外经济受到冲击， 国际外汇市场波动加大，人民币汇率对美元有所贬值，对一篮子货币 小幅升值。,1
受贸易政策带来不确定性等因素影响，美国股市出 现较大幅度波动，国际主要股指波动下行。,1
高度警惕经济下行压力在全球更广范围蔓延的风险。,1
汽车行业是国民经济的重要支柱之一。,0
加强系统性风险监测评估。,1
工业生产基本平稳，第三产 业比重进一步提高。,0
盘活低效占用的金融资源，提高资金的使用效率， 虽然不会体现为贷款增量，但同样能为经济高质量发展注入新动力。,0
改进对中小企业的金融服务。,0
进入 [NUM] 月，内外因素交织加大人民币汇率贬值压力。,1
 [NUM] 工业生产价格同比降幅有所收窄。,1
物价形势基本稳定，但不确定性依然存在。,1
从国际环境看，发达经济体货币政策调整可能 对全球经济、资本流动造成冲击，全球贸易和投资增长仍不稳固，同 时地缘政治风险及不确定性也可能加大，我们仍将面临高度复杂多变 的国际环境。,1
房地产贷款增速止降趋稳。,0
健全金融风险问责机制，对重大金融 风险严肃追责问责，有效防范道德风险。,1
日本经济有所反弹。,0
 [NUM] （一）主要经济体经济状况 美国陷入严重的金融危机，实体经济面临极大的下行风险。,1
行业 的重复建设主要表现在四个方面，一是部分低水平、高能耗、高污染的小煤矿、 小钢铁、小水泥等死灰复燃。,1
上半年，社会消费品零售总额为 [NUM] 万亿元，同比下 降 [NUM] ，降幅比第一季度收窄 [NUM] 个百分点。,1
中国人民银行还就长期国债收益率与市场 加强沟通，防范长期国债收益率单边下行潜藏的系统性风险。,1
改制银行的服务水平和效益不断提高，资本充足率、 资产质量和盈利能力等财务指标显著改进。,0
加强对各类型投保机构的风险研究，做好风险监测、识别， 依法采取风险警示和早期纠正措施。,1
上半年，全国规模以上工业增加值同比下降 [NUM] ，降幅比第一季度收窄 [NUM] 个百分点。,1
通胀水平依然处于低位，且仍面临较大 下行压力。,1
突出表明农业基础设施薄弱，农民抵御自然灾害的能力不强。,1
工业生产价格降幅略有扩大。,1
促进保险业支持经济结构调整和转型升级。,0
二是稳妥处置重点高风险机构。,1
人民银行各分支行要密切关注金融市场情况，及时打击各 种扰乱金融市场秩序的投机活动，保证金融市场正常交易。,1
房地产价格持续上涨，特别是商品住房价格上涨偏快。,0
国际大宗商品价格有所下跌。,1
第四季度人民银行 [NUM] 户工业企业调查显示，企业生产经营景气回升，盈利好转。,0
受经济衰退和债 务危机影响，欧元区外围国家房地产价格仍较低迷。,1
从价格指数涨幅波动循环来看，其波动与GDP增长波动基本 [NUM] 一致，但略有滞后。,1
服务业逐步恢复。,0
 [NUM] 股票市场成交量同比大幅提高。,0
但同时也出现了投资需求膨胀过快， 煤、电、油、运全面紧张，通货膨胀压力加大等问题。,1
总体看，货币总量持续快 速扩张，货币流动性增强。,0
“十四五”时期煤炭行业发展挑战与机遇并存。,0
二是贸易摩擦与政策不确定性仍为显著风险。,1
国际贸易或进入低速增长期，贸易摩擦也将进入多发期， 国际贸易环境有可能恶化。,1
一是核心国家增长动力明显 减弱。,1
保障房信贷增长放缓。,1
日本经济复苏势头减缓，通货紧缩压力犹存。,1
出口商品结构持续升 级，新能源汽车、集成电路、机床、挖掘机、医疗器械、工业机器人 等高技术、高质量、高附加值产品出口快速增长。,0
企业商品价格（CGPI）下 降 [NUM] ，降幅与上季度持平，初级产品价格跌幅较大，投资品价格 跌幅大于消费品。,1
但 未来仍面临许多不确定性因素，复苏将是一个缓慢、曲折的过程。,1
继续发挥再贷款精准滴灌和正向激励作用， 支持巩固脱贫攻坚成果同乡村振兴有效衔接。,0
发展 养老、健康、文化等新消费领域，创新金融支持方式，吸引民间投资， 探索可复制、可推广的文化金融发展体制机制。,0
进口价格降幅大于出口价格。,1
希腊经济快速衰退、处于债务违约边缘，西班牙、意大 利等国主权债务风险上升。,1
二是产品多层嵌套导致 风险传递。,1
加快发展外汇市场，推动汇率风险管理工具创新。,0
（四）股票市场指数回升，成交量同比增加 股票市场指数回升。,0
生产价格降幅持续收窄并由降转升。,1
受全球经济复苏放缓和债务危机加深等因素的影 响，欧元区外围国家房地产市场仍无起色。,1
坚持市场化、法治化处置风险，一 些突出金融风险得到稳妥处置。,1
进一步完善利率结构。,0
处理好稳增长和防风险的关系，牢牢守住不发生系统性金 融风险的底线。,1
此次欧洲主权债务危机首先是因部分成员国过度负债而造成的。,1
全球经济前景存在较高不确定性，主要风险包括： 一是当前全球经济最主要的风险仍是欧洲债务危机。,1
着力完善存款保险制度功能。,0
由于经济增长前景黯淡，英国房 价仍有下行压力。,1
房地产贷款增速进一步提高，开发贷款增速较快。,0
（二）债券发行利率总体下行，发行量增加 债券发行利率总体下行。,1
保险总资产增长减缓。,1
（五）国际收支状况进一步改善 [NUM] 年，国际收支继续呈现“双顺差”，但国际收支状况进一步 改善。,0
外汇市场交易主体进一步扩展。,0
二是希腊未达 成其减赤目标。,1
一是大型 商业银行改革取得突破性进展。,0
金融体系风险不容忽视。,1
传统产业改造升级步伐加快，新能源、新材料、高端装 备制造等新型产业不断成长，经济转型升级稳中有进。,0
供应链阻滞、能源短缺等冲击不容忽视。,1
上述信贷期限结构的错配隐藏较大风险。,1
国有商业银行改革取得突破性进展。,0
（四）加强信贷管理，密切关注部分地区房地产投资增长过快所隐藏的风险 要密切关注局部地区房地产过热可能带来的信贷风险，监督商业银行严格按 照国家房地产政策及其信贷政策要求，加强房地产信贷管理，对违反有关规定的 要及时查处、纠正。,1
美国经济较快增长， 日本和欧元区经济稳步回升，主要新兴市场和发展中国家继续保持强 劲增长势头。,0
全年票据市场利率震荡下行。,1
人民银行、 银保监会可基于监测分析和压力测试结果，适时向系统重要性银行提 示风险，督促降低系统性金融风险。,1
进一步提高贸易投资便利化，支持涉外经济发展。,0
目前西班 牙、意大利国债收益率居高不下；西班牙完成赤字目标存在困难；希 腊各项改革进度落后，深陷衰退，退出欧元区的风险并未从根本上消 [NUM] 除。,1
由于日本政府国债利息负担沉重，更加剧投资者对财政可持 续的担忧。,1
资产负债结构的不稳定最终引发流动性风险。,1
同 时，严厉打击外汇领域违法犯罪。,1
再贴现利率的提高，不是货币政策紧缩的信号，而是着 眼于票据市场的健康发展，进一步理顺利率体系的举措。,0
货币市场利率维持较低水平， 交易量继续增长。,1
展望未来，高技术制造业作为我国经济转型发展的重要驱动力， 将继续向高质量发展加速迈进。,0
灵活开展公开市场操作。,0
发展消费信贷，支持扩大内需。,0
工业生产者购进价格（PPIRM）同比下降 [NUM] ，降幅比上半年收窄 [NUM] 个百分点。,1
就业 受到一定冲击以及资本市场下挫引发的负财富效应等对消费增长也 会产生不利影响。,1
三是多数制成品供大于求的局面在 短期内难以改变。,1
随着债 券市场的发展，债券交易系统和登记托管结算系统需要进一步升级改造。,0
国际收支平衡 进一步理顺外汇供求关系，完善人民币汇率形成机制。,0
银行间债券市场债券指数有所下行。,1
国际金融市场总体走势仍不明朗。,1
生产价格降幅收窄。,1
此外，一些企业为 避免将来出现招工难问题，在遇到暂时困难时不轻易解雇员工，也增加了就业问 题的复杂性。,1
综 合物价指数（HICP）降至 [NUM] 。,1
在本轮加息周期中，美联储、欧央行和 英格兰银行分别加息 [NUM] 个、 [NUM] 个和 [NUM] 个基点，政策利率均已达 到历史高位，上述三家央行在 [NUM] 年四季度以来暂缓加息。,1
（四）股票市场指数下跌，成交量和筹资额同比增加 股票市场指数下跌，跌幅远小于外围市场。,1
首先是对全球市场产生不利的预期，使全球金融市场笼罩在一种悲观和 不确定性的气氛之中。,1
政策性开发性金融工具落地落细需要合理工作机制支撑。,0
GDP 平减指数降幅收窄。,1
从国际环境看，世界经济形势错综复杂， 地缘政治风险依然较大，主要发达经济体货币政策趋势存在不确定性， 贸易摩擦给未来出口形势亦带来较大不确定性，可能造成外需对经济 的边际拉动作用减弱，还可能影响投资者情绪，加剧金融市场波动。,1
全年而言，欧债危机形势缓和 使重债国国债收益率震荡下行。,1
投资持续增长，对稳增长的支撑作用增强。,0
考虑到全球范围内经济复苏较为乏力、债务水平整体较高、 投资增长有所放缓等因素，中期内通胀下行压力依然存在。,1
考虑到为应对通 胀而采取的紧缩性宏观政策会导致产出进一步下降，各方的共识是货币政策不宜 对油价波动作出过度反应，一是因为油价波动较为频繁，二是货币政策以调节需 求为主，对供给因素导致的冲击效果有限。,1
GDP缩减指数降幅继续缩小。,1
进一步促进跨境投融资便利化，支持实体经济发展。,0
持续做好扶贫小额信贷监测，促进金融 [NUM] 精准扶贫提质增效。,0
二是完善对证券 公司的全方位监管体系，推动证券公司持续健康规范发展。,0
健全 市场化利率形成和传导机制，持续释放 LPR 改革潜力，完善中央银 行政策利率体系，畅通利率传导渠道，推动实际贷款利率进一步降低。,0
与此同时，德国、葡萄牙房地 产市场依然低迷。,1
美国经济虽然接近衰退的边缘，并可能滑向轻度衰退（ [NUM] [NUM] 个季度 的负增长），而且可能转入较长时期低速增长阶段，但总体上不会出现深度衰退 （ [NUM] 个季度以上的连续负增长）。,1
存单市场发展迅速。,0
全球通货紧缩 压力和风险的明显增大对世界经济恢复构成了一定的威胁。,1
一是信息产业持续 快速发展。,0
对于农村信用 社，及时将风险通报地方政府，落实省级人民政府的管理和风险处置 责任。,1
二是取消境外机构投资者 额度限制。,1
新的双引擎结构将对未来经济的持续健康发展和保 持就业稳定形成支撑。,0
（四）影响未来全球经济增长的主要风险 国际原油价格高位波动、贸易保护主义抬头和国际收支失衡仍是 影响全球经济增长的主要风险。,1
同时进一步完善中国人民银行 与各部门的合作机制，共同促进经济结构调整。,0
消费增速加快，农业生产稳定发展、经济效益继续提高、人 民生活进一步改善。,0
"第三产 业发展持续加快, [NUM] 年第一季度第三产业占GDP的比重达到 [NUM] ， 对 GDP 的贡献已超过第二产业。",0
欧元区同业拆借利率Euribor延续了上年的下行趋势，收于 [NUM] ，较上年末下跌了 [NUM] 个基点。,1
拉美经济保持稳步增长态势。,0
随着居民收入增长回升、消费场景改善，居民消费将更多转化 为企业和劳动者收入，进一步增强消费潜力，形成扩大内需的“正反 馈”。,0
要坚持处理好稳增长、调结构和防风险之间的 关系，守住不发生区域性系统性金融风险的底线。,1
收入分配结构改善，农村居民 收入增速高于城镇。,0
经济下行压力仍然 较大，同时债务水平还在较快上升，经济金融领域风险暴露增多。,1
三是国际大宗商品价格低位震荡，大宗商品出口国经济下行压力 和债务风险增加。,1
同比增速为可比口径数据，为年增速。,0
建立涉及多部门的异常外汇资 金流动监管协调机制，加大对异常资金流动的监管力度。,1
进入第二季度，美国经济呈现稳固复苏态势，制造业 和服务业继续保持扩张势头，消费增速有所回升。,0
加息当日，国内外金融市场均受影响。,1
商业银行要高度重视期限错配和货币错配所潜藏的风险。,1
出口 商品进一步向价值链高端迁移。,0
未来几个月受高基数等影响，CPI 将低位窄幅波动。,1
持续推进金融风险防范化解。,0
欧元区财政和金融风险 交替上升，增长前景不容乐观。,1
今年以来家电行业景气度有所回升。,0
银行应进一步改进服务水 平，增强服务意识，提高收费透明度，并通过完善绩效考评、内部管理等制度， 建立健全有利于中间业务健康发展的长效机制，防止出现收费与服务不匹配等不 规范经营行为。,0
深化对外货币金融合作。,0
通胀将延续缓慢下行态势。,1
虽然欧债危机导致经济增长动能 减弱，德国商业和住宅市场需求仍旧继续增加。,1
二 是支持扩大有效投资、促进外贸创新发展，加快传统动能改造提升。,0
国内黄金价格与国际金价走势总 体保持一致，但受到人民币贬值影响，国内金价跌幅小于国际金价。,1
钢材产能过剩开始显现，钢铁企业库存压力加大。,1
从供给面来看，一是鼓励企业恢复投资、扩大 产能，促进中小企业发展。,0
三是宏观 政策有力支撑。,0
一是受疫情扰动以及芯片主要生产地日本地震、美国德克萨斯州 大雪等事件影响，全球各大芯片厂商均不同程度地停产或减产。,1
 [NUM] 农村信用社改革进展顺利，资产质量持续改善，涉农信贷投放大 幅增长。,0
推进重点区域高水平开放试点落地。,0
在建和新建项目 过多，新的投资过热行业还在产生，投资增长与消费增长不平衡。,1
伦敦同业拆借市场美元 Libor 震荡下行。,1
当前，宏观经济总体处于企稳回升的关键时期。,0
金融机构超额准备金率为 [NUM] 。,0
聚焦重点支持群体和重点企业，创新 开展多种形式的政银企对接活动，提高融资对接有效性、精准性。,0
主要工业国家短期利率呈下降趋势，下降幅 度有所放缓。,1
金融机构缺乏信贷风险价 格补偿机制，是其各项损失准备和资本不足的重要原因。,1
持续助力消费品以旧换新政策落地。,0
对受疫情 影响严重的企业到期还款困难的，可予以展期或续贷。,1
我国使用外资规模创历史新高，结构进一步优化。,0
全球地缘政治风险上升，可能拖累 世界贸易和投资增长，潜在风险仍需关注。,1
新兴市场和主要发展中国家继续保持强劲经济增长势头。,0
国内疫情散发叠加国际物流瓶颈和地缘政治冲突加剧， 全球电子信息产业链分工和布局面临新的挑战，我国产业转移有所加 快。,1
三是保险业的服务领域进一步拓宽，企业年金、 健康保险和农业保险业务不断发展。,0
受联邦基金利率处于历史低位影响，美元 Libor 总体保持下行 走势。,1
持续优化评估指标体系，完善激励约束机制。,0
此外，地缘政治冲突多点爆发，风险因素和不确定性加速累积， 气候变化与环境因素等对经济金融的影响也在加大。,1
随 着经济社会发展，我国愈来愈重视改善普通劳动者社会保障和福利水平，着力为 普通劳动者创造更好的生存环境和发展机遇。,0
房地产贷款快速增长。,0
一 是城乡信息通信基础设施建设和应用不完善。,1
房地产贷款增速总体平稳。,0
二是企业自身素质偏低，社会信用环境不佳。,1
 [NUM] （三）票据融资降幅趋缓，利率小幅震荡 票据承兑业务小幅下降。,1
受困于近年来“低增长、低通胀、低利率”僵局，发达经济体央 行陆续开展货币政策框架评估。,1
此外，进一步完善信贷政策导向效果评估工作机 制，推进资产证券化，以改革创新盘活存量资金。,0
中长期看，我国发展 仍然处于重要战略机遇期，经济长期向好、高质量发展的基本面没有 改变。,0
股票指数震荡下行。,1
同比增速为可比口径数据，为年增速。,0
流动性与经济金融运行之间的关系比较复杂。,1
地缘政治冲突一波未平一波又起，俄乌冲突已持续 近两年，双方战事仍处于胶着状态，冲突正向长期化演进；巴以冲突 再度爆发，中东地区局势更趋复杂，也会增加全球经济发展不确定性。,1
四是“低增长、低通胀、低利率、低生产 率增长”环境对货币政策调控构成挑战，需加强货币政策的国际协调。,1
全球经济形势依然复杂，不确定性增加。,1
城乡居民 收入的稳步提高支撑了消费的持续增长。,0
网上零售业保持平稳增长态势，展现出较强的发展韧性和新的发 展趋势。,0
总体看，我国纺织行业快速发展，国际竞争力明显增强。,0
规范民间融资，加大非 法集资打击力度。,1
国际金融危机促使国际社会更加关注金融周期变化，各国央行也认识到只关 注以物价稳定等为表征的经济周期来实施宏观调控显然已经不够，央行传统的单 一调控框架存在着明显缺陷，难以有效应对系统性金融风险，在一定程度上还可 能纵容资产泡沫，积聚金融风险。,1
今后，人民银行将继续按照国务院部署，密切关注房地产等资产价格 的变动，及时防止房地产领域增加不良贷款、产生新的金融风险和对 实体经济造成损害。,1
一是深入开展金融精准扶贫。,0
近年来，高铁产业发展迅速。,0
美欧通胀继续回落。,1
批准三家金融控股公司设立许 可，稳妥有序开展准入管理和持续监管。,0
欧盟建立了欧洲系统 性风险委员会，负责监测和评估系统性风险，实施宏观审慎管理。,1
上半年，工业生产者出厂价格（PPI） 同比下降 [NUM] ，第二季度各月分别下降 [NUM] 、 [NUM] 和 [NUM] ，平均下 降 [NUM] ，降幅比上个季度收窄 [NUM] 个百分点。,1
对投资产品的风 险和收益还需综合权衡。,1
美国新政府的经贸政策存在不确定性。,1
此外，部分商业银行面临降低不良贷款率的压力，存在用新增贷款稀 释不良贷款的动机。,1
美国第四季度 GDP 同比下降 [NUM] ，降幅较第二季度收窄 [NUM] 个百分点，较第三季度收窄 [NUM] 个百分点，全年 GDP 同比下降 [NUM] 。,1
金融机构 超额准备金率为 [NUM] 。,0
（四）股票市场成交活跃 受国民经济持续向好、股权分置改革取得重大进展、券商治理工 作进展顺利等影响，上半年股票市场信心逐步增强，成交较为活跃， 指数明显回升。,0
第三季度，居民消费价格（CPI）同比上涨 [NUM] ，涨幅比上季度回升 [NUM] 个百分点。,0
鉴于包商银行严重资不抵债，无法清偿到期债务，接管组以包 商银行名义向银保监会提交破产申请，获得进入破产程序的行政许可。,1
两地绿色和可持续金融合作有序推进。,0
国际货币市场利率波动幅度有所加大。,1
金融通过多种形式赋能文旅，支持文旅产业高质量发展。,0
三是钢材价格四季度 回升企稳，原材料价格趋于稳定。,0
哈尔滨银行、甘肃银行财务重组和增资扩股方案顺利实施。,0
欧元区经济持续缓慢复苏。,0
在补充中长期流动性的同时，及时熨平短期波动。,1
稳健的货币政策要精准有力，更好发挥货币政策工具的总量和结 构双重功能，稳固支持实体经济恢复发展。,0
二是完善对外担保管理。,0
M [NUM] 增速明显回升，与经济稳定增长的态势基 本一致。,0
欧洲中央银行面临对付通货膨胀压力和经济衰退的两难选择，降息的空间逐 步缩小。,1
劳动力市场依然偏强。,0
对外贸易总量萎缩，贸易逆差收窄。,1
第一，经济手段在资源配置和宏观调控中的作用得到进一步发挥。,0
信贷结构持续优化。,0
三是充分发挥资本市场在钢铁企业技术改造、 节能环保、智能制造、兼并重组中的作用，加大直接融资支持力度， 促进钢铁企业绿色转型、低碳发展。,0
第一季度，中国人民银行综合运用中期借贷便利（MLF）、常备借 贷便利（SLF）等货币政策工具，进一步增强央行流动性管理的灵活 性和有效性，维护流动性合理充裕。,0
货币市场利率逐渐回升。,0
理顺煤电价格形成机制是改善电煤供求关系，解决“煤荒”和“电 荒”的治本之策。,0
股票 市场回温，外汇市场交易活跃，黄金市场量价齐升。,0
嵌套产 品结构复杂，底数不清，加剧风险传递和市场波动，发生损失时也容易出现责任 推诿。,1
继续深化外汇管理体制改革，支持对外贸易健康发展。,0
我国经济发展具有强大韧性、巨大潜力和有力支撑。,0
美国经济回升势头强劲。,0
M [NUM] 增速年末加快。,0
（四）财政收支总体良好 财政收入持续快速增长。,0
生产价格涨幅较大。,0
建立健全金融市场基 础设施的统筹管理框架，继续加强对高风险企业的债券违约风险的排 查和预警。,1
未来价格走势尚有不确定性。,1
其中，美国经济 增速预测值下调为 [NUM] ，欧元区经济增速预测值上调为 [NUM] ，日本经 济增速预测值上调为 [NUM] ，新兴市场和发展中经济体经济增速维持在 [NUM] 。,0
农村信用社改革进展顺利。,0
美国通货紧缩压力已有所减弱，美联储年内很可能将联邦基金 目标利率维持在 [NUM] 。,1
失业率持续走低，劳动力 市场趋紧。,1
外贸进出口运行处于合理区间，贸易顺差收窄。,1
实施 稳健的货币政策要服务好打好三大攻坚战、防范系统性金融风险的要求，为打赢 防范化解重大风险攻坚战营造适宜的货币环境，既要防止货币条件过紧引发风险， 也要防止大水漫灌加剧扭曲和继续累积风险。,1
中国高铁已成为中国高端制造的一张亮丽 “名片”。,0
物价形势仍不乐观。,1
企业效益持续改善。,0
贯彻落 实“区别对待、有保有压”的方针，优化信贷结构，严格限制对高能 耗、高排放和产能过剩行业劣质企业的贷款投放，加大对重点领域和 薄弱环节的金融支持力度。,1
黄金价格有所反弹。,0
拉美和亚洲新兴市场经济体保持了强劲的增长。,0
IV 专栏 表 图 V 展望未来一段时期，经济持续健康发展的有利条件较多。,0
但也要看到，经济运行中投资增长 过快、贸易顺差过大、信贷投放过多等问题依旧突出，并且还出现了 通胀压力加大和资产价格持续上升等问题。,1
随着居民收入水平上升，对提高生活质量的追求上升，服务业发 展加快，服务业吸纳的就业量在 [NUM] 年超过了工业，在 [NUM] 年超过了农业。,0
持续推动金融风险防范化解。,0
由于美国过度消费，国内储蓄短缺，不得不 引入国外过剩储蓄，从而造成了巨额贸易赤字。,1
进一步加强金融市场基础设施 建设。,0
三是美元套利交易增大全球通胀压力。,1
企业经济效益明显提高。,0
当 前，企业投资意愿正在进一步恢复。,0
大宗商品价格大幅上涨，发达经济体通胀攀升。,0
美元仍将保持坚挺。,0
房地产信贷业务对扩大内需、拉动经济增长作 出了重要贡献。,0
聚焦重点支持群体和重点企业，创新 开展多种形式的政银企对接活动，提高融资对接有效性、精准性。,0
大力培育和发展机构投资者。,0
（四）国际经济展望及面临的主要风险 总体看，全球经济仍在缓慢复苏，但结构性矛盾及不确定性犹存， [NUM] 可能面临以下风险： 一是美国经济增长前景和货币政策走势还存在一些不确定性。,1
 [NUM] ．B股市盈率急升，投资者开户数大幅增加。,0
同比增速为可比口径数据，为年增速。,0
政府加大对文化产业的扶持和推动，财政资金发挥 引导和示范作用。,0
国 际债市和汇市波动较为平稳。,1
中国人民银行 [NUM] 年第三季度城镇储户问卷调查显示，城镇居民未来收入信心指数较上 季提高 [NUM] ，较上年同期提高 [NUM] ，居民的增收信心较强。,0
在此过程 中，各地区将充分发挥自身优势和特色，深化区域合作，推动中国经济实现协调 可持续发展。,0
做到按需 求合理均衡安排贷款计划，使资金约束与资本约束、风险约束、回报约束相结合。,1
日本经济持续复苏。,0
主要经济体国债收益率震荡走低。,1
继续做好金融机构和 金融市场风险压力测试，及时提示风险，完善应对预案。,1
引导金融机构更好地用好增量、盘活存量，探索创新组织架构、 抵押品、产品和服务模式，将更多信贷资金配置到重点领域和薄弱环 节，促进国民经济提质增效和持续健康发展。,0
目前，各方对于通胀低迷更多源于暂时性因素还是趋势性因 素仍存在争议。,1
 [NUM] 年，在新冠肺炎疫情冲击和国内外经济复杂形势影响下，银 行体系流动性供求变化的不确定性明显加大。,1
年初， 国际金融市场出现震荡，部分国家股市波动较大，风险溢价上升，市 场信心整体较为脆弱。,1
打击“地下钱庄”等违法违规外汇交易活动。,1
 [NUM] 欧元区经济弱于预期，且伴随较大的通缩压力。,1
受美联储暂停加息和经济预期影响，伦敦同业拆借市场美元 Libor 在 [NUM] 月 [NUM] 日达到年初以来的高峰后开始缓慢下行。,1
主要高耗能 行业和产品生产增速明显放缓。,1
着力完善存款保险制度功能。,0
三是持续深化小微金融服务。,0
健全金融风险问责机制，对重大金融风险严肃追责问责， 有效防范道德风险，坚决守住不发生系统性金融风险的底线。,1
美元适度贬值，反映了当前美国经济状况。,1
全国财政收入增长呈前高后低、逐月回落态势。,1
 [NUM] 银行间市场债券指数下行。,1
图 [NUM] 银行间市场国债收益率曲线变化情况 国债收益率整体下行，期限利差收窄。,1
 [NUM] 月综合物 价指数（HICP）为 [NUM] ，降幅继续收窄。,1
三 是表外融资有所恢复。,0
另一方面，部分农产品国内外价格 倒挂。,1
第三，不良贷款余额下降缓慢，不良贷款损失额仍在增加。,1
新兴经济体货币政策分化。,0
资本市场法制进一步完善。,0
部分经济体迫于通胀 和货币贬值压力而加息。,1
利率互换交易快速增长。,0
（二）国际金融市场概况 [NUM] 年以来，受美国次级抵押贷款危机及全球实体经济滞胀风 [NUM] 险增大影响，国际金融市场波动进一步加剧。,1
生产资料价格涨幅有所 反弹。,0
主要 发达经济体失业率与疫情前的差距收敛，但劳动参与率恢复迟滞，劳 动力供给不足的矛盾凸显。,1
直 接融资比例过低，社会投融资过多依赖银行贷款；银行体系中资产负 债期限结构错配的问题日益突出，潜在的流动性风险和利率风险不容 忽视；随着金融企业改革不断深化，金融机构历史累积的风险将逐步 暴露，在金融市场发展过程中，银行、证券、信托、保险业务的交叉 风险和关联风险也会显现。,1
欧元区经济面临下行风险。,1
 [NUM] 年全国财政收入增幅呈前高后低、逐月快速下滑 态势。,1
美国经济总体稳健，但出现 放缓迹象。,1
房屋销售价格止跌回升。,0
"欧元区三季度 GDP 同比增长 [NUM] ，连续 [NUM] 个季 [NUM] 度放缓， [NUM] 月制造业 PMI 降至 [NUM] ,连续 [NUM] 个月位于荣枯线以下，经 济下滑风险上升。",1
食品价格涨幅由负转正， 非食品价格涨幅有所回落。,0
保持房地产业的持续、稳定、健康发展，对国民经济健康发展至关重要。,0
总的来说，全球经济放缓对我外汇收支的影响有限，尚 未改变我国外汇收支总体顺差局面。,1
一方面，严格执行淘汰落后产能认定标准，依法依 [NUM] 规实施淘汰，较大幅度压缩煤炭产能，适度减少煤矿数量，优化市场 供需结构。,1
三是完善互联网保险监管。,0
果断投放短期流动性，有效应对疫情冲击。,1
鼓励社会资金参与中小 金融机构重组改造。,0
在工业生产快速增长的同时，工业经济效益大幅提高，实现利润成倍增长。,0
金融市场潜在风险加大。,1
目前，正在根据各方意见，对办 法作进一步修改完善。,0
以制造 业绿色低碳化改造为契机，持续推动产业优化升级，推进设备更新、 工艺优化、产品升级改造，带动制造业投资，促进模式创新和发展方 式转变。,0
但消费领域的部分指 标稍显脆弱。,1
物价有望温和回升。,0
农村信用社改革取得重要进展和阶段性成果。,0
人民币汇率有贬有升、双向波动。,1
随着世界经济趋好，国际市 场需求日趋旺盛。,0
 [NUM] 年设立科技创新再贷款、设备更新改造专项再贷款，激励银行加大对 科技型企业和传统产业转型升级的信贷支持。,0
利率互换交易活跃。,0
四是金融市场存在风险隐患。,1
引资结构持续优 化。,0
引导金融机构针 对疫情风险分区分级提供差异化金融服务。,1
五是加强“非标”业务管理，防范影子银行风险。,1
三是外贸韧性较强。,0
加快转变经济发展和外贸增长方式，加大结构调整，进一步增强内需对经济 增长的拉动作用，优化进出口商品结构，着力提高利用外资质量。,0
稳健的货币政策灵活适度，贷款结构持续优化，为 高质量发展营造了适宜的货币金融环境。,0
落 实政策性、开发性金融机构改革方案，科学建立资本约束机制，健全 [NUM] 治理结构，完善财税扶持政策，构建符合中国特色、能更好地为经济 发展服务、可持续运营的政策性和开发性金融机构。,0
三是用电紧张问题在局部地区明显 加剧。,1
 [NUM] 世纪 [NUM] 年代后，日本经济出现严重衰退，陷入“失去的二十年”。,1
宏观经济运行中存在摩擦，市场体系面临市场失灵的风险，微 观主体在现实中是异质性的，如果货币政策只注意总量，则会造成更大的结构扭 曲，总量目标也难以实现。,1
对此应继续密切关 [NUM] 注，在维护物价稳定的同时，注重抑制资产泡沫和防范金融风险。,1
部分新兴市场经济体增长放缓，面临的风险上升。,1
欧元区经济增长放缓，不确定性加大。,1
工业生产逐季稳步回升，企业效益持续改善。,0
GDP 缩减指数变动率综合反映了CPI和PPI的变动。,1
电力行业利润回落，甚至出现大面积亏损。,1
经过 多年发展，文化产业展现出巨大潜力和广阔前景，逐渐成为新的经济 增长点。,0
对外投资结构持续优化。,0
进一步放宽 QFII 和 RQFII 投资范围。,0
四是国际经济合作进一步加强。,0
个人住房贷 款增速回升。,0
GDP 平减指数涨幅扩大。,0
房市调整加深引发的负财富效应很可能加剧美国国内消费低 迷，依靠美元贬值带来的贸易状况改善缺乏可持续性，美国经济有可 能经历一个比较长的低速调整阶段。,1
保持高压态势打击地下钱庄。,1
钢材价格回落，企业效益下降。,1
二是资金实力明显增强，支农力度进一步 加大。,0
（二）债券发行利率回落，发行量和交易量增加 债券发行利率下行。,1
伦敦同业拆借市场美元 Libor 低位波动。,1
持续做好普惠金融工作。,0
基础货币快速增长，金融机构流动性充足。,0
产权制度改革进展顺利。,0
煤电油运生产快速增长。,0
二是将推动产业结构升级。,0
二是钢材进口大幅增加。,0
CPI持续小 幅上涨，但长期通货膨胀预期稳定。,0
（四）股票市场成交活跃，股指创年内新高 股权分置改革工作对股票市场发展的积极作用逐渐显现，加之国 民经济持续向好，中国银行等优质大盘蓝筹股在国内 A 股市场上市等 因素影响，股票市场交易活跃，股指创出年内新高。,0
进入 [NUM] 月份以后，国际金融危机急剧恶化，对我国经济的冲击明 [NUM] 显加大。,1
新冠病 毒变异，奥密克戎毒株在多地蔓延，全球疫情演进存在较大不确定性。,1
农村信用社改革进展顺利，资产质量有所改善，涉农信贷投放增 加，产权制度改革进展顺利。,0
收入分配结构持续改善，城乡居民人均收入比缩小。,0
一 是投资有望继续保持快速增长。,0
深化对外货币金融合作。,0
五是人身险产品监管进一步完善。,0
G [NUM] 匹兹堡峰会领导人声明指出，金融监管和规制 的重大失效，造成了金融脆弱与风险，为形成当前危机推波助澜。,1
外汇市场交易主体进一步扩展。,0
调整外资优惠政策、促进公平竞争。,0
用户的增长给通信业带来了持续发展的 动力。,0
高耗能行业生产放缓，产量下降。,1
生产价格涨势趋缓。,0
金融部门对于重复建设潜藏的 风险必须高度重视，防患于未然。,1
保险业资产加快增长，投资类资产增速更高。,0
“ [NUM] [NUM] ”事件使美国和世界经 济雪上加霜，主要股市大幅缩水，金融市场动荡加剧。,1
估计这些负面因素 对已经明显放缓的全球贸易和投资将产生更大的影响。,1
二是如何提高沟通的有效性？,0
劳动力市场接近充分就业，但受制于企业涨薪动力不足、通胀预期低 迷等因素，预计未来通胀仍将处于低位。,1
很多中小企业存续期较短，产品积压、财务报表不透 明，部分企业资不抵债、逃废债情况严重。,1
四是加强跨境资金均衡管理和 风险防范。,1
主要国家国债收益率在低位盘整。,1
这是直达实体经济的结构性货币政策工具，以精准直达方式支 持清洁能源、节能环保、碳减排技术的发展，并撬动更多社会资金促 进碳减排。,0
进一步完善“三档两优”存款准备金框架，建立健全银行增 加小微企业贷款投放的长效机制。,0
金融机构超额准备金率为 [NUM] 。,0
 [NUM] 持续做好制造业金融服务。,0
（三）票据融资增长放缓，利率小幅震荡 票据承兑业务有所下降。,1
受经济复苏动力趋缓和严重的地震海啸灾害双重 影响，日本股市全年出现较大幅度下跌，日经 [NUM] 指数年末收于 [NUM] 点，较上年末下跌 [NUM] 。,1
存货可以用于平滑生产的波动，避免销售的下降，此 外，在低价位增加存货还可以进行投机。,1
受国际原油、铁矿石价格大幅上涨影响，加上国内 经济对煤炭和钢材等需求持续旺盛，导致国内原油、煤炭和钢材等生 产资料价格大幅上涨，从而推动生产者价格持续上涨。,0
另外，东南亚国家（地区） 的汇率贬值，在一定程度上削弱我国出口产品的竞争力。,1
继 [NUM] 月初小幅反弹后，受“两房”危机 影响，主要股指快速下跌，此后维持震荡下行态势。,1
票据融资余额快速增长，票据市场利率震荡下行。,1
由于 境外流动性头寸减持空间有限，年末外汇贷款增速有所放缓。,1
四是改进提升农村金融服务。,0
国际原油价格 [NUM] 月份以后出现较大幅度下跌，但依然在 高位波动。,1
目前，M [NUM] 增速仍持续高于 M [NUM] 增速。,0
基础设施 行业中长期贷款快速增长。,0
美英等国债收益率有所上行。,0
一方面，我国农业资源环境约束 日益趋紧，开发利用难度大。,1
不断完善银行业、证券业、保险业、金 融市场风险监测。,1
 [NUM] GDP 缩减指数有所回落。,1
部分国家财政危机 与银行危机可能相互转化，引发投资者担忧。,1
现行人民币汇率形成机制还需要进一步完善，如健全国内外汇市场机制，增 强企业和居民的汇率风险意识，发展市场避险工具等。,0
加强与产业主管部门的信息共享，引导金融机构更精准支持科 技创新和制造业高质量发展重点领域。,0
（二）农业生产稳定发展，工业生产快速回升 第二产业增速大幅提升。,0
与此同时，在房地产、汽车等消费热点带动下，消费信贷快速增长。,0
期货投资者保护长效机制进一步完善。,0
脱欧公投当日和次一交易日，全球股市暴跌。,1
促进优质企业贸易外汇收支便利化政策扩面提质。,0
在国内政治压力下，日本货币 与财政政策面临较大的不确定性。,1
美国经济强劲 增长，欧元区经济持续复苏，日本经济稳步回升，主要发展中国家继 续保持强劲增长势头。,0
房地产开发投资逐步恢复。,0
在 PPI 持续下行和在负值区间运行阶段，市场上曾出现关于通缩风险的担 忧。,1
四是探索可持续的业务发展模式。,0
“十二五”时期是电子商务加速发展的战略机遇期。,0
此外，恐怖主义威胁、欧洲难民危机、俄乌冲突、朝鲜半岛局 势紧张等风险点也可能为世界经济复苏蒙上阴影。,1
（三）居民消费价格温和上涨，生产价格涨幅持续回落 居民消费价格温和上涨。,0
有的 工具实现了预期目标，就会按期退出。,1
对 民营企业尤其是深度参与的新动能领域，金融资源投入明显加大，有力支持经济 可持续发展和转型升级。,0
一旦全 球保护主义情绪加剧，将放缓甚至逆转国际政策协调和经济全球化进 程，阻碍贸易自由化、资本和劳动力流动，并可能引发不可持续的政 策，拖累全球生产率和经济增长，加剧金融市场动荡。,1
（二）国际金融市场概况 [NUM] 年，主要货币间汇率宽幅波动，美元汇率在震荡中总体呈 贬值态势，具体可分为三个阶段。,1
一是收益与风险相匹配。,1
进口价格同比涨幅快速扩大主 要是受国际大宗商品价格持续上涨的影响。,0
畅通货币政策传导机制，持续丰富货币政策工具箱， 提高资金使用效率。,0
服务业持续恢复，现代服务业增势较好。,0
同时，要进一步改进住房金融服务，加强住房金融业务 监管。,0
（三）保险市场制度建设 推动绿色保险高质量发展。,0
（五）大力培育和发展金融市场 以金融产品创新为突破口，扩大直接融资渠道，加快金融市场 的基础性建设，推进金融市场的整体发展。,0
支付货币功能不断增强。,0
货币市场回购交易活跃。,0
商业汇票承兑相对其承担的风险，手续费率 偏低，难以达到经济资本核算的要求，商业银行办理承兑的积极性下 降。,1
农业和农村经济保持平稳发展，农业结构进一步优化，工业保 持快速增长，经济效益继续提高。,0
稳妥有序推进包商银行风险处置。,1
外债期限结构持续优化。,0
进一步加强金融风险监测和重点领域风险排 查，关注实体经济特别是产能过剩行业、房地产、地方政府性债务等 领域风险。,1
钢材价格全面下跌，处于低位盘整阶段。,1
适时调整外汇风险准备金率。,1
其中 巴西经济连续五个季度负增长，第二季度 GDP 同比下降 [NUM] ，标普 已将巴西评级下调至垃圾级；俄罗斯经济下行与通胀上升并存，面临 [NUM] 一定滞胀风险。,1
随着前期一揽子增量政策效果持续显现， [NUM] 年更加积极有为的宏观政策逐步落地显现，经济回升向好势头有望进 一步增强，支撑价格回升的有利因素增多。,0
从投向看，在贷款总量少增的同时，新增贷款结构进一步改善。,0
 [NUM] 、 [NUM] 月份主要经济体国债收 益率走低。,1
四是继续推动金融市场健康发展，深化金融企业改革。,0
另一方面，融资成本持续降低。,0
精准支持科技创新和制造业转型升级， 持续提升科技金融服务能力、强度和水平。,0
欧洲银行业风险犹存。,1
进口价格同比降幅有所收窄。,1
进口增速较快，主要是 由于国内需求旺盛及进口价格快速上涨所致。,0
（六）外汇市场平稳发展，人民币掉期交易活跃 即期外汇市场运行平稳，询价交易的主导地位进一步显现，人 民币掉期交易活跃，“货币对”交易量下降较多。,0
一是资产质量改善。,0
杠杆水平较高和房地产泡沫等仍可能制约经济的长期动能。,1
二是通胀压力增大。,1
与此同时，移民 危机、英国退欧风险、希腊减债谈判不确定性增加等因素也为欧元区 经济复苏蒙上了一层阴影。,1
（二）房地产宏观调控效果显著 金融机构房地产贷款增速出现下降。,0
房地产贷款增速持续下降。,0
IMF上调了发达经济体增速，并下调 了部分新兴市场经济体和发展中国家的增速。,0
“进”的方面主要是服务好高质量发展。,0
一是Shibor对债券产品定价的 指导性持续增强。,0
固定资产投资增幅继续回落。,1
为救助危机和刺激经 济，各经济体政府动用了大量财政资金，大量私人亏损转化为公共债务负担，这 使得相当一部分经济体债务负担过重。,1
企业生产经营景气指 数持续回升，存货指数下降。,0
但全球贸易水平持续萎 缩，主要经济体失业率居高不下，财政赤字水平令人担忧，金融危机 的影响远未消除，未来全球经济复苏仍将面临较大的不确定性。,1
新兴经济体货币政策分化。,0
主要经济体股市普遍回升。,0
进出口降幅明显收窄。,1
德国、葡萄牙、比利 时、丹麦等国家房地产市场陷入低迷。,1
落实差别 化住房信贷政策，推动房地产金融健康发展。,0
同时，HICP 水平重回正增长，PPI 降幅有所收窄。,1
三是多元化创新品种不断丰富。,0
总体看，当前国民经济的持续平稳较快发展，是我们抓住国内外 大环境总体有利的发展机遇期，国内机制体制改革不断取得突破、经 济增长活力进一步增强的综合反映。,0
鼓励开展金融适老化服务升级，提高养老金融普惠性。,0
保险业总资产增速稳步回升。,0
非常规政策在危机救助过程中发挥了重要作用。,1
目前各国资产价格处于历史高位，金融市场 脆弱性上升，一旦流动性变化超出市场预期或市场对经济放缓恐慌加 大，可能导致资产价格波动，引发金融市场震荡。,1
构建危机管理和风险处置框架，推进存款保险制度建设。,1
继 [NUM] 年第一季度震荡波动后，上证综指 自 [NUM] 月份起呈快速下行态势。,1
GDP 缩减指数回落。,1
（一）主要经济体经济状况 美国经济陷入衰退。,1
我国金融机构对硅谷银行风险敞口小，硅谷银行破产对我国金融市场影响可 控。,1
管制利率时期，金融机构缺乏贷款定价的自主权。,1
外商投资预期和信心稳定趋好。,0
发展消费信贷，支 持扩大内需。,0
此外，由于中东欧国家的经济、金融同欧元 区高度关联，近期下行风险有所增加。,1
二是各项业务快速发展，资金实力明显增 强。,0
发行短期融 资券支持了优质企业的改革和发展。,0
四是完善外债管理。,0
三是我国产业链供应链齐全，配套能力强，出口仍具备结构性优 势。,0
总体上，当前国内形势有利于我国经济的 平稳健康发展。,0
严格控制对高耗能、高排放行业和 产能过剩行业的贷款，促进产能过剩矛盾化解。,1
秋粮可望再 获丰收，全年粮食产量将超过上年。,0
稳步推进养老金融发展。,0
居 民对存款利率的认可程度逐季提高。,0
随着国内经济快速回暖，外部需求 复苏，企业利润大幅增长。,0
随着我国经济发展，煤炭行业取得了长足发展，煤炭产量持 续增长，生产技术水平逐步提高，煤矿安全生产条件有所改善。,0
持续做好普惠金融工作。,0
第一季度，中国人民银行运用降准资金置换到期中期借贷便利。,0
受日本 [NUM] [NUM] 年来首现年度贸易逆差影响，投资者看跌日元，第一季度日元大 幅贬值。,1
健全人身保险产品定价机制。,0
 [NUM] 债券发行利率总体明显回落。,1
专栏 [NUM] 信贷增长与经济高质量发展的关系 近年来，随着我国经济转型升级和高质量发展，我国信贷增长与经济增长的 关系趋于弱化。,0
非食品价格涨幅总体回升，前三季度累计同比 上涨 [NUM] 。,0
房屋销售价格继续较快上涨，但涨幅趋缓。,0
继续深化大型商业银行改革，深化内部治理，完善风险管理机制， 提高创新发展能力和国际竞争力。,0
Shibor是进一步推进利率市场化的突破口。,0
M [NUM] 增速总体平稳。,0
日本经济出现好转迹象。,0
 [NUM] 稳健的货币政策要松紧适度，既要防止货币条件过紧引发风险，也要防止大水漫 灌加剧扭曲和继续累积风险，其核心是服务好实体经济。,1
进一步推进利率市场化改革。,0
统筹抓好绿色发展和能源转型信贷支持。,0
 [NUM] 月以来，稳经济一揽子政策和接续措施落地见效，有力稳定了市场预期和 信心，经济回升向好。,0
结构性存款和银行理财产品收益率均有所下行。,1
GDP 缩减指数有所回落。,1
既要防止金融风险蔓延，也要 防止出现道德风险，守住不发生区域性系统性风险的底线。,1
外汇市场交易主体进一步扩展。,0
房地产价格在今年的涨 幅明显高于去年。,0
四是全球范围内面临通胀下行压力。,1
三是“低增长、低通胀、低利率”环境对货币政策调控构成挑战， 利率政策应对空间有限，继续实施量化宽松等非常规货币政策的边际 效果可能也较为有限。,1
 [NUM] 引导金融机构加强信贷调控，在年度内合理均衡放款，防止贷款 过度波动。,1
 [NUM] 年第一季度，受新冠肺炎疫情影响，金融市场运行波动有所 加大。,1
欧洲主权债务危机愈演愈烈存在深层次的原因。,1
火电企业生产成本上升，电力行业全行业利润回落。,1
二 是区域发展不均衡，尤其是中西部地区发展不足。,0
伦敦同业拆借市场美元 Libor 低位波动。,1
保供稳价政策效果持续显现，煤炭、钢材等行业价格涨幅 较前期有所降低。,0
收入分配结构持续改善，农村居民收入增速持续高于城镇。,0
近几年，煤炭产能越来越向环境脆弱、水资源缺乏的晋陕蒙 宁地区集中，资源开发与生态环境保护的矛盾日益突出。,1
利率期权业务平稳发展。,0
（六）外汇市场平稳发展，人民币掉期交易活跃 银行间外汇市场会员进一步扩大，即期外汇市场运行平稳，询价 交易的主导地位进一步显现，人民币掉期交易活跃，外币对交易量有 所下降。,0
包括主要发达 经济体和新兴市场经济体在内的全球通货膨胀水平持续攀升。,0
鉴于此次全球性金融危机的根源复杂、波及范围广、破坏程度严 重，目前出现的部分正面信号是否意味着经济衰退已经结束尚待观 察。,1
房地产开发资金充足，利用外资快速增长。,0
第三季度，储蓄存款余额 下降趋势在一定程度上得以缓解。,0
美国经济相对稳健，但出现放缓 迹象。,1
（三）值得关注的问题和趋势 一是新冠肺炎疫情快速蔓延，全球经济遭遇供需双侧冲击，短期 已滑入衰退轨道。,1
一是消费品以旧换新政策在补贴和宣传 层面持续发力，有利于进一步激活存量市场，推动消费和产业结构升 级。,0
五是支持制造业高质量发展。,0
美欧通胀压力较快回落，年末有所反复。,1
资金支持政策实施进展顺利。,0
随着政策效果退去，全球经济面临一定下行压力。,1
进口价格降幅继续加深。,1
进一步推动信贷资产证券化市场健康持续发展。,0
固定资产投资增长态势强劲。,0
人民币对欧元、日元等其他国际主要货币汇率双向波动。,1
出口增速有所回升。,0
从负债端看，硅谷银行的存款多来 源于创业企业，客户同质性高，储蓄存款占比很低， [NUM] 以上的存款不属于受保 存款，负债结构欠稳定。,1
世界经济衰退风险加剧，国内经济面临挑战增多。,1
GDP 平减指数同比上涨。,0
与原油价格大幅上涨相对应， 国际市场成品油价格也大幅飚升。,0
上半年，随着经济持续恢复、就业收入稳定， 市场供需关系有所改善，物价水平温和回升，CPI 同比上涨 [NUM] ，其 中二季度上涨 [NUM] 。,0
中国人民银行继续对农村信用社执行较低的存款准备金率。,1
拉美经济保持稳步增长态势。,0
生产价格涨幅扩大。,0
有序推进中小金融机构风险处置和改革重组。,1
美国经济增长动力 有所减弱。,1
但考虑到服务项目通 胀仍具粘性，地缘政治冲突还可能引发大宗商品价格波动，通胀回落 [NUM] 仍是一个相对缓慢的过程。,1
也要看到，在世纪疫情冲击下，百年变局加速演进，外部环 境更趋复杂严峻和不确定，我国经济发展面临需求收缩、供给冲击、预期转弱三 重压力，风险防范的形势依然复杂严峻。,1
伦敦同业拆借市场美元 Libor 总体走低，欧元区同业拆借利率 Euribor 保持低位波动。,1
但失业率仍居高位，制造业增长有所放缓。,1
积极支持产业结构升级和经济结 构调整，支持战略性新兴产业企业等高新技术企业发展，指导和督促 金融机构全面落实关于金融支持文化产业、服务外包、物流业、旅游 业等行业发展的政策要求，进一步加大对环保产业、循环经济发展、 节能减排、技术改造等方面的信贷支持。,0
受国际金融危机影响，全球贸易大幅萎缩。,1
 [NUM] 、产业结构调整成为当前中国经济发展的关键。,0
目前，我国对外贸易中存在的突出问题是一些高耗能的资源性商 品出口增长过快，不仅加大了国内能源、资源和环境的压力，而且加 剧了对外贸易摩擦的矛盾。,1
加强金融基础设施统筹监管与建设规划，推动形成布局合理、 治理有效、先进可靠、富有弹性的金融基础设施体系。,0
强化对绿色发展的金融支持。,0
“三农”贷款增速继续高于同期各项贷款。,0
二是增资扩股进度较快， 资本充足率快速提高。,0
由于主权债务危机威胁依然存在，失业率高企，预计欧洲房 地产业短期内将继续承压。,1
固定资产投资缓中趋稳，基建投资增速回升。,0
（四）股票市场交易活跃，股指上涨强劲 股权分置改革的积极效应继续显现，股票市场交易活跃，投资者 投资股票和基金市场意愿较强。,0
IMF 认为全球经济下行风险依然突出，包括地缘 政治紧张局势抬头、社会动荡加剧、部分国家间经贸摩擦日益深化等。,1
进出口价格降幅继续收窄。,1
债券现券交易量大幅上升。,0
二是现有宏观经济政策难以防范系统性金融风险。,1
加强存量信贷资产的结构调整。,0
附件：货币政策名词解释............................... [NUM] I 专栏 表 图 II 在全球性金融危机对我国经济冲击明显加剧的大背景下，外部 [NUM] 需求明显收缩，部分行业产能过剩，企业生产经营困难，城镇失业人 员增多，经济增长下行的压力明显加大。,1
加强对各类型投保机构的风险监测与核查，做好风险监测、识别，依 法采取风险警示和早期纠正措施，推动风险及时化解。,1
所发行的专项票据中， [NUM] 亿元用于置换不良贷款， [NUM] 亿元用于置 换历年亏损挂账。,1
二是新动能成长壮大。,0
第一季度，国债各期限品种收益率整 体下行。,1
农村信用社改革取得重要成果，可持续发展能力增强，农村金融 服务水平提升，产权制度改革稳步推进。,0
既要防止金融风险蔓延，也要防止出现道德风险，守住 不发生区域性系统性风险的底线。,1
其他发达经济体的债务形势也令人堪忧。,1
作为全球失衡的核心，美国巨额贸易赤字则对应着其总体储蓄的空前萎缩。,1
 [NUM] 促进优质企业便利化政策扩面提质。,0
一方面，部分进口品供给减少以及 加征关税可能推动价格上升；另一方面贸易摩擦可能阻碍出口，增加国内供给， 对价格形成向下压力。,1
居民消费价格涨幅持续扩大。,0
前三个季度，农业和农村经济平稳发展，农业生产结构继续改善，优质农产 品比重提高。,0
保险业总资产稳步增长。,0
 [NUM] 国际金融市场利率波动较大。,1
产权制 度改革进展顺利。,0
三是资产和负债的双重表外化。,1
 [NUM] 第三季度，黄金价格整体呈现弱势盘整。,1
发达经济体受次贷危机影响增长持 续放缓。,1
贸易摩擦对信心的冲击亦 [NUM] 加剧了全球范围金融市场的波动性。,1
一是连锁化 规模化经营程度较低。,1
一是受美国次贷危机影响，外部市场萎缩，出口销售放缓，这对江浙粤等出 口依存度高、中小企业较多的沿海地区影响相对突出。,1
 [NUM] 中国人民银行积极探索发挥信贷政策的结构引导作用，支持经济 结构调整和转型升级。,0
三是有没有最优的沟通策略？,0
发展光伏产业对实现工业转型升级、调整能源结构、发展社 会经济、推进节能减排具有重要意义。,0
日本经济稳步回升。,0
新兴市场经济体复苏出现明显分化。,0
受国际大宗商品价格下跌影响，进口价格降幅有所扩大。,1
三是短期冲击因素， 如突发事件、气候、地缘政治等也会通过影响预期导致大宗商品价格的短期波动 加剧。,1
积极引导金融资源促进经济结构调整和区域协调发展。,0
股市上涨提高了消费者信心，日元 贬值刺激了出口增长。,0
在第一季度市场需求明显减弱的情况下， 钢铁生产总量过高，供应继续增长，造成国内市场供大于求。,1
欧洲房地产市场明显降温。,1
同业存单市场发展较快，大额存单业务进一步发展。,0
针对金融深化和创新发展，进一步完善 调控模式，疏通传导机制，通过增加供给和竞争改善金融服务，提高 金融运行效率和服务实体经济的能力。,0
 [NUM] 日本银行继续维持“零利率”政策，并通过增加金融市场流动性注 入等方式应对地震海啸灾害。,1
在我国外汇供给充裕的情况下，此类 贷款具有明显的赚取人民币升值收益的特点。,0
三是与本国 财政部门共同应对危机考验。,1
当前经济运行中也面临不少风险和挑战，形势错综复杂。,1
进出口逐季回稳，降幅收窄。,1
当前，中国汽车业进入转型升级、由大变强的战略机遇期。,0
Shibor 短端小幅波动，中 长端有所下行。,1
二是委托贷款和信托贷款负 增长的势头明显减缓。,1
这在一定程度阻碍了市场利率有效传导，存款利率难以跟随市场 利率变化。,1
二是促进结构优化，支持经济结构调整和转型升级。,0
另一方面，在欧美市场 需求放缓及美国、欧盟、印度等主要出口目的地贸易壁垒日益严重的 背景下，对外依存度过高导致光伏企业出口不确定性增大。,1
外汇市场交易主体进一步扩展。,0
推动绿 色债券市场高质量发展，进一步拓宽金融机构绿色资金来源。,0
多数发 达经济体收益率有所下跌。,1
 [NUM] 各类债券发行利率均明显回落。,1
七是建立完善绿色金融政策体系，大力发展绿色信贷。,0
六是将反腐治乱与风险处置紧密结合。,1
六是完善大众创业万众创新金融服务，大力发展普惠金融。,0
三是精准性。,0
存款保险制度实施进展顺利。,0
二是利率上升加大了非金融企业偿债压力，实体部门风险或向 金融部门传导。,1
从国际看，当前全球经济增长放缓，通胀仍处高位，地缘政 治冲突持续，主要央行政策紧缩效应显现，国际金融市场波动加剧， 不稳定、不确定、难预料因素较多。,1
部分新兴市场经济体增长放缓，金融市场出现动荡。,1
专栏 [NUM] 欧洲主权债务危机 受金融危机影响，欧洲部分经济体财政支出扩大，税收减少，财务状况持续 恶化，这引发了市场对于主权债务违约的担忧，导致全球股市、汇市、债市以及 大宗商品市场出现大幅波动，从而给全球经济复苏蒙上了阴影。,1
日本经济好于预期。,0
日本经济复苏前景仍待观察，信用评级被调低。,0
第一季度，货币供应量增速逐月回升。,0
煤炭开发布局持续优化，稳定供应 保障能力持续增强。,0
另一方面，支付便利化工 作持续推进。,0
同时继续限制对“两高”行业和产 能过剩行业劣质企业的贷款。,1
进一步拓宽中小企业发展的多元化融资渠道，支持中小企业健康发展。,0
引导市场利率围绕央行政策利率波动。,1
美元指数波 动上行。,0
财政收入大幅增长。,0
量化宽松政策推出以来，欧元区经济金融状况有所改善。,0
三是产权制度改革进展 顺利。,0
鼓励创新， 以创新促进发展。,0
固定资产投资增速高位趋缓。,0
第三季 度，洲际交易所布伦特原油期货当季平均价格比上季度下跌 [NUM] ， 比上年同期下跌 [NUM] 。,1
前三季度，全国服务 业生产指数同比下降 [NUM] ，降幅比上半年收窄 [NUM] 个百分点。,1
外汇市场交易主体进一步扩展。,0
进一步推动信贷资产证券化市场健康发展。,0
外债增速加快。,0
季节性需求和市场预期扰动煤炭、钢铁价格 低位波动，但供应偏紧和输入性因素带动国内石油、有色金属相关行 业价格上涨，叠加翘尾影响快速减弱，工业生产者出厂价格指数（PPI） 同比降幅不断收窄。,1
三是房地产存在局部过热的现象。,1
促进优质企业便利化政策扩面提质。,0
通货膨胀形势依旧不容乐观。,1
房地产价格跌至 [NUM] 年中水平，由 于库存较大，未来房价仍有下行空间。,1
粮食增产丰收为稳经济、稳预期、稳大局提供了有力支撑。,0
新兴经济体货币政策维持宽松。,0
第 四季度中国人民银行 [NUM] 户工业企业调查显示，企业经营景气状况 回升，盈利状况有所好转。,0
房地产贷款增速持续回落，新增贷款减少。,0
农产品生产价格（指农产品生产者直接出售其产品时的 价格）涨幅高于农业生产资料价格上涨幅度，有利于农民增收。,0
二是票据市场竞争激烈，利率水平逐 步走低。,1
三、政策实施已见成效。,0
落实地方党政主要领导负责的财政金融风险处置机制， 强化地方党政风险处置属地责任，推动做好重点省份高风险机构数量 压降工作。,1
一是分 类统一标准规制，逐步消除套利空间。,1
全力做好存量风险化解工作，坚决遏制各类 风险反弹回潮，防止在处置其他领域风险过程中引发次生金融风险。,1
坚持市场化、法治化处置风险，一 些突出金融风险得到稳妥处置。,1
煤炭行业转变发展方式成效显著。,0
 [NUM] 年，金融市场进一步规范发展，金融产品创新和制度建设 取得新进展。,0
另一方面，部分经济体收紧货币政策以应对国内通 胀压力，减少美联储加息带来的冲击。,1
同时，欧 洲银行业普遍交叉持有大量重债国国债，不断恶化的主权债务危机使银行所持国 债价格下跌，持续造成资本损失。,1
当前投资快速增长，主要是财政较多 的投入和银行资金的及时配套，拉动了基本建设的快速增长。,0
人民币对欧元、日元等其他国际主要货币汇率双向波动。,1
进一步完善债券市场法制，加强信息披露要求和中介机构监管。,0
股票融资大幅扩展。,0
国民经济自主增长的内在 活力明显增强，经济持续保持高增长，物价正在小幅回升，企业效益 提高。,0
国际金融市场整体上行。,0
企业经营指数保持在盈亏平衡点之上，订单指数回升，盈利 指数好转。,0
伦敦同业拆借市场美元 Libor 低位小幅波动。,1
保障房信贷增长放缓。,1
继续发挥再贷款精准滴灌和正向激励作用， 支持巩固脱贫攻坚成果同乡村振兴有效衔接。,0
美联储加息预期导致全球金融资产重新配置，金 融市场震荡加剧，外部投资环境更趋复杂。,1
全球主要股市震荡明显。,1
受债务危机影响，欧元区经 济整体疲弱不振。,1
下一步，需加快推动钢铁行业转型升级和高质量发展。,0
继续完善做市商制度，提高债券市场流动性，为培育有 效的收益率曲线夯实基础。,0
同业存单发行交易量明显增加，大额存单业务进一步发展。,0
日本经济复苏迹象逐步明朗，消费价 [NUM] 格指数有望摆脱负增长。,0
俄乌紧张局势及俄罗 斯与美、欧之间的双向制裁、埃博拉疫情传播带来的恐慌等均影响到 市场信心，可能对贸易和融资活动产生不利影响。,1
改善社会信用环境。,0
开展常备借贷便利操作，及时注入短期流动性。,0
部分农 [NUM] 村信用社在明晰产权关系、完善法人治理方面进行了有益探索，取得 了初步成效。,0
前三季度，人民币对美元汇率 年化波动率为 [NUM] 。,1
我国经济持续恢复增长，发展动力进一步增强。,0
生产价格涨幅有所扩大。,0
完善高层次创新型人才的培 养、引进、使用机制，带动电子信息产业人才资源的整体开发利用。,0
（三）票据融资降幅趋缓，利率小幅震荡 票据承兑业务降幅趋缓。,1
土地、证券等资产价格膨胀异乎寻常地超过国民生产总值增长，形成了以“地产 泡沫”、“证券泡沫”和“银行泡沫”为特点的“泡沫经济”。,1
从上世纪 [NUM] 年代 两次石油危机导致的高通胀经验看，通胀自高位回落是一个缓慢过程， 时间均在 [NUM] 年以上，且很可能出现波折和反复。,1
当前主要经济体经济增长 前景黯淡，失业率高企，金融监管加强，贸易摩擦和投资风险增加。,1
物价有望温和回升。,0
生产价格涨幅有所扩大。,0
中国人民银行进一步完善宏观审慎政策框架，更好地发挥逆周期 [NUM] 调节作用。,0
三是取消了对商业银行信贷规划的约束。,1
严厉打 击地下钱庄、“网络炒汇”等违法违规行为。,1
结构性因素与通胀预期可能相互交织影响，加剧通货 膨胀压力。,1
外债规模继续稳步增长。,0
高技术产业投资增长 [NUM] ，高于全部投资 [NUM] 个百分点，其中高技术 制造业、高技术服务业分别增长 [NUM] 、 [NUM] 。,0
三是在碳中和约束下促进碳价格发现。,1
推动金融支持与产业扶贫融 合发展，增强贫困地区内生发展动力。,0
保险业资产保持快速增长。,0
上半年工业生产者购进价格同比上涨 [NUM] ，第二季度 平均上涨 [NUM] ，涨幅与上个季度持平。,0
不过，在经济潜在 增长率阶段性放缓的情况下，这种使用资金的传统理念也会带来一些负面影响。,1
IMF 和世界银行分别预测 [NUM] 年 全球经济将萎缩 [NUM] 和 [NUM] ，世界银行称全球经济可能陷入二战以 来最严重衰退。,1
汽车产业链还不完善。,1
房地产贷款增幅回落。,1
继续通过深化改革增强市场机制的作用，完善货币政策传 导机制，提高金融资源配置效率，促进经济持续健康发展。,0
欧洲房地产市场趋于低迷。,1
受经济衰退和债务危机影响，欧元区外围国家房地产市场仍无起色。,1
GDP 缩减指数上升。,1
继续稳步推进国家开发银行商业化转型，进一步完善公司 治理结构。,0
受产品成本上升、 资本市场波动较大、全球经济下滑等因素影响，企业利润增长趋缓。,1
全球经济的债务负担有所上升。,1
票据市场在规范中进一步平稳发展。,0
股票市场成交量保持活跃。,0
钢铁行业 应化挑战为机遇，以供给侧结构性改革为契机，加大结构调整和转型 升级力度。,0
三是全面清理整顿影子银行和非法金融活动。,1
目前 M [NUM] 增速高于名义 GDP 增速 较多，货币供应总体较为充裕。,0
债券发行有所创新。,0
一季度美国长端利率上行引发全球金融市场震荡加剧， 一些基本面脆弱的新兴经济体资本外流和汇率贬值压力上升。,1
不合 理的收益率曲线会进一步加剧金融机构资产负债期限结构不合理的趋势，反过来 又进一步导致收益率曲线的扭曲，加剧长短期利率结构不合理的趋势。,1
"其他欧元区国家复苏乏力,三季度法国、意大利 GDP 环比 增幅均为 [NUM] ，远低于二季度，希腊、爱尔兰和西班牙等主权债务 波及国家的经济则陷入负增长或零增长。",1
针对金融深化和创新发展，进一步完善调控模式， 疏通货币政策向实体经济的传导渠道，着力解决突出问题，提高金融 运行效率和服务实体经济的能力。,0
针对金融深化和创新发展，进一步完善 调控模式，疏通传导机制，通过增加供给和竞争改善金融服务，提高 金融运行效率和服务实体经济的能力。,0
票据融资余额快速增长，票据市场利率震荡下行。,1
今年以来，宏观政策逆周期调节力度 加大，经济恢复发展，总需求持续改善，物价水平温和回升，前三季 度 CPI 同比上涨 [NUM] ，其中三季度上涨 [NUM] 。,0
目前，中国经济正处于结构调整的关键时期，应以调 结构、促改革、推动转型升级为主，进一步释放改革红利和发展潜力。,0
推进资源价格改革虽然可能增大短 期通胀压力，但如果推迟改革，扭曲逐步累积，损失可能更大。,1
保险业资产保持快速增长。,0
（七）黄金市场运行平稳 黄金价格整体呈震荡走势。,1
欧洲难民危机、恐怖主义威胁、韩国亲信 干政丑闻曝光后的权力真空等可能造成地缘政治冲突多点爆发，风险 因素和不确定性进一步累积。,1
受油 价下跌等因素影响，物价下行压力依然存在，离日本央行 [NUM] 的通胀 [NUM] 目标仍有较大差距。,1
固定资产投资增长放缓，民间投资增速回升。,0
此次欧洲主权 债务危机也与西方国家政府支出过度膨胀有关。,1
总体看，货币供应量增长呈回落态势。,1
应当看到，当前国际主要经济体增长动力不足，财政 负担沉重，主权债务危机频现，复苏的过程可能充满曲折和波动，既 有可能出现形势缓和，也有可能遭遇阶段性的下行风险，总体看不稳 定、不确定因素依然较多。,1
三是行业集中度低。,1
今年二季度以来，受新冠肺炎疫情 及经济下行压力的影响，企业尤其是中小微企业经营困难增多，信贷 需求转弱，贷款增长一度有所放缓。,1
国内黄金价格整体呈震荡态势。,1
年初，进一步加 [NUM] 强和改进支农再贷款管理，支持农村经济持续、稳固发展。,0
上的基本稳定 完善人民币汇率形成机制，进一步理顺外汇供求关系。,0
二是第三产业吸纳就业的能力更强。,0
第一季 [NUM] 度，洲际交易所布伦特原油期货当季平均价格同比下跌 [NUM] ，跌幅 比上个季度收窄 [NUM] 个百分点。,1
从对实体经济的影响看，若美联储本轮量化宽松 [NUM] 政策能刺激需求持续上升，则将有助于推动经济复苏和改善就业。,0
地缘政治冲突多点爆发，风险因素加速累积。,1
在美联储货币政策正常化持续推进、加息时点难以准确判断、美 元指数走势有较大不确定性及诸多经济体陆续调整货币政策的情况 下，国际资本流动的不确定性仍然较大。,1
受金融危机影响，全球主要股市 年初以来震荡下跌， [NUM] 月后，随着金融危机加剧，主要股市加速下行。,1
 [NUM] 新兴市场经济体继续复苏，但速度不一。,0
三是保持流动性合理充裕。,0
 [NUM] ．水的生产与供应业 我国是一个干旱缺水的国家，水资源的自然条件较差，与此同时， 粗放型的经济增长方式和水资源的价格体制扭曲也在一定程度上造 成了水资源的浪费，水资源不足已经成为制约我国国民经济和社会发 展的重要因素。,1
 [NUM] （四）财政收支状况良好 财政收入持续快速增长，稳定性增强。,0
财产险业务发展平 稳，总体运行情况较好；人身险不断创新产品，开拓市场，业务持续 快速发展。,0
住房消费信贷成本下行。,1
三是外汇流 入速度有所减缓，外汇储备增长速度明显放慢。,1
（一）城镇居民消费增速进一步加快，投资增速仍居高位， 贸易顺差继续扩大 城乡居民收入继续增长，城镇居民消费增速进一步加快。,0
若利率长期过低， 又会带来产能过剩、通货膨胀、资产价格泡沫、资金空转等问题。,1
三是科技赋能助力降本增效。,0
GDP 缩减指数继续上升。,1
（四）股票市场指数维持震荡 沪深股市走势有所分化。,1
城乡居民收入的 稳步提高支撑了消费的持续增长。,0
二是促进结构优化，支持经济结构调整和转型升级。,0
 [NUM] 年 [NUM] 月 [NUM] 日，银保监会 发布《关于开展银行业保险业市场乱象整治“回头看”工作的通知》， 对保险机构的市场乱象整治工作重点予以明确。,1
利率期权业务平稳发展。,0
其中，新建住 宅销售价格同比上涨 [NUM] ，环比上涨 [NUM] ；二手住宅销售价格同比 上涨 [NUM] ，环比上涨 [NUM] 。,0
一是绿色信贷保持 快速增长。,0
近几十年来，全球一体化大 生产成为全球经济增长重要来源，各国经济活动停滞容易引发全球供应链受阻甚 至中断。,1
金融机构超额准备金率为 [NUM] 。,0
收入分配结构 持续改善，城乡居民人均收入比缩小。,0
多数新兴经济体货币政策趋于进一步宽松。,0
未来价格走势尚有不确定性。,1
更为重要的是，美国 打击行动所引发一系列的反报复行动，波及范围可能扩大至美国以外地区和国 家，从而加剧地区乃至全球国际关系的紧张局势，使全球国际关系陷入混乱，由 此而对世界经济产生的负面影响将难以估计。,1
"但是，国债利率的不断下行,也使 金融机构风险日趋积聚，会对今后金融机构特别是商业银行的经营状况产生不利 影响。",1
创新、创 业蓬勃发展，就业形势稳定，也为保持经济平稳增长创造了有利条件。,0
 [NUM] 月，上证综合指数和深证成份指数分别下跌 [NUM] 和 [NUM] ， 股市波动受诸多因素影响，包括主要发达经济体央行加息后全球股市 波动、贸易摩擦、投资者预期和情绪波动等。,1
商品房销售同比回落。,1
受美联储加息预期减弱等因素影响，伦敦同业拆借市场美元 Libor 略有下降。,1
货币信贷增速加快，信 贷结构继续改善，新增贷款质量提高，金融机构流动性正常，外汇收支状况良好， 金融运行平稳健康。,0
三是建立 风险共担机制，有效防范道德风险。,1
但是，全球疫情不断反复，芯片短缺严重影响汽车行业产业链安 全。,1
第三季度，受美国次贷危机不断恶化和国际金融 市场动荡加剧等因素影响，外汇资金净流入势头趋缓。,1
近年来全球化遭遇逆流， 保护主义、单边主义上升，而疫情及其造成的经济衰退进一步强化了 [NUM] 部分国家内顾倾向，国际环境日趋复杂，不稳定性不确定性明显增加。,1
 [NUM] 年以来，人工智能等新技术热度持续 较高，带动科技股和全球股市持续上行。,0
创新业务模式，加快发 展健康养老服务，丰富商业健康保险产品，完善财税价格政策，优化 投融资引导政策，完善健康服务法规标准和监管，加强健康服务业市 场监管，壮大健康服务人才队伍。,0
加快发展外汇市场，推动汇 率风险管理工具创新。,0
提高金融结构 的适应性，在服务经济结构转型升级的同时增强金融体系的韧性。,0
 [NUM] 二是盘活存量、优化增量，支持经济结构调整和转型升级。,0
总体上，民营企业融资难问题是当前经济下行压力有所加大、市场预期不稳 定和金融风险偏好下降、融资渠道收窄的反映，部分民营企业陷入债务违约-信 贷融资难度加大的负向循环，企业财务状况恶化与融资环境变化相互强化。,1
日本房地产市场降温。,1
降低经济增长速度、缩小产出缺口是 美国的必然选择。,1
受欧洲主权债务危机的影响，全球金融市场震荡 下行，主要货币汇率波动加大。,1
污水处理价过低致使水资源污染严重。,1
工业生产较快增长，高技术制造业持续发挥引领作用。,0
人民币对欧元、日元等其他国际主要货币汇率双向波动。,1
进口价格同比涨幅快速扩 大主要是受国际大宗商品价格持续上涨的影响。,0
债券指数小幅下行。,1
银行间债券市场走势总体偏弱。,1
在内外因素作用下，个别 基本面较弱、外部经常账户赤字的经济体更容易受到影响。,1
企业整体竞争能力提高。,0
上半年，货币市场流动性宽裕， 宏观经济仍面临较大下行压力，但地方政府债券供给加大，在上述因 素的交互影响下，国债收益率整体有所回落，但中长端下行幅度有限。,1
受油价下跌等影响，美国面 临较大的通胀下行压力。,1
农村信用社改革稳步推进，取得重要进展和阶段性成果。,0
英国房地产价格持续下跌，第一季度， 英国 HALIFAX 房价指数环比下跌 [NUM] ，同比下跌 [NUM] 。,1
房地产贷款增速基本平稳。,0
消费品价格涨幅回升，服务 价格涨幅回落。,0
近期， 受主要产油国冻产协议传闻、美元走软、投资者对美国石油减产预期 等因素影响，油价震荡回升，但在地缘政治、供需平衡等多重因素相 互影响下，未来大宗商品价格走势的不确定性依然较大。,1
从分类价格走势看，第一 季度食品价格同比上涨 [NUM] ，拉动 CPI 上涨约 [NUM] 个百分点。,0
伦敦同业拆借市场美元 Libor 整体稳步下行，欧元区同业拆借利 率 Euribor 保持低位波动。,1
根据清产核资结 果，包商银行严重资不抵债，将被依法提起破产清算，原股东的股权 和未予保障债权将依法分摊损失。,1
固定资产投资继续快速增长。,0
CPI持续保持在 [NUM] 左右。,0
欧元区经济稳步增长。,0
（四）股指小幅回落，股票成交较为稳定 股票市场总体有所回落。,1
三大攻坚战取得实质性 进展，供给侧结构性改革深化，经济增长保持韧性，就业形势保持稳 定，居民收入稳步增长，人民生活持续改善，保持了经济持续健康发 展和社会大局稳定。,0
日本央行借助各种渠道向市场大规模注入流动 性，以应对地震海啸灾害对金融市场的冲击。,1
一季度，工业生产者出厂价格指数（PPI）同比下降 [NUM] ，降幅 比上季度收窄 [NUM] 个百分点，月度降幅分别为 [NUM] 、 [NUM] 、 [NUM] ； 工业生产者购进价格（PPIRM）同比下降 [NUM] ，降幅比上季度收窄 [NUM] 个百分点；人民银行监测的企业商品价格（CGPI）同比下降 [NUM] ， 比上年同期低 [NUM] 个百分点。,1
一是外部价格传导、国 内供给约束等因素对价格形成的冲击短期内难以改变。,1
优化银行风险监测预警体系，建立分级分 段管理框架。,1
日本银行将维持宽松的货币政策。,0
主要货币市场利率低位下行。,1
三是实施并表管理， 关注利益冲突、风险集中、风险传染等集团特有风险。,1
主要有以下原因： 一是经济结构调整、转型升级在加快推进。,0
（四）股指小幅上涨，股市成交保持活跃 股票市场总体有所上涨。,0
专栏 [NUM] ：全球经济失衡分析 近年来，全球经济失衡问题引起了世界各国的广泛关注。,1
此外，中东地区 政治形势趋于恶化，东亚地区地缘政治紧张形势短期内难以缓和，均 可能对双边经贸关系和区域经济合作形成干扰，制约全球经济复苏。,1
适时调整外汇风险准备金率。,1
生产价格降幅有所扩大。,1
持续深化大型商业银行和其他大型金融企业改革，提高经 营管理水平和风险控制能力。,0
今年国际资本看好中国市场，纷纷寻求在华投资机会，这是经济发展中的一 大亮点。,0
其次，商业银行积累了大量的中长期资产利率正缺口，潜藏着较大的利率风险。,1
固定资产投资增速继续加快。,0
受石油、煤炭等能源价格下跌及高基数 影响，叠加房地产行业需求较弱，下游相关行业产品价格继续回落。,1
二是盘活存量、优化增量，支持经济结构调整和转型升级。,0
 [NUM] 年，受中美贸易摩擦与全球经济表现等 影响，恐慌情绪一度导致美国国债收益率倒挂，并带动多个欧洲经济 体国债收益率走低至 [NUM] 甚至为负。,1
（一）货币市场交易活跃，市场利率大幅下降 银行间回购交易量增速大幅上升，拆借交易量快速增长。,0
外汇市场交易主体进一步扩展。,0
做好投保机构风险监测、识别和推动处置工作，促进风险 早发现和少发生。,1
LPR 小幅下降，贷款加权平均利率明显下行。,1
今年 [NUM] 月以来，一些中小银行相继倒闭，前期货 币宽松时期积累的风险隐患还可能逐步暴露。,1
高利率下通胀压力依然存在。,1
 [NUM] 年以来，希腊债务问题一波三折， [NUM] 月初希腊 公投结果显示超半数公民反对国际债权人的救助方案，对欧元区乃至 全球金融市场造成较大扰动。,1
为 抑制贬值加速，各央行加强干预，外汇储备的增速明显放缓。,1
选取部分地区作为试点，对新增的高风险机构， 强化“早期纠正”的限期整改硬约束。,1
新冠肺炎疫情对我国经济社会发展带来冲击，对银行信贷资产质量造 成一定下迁压力，由于不良贷款的反映有一定时滞，预计在今后一段 时期不良贷款会陆续呈现和上升。,1
强化正向激励机制，促进金融结构调整优化，提高金融结 构的适应性，在服务经济结构转型升级的同时增强金融体系的韧性。,0
如果任凭这种情 况发展下去，势必导致产能过剩、企业生产经营困难，银行呆坏账增 加，金融风险加大，下岗失业人员增多等问题，影响经济运行和社会 稳定。,1
一旦全球流动性紧缩步伐超出市场预期， 可能导致资产价格波动，触发金融周期下行。,1
受次贷危机影响，国际资本开始撤出亚洲新 兴市场国家，股市大幅下跌。,1
引导市场利率围绕央行政策利率合理波动。,1
利率互换交易活跃。,0
（一）消费需求平稳增长，投资增速有所加快，出口增速回升 城乡居民收入较快增长，消费需求稳定增长。,0
强化外汇形势监测预警和管理。,1
持续推动跨境贸易投资高水平开 放试点落地见效，进一步扩大政策惠及面、强化传导质效，不断完善 外汇服务供给。,0
居民消费价格同比涨幅低于上年，年末有所回升。,0
人民银行监测的企业商品价格（CGPI）全年同比下降 [NUM] ，降 幅比前三季度收窄 [NUM] 个百分点。,1
资产质量明显改 善，盈利能力显著增强。,0
主要威胁和风险来自国际原油价格继续攀升、中东局势难以平息或出现反复、国 际恐怖主义活动等因素。,1
对此要增强机遇意识和风险意识，将改革和调控、 短期和长期、内部均衡和外部均衡结合起来，集中精力办好自己的事， 努力实现高质量发展。,0
鼓励先进技术、重要原 材料、关键设备进口，建立健全进口促进机制，同时，适当放宽市场 准入，进一步扩大服务贸易的对外开放，加大知识产权保护和技术引 进力度，缓解经常项目贸易顺差增长。,0
严格控制对高耗能、高污染和产能过 剩行业劣质企业的贷款。,1
例如，越是建设项目多 的地方，越反映资金紧张。,1
产权制度改革进展顺利。,0
农村信用社改革进展顺利，成效显著。,0
金融机构超额 准备金率为 [NUM] 。,0
日本经济陷入衰退。,1
进一步扩大金融业对外开放，放宽 [NUM] 银行、证券、保险业的市场准入。,0
钢 铁产品出口增长过快，加剧了国内能源、运输紧张矛盾。,1
加强对企业债务风险、银行资产质量和流动性变化情况、 房地产市场、互联网金融、跨境资金流动、跨行业跨市场风险等领域 的风险监测和防范。,1
（五）保费收入和保险业总资产增长减缓 保费收入增长明显减缓。,1
三是金融风险隐患上升。,1
第三季度，工业生产者购进价格同比下 降 [NUM] ，降幅比上个季度缩小 [NUM] 个百分点。,1
首先是资本约束不足的风险。,1
日本第一季度 GDP 环比折年率降至 [NUM] ， [NUM] 月制造业 PMI 小幅回落至 [NUM] 。,1
 [NUM] 年，地缘政治局势仍有较大 不确定性，多国面临财政与债务风险，全球贸易和投资增长存在制约。,1
对受疫情影响较大的批发零售、住宿餐饮、物流运输、文化旅游等行 业，以及有发展前景但受疫情影响暂遇困难的企业，特别是小微企业， 不得盲目抽贷、断贷、压贷。,1
提高研发投入力度，加强关键技术攻关，继续聚力提质增效， 强化创新引领。,0
一是稳健有序的升息有助于缓解近年来全球流动性过多的状况， 为房地产市场降温，同时抑制通货膨胀。,1
另一方面，创新和完善结构性 货币政策工具体系，精准设计激励相容机制，引导金融机构加大对符 合新发展理念相关领域的支持力度，继续运用普惠性再贷款、再贴现 政策，加大对科技创新、小微企业、绿色发展的金融支持。,0
展望未来，我国机械工业高质量发展将扎实推进。,0
配合其他经济结构调整政策，进一步发挥汇率在实现总量平衡、 结构调整和经济发展战略转型中的作用。,0
另外，在次贷危机和新 冠疫情期间，美联储与其他一些国家央行也建立了临时性本币互换安排。,1
外需环境总体仍较疲弱、对港套利 贸易被遏制、进出口价格下跌较多等因素导致外贸增长放缓。,1
（三）价格水平维持温和上涨 居民消费价格涨幅相对平稳。,0
人民银行将继续有针对性地创新完善货币政策工具和机制，保 障中小银行流动性总体稳定，为中小银行实现专业化经营、高质量发展创造更好 的政策环境。,0
进一步引导我国外汇市场 规范发展，加强对外汇市场运行和衍生产品创新的监管。,0
由于企业纷纷破产，银行等金融机构形成了巨额 的不良资产。,1
美国的 经常账户和财政“双赤字”以及发达国家之间经济发展的不平衡加剧 了全球经济失衡。,1
现金投放是抵 消存差的因素。,1
目前欧佩克仍没有采取任何减产保价的措 施。,1
商品房销售增幅回落。,1
（五）国际收支经常项目顺差收窄 国际收支继续呈现“双顺差”，但经常项目顺差同比收窄。,1
完善证券公司监管制度体系。,0
由于经济增长前景黯淡， 英国房价仍有下行压力。,1
一方面，劳 动力供给短缺依然是主要发达经济体就业市场的主要矛盾。,1
与此同时，疫情冲击引发财政可持续风险和 金融风险隐患上升，对全球经济结构、国际贸易和投资也产生了深远 的影响，可能存在长期伤痕效应。,1
货币市场交易 量增长放缓，市场利率明显回落；债券交易量同比下降，债券发行规 模扩大；股票市场沪深指数震荡走低，成交量小幅增加。,1
全球经济增长放缓风险较大。,1
当前，企业负债率总体较高，不良贷款风险 不断暴露导致风险溢价上升，商业银行盈利能力减弱，都在一定程度上影响了信 贷渠道的传导效率。,1
受美联储大幅降息影响，外币存贷款利率有所下降。,0
欧洲债务危机进入了一个相对稳定的 阶段。,1
三是利率处于历史最低水平。,1
市场信心有 所恢复，全球股市强劲上扬。,0
金融机构超额准备金率为 [NUM] 。,0
第一季度，人民币对美元汇率年化波动率为 [NUM] 。,1
美国司法部和国土安全部加强了打击网络侵权、窃取 商业秘密的执法力度，并加强国际协作打击制贩非授权药品。,1
高杠杆和沉重债务负担可能使消费和投资增长承压。,1
利率衍生产品市场交易止跌回升。,0
在慎言非常规货币政策退出的同时，已开始研究退出的策略与方 式。,1
着力改善农 村金融服务。,0
（四）推动外汇市场、黄金市场发展 大力发展外汇市场。,0
外汇市场交易主体进一步扩展。,0
进一步健全市场利率定价自律 机制，提高金融机构自主定价能力。,0
日本央行则继续维持宽松货币政策。,0
总的来看，弹性较强、市场出 清和结构调整较快的经济体表现出了更强的复苏势头。,0
从价格形势看，未来一段时期价格将受产能过剩、大宗产品价格 波动等多方面因素影响。,1
经济快速增长主要由投资需求拉动。,0
农产品生产价格涨幅高于农业生产资料价格。,0
金融稳定风险上升。,1
此外，地缘政治及恐怖主义等风险因素和不确定性仍可能对经济 金融产生较大影响，需予以密切关注。,1
石油进口快速增长推动对外依存度进一步提高。,0
二是原材料购进价格的涨幅高于工业品出厂价格。,0
二是农业技术和市场化程度相对落后。,1
疫情反复、气候反常、地缘政治冲突等超预期因素还可能加大供需扰动和物价波 动的不确定性，外部大环境已发生根本性变化。,1
保险业总资产增速稳步回升。,0
日本 经济受政策刺激强劲反弹，长期内挑战仍存。,0
近年来，钢铁工业发展速 度较快，节能减排成效显著，有效地支撑了国民经济平稳较快发展。,0
 [NUM] 月 份市场信心有所回升，A股市场出现上扬的行情。,0
图 [NUM] 主要国债收益率走势 全球主要股市大幅下跌后低位震荡。,1
产能相对过剩的矛盾突出。,1
全球主要股指大幅震荡下跌。,1
（四）适当控制中长期贷款，促进信贷期限结构优化 研究建立商业银行存贷期限错配预警监测体系，合理衡量商业 银行存贷款期限匹配情况，向错配程度较高的商业银行提示风险，并 要求其限期整改；对在规定期限内未达到要求的商业银行，采取措施 抑制其发放中长期贷款。,1
未来， 贸易摩擦与政策的不确定性还可能通过推高通胀、损害家庭与企业信 心、引发金融市场波动等方式对全球经济产生不利冲击。,1
前 三季度，高技术产业投资增长 [NUM] ，增速比上半年提高 [NUM] 个百分 点。,0
在一系列扶持政策和市场需求推动下，中国新能源汽车产业迎来 跨越式发展的机遇，生产和销售均呈现快速增长。,0
货币市场利率运行平稳，波动幅度明显减小，季末小幅回落，总 体略低于上年同期。,1
一是进一步便利出 口企业收结汇。,0
英国经济增速略有放缓，通胀压力 仍存。,1
Shibor 总体有所下行。,1
秋粮丰收已成定 局。,0
提高交通运输高水平对外开放， 加强交通基础设施互联互通，完善交通国际合作机制，畅通国际国内 物流通道，推进产业链供应链融合发展。,0
（一）主要经济体经济状况 美国经济进入衰退。,1
保险业资产快速增长。,0
工业生产增速有所回落，结构调整逐步推进。,0
随 后美国数家对冲基金因投资与次贷相关的抵押债券而遭受惨重损失，多家次级抵 押贷款公司停业或倒闭。,1
劳动力市场接近充分就业，但受制于企业 [NUM] 涨薪动力不足、通胀预期低迷等结构性因素，通胀仍处于低位， [NUM] 月 CPI 为 [NUM] 。,1
美 伊战争爆发前，受战前形成的种种不确定性和不利预期影响，全球股 市普遍持续下跌。,1
部分新兴经济体开始加息，以应对通胀、资本外流、汇率贬值等 压力。,1
部分金融机构自身违法违规经营、金融脱实向虚导致的“内生”风险 基本得到整肃。,1
 [NUM] 元区国家的住房价格下降趋势有所减缓。,1
国际油价持续大幅上涨增大了国内通货膨胀压力。,0
粮食生产扭 转了连续几年下滑的局面，某些过热行业投资和生产增速明显回落。,1
货币市场交易保持活跃。,0
资产质量明显改善。,0
加大外汇业务 合规性检查，打击各种外汇违法违规行为。,1
二是美国财政政策的不确定性将继续给美国和全球经济带来风 险。,1
一是受“出口倍增”计划 影响， [NUM] 月份出口创下 [NUM] 亿美元的历史新高。,0
一方面，部分负债 消费主体存在非理性，未来收入与还款支出不匹配，容易超过自身经济能力过度 借贷消费，埋下金融风险的隐患。,1
受益于个人消费支出提升、制造业回暖和联邦政府支出增长等 因素支撑，第二季度美国 GDP 增速环比折年率升至 [NUM] 。,0
 [NUM] 、GDP 缩减指数明显回落。,1
从消费需求看，居民对未来我国经济发展 前景看好，收入预期提高，将支持未来消费支出增加。,0
总体 上看，发达经济体的主权债务问题在短期内难以根本好转。,1
 [NUM] 进一步便利跨境投融资。,0
 [NUM] 年由美国次贷危机引 发的全球金融危机给世界经济造成了巨大的损害。,1
提升金融风险监测评估能力。,1
（四）股票市场指数波动，成交量增加 股票市场指数波动。,1
美国经济仍未摆脱衰退阴影，未来下行风险增大；欧元区、日本 等发达经济体虽维持增长态势，但前景不容乐观；新兴市场经济体和 [NUM] 发展中国家（地区）继续较快增长，但潜在问题增多。,1
抓实碳减排支持工具落地， 加大对大型风电光伏基地及周边煤电改造升级的支持力度，在确保能 源供应安全的同时支持经济向绿色低碳转型。,0
总的来看，跨境贸易人民币结算试点进展顺利，资金清算渠道安全、畅通。,0
三是能源价格快速上涨。,0
全球股市总体上涨。,0
受固定资产投资持续快速增长拉动，金融机构 基建贷款等中长期贷款继续多增。,0
二是欧元区经济下行和通缩风险依然较大。,1
 [NUM] 受国际大宗商品价格总体下跌等因素影响，进口价格降幅加深。,1
强化风险处置资源 保障，研究扩大风险处置基金积累，更好支持高风险机构风险化解。,1
固定资产投资增速较快，产能过剩和结构性矛盾仍未缓解。,1
从实施效果看，信贷结构变化更好地支持了经济结构调整和转型 升级。,0
估计一季度 GDP仍将是负增长，但下降幅度会略有减缓。,1
国际收支平衡 进一步理顺外汇供求关系，促进国际收支平衡，同时完善人民币 汇率形成机制。,0
欧日股指大幅上行，新兴市场经济体股指波动性增大。,0
近年来，我国汽车行业迅速发展。,0
在地缘冲突加剧背景下，全 球农业及粮食供应受到冲击，国际大宗农产品价格可能波动加大，我 国维持粮食安全的难度进一步上升。,1
一是进一步加强流动性管理。,0
 [NUM] 一级债券市场融资活跃，市场品种进一步丰富。,0
第一季度受年初不利天气影响，实际 GDP 环比折年率萎缩 [NUM] 。,1
高层次的运输供给能力不足， [NUM] 道路运输领域存在低价、同质化竞争以及市场主体多小散弱等问题。,1
西部地区 在改进经济增长方式上还大有可为。,0
从下行风险看，消费品供大于求的局面在短期内难以改变，部分 行业生产资料和消费品产能较快增长会抑制相关产品价格上升。,1
通胀风险仍需警惕。,1
加强市场基础性建设，为经济结构调整和转型升级提供高效的 投融资市场。,0
国际主要债券市场收益率窄幅波动，总体保持在较低水平。,1
完善养老金融顶层设计。,0
金融机构 超额准备金率为 [NUM] 。,0
目前，我国加快发展汽车工业的条件已基本成熟。,0
二 是主要发达经济体缺乏可信的财政整顿计划，可能在中长期影响复 苏。,1
贯彻落实《国 务院关于鼓励和引导民间投资健康发展的若干意见》，吸引高质量民间资本投入 金融领域，大力发展基层金融机构，深化基层金融服务，有效支持小型微型企业、 三农和县域经济的发展。,0
货币市场利率波动中趋于上升。,1
需 要进一步优化金融资源配置，盘活存量，优化增量，更好地支持实体经济发展。,0
房屋租赁价格 上涨 [NUM] 。,0
二是境内外汇率点差收窄。,1
一旦企业经营 状况恶化，银行体系有可能形成不良贷款，危害金融稳定。,1
对外贸易大幅下降。,0
比如石油进口国的金融机构可能对石油出口国存在风险敞口，石油进口国的 企业对石油出口国有大量投资，部分石油出口国囿于经济结构性问题在油价下跌 时国内经济金融剧烈波动，增大国际经济和金融市场的不确定性。,1
非 食品价格涨幅稳定，第一季度同比上涨 [NUM] ，涨幅与上季度持平。,0
资产管理公司转型改制工作进一步推进。,0
部分新兴市场经济体增长放缓， 金融市场波动增大。,1
二是盘活存量、优化增量，支持经济结构调整和转型升级。,0
欧元区经济衰退风险增大，高企的通货膨胀更进一步加大了经济 下行风险。,1
对 [NUM] [NUM] 级的高风险银行，区分增量和存量，对存量高风险机构推动各方形成 合力，采取多种措施压降；对增量高风险机构建立具有硬约束的早期 纠正机制，稳步扩大硬约束早期纠正试点范围。,1
MPA并不是一个全新的工具，而是对原有差别准备金动态调整机制的进一步 完善，是其“升级版”。,0
积极开展存款保险 宣传和业务培训。,0
国际环境日趋复杂，不稳定性不确定性明显增加，国内经济还面 临不少挑战。,1
创设扶贫再贷款， 精准支持扶贫开发，大力发展普惠金融，着力支持贫困地区经济社会 持续健康发展和贫困人口脱贫致富。,0
进出口保持快速增长，贸易差额由负转正。,0
维护金融 安全，健全金融风险预防预警处置体系、问责制度，抓紧补齐监管制 度短板，坚决守住不发生系统性金融风险的底线。,1
继续深化大型商业银行改革，推动其不 断完善公司治理，逐步健全现代金融企业制度，加快转变发展方式和 盈利模式，提高创新发展能力和国际竞争力。,0
 [NUM] 年以来，全球经济总体延续复苏态势，但受全球贸易摩擦 及金融环境变化等影响，下行风险逐渐累积，同步性有所减弱。,1
西班牙可能被迫接受国际社 会全面救助，法国债务水平高、经济增长率低，这些因素均有可能成 为加剧欧债危机的潜在风险点。,1
适当的杠杆比率指标，不仅可以作为潜在承担过度风险的指 标，还可以起到抑制周期性波动被放大的作用。,1
当前国际环境复杂多变，多种因素方向不一、叠加影响， 价格运行中的不确定性增多。,1
加强对金融机构的风险提示，加强地方政府融资平台公司贷款风 险管理。,1
在总量调控的同时，存款准备金制度也在动态革新，进一步增强宏观调控 效果。,0
第四，完善债券托管和结算体系。,0
当前要高度关注固定资产投资增长过 快、对外贸易结构性矛盾突出、流动性过多以及全球经济失衡可能给 我国带来的风险。,1
五是有效防范系统性金融风险，切实维护金融体系稳定。,1
从投向看，贷款结构进一步改善。,0
三是 环保压力仍然较大，超低排放具体实施中还存在技术难题，亟待行业 内外协作攻关。,1
另一方面，劳动力需求开始降温。,1
 [NUM] 年，中国经济稳中向好、好于预期，经济活力、动力和潜 力不断释放，稳定性、协调性和可持续性明显增强，实现了平稳健康 发展。,0
（三）居民消费价格涨幅和生产价格涨幅有所上升 GDP平减指数涨幅扩大。,0
不过，未来全球疫 情演进及防控措施对供给端的冲击还有不确定性，基数效应、春节错 位等因素可能对 CPI 形成一定扰动，仍需对短期物价走势保持密切关 注。,1
进一步完善“三档两优”存款准备金框架，建立健全银行增 加小微企业贷款投放的长效机制。,0
欧元区主权债务危机继续恶化，经济下行风险大幅上升。,1
加强市场基础性建设，为经济结构调整和转型升级提供高效的 投融资市场。,0
全年居民消费物价上涨控制在 [NUM] 左右。,1
一是资金支持覆盖面逐步扩大，普惠性逐步增强。,0
伦敦同业拆借市场美元 Libor 继续走低。,1
货币市场回购交易活跃。,0
（四）股票市场指数震荡下跌，成交量和筹资额同比增加 股票市场指数震荡下跌。,1
创业板指数下行较多，年末深圳证券交易所 创业板指数收于 [NUM] 点，比上年末回落 [NUM] 。,1
长 期内，保护主义会阻碍资本和劳动力流动，影响资源的有效配置，抑 [NUM] 制全球价值链参与者的竞争，拖累生产率的提升和经济增长，加剧金 融市场动荡。,1
持续推动《关于进一步做好 交通物流领域金融支持与服务的通知》落地见效，鼓励银行聚焦交通 强国建设目标和经营主体需求，加大信贷支持力度。,0
进一 步完善金融风险监测、评估和预警体系建设，加强重点领域风险排查， 加强对企业债务风险、银行资产质量和流动性变化情况、股票市场异 常波动、保险资金运用、房地产泡沫风险、互联网金融、跨境资金流 动、跨行业跨市场风险等领域的风险监测分析。,1
平衡好金融支持与风险防范。,1
商业性房地产贷款显著回升。,0
提供安全、便捷、高效支付结算服务。,0
 [NUM] 年第四季度以来欧元 区通胀率跌至 [NUM] 以下，一些经济较弱国家甚至接近于零。,1
 [NUM] 年初在疫情冲击下，经济活动受限，企 业停工停产较多，就业市场受到明显影响。,1
收入分配结构改善，农村居民收入增速高于城镇居民。,0
票据融资总体平稳，利率有所下行。,1
二季度，随着战争带来的不确定性逐渐减弱，美 国、欧元区和日本的债券收益率下降，股价开始上涨。,1
展望 [NUM] 年，我国经济运 行有望总体回升，经济循环将更为顺畅。,0
钢铁企业库存压力加大，钢铁市场风险增加。,1
进一步改进房地产金融服务，维护房地 产业健康发展。,0
完善保险公司恢复和处置计划监管要求。,0
灵活开展公开市场操作，保持流动性合理充裕。,0
进口价格降幅大于出口价格。,1
人民币对欧元、日元等其他国际主要货币汇率双向波动。,1
净出口由负转正。,0
物价水平温和上涨，下半年可能逐步回升。,0
金融机构超额准备金率为 [NUM] 。,0
受国际经济形势不明朗及国际金融市场波动影响，黄金市场价格 继续保持震荡。,1
四是加快金融市场产品创新，推动金融市场健康发展。,0
接管包商银行以来，各项工作 进展顺利，有序打破刚性兑付，如期完成清产核资。,0
投资过快增长的势头继续得到抑制，消费需求较快增 长，各种价格指数平稳回落，城乡居民收入和财政收入较大幅度增加。,1
此外，地缘政治风险等加剧市场不确定性。,1
房地产贷款增速小幅回升。,0
进口价格降幅收窄。,1
资金支持基本落实 到位。,0
加强外汇形势监测分析与风险防范。,1
新兴经济体方面， [NUM] 月印度、南非CPI同比涨幅均超过 [NUM] ， 俄罗斯 CPI、巴西 IPCA 均超过 [NUM] ，阿根廷、土耳其的 CPI 涨幅甚 至高达 [NUM] 和 [NUM] 。,0
 [NUM] 国际原油价格大幅上涨。,0
日本房地产业仍然保持低迷。,1
由于 受美元贬值、安然等公司财务作假丑闻不断曝光等因素的影响，预计美国经济下 半年难以维持一季度的强劲增长。,1
继续深化大型商业银行改革，持续改 进金融服务方式，不断提高金融服务品质，切实履行大型商业银行的 社会责任。,0
设立保交楼贷款支持计划，支持金融机构向已售逾期难交付住宅 项目发放保交楼贷款。,1
首先要求理财产品可单独核算，这是考查风险和收益的基础；其次是 风险与收益之间的平衡，即体现“高风险高收益、低风险低收益”原则。,1
钢铁企业经营状况良好，经济效益提高。,0
货币市场利率低位平稳运行。,1
制造业中长期贷款增速为 [NUM] ， 创十年来新高。,0
 [NUM] 月 中旬后，金融危机恶化带来的外需减弱以及其他负面效应快速显现， 新兴市场和发展中经济体形势急转直下，工业增长减速、出口放缓、 资本外流加速，部分过度依赖出口和外资流入的经济体受到较大冲 击。,1
保险业资产增速提高。,0
前 期在市场预期美联储加息时点临近的背景下，受新兴经济体金融市场 [NUM] 波动触发，全球金融市场一度出现恐慌性下跌。,1
工业生产增速 [NUM] 月份有所反弹。,0
 [NUM] 主要发达经济体的宏观政策力度边际减弱，需关注其可能伴生的 经济金融风险。,1
继续完善养老金融政策体系，服务银 发经济高质量发展。,0
外贸持续复苏，出口产品结构改善，多元化贸易格局日益强化。,0
当前国内外环境复杂多变，外部环 境不确定性上升、风险挑战增多，世界经济增长动能放缓，国内经济 正处在结构调整转型的关键阶段，周期性矛盾和结构性矛盾相互交 织。,1
贸 易及财政赤字问题不容乐观。,1
税收收入较快增长，非税收入低增长。,1
一是开展贸易收支便利化试点， 进一步改善营商环境。,0
初级产品价格跌幅较大，投资品价格跌幅大于消费品。,1
部分产能过剩行业贷 款增速显著放缓。,1
作为一个发展中 大国，中国经济增长的潜力依然巨大，新型城镇化、服务业、高端制 造业以及消费升级还有很大的发展空间，经济韧性好、潜力足、回旋 空间大的特质没有改变。,0
产业结构 [NUM] 调整取得新进展，产业集中度显著提高。,0
Shibor 长端有 所下行。,1
 [NUM] 外币存贷款利率在国际金融市场利率波动、境内外币资金供求变 化等因素的综合作用下低位小幅波动，总体较 [NUM] 月末有所上升。,1
地缘政治风险上升、 需求下滑，也可能拖累全球贸易和投资增长。,1
主要经济体股市波动加剧。,1
银行间债券市场指数小幅下行。,1
货币市场交易保持活跃。,0
二是资金实力显著增强。,0
另一方面，人口老龄化、生产率增速放缓、政 策不确定性上升等中长期结构性问题犹存，也可能制约经济增长。,1
 [NUM] 大型商业银行改革进一步推进。,0
主要经济体股市普遍回升。,0
四是全球能源和初级产品价格主要以美元定价，美 元走势存在不确定性，一旦美元贬值态势逆转将有助于减缓全球初级 产品价格上涨。,1
世界经济陷入衰退，国内经济还面临不少挑战。,1
保险业资产保持快速增长。,0
加快多层次债券市场发展，持续推进柜台债 券业务扩容和规范发展。,0
但一些过剩产能、低效率企业还占用着大 量的金融资源，容易导致资金的使用效率偏低，对经济增长的推动作用下降。,1
物价有望触底回升。,0
债券市场指数上行。,0
债券现券交易量快速增长。,0
债券发行利率回落，发行进度加快。,1
国债收益率整体下行，期限利差小幅走扩。,1
债券市场收益率波动较大，国债收益率曲线上移。,1
 [NUM] 月中旬由雷曼 破产等引发的华尔街危机使 [NUM] 日全球股市集体重挫。,1
房价过快上涨势头减缓。,1
消费品价格涨幅回落，服务价格涨幅回升。,0
 [NUM] 月末，上证、深证综合指数分别收于 [NUM] 点和 [NUM] 点，比年 初分别下跌 [NUM] 和 [NUM] ，市场波动较为剧烈；随着股票市场持续 震荡走低，上年股票价格过快上涨的风险有所释放。,1
柜台远期结汇快 速增长带来的流动性风险、利率风险和市场风险也不容忽视。,1
④“—”表示数据缺失或者有关业务量很小。,1
但财政整顿的不确定性，尤其是民 主、共和两党在“债务上限”问题上仍存较大分歧，且中期财政调整 方案迟迟不能出台，导致企业持币观望，可能拖累经济复苏。,1
三是航班效益不断提高。,0
图 [NUM] 各地区生产总值增速与占比 东部地区率先发展，经济弹性较强，在结构调整进程中引领作用明显。,0
物价短期可能受到 供给冲击等影响，中长期看则主要取决于总需求、产出缺口和经济的 结构性变化。,1
进一步扩大金 融业对外开放。,0
利率互换市场成交稳步增长。,0
上 半年，人民币对美元汇率年化波动率为 [NUM] 。,1
工业生产增长企稳。,0
"当前全球经济增长显著 放缓,未来面临较大的下行风险，将直接影响中国的出口以及贸易部门的投资。",1
同时继续改进外汇管理，大力发展外汇市场，推动外汇产品创新。,0
债券市场指数小幅上行。,0
三是积极培育发展外汇市场。,0
新兴经济体增长势头普遍趋缓。,0
三是不断 完善证券交易方式。,0
（四）稳步推动黄金市场和外汇市场创新发展 进一步完善黄金市场制度体系，根据市场需求积极推进黄金市场 产品创新。,0
保持 对地下钱庄违法犯罪活动及其交易对手的高压打击态势，稳妥处置非 法网络炒汇平台。,1
但受 [NUM] 月中旬后华尔街危机拖累及市场担忧美财 政赤字会因 [NUM] 亿救市计划加速通货膨胀，美元出现大幅回落，此 后再度反弹。,1
继续培育市场基 准利率和完善国债收益率曲线，健全市场化的利率形成机制。,0
保险总资产增长减缓。,1
 [NUM] 年以来，全球经济整体增速放缓、通货膨胀压力上升、金 融市场动荡加剧。,1
新兴经济体货币政策有所分化。,0
产能过剩行业中长期贷款增速显著放缓。,1
日本经济继续复苏，但仍未摆脱通货紧缩的困扰。,1
作为最低资本要求的补充，新的杠杆率测算 纳入了表外风险，以一级资本占表内资产、表外风险敞口和衍生品总风险暴露来 计算杠杆水平。,1
劳动报酬增速加快。,0
 [NUM] 年 [NUM] 月份以后，全球经济复苏的不稳定性和不确定性再度增大，特别 是欧债危机进一步加剧。,1
受危机影响不太大的新加坡，今年第一季度GDP增长率也从去年的 [NUM] 降 至 [NUM] 。,1
 [NUM] 由于很难对零售客户实施负利率，部分商业银行净息差有所下降，零售存款业务 比重较大的银行受冲击更大。,1
外汇市场会员进一步扩大。,0
 [NUM] 房地产贷款增速持续下降。,0
欧洲房地产市场下滑明显。,1
新兴经济体货币政策分化。,0
三是加强对金融业的审慎性监管和风险预警。,1
第四，金融要支持农村市场的开拓。,0
Shibor 整体有所下行。,1
本次改革覆 盖各类公开发行股票行为，对完善资本市场功能、落实创新驱动发展 战略、更好服务高质量发展具有重要意义。,0
目前这些措施成效 开始初步显现。,0
受此推动， 国家外汇储备快速增长。,0
上半年，人民币对美元汇率年化波动率为 [NUM] 。,1
农村信用社改革成效显著，经营财务状况持续改善，继续发挥农 村金融服务主力军作用。,0
特别是中西 部发展步伐正在加快，各地抓住机遇实现赶超式发展的热情很高。,0
适当发挥汇率在实现总量平衡、结构调整及经济发展战略转型 中的独特作用。,0
中长期贷款比重提高。,0
大力发展普惠金融，着力支持贫困地区经济社会持续健 康发展和贫困人口脱贫致富。,0
第二，网上零售获客成本与物流成本增加。,1
部分新兴市场经济体增 长放缓，金融市场动荡，面临的风险上升。,1
美、德国债收益率上扬，日本国债收益率小幅下降，部分新兴市 场经济体国债收益率大幅攀升。,0
二是完善交通科技创新体系。,0
同 [NUM] 时，受到主要产油国延长石油减产措施、中东地区局势紧张等因素影 响，能源价格可能再度出现波动。,1
（二）工农业生产快速增长，经济效益进一步改善 工业生产继续保持快速增长。,0
二是促进结构优化，支持经济结构调整和转型升级。,0
票据融资增长较快，票据市场利率低位震荡。,1
全球通货膨胀压力加大。,1
商品房销售面积和销售额同比下降，但降幅较 [NUM] [NUM] 月份收窄。,1
一是各项扶持政策落实到位，历史包 [NUM] 袱有效化解。,0
与此同时，债务风险上升。,1
日本经济在疫情暴发前就已处在衰退 边缘，疫情冲击将进一步加重经济失速。,1
证券期货经营机构监管规则进一步健全。,0
生产价格涨幅持续回落。,0
此外，国际大宗商品价格波动带来的输入型通胀 压力依然存在。,1
第三，采取多种措施，进一步改进对中小企业金融服务。,0
疫情 冲击下，经济停摆导致居民和企业收入骤降、债务上升，政府部门大 力度的疫情应对和救助措施推升了短期财政赤字和政府债务水平，本 已高企的全球杠杆率进一步上升。,1
加快发展外汇市场，推动汇率风险管理工具创新。,0
从下行风险看，主要是部分产能过剩行业 的产品和一般消费品价格存在一定的下行压力。,1
引导金融机构优化 对先进制造业、高技术制造业的金融服务，加强产融对接合作，促进 产业结构调整和优化升级。,0
二是用户普及规模持续扩大，消费结构不断升级。,0
尽管当局在 [NUM] 年初已开始关注贷款标准的放松问题， 但由于监管协调困难和信息沟通不畅等种种原因一直未能有效实施监管，错过了 调整时机。,1
也有观点认为，我国存在一定 价格下行的压力，但尚未形成典型的通货紧缩。,1
我国经济结构转型加快推进，要求信贷高质量投放。,0
欧元区经济继续改善。,0
两地金融科技合作成果丰硕。,0
降低不良贷款， 消化历史包袱，化解金融风险的任务仍然十分艰巨。,1
当前我国经济发展仍处在企稳回升的关键时期。,0
集中表现在固定资产投资过快增 长，一些行业和地区的低水平重复建设没有得到有效遏止，资源的瓶 颈约束加剧，通货膨胀压力加大。,1
受国际金融市场利率波动和境内资金供求变化影响，境内外币利 率总体呈下行走势。,1
农业生产稳定发展，粮食连续增产。,0
英国仍受脱欧带来的不确定性拖累。,1
受自身结构性因素制约、大宗商品价格持续低迷、地缘政治冲击 等因素影响，部分新兴市场经济体国际收支受到冲击，财政收入锐减， 汇率大幅贬值，外汇储备流失，部分国家出现负增长，如巴西 [NUM] 年全年 GDP 同比下跌 [NUM] ，俄罗斯 [NUM] 年 GDP 同比萎缩 [NUM] 。,1
为应 对通货膨胀压力，波兰、马来西亚调升了政策利率。,1
进一步强化外汇市场监管。,0
加快发展现代物流业， 对于促进产业结构调整、转变发展方式、提高国民经济竞争力具有重 要意义。,0
 [NUM] 灵活开展公开市场操作。,0
此外，部分欧元区成员国长期缺乏有效的财政约束， 美国海外支出膨胀和日本治理国内通货紧缩的财政支出也是导致主权债务问题 积重难返的重要原因。,1
（一）主要经济体经济状况 美国经济仍未摆脱衰退阴影，通货膨胀风险增大。,1
（五）大力培育和发展金融市场 以加大金融产品创新为重点，进一步加强市场透明度建设，推 动金融市场全面协调可持续发展。,0
我国经济发展动力不断增强，经济运行中的积极因素增多。,0
继续通过改革增强市场机制的作用，完善货币政策传导 机制，促进经济持续健康发展。,0
全球通货膨胀压力上升，各经济体央行在抑制衰退和遏制通胀间 的选择变得更加艰难。,1
持续超额续作中期借贷便利（MLF）。,0
加强对农村高风险金融机构的监测，做好金融风险防范 与处置工作。,1
完善黄金市场制度体系。,0
利率衍生产品交易量快速增长。,0
首先，非常规政策对全球 [NUM] 通货膨胀构成了压力。,1
落实重大金融风险问责、金融风险通报等制度，有效防范 道德风险。,1
（二）债券发行规模显著扩大，发行利率回落 银行间债券市场现券交易量同比降幅继续收窄。,1
进一步推动信贷资产证券化市场健康发展。,0
但也存在一些不确定性因素。,1
居民消 费价格继续低位增长。,1
外汇市场交易主体进一步增加。,0
四是持续推 动金融支持制造业高质量发展。,0
日本经济稳步回升。,0
财政赤字有所减少，但是前景不容乐观。,1
四是央行资产负债表面临的风险不同。,1
人民币对欧元、日元等其他国际主要货币汇率双向波动。,1
（一）货币市场利率延续回落，市场交易平稳有序 货币市场利率有所回落。,1
（五）大力培育和发展金融市场 积极发展直接融资，改善金融资产结构。,0
房价过快上涨势头有所减缓。,1
一旦 全球流动性紧缩步伐超出市场预期，可能导致金融市场波动。,1
 [NUM] 人民币贷款增速有所回升。,0
